y	x	g	h	w	o
1.24615844421488	-1.75	g0000	h0	1	0
1.35551403935583	-1.25	g0000	h0	1	0
1.68398621967447	-0.75	g0000	h0	1	0
2.62935461142763	-0.25	g0000	h0	1	0
3.15879274514071	0.25	g0000	h0	1	0
3.20403245388988	0.75	g0000	h0	1	0
3.81968038414356	1.25	g0000	h0	1	0
4.73754452740342	1.75	g0000	h0	1	0
1.64262231185013	-1.75	g0001	h0	1	0
1.85815230213828	-1.25	g0001	h0	1	0
2.76905439072325	-0.75	g0001	h0	1	0
3.54757871683244	-0.25	g0001	h0	1	0
3.67296455405144	0.25	g0001	h0	1	0
4.13910451026063	0.75	g0001	h0	1	0
5.14966925529449	1.25	g0001	h0	1	0
5.6457873860694	1.75	g0001	h0	1	0
1.6576841147523	-1.75	g0002	h0	1	0
2.43691835107383	-1.25	g0002	h0	1	0
3.39361206763012	-0.75	g0002	h0	1	0
3.6579135148581	-0.25	g0002	h0	1	0
3.9656553075629	0.25	g0002	h0	1	0
4.95193022475896	0.75	g0002	h0	1	0
5.67828657224114	1.25	g0002	h0	1	0
5.80903383885938	1.75	g0002	h0	1	0
1.52595337863092	-1.75	g0003	h0	1	0
2.56031553821739	-1.25	g0003	h0	1	0
3.0005121083877	-0.75	g0003	h0	1	0
3.17820979504128	-0.25	g0003	h0	1	0
4.03382033431283	0.25	g0003	h0	1	0
4.93564942350318	0.75	g0003	h0	1	0
5.14482016092143	1.25	g0003	h0	1	0
5.52875706468954	1.75	g0003	h0	1	0
1.20724329213128	-1.75	g0004	h0	1	0
1.83021657525701	-1.25	g0004	h0	1	0
1.93687316453348	-0.75	g0004	h0	1	0
2.5862168873481	-0.25	g0004	h0	1	0
3.57873918776641	0.25	g0004	h0	1	0
3.91908715882022	0.75	g0004	h0	1	0
4.12432530472758	1.25	g0004	h0	1	0
5.02484302271934	1.75	g0004	h0	1	0
0.510948009530579	-1.75	g0005	h0	1	0
0.622927892310669	-1.25	g0005	h0	1	0
1.03461397585009	-0.75	g0005	h0	1	0
2.01829759649853	-0.25	g0005	h0	1	0
2.51978575148378	0.25	g0005	h0	1	0
2.60311531159321	0.75	g0005	h0	1	0
3.30204904918967	1.25	g0005	h0	1	0
4.22273991743686	1.75	g0005	h0	1	0
-0.332996359648579	-1.75	g0006	h0	1	0
-0.14193015578282	-1.25	g0006	h0	1	0
0.736377497423492	-0.75	g0006	h0	1	0
1.39821261967338	-0.25	g0006	h0	1	0
1.44186937499697	0.25	g0006	h0	1	0
1.89922139116848	0.75	g0006	h0	1	0
2.84276703805935	1.25	g0006	h0	1	0
3.21750291308649	1.75	g0006	h0	1	0
-0.623258422670031	-1.75	g0007	h0	1	0
0.0730697112626986	-1.25	g0007	h0	1	0
0.861630738103169	-0.75	g0007	h0	1	0
0.954738275536785	-0.25	g0007	h0	1	0
1.17748939298966	0.25	g0007	h0	1	0
2.0543327000494	0.75	g0007	h0	1	0
2.5928518032816	1.25	g0007	h0	1	0
2.58521718036207	1.75	g0007	h0	1	0
0.0790934164049802	-1.75	g0008	h0	1	0
0.932435739069862	-1.25	g0008	h0	1	0
1.15113774186221	-0.75	g0008	h0	1	0
1.18968979222138	-0.25	g0008	h0	1	0
1.92035694207915	0.25	g0008	h0	1	0
2.61036264651912	0.75	g0008	h0	1	0
2.62122582005182	1.25	g0008	h0	1	0
2.88942308737877	1.75	g0008	h0	1	0
1.34267999880425	-1.75	g0009	h0	1	0
1.73318289996068	-1.25	g0009	h0	1	0
1.66951264396292	-0.75	g0009	h0	1	0
2.19855497146687	-0.25	g0009	h0	1	0
2.99267229285461	0.25	g0009	h0	1	0
3.10950788902244	0.75	g0009	h0	1	0
3.17734747093438	1.25	g0009	h0	1	0
3.93810039541546	1.75	g0009	h0	1	0
2.23620070357492	-1.75	g0010	h0	1	0
2.1663185280559	-1.25	g0010	h0	1	0
2.47205822153784	-0.75	g0010	h0	1	0
3.29597642059922	-0.25	g0010	h0	1	0
3.57895383154311	0.25	g0010	h0	1	0
3.51633370164215	0.75	g0010	h0	1	0
4.10491329821024	1.25	g0010	h0	1	0
4.83133261906064	1.75	g0010	h0	1	0
2.26173538109487	-1.75	g0011	h0	1	0
2.36005159647325	-1.25	g0011	h0	1	0
3.12676101501589	-0.75	g0011	h0	1	0
3.59627904428842	-0.25	g0011	h0	1	0
3.49221938033362	0.25	g0011	h0	1	0
3.86834450126972	0.75	g0011	h0	1	0
4.66484985787827	1.25	g0011	h0	1	0
4.84705292871347	1.75	g0011	h0	1	0
1.70658687727593	-1.75	g0012	h0	1	0
2.33395914628082	-1.25	g0012	h0	1	0
2.96689933993414	-0.75	g0012	h0	1	0
2.91217048888532	-0.25	g0012	h0	1	0
3.07126664816312	0.25	g0012	h0	1	0
3.84981343087188	0.75	g0012	h0	1	0
4.21690657449194	1.25	g0012	h0	1	0
4.09581866713201	1.75	g0012	h0	1	0
1.08398393330881	-1.75	g0013	h0	1	0
1.81939429309842	-1.25	g0013	h0	1	0
1.88958688005093	-0.75	g0013	h0	1	0
1.8647879016772	-0.25	g0013	h0	1	0
2.53551266741464	0.25	g0013	h0	1	0
3.0793301115923	0.75	g0013	h0	1	0
2.96811213952715	1.25	g0013	h0	1	0
3.19278303848843	1.75	g0013	h0	1	0
0.53414289118051	-1.75	g0014	h0	1	0
0.776404552087431	-1.25	g0014	h0	1	0
0.633719467078401	-0.75	g0014	h0	1	0
1.12452900516799	-0.25	g0014	h0	1	0
1.79817608311975	0.25	g0014	h0	1	0
1.7799963143502	0.75	g0014	h0	1	0
1.79969843982132	1.25	g0014	h0	1	0
2.49914162739992	1.75	g0014	h0	1	0
-0.0235089595358796	-1.75	g0015	h0	1	0
-0.196127129946577	-1.25	g0015	h0	1	0
0.0769343773181462	-0.75	g0015	h0	1	0
0.806274314457917	-0.25	g0015	h0	1	0
0.944364165209978	0.25	g0015	h0	1	0
0.814807156398575	0.75	g0015	h0	1	0
1.36188989999063	1.25	g0015	h0	1	0
1.96074533759478	1.75	g0015	h0	1	0
-0.376653248609974	-1.75	g0016	h0	1	0
-0.31507251547596	-1.25	g0016	h0	1	0
0.385629517657659	-0.75	g0016	h0	1	0
0.713056031817795	-0.25	g0016	h0	1	0
0.520450526341957	0.25	g0016	h0	1	0
0.867030801393311	0.75	g0016	h0	1	0
1.5616220464231	1.25	g0016	h0	1	0
1.60599859564255	1.75	g0016	h0	1	0
-0.0750949495345848	-1.75	g0017	h0	1	0
0.521376284740327	-1.25	g0017	h0	1	0
1.0366636430781	-0.75	g0017	h0	1	0
0.882790667029747	-0.25	g0017	h0	1	0
1.02358950978999	0.25	g0017	h0	1	0
1.73953701710636	0.75	g0017	h0	1	0
1.97731810957835	1.25	g0017	h0	1	0
1.79250405719588	1.75	g0017	h0	1	0
0.899843457798191	-1.75	g0018	h0	1	0
1.56904572138679	-1.25	g0018	h0	1	0
1.55282689501737	-0.75	g0018	h0	1	0
1.52825629312556	-0.25	g0018	h0	1	0
2.19177131954526	0.25	g0018	h0	1	0
2.64411228028157	0.75	g0018	h0	1	0
2.47574028044216	1.25	g0018	h0	1	0
2.71657370926063	1.75	g0018	h0	1	0
1.81688587381844	-1.75	g0019	h0	1	0
2.01590759277644	-1.25	g0019	h0	1	0
1.90521225898601	-0.75	g0019	h0	1	0
2.45891417765191	-0.25	g0019	h0	1	0
3.11036481294771	0.25	g0019	h0	1	0
3.06623258695878	0.75	g0019	h0	1	0
3.1462693918833	1.25	g0019	h0	1	0
3.88227435050177	1.75	g0019	h0	1	0
1.82109073063315	-1.75	g0020	h0	1	0
1.72704556324945	-1.25	g0020	h0	1	0
2.14178746431074	-0.75	g0020	h0	1	0
2.94379201306679	-0.25	g0020	h0	1	0
3.11345777974684	0.25	g0020	h0	1	0
3.09760134694188	0.75	g0020	h0	1	0
3.77327242974922	1.25	g0020	h0	1	0
4.41384177610174	1.75	g0020	h0	1	0
0.81278886910039	-1.75	g0021	h0	1	0
1.09312136688263	-1.25	g0021	h0	1	0
1.97333610268726	-0.75	g0021	h0	1	0
2.41001245782543	-0.25	g0021	h0	1	0
2.38831241682569	0.25	g0021	h0	1	0
2.95639049731939	0.75	g0021	h0	1	0
3.79468301718507	1.25	g0021	h0	1	0
3.9569885926022	1.75	g0021	h0	1	0
-0.506412932314298	-1.75	g0022	h0	1	0
0.369238440659608	-1.25	g0022	h0	1	0
1.07822020754923	-0.75	g0022	h0	1	0
1.14698597084306	-0.25	g0022	h0	1	0
1.58667492576351	0.25	g0022	h0	1	0
2.54824108702222	0.75	g0022	h0	1	0
2.97238510941044	1.25	g0022	h0	1	0
3.04611030544086	1.75	g0022	h0	1	0
-1.42992209145667	-1.75	g0023	h0	1	0
-0.493846456715742	-1.25	g0023	h0	1	0
-0.252706020515253	-0.75	g0023	h0	1	0
0.0668526767179552	-0.25	g0023	h0	1	0
1.05632812418984	0.25	g0023	h0	1	0
1.75365604194067	0.75	g0023	h0	1	0
1.87427353375228	1.25	g0023	h0	1	0
2.47103141340802	1.75	g0023	h0	1	0
-1.83244409839837	-1.75	g0024	h0	1	0
-1.36954764510897	-1.25	g0024	h0	1	0
-1.1363084838504	-0.75	g0024	h0	1	0
-0.218130780526343	-0.25	g0024	h0	1	0
0.711182415455789	0.25	g0024	h0	1	0
0.952004417940078	0.75	g0024	h0	1	0
1.40134615990106	1.25	g0024	h0	1	0
2.47265326000864	1.75	g0024	h0	1	0
-1.89683238739137	-1.75	g0025	h0	1	0
-1.69922543092797	-1.25	g0025	h0	1	0
-0.937658599049595	-0.75	g0025	h0	1	0
0.136115699700541	-0.25	g0025	h0	1	0
0.546323905472457	0.25	g0025	h0	1	0
0.856027808576341	0.75	g0025	h0	1	0
1.86136255166114	1.25	g0025	h0	1	0
2.74526854281696	1.75	g0025	h0	1	0
-1.57467643032999	-1.75	g0026	h0	1	0
-1.02604074447091	-1.25	g0026	h0	1	0
0.0738828956074303	-0.75	g0026	h0	1	0
0.666922317496154	-0.25	g0026	h0	1	0
0.870389391208804	0.25	g0026	h0	1	0
1.70502928023482	0.75	g0026	h0	1	0
2.72787305757258	1.25	g0026	h0	1	0
3.05949972394556	1.75	g0026	h0	1	0
-0.673228216612196	-1.75	g0027	h0	1	0
0.325704161181231	-1.25	g0027	h0	1	0
1.07508043145467	-0.75	g0027	h0	1	0
1.22316925974423	-0.25	g0027	h0	1	0
1.81264806924168	0.25	g0027	h0	1	0
2.86259390108682	0.75	g0027	h0	1	0
3.32424302054231	1.25	g0027	h0	1	0
3.51311444780344	1.75	g0027	h0	1	0
0.571512465625558	-1.75	g0028	h0	1	0
1.41496289738853	-1.25	g0028	h0	1	0
1.56480160401546	-0.75	g0028	h0	1	0
1.87860566782514	-0.25	g0028	h0	1	0
2.83371018694757	0.25	g0028	h0	1	0
3.4202497814415	0.75	g0028	h0	1	0
3.48307533979633	1.25	g0028	h0	1	0
4.08155078954003	1.75	g0028	h0	1	0
1.3985657948769	-1.75	g0029	h0	1	0
1.60163949805602	-1.25	g0029	h0	1	0
1.65869719771973	-0.75	g0029	h0	1	0
2.41055304590092	-0.25	g0029	h0	1	0
3.0867575036777	0.25	g0029	h0	1	0
3.09229952284518	0.75	g0029	h0	1	0
3.38746010444199	1.25	g0029	h0	1	0
4.26088363840667	1.75	g0029	h0	1	0
1.24153543608389	-1.75	g0030	h0	1	0
1.10642841842902	-1.25	g0030	h0	1	0
1.5816590740706	-0.75	g0030	h0	1	0
2.28917310996047	-0.25	g0030	h0	1	0
2.3122421197056	0.25	g0030	h0	1	0
2.32139209797138	0.75	g0030	h0	1	0
3.01942781000397	1.25	g0030	h0	1	0
3.51160144782576	1.75	g0030	h0	1	0
0.397701776433316	-1.75	g0031	h0	1	0
0.573007011760257	-1.25	g0031	h0	1	0
1.24240852825791	-0.75	g0031	h0	1	0
1.34948489770765	-0.25	g0031	h0	1	0
1.14186838558939	0.25	g0031	h0	1	0
1.59697618118339	0.75	g0031	h0	1	0
2.15534225609241	1.25	g0031	h0	1	0
2.01804065157	1.75	g0031	h0	1	0
-0.262745559175891	-1.75	g0032	h0	1	0
0.302748740292315	-1.25	g0032	h0	1	0
0.539692282564883	-0.75	g0032	h0	1	0
0.223654080583821	-0.25	g0032	h0	1	0
0.412589129720537	0.25	g0032	h0	1	0
0.993399989231618	0.75	g0032	h0	1	0
0.944214107261174	1.25	g0032	h0	1	0
0.7041456618906	1.75	g0032	h0	1	0
-0.219361793869394	-1.75	g0033	h0	1	0
0.16482631794442	-1.25	g0033	h0	1	0
-0.132456879683023	-0.75	g0033	h0	1	0
-0.182784679664579	-0.25	g0033	h0	1	0
0.36957053778916	0.25	g0033	h0	1	0
0.482691241540535	0.75	g0033	h0	1	0
0.133261670265031	1.25	g0033	h0	1	0
0.370637981787929	1.75	g0033	h0	1	0
0.286501121698047	-1.75	g0034	h0	1	0
0.1301915266185	-1.25	g0034	h0	1	0
-0.0862156496897027	-0.75	g0034	h0	1	0
0.39119948429317	-0.25	g0034	h0	1	0
0.707356135597766	0.25	g0034	h0	1	0
0.381138149117367	0.75	g0034	h0	1	0
0.421120918379474	1.25	g0034	h0	1	0
0.986646167266517	1.75	g0034	h0	1	0
0.762694992808671	-1.75	g0035	h0	1	0
0.486690535116534	-1.25	g0035	h0	1	0
0.857883273246731	-0.75	g0035	h0	1	0
1.37781282310288	-0.25	g0035	h0	1	0
1.20309240037617	0.25	g0035	h0	1	0
1.10125528600799	0.75	g0035	h0	1	0
1.67081555919698	1.25	g0035	h0	1	0
1.95329087495579	1.75	g0035	h0	1	0
1.08113618351606	-1.75	g0036	h0	1	0
1.33776264852703	-1.25	g0036	h0	1	0
2.0235882421164	-0.75	g0036	h0	1	0
2.10041727514027	-0.25	g0036	h0	1	0
1.94234055928853	0.25	g0036	h0	1	0
2.4682043935353	0.75	g0036	h0	1	0
3.01077057519506	1.25	g0036	h0	1	0
2.86406751405432	1.75	g0036	h0	1	0
1.36111094575701	-1.75	g0037	h0	1	0
2.1452334024724	-1.25	g0037	h0	1	0
2.52693423331852	-0.75	g0037	h0	1	0
2.41258282170698	-0.25	g0037	h0	1	0
2.85891282417556	0.25	g0037	h0	1	0
3.62241608368192	0.75	g0037	h0	1	0
3.72404743305021	1.25	g0037	h0	1	0
3.71966817994751	1.75	g0037	h0	1	0
1.44251472643191	-1.75	g0038	h0	1	0
2.12619296859598	-1.25	g0038	h0	1	0
2.15116792834088	-0.75	g0038	h0	1	0
2.50223703275808	-0.25	g0038	h0	1	0
3.40797281647992	0.25	g0038	h0	1	0
3.81065440237162	0.75	g0038	h0	1	0
3.81916299085949	1.25	g0038	h0	1	0
4.45648215876042	1.75	g0038	h0	1	0
0.891348282836551	-1.75	g0039	h0	1	0
1.12863101856626	-1.25	g0039	h0	1	0
1.39267182297632	-0.75	g0039	h0	1	0
2.33873887306469	-0.25	g0039	h0	1	0
3.0404551899168	0.25	g0039	h0	1	0
3.13810256473977	0.75	g0039	h0	1	0
3.67282195222853	1.25	g0039	h0	1	0
4.67216746053326	1.75	g0039	h0	1	0
-0.340970852867929	-1.75	g0040	h0	1	0
-0.133131197555065	-1.25	g0040	h0	1	0
0.748672072912927	-0.75	g0040	h0	1	0
1.6933460215446	-0.25	g0040	h0	1	0
1.94399818501559	0.25	g0040	h0	1	0
2.353199374403	0.75	g0040	h0	1	0
3.40583909760191	1.25	g0040	h0	1	0
4.09464809797439	1.75	g0040	h0	1	0
-1.54362527431432	-1.75	g0041	h0	1	0
-0.812846711475794	-1.25	g0041	h0	1	0
0.275540425209457	-0.75	g0041	h0	1	0
0.717756948383768	-0.25	g0041	h0	1	0
1.00851823336743	0.25	g0041	h0	1	0
1.99377019146044	0.75	g0041	h0	1	0
2.90890809033268	1.25	g0041	h0	1	0
3.15192440389146	1.75	g0041	h0	1	0
-1.82020537239802	-1.75	g0042	h0	1	0
-0.711572827634229	-1.25	g0042	h0	1	0
-0.0729569730321431	-0.75	g0042	h0	1	0
0.134272123858401	-0.25	g0042	h0	1	0
0.949146916626147	0.25	g0042	h0	1	0
2.00154606531421	0.75	g0042	h0	1	0
2.37052009199723	1.25	g0042	h0	1	0
2.7200087227909	1.75	g0042	h0	1	0
-0.990222043746354	-1.75	g0043	h0	1	0
-0.1863008147213	-1.25	g0043	h0	1	0
-0.00804229936110251	-0.75	g0043	h0	1	0
0.570363637806911	-0.25	g0043	h0	1	0
1.64676983535729	0.25	g0043	h0	1	0
2.16414733007471	0.75	g0043	h0	1	0
2.36187627122962	1.25	g0043	h0	1	0
3.22061412628976	1.75	g0043	h0	1	0
0.292697087664967	-1.75	g0044	h0	1	0
0.50373486245181	-1.25	g0044	h0	1	0
0.82796906114541	-0.75	g0044	h0	1	0
1.81179717529269	-0.25	g0044	h0	1	0
2.47199297908768	0.25	g0044	h0	1	0
2.57584605049146	0.75	g0044	h0	1	0
3.18082621095204	1.25	g0044	h0	1	0
4.18227024389194	1.75	g0044	h0	1	0
1.30496208822381	-1.75	g0045	h0	1	0
1.40735479037794	-1.25	g0045	h0	1	0
2.19996699891505	-0.75	g0045	h0	1	0
2.96860327771497	-0.25	g0045	h0	1	0
3.05466929599273	0.25	g0045	h0	1	0
3.3824774702706	0.75	g0045	h0	1	0
4.31573083812071	1.25	g0045	h0	1	0
4.81408169324434	1.75	g0045	h0	1	0
1.87973906916683	-1.75	g0046	h0	1	0
2.41811359459182	-1.25	g0046	h0	1	0
3.23692919865395	-0.75	g0046	h0	1	0
3.38247722980181	-0.25	g0046	h0	1	0
3.46238249260894	0.25	g0046	h0	1	0
4.23649790196675	0.75	g0046	h0	1	0
4.85477628104042	1.25	g0046	h0	1	0
4.82856253375819	1.75	g0046	h0	1	0
2.18255777478936	-1.75	g0047	h0	1	0
2.97923186332799	-1.25	g0047	h0	1	0
3.24562415339331	-0.75	g0047	h0	1	0
3.15202268892159	-0.25	g0047	h0	1	0
3.70355490841815	0.25	g0047	h0	1	0
4.4092583672935	0.75	g0047	h0	1	0
4.42064157352102	1.25	g0047	h0	1	0
4.49936846708421	1.75	g0047	h0	1	0
2.16323205406	-1.75	g0048	h0	1	0
2.5823845249181	-1.25	g0048	h0	1	0
2.41867212171579	-0.75	g0048	h0	1	0
2.72292007950908	-0.25	g0048	h0	1	0
3.46073551628335	0.25	g0048	h0	1	0
3.59226585219451	0.75	g0048	h0	1	0
3.48365702865534	1.25	g0048	h0	1	0
4.05794695523415	1.75	g0048	h0	1	0
1.60159131154963	-1.75	g0049	h0	1	0
1.47885344744645	-1.25	g0049	h0	1	0
1.55398505324001	-0.75	g0049	h0	1	0
2.25599181302161	-0.25	g0049	h0	1	0
2.56013176268023	0.25	g0049	h0	1	0
2.36433140858801	0.75	g0049	h0	1	0
2.72589809426734	1.25	g0049	h0	1	0
3.40958351145155	1.75	g0049	h0	1	0
0.680579590772511	-1.75	g0050	h0	1	0
0.583947451869038	-1.25	g0050	h0	1	0
1.18302667026726	-0.75	g0050	h0	1	0
1.67165725798274	-0.25	g0050	h0	1	0
1.49981385939082	0.25	g0050	h0	1	0
1.64913575445633	0.75	g0050	h0	1	0
2.35646752619619	1.25	g0050	h0	1	0
2.56460734227923	1.75	g0050	h0	1	0
0.133429621799056	-1.75	g0051	h0	1	0
0.577262001452505	-1.25	g0051	h0	1	0
1.21999445864608	-0.75	g0051	h0	1	0
1.17286205678059	-0.25	g0051	h0	1	0
1.14692306177872	0.25	g0051	h0	1	0
1.80408741203833	0.75	g0051	h0	1	0
2.22212205458907	1.25	g0051	h0	1	0
2.0333449471132	1.75	g0051	h0	1	0
0.552936886111823	-1.75	g0052	h0	1	0
1.28451453804023	-1.25	g0052	h0	1	0
1.43381507938795	-0.75	g0052	h0	1	0
1.30012900697576	-0.25	g0052	h0	1	0
1.83900368409787	0.25	g0052	h0	1	0
2.44629216858973	0.75	g0052	h0	1	0
2.3591932616368	1.25	g0052	h0	1	0
2.42521689389303	1.75	g0052	h0	1	0
1.67807696120883	-1.75	g0053	h0	1	0
2.05417946448875	-1.25	g0053	h0	1	0
1.89930476769313	-0.75	g0053	h0	1	0
2.27290548375339	-0.25	g0053	h0	1	0
3.00887937040462	0.25	g0053	h0	1	0
3.10076683325707	0.75	g0053	h0	1	0
3.03576952431071	1.25	g0053	h0	1	0
3.66491092929164	1.75	g0053	h0	1	0
2.61685351626395	-1.75	g0054	h0	1	0
2.53145440424596	-1.25	g0054	h0	1	0
2.72551201449362	-0.75	g0054	h0	1	0
3.50394983828886	-0.25	g0054	h0	1	0
3.81649112377719	0.25	g0054	h0	1	0
3.69329115179909	0.75	g0054	h0	1	0
4.17500597713167	1.25	g0054	h0	1	0
4.89947092005858	1.75	g0054	h0	1	0
2.76481917213023	-1.75	g0055	h0	1	0
2.80291296766924	-1.25	g0055	h0	1	0
3.5313602851705	-0.75	g0055	h0	1	0
4.06460872817741	-0.25	g0055	h0	1	0
3.96977961512322	0.25	g0055	h0	1	0
4.27053032940365	0.75	g0055	h0	1	0
5.0731533851809	1.25	g0055	h0	1	0
5.32007998945373	1.75	g0055	h0	1	0
2.28386570795271	-1.75	g0056	h0	1	0
2.88405435441194	-1.25	g0056	h0	1	0
3.59850021126682	-0.75	g0056	h0	1	0
3.61724243246749	-0.25	g0056	h0	1	0
3.74368372249555	0.25	g0056	h0	1	0
4.53146849341131	0.75	g0056	h0	1	0
5.00056013023475	1.25	g0056	h0	1	0
4.90998368160026	1.75	g0056	h0	1	0
1.64723313009032	-1.75	g0057	h0	1	0
2.47320739272627	-1.25	g0057	h0	1	0
2.67398990082595	-0.75	g0057	h0	1	0
2.67320613969807	-0.25	g0057	h0	1	0
3.36192154339127	0.25	g0057	h0	1	0
4.03222640246768	0.75	g0057	h0	1	0
4.01890577018425	1.25	g0057	h0	1	0
4.24209856809703	1.75	g0057	h0	1	0
1.01187383723241	-1.75	g0058	h0	1	0
1.43369414607612	-1.25	g0058	h0	1	0
1.38470556988899	-0.75	g0058	h0	1	0
1.91646583297312	-0.25	g0058	h0	1	0
2.73375371343084	0.25	g0058	h0	1	0
2.87919843755502	0.75	g0058	h0	1	0
2.95345941080136	1.25	g0058	h0	1	0
3.72227390105246	1.75	g0058	h0	1	0
0.293122409192518	-1.75	g0059	h0	1	0
0.291238052956929	-1.25	g0059	h0	1	0
0.646039516601813	-0.75	g0059	h0	1	0
1.53361278710673	-0.25	g0059	h0	1	0
1.89452549293283	0.25	g0059	h0	1	0
1.89069141485239	0.75	g0059	h0	1	0
2.52988618654439	1.25	g0059	h0	1	0
3.32867675023476	1.75	g0059	h0	1	0
-0.308785893766447	-1.75	g0060	h0	1	0
-0.109862803502531	-1.25	g0060	h0	1	0
0.763289843089071	-0.75	g0060	h0	1	0
1.35953751680083	-0.25	g0060	h0	1	0
1.36989899524985	0.25	g0060	h0	1	0
1.84408572884286	0.75	g0060	h0	1	0
2.75618052079461	1.25	g0060	h0	1	0
3.06474050558356	1.75	g0060	h0	1	0
-0.277540459191866	-1.75	g0061	h0	1	0
0.503819264062212	-1.25	g0061	h0	1	0
1.31301147826264	-0.75	g0061	h0	1	0
1.43151084605201	-0.25	g0061	h0	1	0
1.74253536718307	0.25	g0061	h0	1	0
2.68282978894399	0.75	g0061	h0	1	0
3.22983770064049	1.25	g0061	h0	1	0
3.2730492696546	1.75	g0061	h0	1	0
0.560335999857216	-1.75	g0062	h0	1	0
1.52028301927977	-1.25	g0062	h0	1	0
1.82187356640719	-0.75	g0062	h0	1	0
2.00646163440545	-0.25	g0062	h0	1	0
2.88673447599909	0.25	g0062	h0	1	0
3.66205953522273	0.75	g0062	h0	1	0
3.77518220917519	1.25	g0062	h0	1	0
4.20452075437183	1.75	g0062	h0	1	0
1.59574449882006	-1.75	g0063	h0	1	0
2.11926708212372	-1.25	g0063	h0	1	0
2.23949140577806	-0.75	g0063	h0	1	0
2.98368116050686	-0.25	g0063	h0	1	0
3.9321001484383	0.25	g0063	h0	1	0
4.19139670684491	0.75	g0063	h0	1	0
4.46632065281048	1.25	g0063	h0	1	0
5.42538128923211	1.75	g0063	h0	1	0
1.94538018278445	-1.75	g0064	h0	1	0
2.07412323991202	-1.25	g0064	h0	1	0
2.6312186644948	-0.75	g0064	h0	1	0
3.66116886112295	-0.25	g0064	h0	1	0
4.11190778941152	0.25	g0064	h0	1	0
4.27458266891123	0.75	g0064	h0	1	0
5.10837235321398	1.25	g0064	h0	1	0
6.01611459202609	1.75	g0064	h0	1	0
1.36525769551436	-1.75	g0065	h0	1	0
1.71750983473866	-1.25	g0065	h0	1	0
2.71735288917268	-0.75	g0065	h0	1	0
3.36290323231569	-0.25	g0065	h0	1	0
3.47389569317268	0.25	g0065	h0	1	0
4.10972543703329	0.75	g0065	h0	1	0
5.11266973736853	1.25	g0065	h0	1	0
5.47365305887941	1.75	g0065	h0	1	0
0.440305930725399	-1.75	g0066	h0	1	0
1.29909024840359	-1.25	g0066	h0	1	0
2.09884828717647	-0.75	g0066	h0	1	0
2.22369569087436	-0.25	g0066	h0	1	0
2.62289188394347	0.25	g0066	h0	1	0
3.60947087210305	0.75	g0066	h0	1	0
4.13430331558814	1.25	g0066	h0	1	0
4.21906791211248	1.75	g0066	h0	1	0
-0.138407374577219	-1.75	g0067	h0	1	0
0.738293540093139	-1.25	g0067	h0	1	0
0.933740397904131	-0.75	g0067	h0	1	0
1.09857323172201	-0.25	g0067	h0	1	0
1.95442717622694	0.25	g0067	h0	1	0
2.62043277147829	0.75	g0067	h0	1	0
2.65598619812855	1.25	g0067	h0	1	0
3.08252651981459	1.75	g0067	h0	1	0
-0.228940148948665	-1.75	g0068	h0	1	0
0.0737469462812289	-1.25	g0068	h0	1	0
0.0469358828135004	-0.75	g0068	h0	1	0
0.677576040660333	-0.25	g0068	h0	1	0
1.42796207279072	0.25	g0068	h0	1	0
1.48269333349387	0.75	g0068	h0	1	0
1.6396194095644	1.25	g0068	h0	1	0
2.45959617133895	1.75	g0068	h0	1	0
-0.0543224752443528	-1.75	g0069	h0	1	0
-0.19746317677211	-1.25	g0069	h0	1	0
0.152734839912734	-0.75	g0069	h0	1	0
0.908496377684594	-0.25	g0069	h0	1	0
1.04152879950009	0.25	g0069	h0	1	0
0.967672294492504	0.75	g0069	h0	1	0
1.58255044868805	1.25	g0069	h0	1	0
2.18458462262628	1.75	g0069	h0	1	0
0.360827154454953	-1.75	g0070	h0	1	0
0.426769701123628	-1.25	g0070	h0	1	0
1.10356527859883	-0.75	g0070	h0	1	0
1.35420563565087	-0.25	g0070	h0	1	0
1.12995290554061	0.25	g0070	h0	1	0
1.48336459783748	0.75	g0070	h0	1	0
2.12737215752365	1.25	g0070	h0	1	0
2.1010040106038	1.75	g0070	h0	1	0
1.19464182521659	-1.75	g0071	h0	1	0
1.72112419580281	-1.25	g0071	h0	1	0
2.10264203819044	-0.75	g0071	h0	1	0
1.83555675381185	-0.25	g0071	h0	1	0
1.92036539878999	0.25	g0071	h0	1	0
2.54150944152105	0.75	g0071	h0	1	0
2.63964788722539	1.25	g0071	h0	1	0
2.3683098825499	1.75	g0071	h0	1	0
2.26458907680682	-1.75	g0072	h0	1	0
2.7633676387395	-1.25	g0072	h0	1	0
2.56861878250073	-0.75	g0072	h0	1	0
2.43012178608554	-0.25	g0072	h0	1	0
2.96720569604288	0.25	g0072	h0	1	0
3.23250139332779	0.75	g0072	h0	1	0
2.90892710154727	1.25	g0072	h0	1	0
3.04501324995198	1.75	g0072	h0	1	0
2.83363148686735	-1.75	g0073	h0	1	0
2.81291646349139	-1.25	g0073	h0	1	0
2.54164193819011	-0.75	g0073	h0	1	0
2.95105140872591	-0.25	g0073	h0	1	0
3.39385594607436	0.25	g0073	h0	1	0
3.14532217388909	0.75	g0073	h0	1	0
3.08395690679803	1.25	g0073	h0	1	0
3.65421598074975	1.75	g0073	h0	1	0
2.26866190159624	-1.75	g0074	h0	1	0
1.98401255596761	-1.25	g0074	h0	1	0
2.24999461403332	-0.75	g0074	h0	1	0
2.84792413968505	-0.25	g0074	h0	1	0
2.78931822287226	0.25	g0074	h0	1	0
2.60822495413097	0.75	g0074	h0	1	0
3.12274531501988	1.25	g0074	h0	1	0
3.53782546400563	1.75	g0074	h0	1	0
0.792648864826088	-1.75	g0075	h0	1	0
0.931744775782691	-1.25	g0075	h0	1	0
1.63542952073654	-0.75	g0075	h0	1	0
1.84774246823074	-0.25	g0075	h0	1	0
1.65223312755254	0.25	g0075	h0	1	0
2.07820661585369	0.75	g0075	h0	1	0
2.71372541165349	1.25	g0075	h0	1	0
2.66090834738789	1.75	g0075	h0	1	0
-0.671194476409201	-1.75	g0076	h0	1	0
0.0725846991573729	-1.25	g0076	h0	1	0
0.587721833143644	-0.75	g0076	h0	1	0
0.490678377495268	-0.25	g0076	h0	1	0
0.817586171147685	0.25	g0076	h0	1	0
1.62141776254191	0.75	g0076	h0	1	0
1.84914102769242	1.25	g0076	h0	1	0
1.78374126021031	1.75	g0076	h0	1	0
-1.41084707497856	-1.75	g0077	h0	1	0
-0.615976093595896	-1.25	g0077	h0	1	0
-0.516090264181665	-0.75	g0077	h0	1	0
-0.273963944350232	-0.25	g0077	h0	1	0
0.617767327620465	0.25	g0077	h0	1	0
1.16000908710133	0.75	g0077	h0	1	0
1.16414652178518	1.25	g0077	h0	1	0
1.68944949254823	1.75	g0077	h0	1	0
-1.47073072271967	-1.75	g0078	h0	1	0
-1.10947601000642	-1.25	g0078	h0	1	0
-0.915934642652929	-0.75	g0078	h0	1	0
-0.0290918380349173	-0.25	g0078	h0	1	0
0.804274426611098	0.25	g0078	h0	1	0
0.961400331769983	0.75	g0078	h0	1	0
1.38774952071526	1.25	g0078	h0	1	0
2.4044464630335	1.75	g0078	h0	1	0
-1.25800535020508	-1.75	g0079	h0	1	0
-1.0626382694003	-1.25	g0079	h0	1	0
-0.267934249695751	-0.75	g0079	h0	1	0
0.779924431063089	-0.25	g0079	h0	1	0
1.14768007690665	0.25	g0079	h0	1	0
1.47926014787847	0.75	g0079	h0	1	0
2.50248465672193	1.25	g0079	h0	1	0
3.34122350178921	1.75	g0079	h0	1	0
-0.908403625374393	-1.75	g0080	h0	1	0
-0.271141654421771	-1.25	g0080	h0	1	0
0.875640135960106	-0.75	g0080	h0	1	0
1.47349654280125	-0.25	g0080	h0	1	0
1.73696148869474	0.25	g0080	h0	1	0
2.65603558499774	0.75	g0080	h0	1	0
3.70033654946509	1.25	g0080	h0	1	0
4.04907616506936	1.75	g0080	h0	1	0
-0.320956227662184	-1.75	g0081	h0	1	0
0.791947120283632	-1.25	g0081	h0	1	0
1.59609660813576	-0.75	g0081	h0	1	0
1.83403505929988	-0.25	g0081	h0	1	0
2.56137051875704	0.25	g0081	h0	1	0
3.69878050294984	0.75	g0081	h0	1	0
4.21596389704226	1.25	g0081	h0	1	0
4.52094895844227	1.75	g0081	h0	1	0
0.316002143260449	-1.75	g0082	h0	1	0
1.26261364250233	-1.25	g0082	h0	1	0
1.52362061699419	-0.75	g0082	h0	1	0
2.01063845821938	-0.25	g0082	h0	1	0
3.11115464496363	0.25	g0082	h0	1	0
3.78993034232731	0.75	g0082	h0	1	0
3.98975916842518	1.25	g0082	h0	1	0
4.7641309992904	1.75	g0082	h0	1	0
0.453607909043521	-1.75	g0083	h0	1	0
0.781050149756044	-1.25	g0083	h0	1	0
1.0262407076014	-0.75	g0083	h0	1	0
1.96653804081784	-0.25	g0083	h0	1	0
2.76732119911773	0.25	g0083	h0	1	0
2.91750798213124	0.75	g0083	h0	1	0
3.41477426433733	1.25	g0083	h0	1	0
4.45190518163565	1.75	g0083	h0	1	0
-0.167227105234	-1.75	g0084	h0	1	0
-0.119573104549547	-1.25	g0084	h0	1	0
0.566776652407	-0.75	g0084	h0	1	0
1.42354029233391	-0.25	g0084	h0	1	0
1.58723957784773	0.25	g0084	h0	1	0
1.8016392271539	0.75	g0084	h0	1	0
2.6929278603189	1.25	g0084	h0	1	0
3.31756244969804	1.75	g0084	h0	1	0
-1.01746753951838	-1.75	g0085	h0	1	0
-0.631998315940342	-1.25	g0085	h0	1	0
0.199975701376523	-0.75	g0085	h0	1	0
0.434031293797571	-0.25	g0085	h0	1	0
0.412341119840628	0.25	g0085	h0	1	0
1.07016212928066	0.75	g0085	h0	1	0
1.76693864236643	1.25	g0085	h0	1	0
1.77177566465342	1.75	g0085	h0	1	0
-1.22398854300837	-1.75	g0086	h0	1	0
-0.497392346171295	-1.25	g0086	h0	1	0
-0.154846781474314	-0.75	g0086	h0	1	0
-0.323712584351253	-0.25	g0086	h0	1	0
0.0546321861307599	0.25	g0086	h0	1	0
0.769807056259208	0.75	g0086	h0	1	0
0.830309566405216	1.25	g0086	h0	1	0
0.762847697428506	1.75	g0086	h0	1	0
-0.492784864173583	-1.75	g0087	h0	1	0
-0.0305824118039315	-1.25	g0087	h0	1	0
-0.233911787744016	-0.75	g0087	h0	1	0
-0.130984582075421	-0.25	g0087	h0	1	0
0.539766796145847	0.25	g0087	h0	1	0
0.723103792031706	0.75	g0087	h0	1	0
0.494120593206323	1.25	g0087	h0	1	0
0.884097813816729	1.75	g0087	h0	1	0
0.629659467256848	-1.75	g0088	h0	1	0
0.505840471441547	-1.25	g0088	h0	1	0
0.386514178242961	-0.75	g0088	h0	1	0
0.953259740777848	-0.25	g0088	h0	1	0
1.29662923057381	0.25	g0088	h0	1	0
1.02519244301145	0.75	g0088	h0	1	0
1.1732786315129	1.25	g0088	h0	1	0
1.80232709535284	1.75	g0088	h0	1	0
1.43428234255368	-1.75	g0089	h0	1	0
1.184844954575	-1.25	g0089	h0	1	0
1.60350161782408	-0.75	g0089	h0	1	0
2.10717376488592	-0.25	g0089	h0	1	0
1.91562864402769	0.25	g0089	h0	1	0
1.86086914852319	0.75	g0089	h0	1	0
2.45768703335039	1.25	g0089	h0	1	0
2.70984099012053	1.75	g0089	h0	1	0
1.73319562172316	-1.75	g0090	h0	1	0
1.98494377881146	-1.25	g0090	h0	1	0
2.61321841827803	-0.75	g0090	h0	1	0
2.603906187463	-0.25	g0090	h0	1	0
2.4214822649314	0.25	g0090	h0	1	0
2.93187451581316	0.75	g0090	h0	1	0
3.39434339095524	1.25	g0090	h0	1	0
3.17928549699616	1.75	g0090	h0	1	0
1.72394496149608	-1.75	g0091	h0	1	0
2.41376179276233	-1.25	g0091	h0	1	0
2.65022052678992	-0.75	g0091	h0	1	0
2.43804307235732	-0.25	g0091	h0	1	0
2.82235595425512	0.25	g0091	h0	1	0
3.4650016125576	0.75	g0091	h0	1	0
3.42873882010051	1.25	g0091	h0	1	0
3.35074121902424	1.75	g0091	h0	1	0
1.42386361811876	-1.75	g0092	h0	1	0
1.92010383334064	-1.25	g0092	h0	1	0
1.78126395026239	-0.75	g0092	h0	1	0
2.02415026250196	-0.25	g0092	h0	1	0
2.78033130114973	0.25	g0092	h0	1	0
2.991025339189	0.75	g0092	h0	1	0
2.86245603259625	1.25	g0092	h0	1	0
3.38761181218774	1.75	g0092	h0	1	0
0.626649593883791	-1.75	g0093	h0	1	0
0.651011272166303	-1.25	g0093	h0	1	0
0.766539974415298	-0.75	g0093	h0	1	0
1.54840625546615	-0.25	g0093	h0	1	0
2.02651813752798	0.25	g0093	h0	1	0
1.93520180382993	0.75	g0093	h0	1	0
2.32930942146678	1.25	g0093	h0	1	0
3.13797630124255	1.75	g0093	h0	1	0
-0.536648003788944	-1.75	g0094	h0	1	0
-0.50579004341767	-1.25	g0094	h0	1	0
0.212141271452182	-0.75	g0094	h0	1	0
0.928363846241456	-0.25	g0094	h0	1	0
0.958058220489968	0.25	g0094	h0	1	0
1.20849029652696	0.75	g0094	h0	1	0
2.07502673677224	1.25	g0094	h0	1	0
2.52426443215753	1.75	g0094	h0	1	0
-1.34968573509587	-1.75	g0095	h0	1	0
-0.76760377356036	-1.25	g0095	h0	1	0
0.115154391892129	-0.75	g0095	h0	1	0
0.330600470909137	-0.25	g0095	h0	1	0
0.458268626534209	0.25	g0095	h0	1	0
1.2812534100051	0.75	g0095	h0	1	0
1.97018330805493	1.25	g0095	h0	1	0
2.00656525453839	1.75	g0095	h0	1	0
-1.12806653416889	-1.75	g0096	h0	1	0
-0.177260249145656	-1.25	g0096	h0	1	0
0.257950637144851	-0.75	g0096	h0	1	0
0.31429703906694	-0.25	g0096	h0	1	0
1.00711121550158	0.25	g0096	h0	1	0
1.87573212033452	0.75	g0096	h0	1	0
2.05179612692772	1.25	g0096	h0	1	0
2.2730057538034	1.75	g0096	h0	1	0
-0.00570984380163317	-1.75	g0097	h0	1	0
0.646238060022271	-1.25	g0097	h0	1	0
0.70346173143476	-0.75	g0097	h0	1	0
1.21192815474462	-0.25	g0097	h0	1	0
2.1711549771544	0.25	g0097	h0	1	0
2.53532910349247	0.75	g0097	h0	1	0
2.6385875801224	1.25	g0097	h0	1	0
3.42014090340708	1.75	g0097	h0	1	0
1.14763266976367	-1.75	g0098	h0	1	0
1.28400971001243	-1.25	g0098	h0	1	0
1.59680633697491	-0.75	g0098	h0	1	0
2.54581466648104	-0.25	g0098	h0	1	0
3.11542735013303	0.25	g0098	h0	1	0
3.16987016801146	0.75	g0098	h0	1	0
3.76806767877908	1.25	g0098	h0	1	0
4.70795634648719	1.75	g0098	h0	1	0
1.61508359809549	-1.75	g0099	h0	1	0
1.76488187499	-1.25	g0099	h0	1	0
2.6100178338893	-0.75	g0099	h0	1	0
3.36674747678237	-0.25	g0099	h0	1	0
3.45634446054955	0.25	g0099	h0	1	0
3.8471887966193	0.75	g0099	h0	1	0
4.8090562733129	1.25	g0099	h0	1	0
5.28749800284179	1.75	g0099	h0	1	0
1.42777279970045	-1.75	g0100	h0	1	0
2.09939481411615	-1.25	g0100	h0	1	0
2.99115367935397	-0.75	g0100	h0	1	0
3.1962820388703	-0.25	g0100	h0	1	0
3.4003351485689	0.25	g0100	h0	1	0
4.29136181013185	0.75	g0100	h0	1	0
4.96429267556409	1.25	g0100	h0	1	0
5.01983095571388	1.75	g0100	h0	1	0
1.02050142086421	-1.75	g0101	h0	1	0
1.9695900570628	-1.25	g0101	h0	1	0
2.34888675340698	-0.75	g0101	h0	1	0
2.42499909794361	-0.25	g0101	h0	1	0
3.16763087835037	0.25	g0101	h0	1	0
4.00080161612675	0.75	g0101	h0	1	0
4.13856750034563	1.25	g0101	h0	1	0
4.40765538341102	1.75	g0101	h0	1	0
0.581750810036039	-1.75	g0102	h0	1	0
1.15811957142177	-1.25	g0102	h0	1	0
1.18939474851176	-0.75	g0102	h0	1	0
1.73439205949042	-0.25	g0102	h0	1	0
2.66058579001127	0.25	g0102	h0	1	0
2.95144103364685	0.75	g0102	h0	1	0
3.06379732742309	1.25	g0102	h0	1	0
3.86844015424329	1.75	g0102	h0	1	0
0.038226587598365	-1.75	g0103	h0	1	0
0.113304751233863	-1.25	g0103	h0	1	0
0.447303783722978	-0.75	g0103	h0	1	0
1.37746685914024	-0.25	g0103	h0	1	0
1.85850975382236	0.25	g0103	h0	1	0
1.88667525686171	0.75	g0103	h0	1	0
2.50844628704202	1.25	g0103	h0	1	0
3.39371166215073	1.75	g0103	h0	1	0
-0.42826999644437	-1.75	g0104	h0	1	0
-0.281905164996824	-1.25	g0104	h0	1	0
0.557217817206135	-0.75	g0104	h0	1	0
1.2226156125707	-0.25	g0104	h0	1	0
1.25068028890578	0.25	g0104	h0	1	0
1.6558039863094	0.75	g0104	h0	1	0
2.57796443935614	1.25	g0104	h0	1	0
2.95811121446205	1.75	g0104	h0	1	0
-0.270080905342315	-1.75	g0105	h0	1	0
0.394738583843978	-1.25	g0105	h0	1	0
1.19572251516601	-0.75	g0105	h0	1	0
1.30146559097541	-0.25	g0105	h0	1	0
1.49285285916675	0.25	g0105	h0	1	0
2.35215718390813	0.75	g0105	h0	1	0
2.91272602695432	1.25	g0105	h0	1	0
2.90068594839593	1.75	g0105	h0	1	0
0.793663343352853	-1.75	g0106	h0	1	0
1.6478249169507	-1.25	g0106	h0	1	0
1.88688397027292	-0.75	g0106	h0	1	0
1.90316699379221	-0.25	g0106	h0	1	0
2.60562667913398	0.25	g0106	h0	1	0
3.31194558697378	0.75	g0106	h0	1	0
3.3308565922408	1.25	g0106	h0	1	0
3.56521799557848	1.75	g0106	h0	1	0
2.23239022979463	-1.75	g0107	h0	1	0
2.627636450367	-1.25	g0107	h0	1	0
2.53592052220352	-0.75	g0107	h0	1	0
3.01239456329501	-0.25	g0107	h0	1	0
3.79455624914607	0.25	g0107	h0	1	0
3.91100182277256	0.75	g0107	h0	1	0
3.93414885486625	1.25	g0107	h0	1	0
4.65277783060221	1.75	g0107	h0	1	0
3.09295073389438	-1.75	g0108	h0	1	0
2.97665029741604	-1.25	g0108	h0	1	0
3.19773411580768	-0.75	g0108	h0	1	0
3.96563708130001	-0.25	g0108	h0	1	0
4.22169940406078	0.25	g0108	h0	1	0
4.09423947626362	0.75	g0108	h0	1	0
4.60097857394966	1.25	g0108	h0	1	0
5.2889059846244	1.75	g0108	h0	1	0
2.93958355231604	-1.75	g0109	h0	1	0
2.92318145159636	-1.25	g0109	h0	1	0
3.58615433966775	-0.75	g0109	h0	1	0
3.99279243124789	-0.25	g0109	h0	1	0
3.80183621585141	0.25	g0109	h0	1	0
4.05787041819601	0.75	g0109	h0	1	0
4.76889175272954	1.25	g0109	h0	1	0
4.88776423455124	1.75	g0109	h0	1	0
2.19721877865498	-1.75	g0110	h0	1	0
2.68410107036351	-1.25	g0110	h0	1	0
3.22105189780758	-0.75	g0110	h0	1	0
3.06499386868492	-0.25	g0110	h0	1	0
3.07996384463685	0.25	g0110	h0	1	0
3.73337815038888	0.75	g0110	h0	1	0
4.01207609776306	1.25	g0110	h0	1	0
3.77187867901527	1.75	g0110	h0	1	0
1.53178746139393	-1.75	g0111	h0	1	0
2.15374742922492	-1.25	g0111	h0	1	0
2.12488687996656	-0.75	g0111	h0	1	0
1.95713283675424	-0.25	g0111	h0	1	0
2.4845116895616	0.25	g0111	h0	1	0
2.92900984504533	0.75	g0111	h0	1	0
2.70481724201536	1.25	g0111	h0	1	0
2.77684346637495	1.75	g0111	h0	1	0
1.14765941591318	-1.75	g0112	h0	1	0
1.31585516775466	-1.25	g0112	h0	1	0
1.06281442847498	-0.75	g0112	h0	1	0
1.42357051600333	-0.25	g0112	h0	1	0
2.00973824496792	0.25	g0112	h0	1	0
1.9101941438635	0.75	g0112	h0	1	0
1.80400690937905	1.25	g0112	h0	1	0
2.38565092060535	1.75	g0112	h0	1	0
0.875383362658237	-1.75	g0113	h0	1	0
0.655828600283327	-1.25	g0113	h0	1	0
0.846859938537626	-0.75	g0113	h0	1	0
1.52683783030122	-0.25	g0113	h0	1	0
1.64023682192434	0.25	g0113	h0	1	0
1.44544977086002	0.75	g0113	h0	1	0
1.91556484815828	1.25	g0113	h0	1	0
2.48173655714835	1.75	g0113	h0	1	0
0.733327155729582	-1.75	g0114	h0	1	0
0.790665089500024	-1.25	g0114	h0	1	0
1.5033999310943	-0.75	g0114	h0	1	0
1.88118793261807	-0.25	g0114	h0	1	0
1.71043998053692	0.25	g0114	h0	1	0
2.04964298384577	0.75	g0114	h0	1	0
2.7746879273264	1.25	g0114	h0	1	0
2.86668346225428	1.75	g0114	h0	1	0
1.00391070944785	-1.75	g0115	h0	1	0
1.6876767818634	-1.25	g0115	h0	1	0
2.33463465993159	-0.75	g0115	h0	1	0
2.30162322087538	-0.25	g0115	h0	1	0
2.52235640121894	0.25	g0115	h0	1	0
3.34210458321622	0.75	g0115	h0	1	0
3.71699926819398	1.25	g0115	h0	1	0
3.63480436621702	1.75	g0115	h0	1	0
1.67055131310566	-1.75	g0116	h0	1	0
2.54360916779691	-1.25	g0116	h0	1	0
2.7402781178256	-0.75	g0116	h0	1	0
2.88410216729153	-0.25	g0116	h0	1	0
3.72117468187609	0.25	g0116	h0	1	0
4.38991911184828	0.75	g0116	h0	1	0
4.41911822475881	1.25	g0116	h0	1	0
4.82068503296458	1.75	g0116	h0	1	0
2.10870384109845	-1.75	g0117	h0	1	0
2.58618386517105	-1.25	g0117	h0	1	0
2.71472227977123	-0.75	g0117	h0	1	0
3.49309215754161	-0.25	g0117	h0	1	0
4.41308235696087	0.25	g0117	h0	1	0
4.63805875112544	0.75	g0117	h0	1	0
4.9431510203737	1.25	g0117	h0	1	0
5.91769704224943	1.75	g0117	h0	1	0
1.65052567102401	-1.75	g0118	h0	1	0
1.83197981456388	-1.25	g0118	h0	1	0
2.49081877433333	-0.75	g0118	h0	1	0
3.57310652498052	-0.25	g0118	h0	1	0
4.04291297111206	0.25	g0118	h0	1	0
4.28467577372599	0.75	g0118	h0	1	0
5.21167459424447	1.25	g0118	h0	1	0
6.14810035264742	1.75	g0118	h0	1	0
0.394864495463846	-1.75	g0119	h0	1	0
0.899080119270418	-1.25	g0119	h0	1	0
2.02449359143461	-0.75	g0119	h0	1	0
2.74157170848541	-0.25	g0119	h0	1	0
2.96772669683126	0.25	g0119	h0	1	0
3.75884044348637	0.75	g0119	h0	1	0
4.86063369572536	1.25	g0119	h0	1	0
5.29834945064576	1.75	g0119	h0	1	0
-0.804915387684719	-1.75	g0120	h0	1	0
0.236224160835733	-1.25	g0120	h0	1	0
1.15425281229556	-0.75	g0120	h0	1	0
1.41595587368435	-0.25	g0120	h0	1	0
2.01016299678806	0.25	g0120	h0	1	0
3.15461409620862	0.75	g0120	h0	1	0
3.79101209350521	1.25	g0120	h0	1	0
4.03925463956377	1.75	g0120	h0	1	0
-1.20291745588671	-1.75	g0121	h0	1	0
-0.171457673504637	-1.25	g0121	h0	1	0
0.168593167372297	-0.75	g0121	h0	1	0
0.542671822439834	-0.25	g0121	h0	1	0
1.59730323450984	0.25	g0121	h0	1	0
2.40078426752408	0.75	g0121	h0	1	0
2.60383919632854	1.25	g0121	h0	1	0
3.24960357792206	1.75	g0121	h0	1	0
-0.802056868428534	-1.75	g0122	h0	1	0
-0.35917112986734	-1.25	g0122	h0	1	0
-0.187490340803987	-0.75	g0122	h0	1	0
0.659922362943233	-0.25	g0122	h0	1	0
1.56295548586674	0.25	g0122	h0	1	0
1.77251163621605	0.75	g0122	h0	1	0
2.14769325525152	1.25	g0122	h0	1	0
3.16351093747081	1.75	g0122	h0	1	0
-0.0604666559683945	-1.75	g0123	h0	1	0
-0.0371900021394519	-1.25	g0123	h0	1	0
0.522825320896273	-0.75	g0123	h0	1	0
1.43418794711431	-0.25	g0123	h0	1	0
1.69671856993439	0.25	g0123	h0	1	0
1.81490431119905	0.75	g0123	h0	1	0
2.62797363758844	1.25	g0123	h0	1	0
3.36369319404211	1.75	g0123	h0	1	0
0.771161119129251	-1.75	g0124	h0	1	0
1.01594664542844	-1.25	g0124	h0	1	0
1.83804331977748	-0.75	g0124	h0	1	0
2.18478415353394	-0.25	g0124	h0	1	0
2.10587067740795	0.25	g0124	h0	1	0
2.63811317574609	0.75	g0124	h0	1	0
3.40102766798461	1.25	g0124	h0	1	0
3.4791929272748	1.75	g0124	h0	1	0
1.71573601857496	-1.75	g0125	h0	1	0
2.36361238530729	-1.25	g0125	h0	1	0
2.80399507867484	-0.75	g0125	h0	1	0
2.62193137041361	-0.25	g0125	h0	1	0
2.84594573301206	0.25	g0125	h0	1	0
3.56285193828199	0.75	g0125	h0	1	0
3.71642857384695	1.25	g0125	h0	1	0
3.55683721589133	1.75	g0125	h0	1	0
2.56569105032765	-1.75	g0126	h0	1	0
3.08556194140643	-1.25	g0126	h0	1	0
2.90978644380299	-0.75	g0126	h0	1	0
2.85438080807283	-0.25	g0126	h0	1	0
3.4562189348163	0.25	g0126	h0	1	0
3.72800110264023	0.75	g0126	h0	1	0
3.44784008257831	1.25	g0126	h0	1	0
3.67382617584027	1.75	g0126	h0	1	0
2.73412740656207	-1.75	g0127	h0	1	0
2.668382590834	-1.25	g0127	h0	1	0
2.41339895313818	-0.75	g0127	h0	1	0
2.84950957673187	-0.25	g0127	h0	1	0
3.25437331118445	0.25	g0127	h0	1	0
2.97811174655445	0.75	g0127	h0	1	0
2.95040229892583	1.25	g0127	h0	1	0
3.52452044334574	1.75	g0127	h0	1	0
1.8675382452865	-1.75	g0128	h0	1	0
1.5289634018647	-1.25	g0128	h0	1	0
1.77811058889579	-0.75	g0128	h0	1	0
2.30102429606064	-0.25	g0128	h0	1	0
2.14887389912138	0.25	g0128	h0	1	0
1.9383284550508	0.75	g0128	h0	1	0
2.42147738625452	1.25	g0128	h0	1	0
2.74170611688489	1.75	g0128	h0	1	0
0.436431245400753	-1.75	g0129	h0	1	0
0.512337625658018	-1.25	g0129	h0	1	0
1.11266523017402	-0.75	g0129	h0	1	0
1.17802972916912	-0.25	g0129	h0	1	0
0.889646857451431	0.25	g0129	h0	1	0
1.24908613951091	0.75	g0129	h0	1	0
1.75559255161511	1.25	g0129	h0	1	0
1.56735672600434	1.75	g0129	h0	1	0
-0.591351675308627	-1.75	g0130	h0	1	0
0.0297916059360343	-1.25	g0130	h0	1	0
0.362294321521598	-0.75	g0130	h0	1	0
0.115936936071937	-0.25	g0130	h0	1	0
0.342898803630312	0.25	g0130	h0	1	0
0.997713684006594	0.75	g0130	h0	1	0
1.04270770650659	1.25	g0130	h0	1	0
0.854405078510397	1.75	g0130	h0	1	0
-0.695540200725939	-1.75	g0131	h0	1	0
-0.0982118641905166	-1.25	g0131	h0	1	0
-0.189918690448147	-0.75	g0131	h0	1	0
-0.0767907868487791	-0.25	g0131	h0	1	0
0.660022104318571	0.25	g0131	h0	1	0
0.99302071147193	0.75	g0131	h0	1	0
0.831166654741498	1.25	g0131	h0	1	0
1.23100395842697	1.75	g0131	h0	1	0
-0.219766633989871	-1.75	g0132	h0	1	0
-0.0721344660534605	-1.25	g0132	h0	1	0
-0.0288237947272335	-0.75	g0132	h0	1	0
0.710165802297195	-0.25	g0132	h0	1	0
1.33152850013728	0.25	g0132	h0	1	0
1.29473978764848	0.75	g0132	h0	1	0
1.58555364604602	1.25	g0132	h0	1	0
2.43000106554564	1.75	g0132	h0	1	0
0.192674243616661	-1.75	g0133	h0	1	0
0.228275307098715	-1.25	g0133	h0	1	0
0.893416180073132	-0.75	g0133	h0	1	0
1.75047337463413	-0.25	g0133	h0	1	0
1.91676205472198	0.25	g0133	h0	1	0
2.1115161985401	0.75	g0133	h0	1	0
2.98795727655476	1.25	g0133	h0	1	0
3.61844847972641	1.75	g0133	h0	1	0
0.321117256079715	-1.75	g0134	h0	1	0
0.856356061333273	-1.25	g0134	h0	1	0
1.85494776707491	-0.75	g0134	h0	1	0
2.26731190401008	-0.25	g0134	h0	1	0
2.40335233404177	0.25	g0134	h0	1	0
3.21377824769049	0.75	g0134	h0	1	0
4.08537290133655	1.25	g0134	h0	1	0
4.26306688524495	1.75	g0134	h0	1	0
0.331150633843876	-1.75	g0135	h0	1	0
1.35487964186943	-1.25	g0135	h0	1	0
2.01332256962631	-0.75	g0135	h0	1	0
2.14551907649721	-0.25	g0135	h0	1	0
2.81089455875509	0.25	g0135	h0	1	0
3.83241181464414	0.75	g0135	h0	1	0
4.20712714005439	1.25	g0135	h0	1	0
4.43205544193977	1.75	g0135	h0	1	0
0.220017626228454	-1.75	g0136	h0	1	0
1.08147923676083	-1.25	g0136	h0	1	0
1.27126248074501	-0.75	g0136	h0	1	0
1.74715090504259	-0.25	g0136	h0	1	0
2.80343911398316	0.25	g0136	h0	1	0
3.3884522368356	0.75	g0136	h0	1	0
3.54342049521202	1.25	g0136	h0	1	0
4.30686472971981	1.75	g0136	h0	1	0
-0.296023536890903	-1.75	g0137	h0	1	0
0.00641196528285932	-1.25	g0137	h0	1	0
0.291070200086371	-0.75	g0137	h0	1	0
1.26514284451261	-0.25	g0137	h0	1	0
2.03704298264042	0.25	g0137	h0	1	0
2.18402953442638	0.75	g0137	h0	1	0
2.73256011703924	1.25	g0137	h0	1	0
3.77789626059495	1.75	g0137	h0	1	0
-1.22761433639699	-1.75	g0138	h0	1	0
-1.09423524397815	-1.25	g0138	h0	1	0
-0.299316297563966	-0.75	g0138	h0	1	0
0.602675818195264	-0.25	g0138	h0	1	0
0.808967611255984	0.25	g0138	h0	1	0
1.13014145723414	0.75	g0138	h0	1	0
2.11036382231474	1.25	g0138	h0	1	0
2.76544225049351	1.75	g0138	h0	1	0
-1.95457758212034	-1.75	g0139	h0	1	0
-1.39829149976103	-1.25	g0139	h0	1	0
-0.446946874217236	-0.75	g0139	h0	1	0
-0.123952004833504	-0.25	g0139	h0	1	0
0.00445211653094707	0.25	g0139	h0	1	0
0.823287944167701	0.75	g0139	h0	1	0
1.61644018930694	1.25	g0139	h0	1	0
1.72735478109543	1.75	g0139	h0	1	0
-1.74641190123948	-1.75	g0140	h0	1	0
-0.836498626950203	-1.25	g0140	h0	1	0
-0.36282027560218	-0.75	g0140	h0	1	0
-0.354567800892475	-0.25	g0140	h0	1	0
0.23840839362331	0.25	g0140	h0	1	0
1.11026105699749	0.75	g0140	h0	1	0
1.30841765628208	1.25	g0140	h0	1	0
1.4426328022081	1.75	g0140	h0	1	0
-0.602657078454885	-1.75	g0141	h0	1	0
0.023344102474345	-1.25	g0141	h0	1	0
0.00549860253100287	-0.75	g0141	h0	1	0
0.350566895253665	-0.25	g0141	h0	1	0
1.22369837862302	0.25	g0141	h0	1	0
1.56544355461774	0.75	g0141	h0	1	0
1.54865825701712	1.25	g0141	h0	1	0
2.17764430925605	1.75	g0141	h0	1	0
0.679116546148161	-1.75	g0142	h0	1	0
0.730035079478244	-1.25	g0142	h0	1	0
0.849997812891057	-0.75	g0142	h0	1	0
1.64235895510424	-0.25	g0142	h0	1	0
2.15115488379698	0.25	g0142	h0	1	0
2.07802063827161	0.75	g0142	h0	1	0
2.47410976531255	1.25	g0142	h0	1	0
3.30242872211189	1.75	g0142	h0	1	0
1.32715843933398	-1.75	g0143	h0	1	0
1.28366657125441	-1.25	g0143	h0	1	0
1.92339782333139	-0.75	g0143	h0	1	0
2.58368927602569	-0.25	g0143	h0	1	0
2.55419811196859	0.25	g0143	h0	1	0
2.72421399323133	0.75	g0143	h0	1	0
3.52036205277056	1.25	g0143	h0	1	0
3.91724276465748	1.75	g0143	h0	1	0
1.27795466425165	-1.75	g0144	h0	1	0
1.71685819529219	-1.25	g0144	h0	1	0
2.47636493582277	-0.75	g0144	h0	1	0
2.57519890837878	-0.25	g0144	h0	1	0
2.56420975343432	0.25	g0144	h0	1	0
3.24893117783036	0.75	g0144	h0	1	0
3.82151723520021	1.25	g0144	h0	1	0
3.73416821814126	1.75	g0144	h0	1	0
0.93940500397645	-1.75	g0145	h0	1	0
1.71950149660833	-1.25	g0145	h0	1	0
1.99921734966291	-0.75	g0145	h0	1	0
1.88158623212437	-0.25	g0145	h0	1	0
2.39110475555045	0.25	g0145	h0	1	0
3.09788533741636	0.75	g0145	h0	1	0
3.11458207720195	1.25	g0145	h0	1	0
3.15418010697708	1.75	g0145	h0	1	0
0.528788886449063	-1.75	g0146	h0	1	0
1.00019101093467	-1.25	g0146	h0	1	0
0.865618991809993	-0.75	g0146	h0	1	0
1.16510970182275	-0.25	g0146	h0	1	0
1.93209181168643	0.25	g0146	h0	1	0
2.1158634140169	0.75	g0146	h0	1	0
2.01821025122682	1.25	g0146	h0	1	0
2.59355294499813	1.75	g0146	h0	1	0
-0.0308090085783331	-1.75	g0147	h0	1	0
-0.0935688183631504	-1.25	g0147	h0	1	0
-0.00153971162542144	-0.75	g0147	h0	1	0
0.735385684530646	-0.25	g0147	h0	1	0
1.11177538701896	0.25	g0147	h0	1	0
0.958293585058405	0.75	g0147	h0	1	0
1.33439691328781	1.25	g0147	h0	1	0
2.07141367387221	1.75	g0147	h0	1	0
-0.607775324368512	-1.75	g0148	h0	1	0
-0.681707814116041	-1.25	g0148	h0	1	0
-0.0613888485315147	-0.75	g0148	h0	1	0
0.49265671061497	-0.25	g0148	h0	1	0
0.373594585930044	0.25	g0148	h0	1	0
0.535553167198417	0.75	g0148	h0	1	0
1.28096299372087	1.25	g0148	h0	1	0
1.55920867494621	1.75	g0148	h0	1	0
-0.662069512687743	-1.75	g0149	h0	1	0
-0.221693046505186	-1.25	g0149	h0	1	0
0.459831457249993	-0.75	g0149	h0	1	0
0.458663437267029	-0.25	g0149	h0	1	0
0.434152612653538	0.25	g0149	h0	1	0
1.09978156632297	0.75	g0149	h0	1	0
1.56857213038861	1.25	g0149	h0	1	0
1.41002195059581	1.75	g0149	h0	1	0
0.176728584124253	-1.75	g0150	h0	1	0
0.912597562650469	-1.25	g0150	h0	1	0
1.09174366968733	-0.75	g0150	h0	1	0
0.947818376815052	-0.25	g0150	h0	1	0
1.46368818644005	0.25	g0150	h0	1	0
2.09212932310597	0.75	g0150	h0	1	0
2.02486076431194	1.25	g0150	h0	1	0
2.06697909101168	1.75	g0150	h0	1	0
1.48290494836308	-1.75	g0151	h0	1	0
1.8733183386529	-1.25	g0151	h0	1	0
1.7050803482806	-0.75	g0151	h0	1	0
2.0352847730541	-0.25	g0151	h0	1	0
2.76511823304991	0.25	g0151	h0	1	0
2.86901220992203	0.75	g0151	h0	1	0
2.77297597672217	1.25	g0151	h0	1	0
3.36666467098992	1.75	g0151	h0	1	0
2.29818375194745	-1.75	g0152	h0	1	0
2.21132726916534	-1.25	g0152	h0	1	0
2.36259047114293	-0.75	g0152	h0	1	0
3.1211906228229	-0.25	g0152	h0	1	0
3.44790718988393	0.25	g0152	h0	1	0
3.30507431989425	0.75	g0152	h0	1	0
3.74392940612356	1.25	g0152	h0	1	0
4.46675304723696	1.75	g0152	h0	1	0
2.07162981915486	-1.75	g0153	h0	1	0
2.09268521795502	-1.25	g0153	h0	1	0
2.80819348831774	-0.75	g0153	h0	1	0
3.37162828540411	-0.25	g0153	h0	1	0
3.2891275113516	0.25	g0153	h0	1	0
3.56477855865414	0.75	g0153	h0	1	0
4.37210093929226	1.25	g0153	h0	1	0
4.6516478472547	1.75	g0153	h0	1	0
1.13808843842152	-1.75	g0154	h0	1	0
1.75361563860277	-1.25	g0154	h0	1	0
2.52707497734771	-0.75	g0154	h0	1	0
2.60646869287392	-0.25	g0154	h0	1	0
2.74936395994703	0.25	g0154	h0	1	0
3.56606540730379	0.75	g0154	h0	1	0
4.10429515630302	1.25	g0154	h0	1	0
4.05756193190837	1.75	g0154	h0	1	0
0.201867884891102	-1.75	g0155	h0	1	0
1.12256010095447	-1.25	g0155	h0	1	0
1.43886936092524	-0.75	g0155	h0	1	0
1.51142112156339	-0.25	g0155	h0	1	0
2.26612387745888	0.25	g0155	h0	1	0
3.04695166820625	0.75	g0155	h0	1	0
3.13729357045562	1.25	g0155	h0	1	0
3.42180205458862	1.75	g0155	h0	1	0
-0.412648907968855	-1.75	g0156	h0	1	0
0.172735499004135	-1.25	g0156	h0	1	0
0.255503510859805	-0.75	g0156	h0	1	0
0.89332036594419	-0.25	g0156	h0	1	0
1.85667163796384	0.25	g0156	h0	1	0
2.16111603836595	0.75	g0156	h0	1	0
2.35024271480898	1.25	g0156	h0	1	0
3.23506706232301	1.75	g0156	h0	1	0
-0.78709272998116	-1.75	g0157	h0	1	0
-0.613239626839097	-1.25	g0157	h0	1	0
-0.121649570335437	-0.75	g0157	h0	1	0
0.930246617375131	-0.25	g0157	h0	1	0
1.48564659600794	0.25	g0157	h0	1	0
1.6391418741115	0.75	g0157	h0	1	0
2.41735645423076	1.25	g0157	h0	1	0
3.39816619454051	1.75	g0157	h0	1	0
-0.873513665556172	-1.75	g0158	h0	1	0
-0.528145505594472	-1.25	g0158	h0	1	0
0.501046882109599	-0.75	g0158	h0	1	0
1.29473733029994	-0.25	g0158	h0	1	0
1.47973774807765	0.25	g0158	h0	1	0
2.09443569013641	0.75	g0158	h0	1	0
3.1807335874766	1.25	g0158	h0	1	0
3.68687539457242	1.75	g0158	h0	1	0
-0.35137461985585	-1.75	g0159	h0	1	0
0.54671395583229	-1.25	g0159	h0	1	0
1.51705580401899	-0.75	g0159	h0	1	0
1.79278295038152	-0.25	g0159	h0	1	0
2.21786569159826	0.25	g0159	h0	1	0
3.2899129422066	0.75	g0159	h0	1	0
4.00619797891396	1.25	g0159	h0	1	0
4.18902036713541	1.75	g0159	h0	1	0
0.828892697806622	-1.75	g0160	h0	1	0
1.87581147705501	-1.25	g0160	h0	1	0
2.2801126265693	-0.75	g0160	h0	1	0
2.52377159922886	-0.25	g0160	h0	1	0
3.46129924881219	0.25	g0160	h0	1	0
4.33809821860006	0.75	g0160	h0	1	0
4.54040330141602	1.25	g0160	h0	1	0
5.0186266157828	1.75	g0160	h0	1	0
2.04301654009803	-1.75	g0161	h0	1	0
2.58358484331831	-1.25	g0161	h0	1	0
2.68541008851535	-0.75	g0161	h0	1	0
3.3902345643487	-0.25	g0161	h0	1	0
4.34142209794762	0.25	g0161	h0	1	0
4.61101108816083	0.75	g0161	h0	1	0
4.85169323164506	1.25	g0161	h0	1	0
5.78319631698362	1.75	g0161	h0	1	0
2.46999481206898	-1.75	g0162	h0	1	0
2.492387185758	-1.25	g0162	h0	1	0
2.90717864273083	-0.75	g0162	h0	1	0
3.82650738382289	-0.25	g0162	h0	1	0
4.192470198031	0.25	g0162	h0	1	0
4.23044079111136	0.75	g0162	h0	1	0
4.92641947375049	1.25	g0162	h0	1	0
5.7404604306661	1.75	g0162	h0	1	0
1.96330092298282	-1.75	g0163	h0	1	0
2.0828138231378	-1.25	g0163	h0	1	0
2.86485800189796	-0.75	g0163	h0	1	0
3.33164445055079	-0.25	g0163	h0	1	0
3.23647898972184	0.25	g0163	h0	1	0
3.63585558143098	0.75	g0163	h0	1	0
4.43940610321341	1.25	g0163	h0	1	0
4.61946750781612	1.75	g0163	h0	1	0
1.20486843773489	-1.75	g0164	h0	1	0
1.76635322859566	-1.25	g0164	h0	1	0
2.31328562908059	-0.75	g0164	h0	1	0
2.17588683294531	-0.25	g0164	h0	1	0
2.27136845994835	0.25	g0164	h0	1	0
2.97688345102529	0.75	g0164	h0	1	0
3.25489385897305	1.25	g0164	h0	1	0
3.05926134521244	1.75	g0164	h0	1	0
0.930369553505812	-1.75	g0165	h0	1	0
1.51661890347082	-1.25	g0165	h0	1	0
1.43203763447501	-0.75	g0165	h0	1	0
1.27243474146916	-0.25	g0165	h0	1	0
1.80759725757499	0.25	g0165	h0	1	0
2.19612444890359	0.75	g0165	h0	1	0
1.93666855253182	1.25	g0165	h0	1	0
2.03057956573085	1.75	g0165	h0	1	0
1.21483262841769	-1.75	g0166	h0	1	0
1.2646303149042	-1.25	g0166	h0	1	0
0.94640052110835	-0.75	g0166	h0	1	0
1.26971651372769	-0.25	g0166	h0	1	0
1.75638214910446	0.25	g0166	h0	1	0
1.5493871648803	0.75	g0166	h0	1	0
1.40034701624229	1.25	g0166	h0	1	0
1.9264776604881	1.75	g0166	h0	1	0
1.65479878008281	-1.75	g0167	h0	1	0
1.30436657834481	-1.25	g0167	h0	1	0
1.41487608795755	-0.75	g0167	h0	1	0
1.96628572660182	-0.25	g0167	h0	1	0
1.91608951598727	0.25	g0167	h0	1	0
1.61692863422443	0.75	g0167	h0	1	0
1.99880292943139	1.25	g0167	h0	1	0
2.41236542035453	1.75	g0167	h0	1	0
2.02793588247316	-1.75	g0168	h0	1	0
1.96697730397545	-1.25	g0168	h0	1	0
2.53692481524086	-0.75	g0168	h0	1	0
2.71677528075735	-0.25	g0168	h0	1	0
2.39017565238731	0.25	g0168	h0	1	0
2.61525017342113	0.75	g0168	h0	1	0
3.17076946758434	1.25	g0168	h0	1	0
3.06918999103407	1.75	g0168	h0	1	0
2.43475895597893	-1.75	g0169	h0	1	0
2.97494398197347	-1.25	g0169	h0	1	0
3.41399790066032	-0.75	g0169	h0	1	0
3.18967633947677	-0.25	g0169	h0	1	0
3.27812823687506	0.25	g0169	h0	1	0
3.93016882340599	0.75	g0169	h0	1	0
4.08962943311769	1.25	g0169	h0	1	0
3.84265335531272	1.75	g0169	h0	1	0
2.80133036858681	-1.75	g0170	h0	1	0
3.48025277750909	-1.25	g0170	h0	1	0
3.47059324696843	-0.75	g0170	h0	1	0
3.47270261478271	-0.25	g0170	h0	1	0
4.15963918979237	0.25	g0170	h0	1	0
4.61632058718987	0.75	g0170	h0	1	0
4.46163505541196	1.25	g0170	h0	1	0
4.73225431991352	1.75	g0170	h0	1	0
2.63056916231559	-1.75	g0171	h0	1	0
2.90943218635422	-1.25	g0171	h0	1	0
2.8967227321883	-0.75	g0171	h0	1	0
3.55410065130247	-0.25	g0171	h0	1	0
4.28926734460511	0.25	g0171	h0	1	0
4.32952904689595	0.75	g0171	h0	1	0
4.51370345579263	1.25	g0171	h0	1	0
5.34686915444368	1.75	g0171	h0	1	0
1.54330454659581	-1.75	g0172	h0	1	0
1.59510755500963	-1.25	g0172	h0	1	0
2.16920647203736	-0.75	g0172	h0	1	0
3.11369248263003	-0.25	g0172	h0	1	0
3.41771482329963	0.25	g0172	h0	1	0
3.55568267105254	0.75	g0172	h0	1	0
4.38709197338733	1.25	g0172	h0	1	0
5.16332121238514	1.75	g0172	h0	1	0
-0.0619209944696254	-1.75	g0173	h0	1	0
0.396912939903551	-1.25	g0173	h0	1	0
1.44518873338753	-0.75	g0173	h0	1	0
2.03461176683709	-0.25	g0173	h0	1	0
2.18098466044971	0.25	g0173	h0	1	0
2.92756038833491	0.75	g0173	h0	1	0
3.9256984140408	1.25	g0173	h0	1	0
4.24337553471584	1.75	g0173	h0	1	0
-1.20698888887909	-1.75	g0174	h0	1	0
-0.176008432349836	-1.25	g0174	h0	1	0
0.66883934939113	-0.75	g0174	h0	1	0
0.881612773117318	-0.25	g0174	h0	1	0
1.48217495837245	0.25	g0174	h0	1	0
2.59109193741648	0.75	g0174	h0	1	0
3.15003537858134	1.25	g0174	h0	1	0
3.37608678607935	1.75	g0174	h0	1	0
-1.26392716663365	-1.75	g0175	h0	1	0
-0.239932769590124	-1.25	g0175	h0	1	0
0.0884668697822078	-0.75	g0175	h0	1	0
0.515242392760567	-0.25	g0175	h0	1	0
1.60622697413903	0.25	g0175	h0	1	0
2.38692737695178	0.75	g0175	h0	1	0
2.60241133581505	1.25	g0175	h0	1	0
3.3085053080181	1.75	g0175	h0	1	0
-0.49514350385899	-1.75	g0176	h0	1	0
-0.0215378925579023	-1.25	g0176	h0	1	0
0.241497343762195	-0.75	g0176	h0	1	0
1.1927114624913	-0.25	g0176	h0	1	0
2.13494036334359	0.25	g0176	h0	1	0
2.39185701267072	0.75	g0176	h0	1	0
2.87639990697161	1.25	g0176	h0	1	0
3.97363350563496	1.75	g0176	h0	1	0
0.40677218429405	-1.75	g0177	h0	1	0
0.550448369005209	-1.25	g0177	h0	1	0
1.26962940411787	-0.75	g0177	h0	1	0
2.28290827459338	-0.25	g0177	h0	1	0
2.62685374768367	0.25	g0177	h0	1	0
2.89024454205089	0.75	g0177	h0	1	0
3.84866878170747	1.25	g0177	h0	1	0
4.66590523742636	1.75	g0177	h0	1	0
1.0836846927756	-1.75	g0178	h0	1	0
1.52471160317235	-1.25	g0178	h0	1	0
2.50452373892596	-0.75	g0178	h0	1	0
2.96388325376451	-0.25	g0178	h0	1	0
3.05050199282215	0.25	g0178	h0	1	0
3.77649202946559	0.75	g0178	h0	1	0
4.67123875012836	1.25	g0178	h0	1	0
4.87277428541502	1.75	g0178	h0	1	0
1.59163665700443	-1.75	g0179	h0	1	0
2.438330178445	-1.25	g0179	h0	1	0
3.01679221477667	-0.75	g0179	h0	1	0
3.00433827601621	-0.25	g0179	h0	1	0
3.44864079829291	0.25	g0179	h0	1	0
4.3381363765806	0.75	g0179	h0	1	0
4.62884174672386	1.25	g0179	h0	1	0
4.66539122068058	1.75	g0179	h0	1	0
1.8787344808073	-1.75	g0180	h0	1	0
2.55280934018608	-1.25	g0180	h0	1	0
2.535124491561	-0.75	g0180	h0	1	0
2.70088833032331	-0.25	g0180	h0	1	0
3.4998846738464	0.25	g0180	h0	1	0
3.91340674978278	0.75	g0180	h0	1	0
3.81667747239271	1.25	g0180	h0	1	0
4.26821231454462	1.75	g0180	h0	1	0
1.60522402855616	-1.75	g0181	h0	1	0
1.67221680975099	-1.25	g0181	h0	1	0
1.61292518465929	-0.75	g0181	h0	1	0
2.24917173452561	-0.25	g0181	h0	1	0
2.789799199796	0.25	g0181	h0	1	0
2.66539466422035	0.75	g0181	h0	1	0
2.84878005856508	1.25	g0181	h0	1	0
3.59900060077666	1.75	g0181	h0	1	0
0.668603506258625	-1.75	g0182	h0	1	0
0.476507422776258	-1.25	g0182	h0	1	0
0.904150077387219	-0.75	g0182	h0	1	0
1.54501482482278	-0.25	g0182	h0	1	0
1.49811476681957	0.25	g0182	h0	1	0
1.45741610233334	0.75	g0182	h0	1	0
2.10250375968955	1.25	g0182	h0	1	0
2.52259774972516	1.75	g0182	h0	1	0
-0.351444253659046	-1.75	g0183	h0	1	0
-0.143065602970282	-1.25	g0183	h0	1	0
0.545039231348014	-0.75	g0183	h0	1	0
0.659208093095342	-0.25	g0183	h0	1	0
0.476758471756268	0.25	g0183	h0	1	0
0.962877553766924	0.75	g0183	h0	1	0
1.53231592910057	1.25	g0183	h0	1	0
1.40660353454677	1.75	g0183	h0	1	0
-0.620025781584451	-1.75	g0184	h0	1	0
0.0471236576229497	-1.25	g0184	h0	1	0
0.368125897490264	-0.75	g0184	h0	1	0
0.14858593727205	-0.25	g0184	h0	1	0
0.447646976180659	0.25	g0184	h0	1	0
1.12179650432947	0.75	g0184	h0	1	0
1.15767734558254	1.25	g0184	h0	1	0
1.02210201404112	1.75	g0184	h0	1	0
0.0642555906969292	-1.75	g0185	h0	1	0
0.592080046220214	-1.25	g0185	h0	1	0
0.442767903310102	-0.75	g0185	h0	1	0
0.559116351453232	-0.25	g0185	h0	1	0
1.26784542823968	0.25	g0185	h0	1	0
1.52192165709926	0.75	g0185	h0	1	0
1.32866904271996	1.25	g0185	h0	1	0
1.73278442183533	1.75	g0185	h0	1	0
1.04143854796554	-1.75	g0186	h0	1	0
1.05273207088491	-1.25	g0186	h0	1	0
1.02399657380614	-0.75	g0186	h0	1	0
1.68731155877172	-0.25	g0186	h0	1	0
2.16986478134338	0.25	g0186	h0	1	0
2.01803749245961	0.75	g0186	h0	1	0
2.24936380456044	1.25	g0186	h0	1	0
2.99282985879041	1.75	g0186	h0	1	0
1.52387328963946	-1.75	g0187	h0	1	0
1.41561672560834	-1.25	g0187	h0	1	0
1.96166790148715	-0.75	g0187	h0	1	0
2.63674020838382	-0.25	g0187	h0	1	0
2.61634206079746	0.25	g0187	h0	1	0
2.68880466763354	0.75	g0187	h0	1	0
3.42711156849994	1.25	g0187	h0	1	0
3.86012771677966	1.75	g0187	h0	1	0
1.35085308701549	-1.75	g0188	h0	1	0
1.73248311727327	-1.25	g0188	h0	1	0
2.527298912958	-0.75	g0188	h0	1	0
2.7036459717093	-0.25	g0188	h0	1	0
2.66412263415119	0.25	g0188	h0	1	0
3.31193901177599	0.75	g0188	h0	1	0
3.9563379195475	1.25	g0188	h0	1	0
3.91448741676318	1.75	g0188	h0	1	0
0.872875550295259	-1.75	g0189	h0	1	0
1.69445013303135	-1.25	g0189	h0	1	0
2.09736000142441	-0.75	g0189	h0	1	0
2.01853125290322	-0.25	g0189	h0	1	0
2.51206040859594	0.25	g0189	h0	1	0
3.30472394530031	0.75	g0189	h0	1	0
3.4295941785858	1.25	g0189	h0	1	0
3.46838183815333	1.75	g0189	h0	1	0
0.305438579735236	-1.75	g0190	h0	1	0
0.925068447552489	-1.25	g0190	h0	1	0
0.892744837594542	-0.75	g0190	h0	1	0
1.20415071960895	-0.25	g0190	h0	1	0
2.05784712065077	0.25	g0190	h0	1	0
2.3948024487931	0.75	g0190	h0	1	0
2.35432758058647	1.25	g0190	h0	1	0
2.95100856788901	1.75	g0190	h0	1	0
-0.447879756923272	-1.75	g0191	h0	1	0
-0.350666954212175	-1.25	g0191	h0	1	0
-0.206603528751899	-0.75	g0191	h0	1	0
0.615230091286496	-0.25	g0191	h0	1	0
1.173978268392	0.25	g0191	h0	1	0
1.13889064918683	0.75	g0191	h0	1	0
1.55634498437094	1.25	g0191	h0	1	0
2.42325678687494	1.75	g0191	h0	1	0
-1.30984292665869	-1.75	g0192	h0	1	0
-1.27830934412181	-1.25	g0192	h0	1	0
-0.568103012677758	-0.75	g0192	h0	1	0
0.184911390895229	-0.25	g0192	h0	1	0
0.245595620296211	0.25	g0192	h0	1	0
0.484351792531199	0.75	g0192	h0	1	0
1.35862632448172	1.25	g0192	h0	1	0
1.85207405754839	1.75	g0192	h0	1	0
-1.7417936917633	-1.75	g0193	h0	1	0
-1.19448748202133	-1.25	g0193	h0	1	0
-0.306979597239325	-0.75	g0193	h0	1	0
-0.072828133669539	-0.25	g0193	h0	1	0
0.0295675401866561	0.25	g0193	h0	1	0
0.827354811373491	0.75	g0193	h0	1	0
1.53504114530518	1.25	g0193	h0	1	0
1.57608155429133	1.75	g0193	h0	1	0
-1.25636797293684	-1.75	g0194	h0	1	0
-0.315760084350932	-1.25	g0194	h0	1	0
0.140194691813909	-0.75	g0194	h0	1	0
0.180727194804114	-0.25	g0194	h0	1	0
0.838448529931142	0.25	g0194	h0	1	0
1.71468510808564	0.75	g0194	h0	1	0
1.90401806779169	1.25	g0194	h0	1	0
2.09398451896311	1.75	g0194	h0	1	0
-0.120501087370016	-1.75	g0195	h0	1	0
0.564789766957496	-1.25	g0195	h0	1	0
0.633477542040486	-0.75	g0195	h0	1	0
1.11860321516849	-0.25	g0195	h0	1	0
2.08747222433928	0.25	g0195	h0	1	0
2.48557056291023	0.75	g0195	h0	1	0
2.58202341262996	1.25	g0195	h0	1	0
3.34548347235881	1.75	g0195	h0	1	0
0.762255195914177	-1.75	g0196	h0	1	0
0.944553105902308	-1.25	g0196	h0	1	0
1.25985064136986	-0.75	g0196	h0	1	0
2.22806819186808	-0.25	g0196	h0	1	0
2.85497946195586	0.25	g0196	h0	1	0
2.93786057785745	0.75	g0196	h0	1	0
3.53561456577538	1.25	g0196	h0	1	0
4.51313441330212	1.75	g0196	h0	1	0
0.754078280222196	-1.75	g0197	h0	1	0
0.934769588473198	-1.25	g0197	h0	1	0
1.80791468712488	-0.75	g0197	h0	1	0
2.63698720296946	-0.25	g0197	h0	1	0
2.78766678133156	0.25	g0197	h0	1	0
3.19885244167778	0.75	g0197	h0	1	0
4.20531955681633	1.25	g0197	h0	1	0
4.76136285772844	1.75	g0197	h0	1	0
0.0741592430586657	-1.75	g0198	h0	1	0
0.773330453417025	-1.25	g0198	h0	1	0
1.73441377023012	-0.75	g0198	h0	1	0
2.01744213846398	-0.25	g0198	h0	1	0
2.25488406793048	0.25	g0198	h0	1	0
3.18492477730504	0.75	g0198	h0	1	0
3.93958621489943	1.25	g0198	h0	1	0
4.05760162117331	1.75	g0198	h0	1	0
-0.60491286906025	-1.75	g0199	h0	1	0
0.38682004484748	-1.25	g0199	h0	1	0
0.835469660665228	-0.75	g0199	h0	1	0
0.941491897787951	-0.25	g0199	h0	1	0
1.6999087751264	0.25	g0199	h0	1	0
2.59281399104807	0.75	g0199	h0	1	0
2.79041760220613	1.25	g0199	h0	1	0
3.07536089065164	1.75	g0199	h0	1	0
-0.929588566152067	-1.75	g0200	h0	1	0
-0.320939314430745	-1.25	g0200	h0	1	0
-0.283926758452655	-0.75	g0200	h0	1	0
0.235737712134422	-0.25	g0200	h0	1	0
1.17305431142164	0.25	g0200	h0	1	0
1.49447186651038	0.75	g0200	h0	1	0
1.59473283097217	1.25	g0200	h0	1	0
2.38145031765263	1.75	g0200	h0	1	0
-0.991195844107228	-1.75	g0201	h0	1	0
-0.953374592024166	-1.25	g0201	h0	1	0
-0.698478853821564	-0.75	g0201	h0	1	0
0.174304368749324	-0.25	g0201	h0	1	0
0.632883178058766	0.25	g0201	h0	1	0
0.605721678454613	0.75	g0201	h0	1	0
1.14773447599604	1.25	g0201	h0	1	0
1.99389903993178	1.75	g0201	h0	1	0
-0.81069794118408	-1.75	g0202	h0	1	0
-0.799872461827665	-1.25	g0202	h0	1	0
-0.0936110347626563	-0.75	g0202	h0	1	0
0.482384470773306	-0.25	g0202	h0	1	0
0.404503879333649	0.25	g0202	h0	1	0
0.665500891351567	0.75	g0202	h0	1	0
1.47225898107434	1.25	g0202	h0	1	0
1.7660206444039	1.75	g0202	h0	1	0
-0.112156187514377	-1.75	g0203	h0	1	0
0.353872112439631	-1.25	g0203	h0	1	0
0.999438405498092	-0.75	g0203	h0	1	0
0.952825555457848	-0.25	g0203	h0	1	0
0.947506542541449	0.25	g0203	h0	1	0
1.62119234679946	0.75	g0203	h0	1	0
2.03695560154686	1.25	g0203	h0	1	0
1.8560012753555	1.75	g0203	h0	1	0
1.18387193921755	-1.75	g0204	h0	1	0
1.83410766328798	-1.25	g0204	h0	1	0
1.89129934043475	-0.75	g0204	h0	1	0
1.68400184064886	-0.25	g0204	h0	1	0
2.1541306313141	0.25	g0204	h0	1	0
2.67262349740233	0.75	g0204	h0	1	0
2.49826006853913	1.25	g0204	h0	1	0
2.49658043202676	1.75	g0204	h0	1	0
2.48400948387529	-1.75	g0205	h0	1	0
2.69551082913173	-1.25	g0205	h0	1	0
2.38925659199401	-0.75	g0205	h0	1	0
2.62434128249491	-0.25	g0205	h0	1	0
3.20447356879986	0.25	g0205	h0	1	0
3.13318344278311	0.75	g0205	h0	1	0
2.9246745828964	1.25	g0205	h0	1	0
3.41136620123271	1.75	g0205	h0	1	0
2.90134263104444	-1.75	g0206	h0	1	0
2.61926477112807	-1.25	g0206	h0	1	0
2.63495096025489	-0.75	g0206	h0	1	0
3.2238560876942	-0.25	g0206	h0	1	0
3.3321182271174	0.25	g0206	h0	1	0
3.02050507024373	0.75	g0206	h0	1	0
3.32349130714237	1.25	g0206	h0	1	0
3.8502719408523	1.75	g0206	h0	1	0
2.15825035133059	-1.75	g0207	h0	1	0
2.01595401836564	-1.25	g0207	h0	1	0
2.56123039919841	-0.75	g0207	h0	1	0
2.8920790294914	-0.25	g0207	h0	1	0
2.60376566462149	0.25	g0207	h0	1	0
2.72741659550926	0.75	g0207	h0	1	0
3.33879702994573	1.25	g0207	h0	1	0
3.3826086549681	1.75	g0207	h0	1	0
0.886241158437796	-1.75	g0208	h0	1	0
1.3477961841657	-1.25	g0208	h0	1	0
1.90371517718983	-0.75	g0208	h0	1	0
1.76412543363	-0.25	g0208	h0	1	0
1.75206582168023	0.25	g0208	h0	1	0
2.39482791803058	0.75	g0208	h0	1	0
2.70114651437642	1.25	g0208	h0	1	0
2.45998184885642	1.75	g0208	h0	1	0
-0.0645311745895895	-1.75	g0209	h0	1	0
0.678913756161144	-1.25	g0209	h0	1	0
0.788602470725587	-0.75	g0209	h0	1	0
0.716064944549359	-0.25	g0209	h0	1	0
1.33542083019675	0.25	g0209	h0	1	0
1.91626228564824	0.75	g0209	h0	1	0
1.81749791724396	1.25	g0209	h0	1	0
1.97406843572264	1.75	g0209	h0	1	0
-0.418973879458932	-1.75	g0210	h0	1	0
-0.00376211771574625	-1.25	g0210	h0	1	0
-0.0443503763708885	-0.75	g0210	h0	1	0
0.506645072433465	-0.25	g0210	h0	1	0
1.32470253334152	0.25	g0210	h0	1	0
1.4659732096599	0.75	g0210	h0	1	0
1.55610294836145	1.25	g0210	h0	1	0
2.33933540224107	1.75	g0210	h0	1	0
-0.432298956328373	-1.75	g0211	h0	1	0
-0.349650446710664	-1.25	g0211	h0	1	0
0.106808015578925	-0.75	g0211	h0	1	0
1.08287746505074	-0.25	g0211	h0	1	0
1.51936102588058	0.25	g0211	h0	1	0
1.60838229909853	0.75	g0211	h0	1	0
2.34784332541487	1.25	g0211	h0	1	0
3.22725128358285	1.75	g0211	h0	1	0
-0.264938885973357	-1.75	g0212	h0	1	0
0.0943193881250352	-1.25	g0212	h0	1	0
1.12256437878881	-0.75	g0212	h0	1	0
1.85556381151987	-0.25	g0212	h0	1	0
2.01377124241387	0.25	g0212	h0	1	0
2.65060503811962	0.75	g0212	h0	1	0
3.70953057419003	1.25	g0212	h0	1	0
4.15516620859072	1.75	g0212	h0	1	0
0.225124987870925	-1.75	g0213	h0	1	0
1.19321055716523	-1.25	g0213	h0	1	0
2.16901445270271	-0.75	g0213	h0	1	0
2.45682654453935	-0.25	g0213	h0	1	0
2.95641621767082	0.25	g0213	h0	1	0
4.07643248202175	0.75	g0213	h0	1	0
4.78673116496759	1.25	g0213	h0	1	0
5.00731895981862	1.75	g0213	h0	1	0
1.00852841755907	-1.75	g0214	h0	1	0
2.12786213907531	-1.25	g0214	h0	1	0
2.58261096495137	-0.75	g0214	h0	1	0
2.94023832221996	-0.25	g0214	h0	1	0
3.99343606765745	0.25	g0214	h0	1	0
4.92184151356386	0.75	g0214	h0	1	0
5.19449012560828	1.25	g0214	h0	1	0
5.80114274668168	1.75	g0214	h0	1	0
1.55673724805428	-1.75	g0215	h0	1	0
2.18381306781706	-1.25	g0215	h0	1	0
2.42415267481077	-0.75	g0215	h0	1	0
3.29709496364999	-0.25	g0215	h0	1	0
4.35494882284871	0.25	g0215	h0	1	0
4.72120608089651	0.75	g0215	h0	1	0
5.12319774547471	1.25	g0215	h0	1	0
6.20538535795541	1.75	g0215	h0	1	0
1.32055188734305	-1.75	g0216	h0	1	0
1.4912160851934	-1.25	g0216	h0	1	0
2.10590653678827	-0.75	g0216	h0	1	0
3.17849664057027	-0.25	g0216	h0	1	0
3.66097284947958	0.25	g0216	h0	1	0
3.87381848761977	0.75	g0216	h0	1	0
4.7628005669953	1.25	g0216	h0	1	0
5.70569962725393	1.75	g0216	h0	1	0
0.469082902813885	-1.75	g0217	h0	1	0
0.79690873542043	-1.25	g0217	h0	1	0
1.76470237447252	-0.75	g0217	h0	1	0
2.36103703138016	-0.25	g0217	h0	1	0
2.43591361692971	0.25	g0217	h0	1	0
3.04861441165118	0.75	g0217	h0	1	0
4.01118662182429	1.25	g0217	h0	1	0
4.32431215371605	1.75	g0217	h0	1	0
-0.149921034051396	-1.75	g0218	h0	1	0
0.611054199951347	-1.25	g0218	h0	1	0
1.29298175109625	-0.75	g0218	h0	1	0
1.30516373049271	-0.25	g0218	h0	1	0
1.610068048898	0.25	g0218	h0	1	0
2.4913282284305	0.75	g0218	h0	1	0
2.89598633067462	1.25	g0218	h0	1	0
2.87634300750749	1.75	g0218	h0	1	0
0.117238687553835	-1.75	g0219	h0	1	0
0.835066461717707	-1.25	g0219	h0	1	0
0.867844926849841	-0.75	g0219	h0	1	0
0.890121314253576	-0.25	g0219	h0	1	0
1.60079757834066	0.25	g0219	h0	1	0
2.10234982160548	0.75	g0219	h0	1	0
1.98222081258252	1.25	g0219	h0	1	0
2.26955610974022	1.75	g0219	h0	1	0
1.08855870014824	-1.75	g0220	h0	1	0
1.21595489187271	-1.25	g0220	h0	1	0
1.03170986729641	-0.75	g0220	h0	1	0
1.51122099862288	-0.25	g0220	h0	1	0
2.09060954464651	0.25	g0220	h0	1	0
1.97437718919394	0.75	g0220	h0	1	0
1.98019730287509	1.25	g0220	h0	1	0
2.64269887524311	1.75	g0220	h0	1	0
2.0889136416453	-1.75	g0221	h0	1	0
1.80981378550035	-1.25	g0221	h0	1	0
2.03803185157482	-0.75	g0221	h0	1	0
2.655297245246	-0.25	g0221	h0	1	0
2.64112362137847	0.25	g0221	h0	1	0
2.43935605855054	0.75	g0221	h0	1	0
2.92887721155602	1.25	g0221	h0	1	0
3.38544455391729	1.75	g0221	h0	1	0
2.72534805062702	-1.75	g0222	h0	1	0
2.72687129899755	-1.25	g0222	h0	1	0
3.32936308353082	-0.75	g0222	h0	1	0
3.48997540065004	-0.25	g0222	h0	1	0
3.19059576621223	0.25	g0222	h0	1	0
3.479850764474	0.75	g0222	h0	1	0
4.04130057453373	1.25	g0222	h0	1	0
3.92727511379126	1.75	g0222	h0	1	0
3.06055464566584	-1.75	g0223	h0	1	0
3.59421634514521	-1.25	g0223	h0	1	0
3.96329710896515	-0.75	g0223	h0	1	0
3.69132328029688	-0.25	g0223	h0	1	0
3.7884515150147	0.25	g0223	h0	1	0
4.40887655507668	0.75	g0223	h0	1	0
4.49324767770013	1.25	g0223	h0	1	0
4.225343859578	1.75	g0223	h0	1	0
3.11285955660198	-1.75	g0224	h0	1	0
3.67969661075066	-1.25	g0224	h0	1	0
3.55170335305478	-0.75	g0224	h0	1	0
3.49999118943259	-0.25	g0224	h0	1	0
4.11877272800111	0.25	g0224	h0	1	0
4.44735983389334	0.75	g0224	h0	1	0
4.19803644864497	1.25	g0224	h0	1	0
4.42328322125785	1.75	g0224	h0	1	0
2.59239469950053	-1.75	g0225	h0	1	0
2.69510152539343	-1.25	g0225	h0	1	0
2.56612220652135	-0.75	g0225	h0	1	0
3.1217011758239	-0.25	g0225	h0	1	0
3.69056580616863	0.25	g0225	h0	1	0
3.57063351030265	0.75	g0225	h0	1	0
3.65716832605071	1.25	g0225	h0	1	0
4.36662910007538	1.75	g0225	h0	1	0
1.36963721843026	-1.75	g0226	h0	1	0
1.25100190779155	-1.25	g0226	h0	1	0
1.6950645155256	-0.75	g0226	h0	1	0
2.45325489536649	-0.25	g0226	h0	1	0
2.54852848787336	0.25	g0226	h0	1	0
2.54117031894584	0.75	g0226	h0	1	0
3.22947242571529	1.25	g0226	h0	1	0
3.79846384819396	1.75	g0226	h0	1	0
-0.0093164443369351	-1.75	g0227	h0	1	0
0.299731304022952	-1.25	g0227	h0	1	0
1.16137615551185	-0.75	g0227	h0	1	0
1.51761220757327	-0.25	g0227	h0	1	0
1.48249604708617	0.25	g0227	h0	1	0
2.07764512849902	0.75	g0227	h0	1	0
2.86306751350203	1.25	g0227	h0	1	0
2.9575201377037	1.75	g0227	h0	1	0
-0.642657409218358	-1.75	g0228	h0	1	0
0.220458562260074	-1.25	g0228	h0	1	0
0.836027000970808	-0.75	g0228	h0	1	0
0.849229135150522	-0.25	g0228	h0	1	0
1.30215687452865	0.25	g0228	h0	1	0
2.21716149891048	0.75	g0228	h0	1	0
2.54502017866448	1.25	g0228	h0	1	0
2.59812416428987	1.75	g0228	h0	1	0
-0.177822103757499	-1.75	g0229	h0	1	0
0.649697224533587	-1.25	g0229	h0	1	0
0.783441184435904	-0.75	g0229	h0	1	0
1.07905979913566	-0.25	g0229	h0	1	0
2.01680952705862	0.25	g0229	h0	1	0
2.58782002084304	0.75	g0229	h0	1	0
2.63370335493102	1.25	g0229	h0	1	0
3.2138617308087	1.75	g0229	h0	1	0
0.820653384598619	-1.75	g0230	h0	1	0
1.12965105222946	-1.25	g0230	h0	1	0
1.29053081458466	-0.75	g0230	h0	1	0
2.14609524432567	-0.25	g0230	h0	1	0
2.928146390278	0.25	g0230	h0	1	0
3.03896644031812	0.75	g0230	h0	1	0
3.43744836977328	1.25	g0230	h0	1	0
4.41538616621113	1.75	g0230	h0	1	0
1.51125371901574	-1.75	g0231	h0	1	0
1.59307904734405	-1.25	g0231	h0	1	0
2.28420696145288	-0.75	g0231	h0	1	0
3.20964423903155	-0.25	g0231	h0	1	0
3.4510252112319	0.25	g0231	h0	1	0
3.67633715182163	0.75	g0231	h0	1	0
4.59083203833631	1.25	g0231	h0	1	0
5.30152002863546	1.75	g0231	h0	1	0
1.59557924175849	-1.75	g0232	h0	1	0
2.0782009077879	-1.25	g0232	h0	1	0
3.05643043836248	-0.75	g0232	h0	1	0
3.47360373686216	-0.25	g0232	h0	1	0
3.57416773762618	0.25	g0232	h0	1	0
4.33679854176502	0.75	g0232	h0	1	0
5.20481381061704	1.25	g0232	h0	1	0
5.37714056926834	1.75	g0232	h0	1	0
1.33322456267855	-1.75	g0233	h0	1	0
2.26718226224779	-1.25	g0233	h0	1	0
2.87448635978236	-0.75	g0233	h0	1	0
2.92750640182765	-0.25	g0233	h0	1	0
3.48401802731814	0.25	g0233	h0	1	0
4.43418048352466	0.75	g0233	h0	1	0
4.75526156600608	1.25	g0233	h0	1	0
4.88339302714383	1.75	g0233	h0	1	0
0.927954370778192	-1.75	g0234	h0	1	0
1.70395096784808	-1.25	g0234	h0	1	0
1.79804663430785	-0.75	g0234	h0	1	0
2.13708606530864	-0.25	g0234	h0	1	0
3.07987992342268	0.25	g0234	h0	1	0
3.58510907994898	0.75	g0234	h0	1	0
3.62618381733447	1.25	g0234	h0	1	0
4.25290640921602	1.75	g0234	h0	1	0
0.276872224310262	-1.75	g0235	h0	1	0
0.492174084767114	-1.25	g0235	h0	1	0
0.64523619257149	-0.75	g0235	h0	1	0
1.49227567204353	-0.25	g0235	h0	1	0
2.1801493697043	0.25	g0235	h0	1	0
2.22482571595312	0.75	g0235	h0	1	0
2.63387259444014	1.25	g0235	h0	1	0
3.5698685780322	1.75	g0235	h0	1	0
-0.581976429065034	-1.75	g0236	h0	1	0
-0.549094378404194	-1.25	g0236	h0	1	0
0.130192792379671	-0.75	g0236	h0	1	0
0.960316840691963	-0.25	g0236	h0	1	0
1.09591299017191	0.25	g0236	h0	1	0
1.30225343597554	0.75	g0236	h0	1	0
2.18055162288412	1.25	g0236	h0	1	0
2.77372509001395	1.75	g0236	h0	1	0
-1.11153040767777	-1.75	g0237	h0	1	0
-0.643294641615549	-1.25	g0237	h0	1	0
0.255830697574737	-0.75	g0237	h0	1	0
0.547002098530853	-0.25	g0237	h0	1	0
0.60124466934476	0.25	g0237	h0	1	0
1.33903060883984	0.75	g0237	h0	1	0
2.09566869319806	1.25	g0237	h0	1	0
2.16274884791161	1.75	g0237	h0	1	0
-0.719828107072772	-1.75	g0238	h0	1	0
0.155313352860724	-1.25	g0238	h0	1	0
0.629789336175647	-0.75	g0238	h0	1	0
0.606707626779202	-0.25	g0238	h0	1	0
1.14303147887842	0.25	g0238	h0	1	0
1.99844108442779	0.75	g0238	h0	1	0
2.19264447234103	1.25	g0238	h0	1	0
2.27871237980028	1.75	g0238	h0	1	0
0.472114916167425	-1.75	g0239	h0	1	0
1.11450515950294	-1.25	g0239	h0	1	0
1.09750322131813	-0.75	g0239	h0	1	0
1.40469423559528	-0.25	g0239	h0	1	0
2.26784738188451	0.25	g0239	h0	1	0
2.62943422320046	0.75	g0239	h0	1	0
2.59507791922533	1.25	g0239	h0	1	0
3.18860904722181	1.75	g0239	h0	1	0
1.59906254717089	-1.75	g0240	h0	1	0
1.66374458572599	-1.25	g0240	h0	1	0
1.75303565924548	-0.75	g0240	h0	1	0
2.52477416413098	-0.25	g0240	h0	1	0
3.05417659502504	0.25	g0240	h0	1	0
2.97844614423779	0.75	g0240	h0	1	0
3.33811248463566	1.25	g0240	h0	1	0
4.16400334573393	1.75	g0240	h0	1	0
1.90021731094697	-1.75	g0241	h0	1	0
1.82043460446071	-1.25	g0241	h0	1	0
2.41407880174453	-0.75	g0241	h0	1	0
3.0727350748453	-0.25	g0241	h0	1	0
3.03722308576797	0.25	g0241	h0	1	0
3.15816545676906	0.75	g0241	h0	1	0
3.92336111775094	1.25	g0241	h0	1	0
4.32656078311744	1.75	g0241	h0	1	0
1.42027912660275	-1.75	g0242	h0	1	0
1.78041816858147	-1.25	g0242	h0	1	0
2.50000872748448	-0.75	g0242	h0	1	0
2.57422874276971	-0.25	g0242	h0	1	0
2.49489532364803	0.25	g0242	h0	1	0
3.10992191322125	0.75	g0242	h0	1	0
3.6569743267753	1.25	g0242	h0	1	0
3.53135311419626	1.75	g0242	h0	1	0
0.743055645240105	-1.75	g0243	h0	1	0
1.44109538860813	-1.25	g0243	h0	1	0
1.67070619783636	-0.75	g0243	h0	1	0
1.46724513772423	-0.25	g0243	h0	1	0
1.8703796330382	0.25	g0243	h0	1	0
2.51305863118825	0.75	g0243	h0	1	0
2.47271814304138	1.25	g0243	h0	1	0
2.4107426986612	1.75	g0243	h0	1	0
0.229291635471964	-1.75	g0244	h0	1	0
0.629244343809022	-1.25	g0244	h0	1	0
0.402596904896316	-0.75	g0244	h0	1	0
0.574335785752757	-0.25	g0244	h0	1	0
1.24557422001744	0.25	g0244	h0	1	0
1.35906672121466	0.75	g0244	h0	1	0
1.15100212281739	1.25	g0244	h0	1	0
1.60327256831877	1.75	g0244	h0	1	0
-0.195586945098082	-1.75	g0245	h0	1	0
-0.337603380878092	-1.25	g0245	h0	1	0
-0.368545774369514	-0.75	g0245	h0	1	0
0.260786489159849	-0.25	g0245	h0	1	0
0.568391641152538	0.25	g0245	h0	1	0
0.318365487319081	0.75	g0245	h0	1	0
0.567972328327256	1.25	g0245	h0	1	0
1.21580828890168	1.75	g0245	h0	1	0
-0.556350612532322	-1.75	g0246	h0	1	0
-0.716953574820852	-1.25	g0246	h0	1	0
-0.187610007731024	-0.75	g0246	h0	1	0
0.319906963820839	-0.25	g0246	h0	1	0
0.144440931388503	0.25	g0246	h0	1	0
0.20869940183275	0.75	g0246	h0	1	0
0.87945951843844	1.25	g0246	h0	1	0
1.1169977263389	1.75	g0246	h0	1	0
-0.529659778983139	-1.75	g0247	h0	1	0
-0.133210014787971	-1.25	g0247	h0	1	0
0.545647528773556	-0.75	g0247	h0	1	0
0.551782539707931	-0.25	g0247	h0	1	0
0.490134192709399	0.25	g0247	h0	1	0
1.12283388257426	0.75	g0247	h0	1	0
1.60179313942171	1.25	g0247	h0	1	0
1.43545348424845	1.75	g0247	h0	1	0
0.109909143834436	-1.75	g0248	h0	1	0
0.903455683068344	-1.25	g0248	h0	1	0
1.16811502541265	-0.75	g0248	h0	1	0
1.07094211969586	-0.25	g0248	h0	1	0
1.61809484667195	0.25	g0248	h0	1	0
2.32151510605822	0.75	g0248	h0	1	0
2.33075436578268	1.25	g0248	h0	1	0
2.40519659274068	1.75	g0248	h0	1	0
0.930741272303795	-1.75	g0249	h0	1	0
1.48539794567537	-1.25	g0249	h0	1	0
1.45601839628566	-0.75	g0249	h0	1	0
1.89300566058227	-0.25	g0249	h0	1	0
2.76524015558384	0.25	g0249	h0	1	0
3.03224719147705	0.75	g0249	h0	1	0
3.05709788770398	1.25	g0249	h0	1	0
3.76443325054549	1.75	g0249	h0	1	0
1.09341280985631	-1.75	g0250	h0	1	0
1.22687988402193	-1.25	g0250	h0	1	0
1.55615379731136	-0.75	g0250	h0	1	0
2.51323254580436	-0.25	g0250	h0	1	0
3.07421051080021	0.25	g0250	h0	1	0
3.13375506025558	0.75	g0250	h0	1	0
3.74937698307719	1.25	g0250	h0	1	0
4.68902220249342	1.75	g0250	h0	1	0
0.243219392056344	-1.75	g0251	h0	1	0
0.492618409887735	-1.25	g0251	h0	1	0
1.43772379949958	-0.75	g0251	h0	1	0
2.27450431009829	-0.25	g0251	h0	1	0
2.45013826125741	0.25	g0251	h0	1	0
2.94502833116131	0.75	g0251	h0	1	0
3.99920995126774	1.25	g0251	h0	1	0
4.55569988736584	1.75	g0251	h0	1	0
-1.06355590162184	-1.75	g0252	h0	1	0
-0.222414636976645	-1.25	g0252	h0	1	0
0.819686492700238	-0.75	g0252	h0	1	0
1.17220427404293	-0.25	g0252	h0	1	0
1.54376586198419	0.25	g0252	h0	1	0
2.59883508981396	0.75	g0252	h0	1	0
3.4167952246283	1.25	g0252	h0	1	0
3.62689466080685	1.75	g0252	h0	1	0
-1.95039716101889	-1.75	g0253	h0	1	0
-0.813497302937755	-1.25	g0253	h0	1	0
-0.257694857239232	-0.75	g0253	h0	1	0
0.0131577707651886	-0.25	g0253	h0	1	0
0.956017787842473	0.25	g0253	h0	1	0
1.96943135954309	0.75	g0253	h0	1	0
2.28832823839897	1.25	g0253	h0	1	0
2.7582491613416	1.75	g0253	h0	1	0
-2.06440530520505	-1.75	g0254	h0	1	0
-1.32026716107797	-1.25	g0254	h0	1	0
-1.10849321354624	-0.75	g0254	h0	1	0
-0.369644994213469	-0.25	g0254	h0	1	0
0.733410410240692	0.25	g0254	h0	1	0
1.19319541061422	0.75	g0254	h0	1	0
1.49400128291079	1.25	g0254	h0	1	0
2.48879802980693	1.75	g0254	h0	1	0
-1.65102666729176	-1.75	g0255	h0	1	0
-1.44750389578774	-1.25	g0255	h0	1	0
-0.966495115018061	-0.75	g0255	h0	1	0
0.100058001694275	-0.25	g0255	h0	1	0
0.70231389317865	0.25	g0255	h0	1	0
0.867154162275626	0.75	g0255	h0	1	0
1.63584410256102	1.25	g0255	h0	1	0
2.64929834165548	1.75	g0255	h0	1	0
-0.954199282558691	-1.75	g0256	h0	1	0
-0.737447114312185	-1.25	g0256	h0	1	0
0.169921659608386	-0.75	g0256	h0	1	0
0.884156608060606	-0.25	g0256	h0	1	0
0.969392086492706	0.25	g0256	h0	1	0
1.44843646932623	0.75	g0256	h0	1	0
2.43084010030057	1.25	g0256	h0	1	0
2.85884382216388	1.75	g0256	h0	1	0
0.0777646445677615	-1.75	g0257	h0	1	0
0.730223211236428	-1.25	g0257	h0	1	0
1.49905973996868	-0.75	g0257	h0	1	0
1.5722062240222	-0.25	g0257	h0	1	0
1.75092668919008	0.25	g0257	h0	1	0
2.59165502917295	0.75	g0257	h0	1	0
3.11560335550126	1.25	g0257	h0	1	0
3.07860884327374	1.75	g0257	h0	1	0
1.37526558210308	-1.75	g0258	h0	1	0
2.12540970247209	-1.25	g0258	h0	1	0
2.25130846560933	-0.75	g0258	h0	1	0
2.17358366153107	-0.25	g0258	h0	1	0
2.78506798233659	0.25	g0258	h0	1	0
3.38029159043439	0.75	g0258	h0	1	0
3.29149386785435	1.25	g0258	h0	1	0
3.43718603156351	1.75	g0258	h0	1	0
2.36276967999832	-1.75	g0259	h0	1	0
2.59075100297733	-1.25	g0259	h0	1	0
2.34634242693216	-0.75	g0259	h0	1	0
2.68149580628897	-0.25	g0259	h0	1	0
3.30413647872154	0.25	g0259	h0	1	0
3.25549566659518	0.75	g0259	h0	1	0
3.1335322329402	1.25	g0259	h0	1	0
3.70624302670662	1.75	g0259	h0	1	0
2.36724286818722	-1.75	g0260	h0	1	0
2.07446117573664	-1.25	g0260	h0	1	0
2.13651724140007	-0.75	g0260	h0	1	0
2.73272552289612	-0.25	g0260	h0	1	0
2.80368089780263	0.25	g0260	h0	1	0
2.50805998263419	0.75	g0260	h0	1	0
2.85464394214431	1.25	g0260	h0	1	0
3.36291607964048	1.75	g0260	h0	1	0
1.41194865642007	-1.75	g0261	h0	1	0
1.25471999933898	-1.25	g0261	h0	1	0
1.77224794871433	-0.75	g0261	h0	1	0
2.0148450669521	-0.25	g0261	h0	1	0
1.6703991124792	0.25	g0261	h0	1	0
1.7881733599117	0.75	g0261	h0	1	0
2.34552461700891	1.25	g0261	h0	1	0
2.30041366037705	1.75	g0261	h0	1	0
0.320898213623388	-1.75	g0262	h0	1	0
0.720718609677053	-1.25	g0262	h0	1	0
1.15052013919267	-0.75	g0262	h0	1	0
0.889374281570739	-0.25	g0262	h0	1	0
0.818686143079215	0.25	g0262	h0	1	0
1.37818203715728	0.75	g0262	h0	1	0
1.54616721205358	1.25	g0262	h0	1	0
1.20887536657922	1.75	g0262	h0	1	0
-0.0970234780180269	-1.75	g0263	h0	1	0
0.497468192576712	-1.25	g0263	h0	1	0
0.43430172812918	-0.75	g0263	h0	1	0
0.252013476272702	-0.25	g0263	h0	1	0
0.765387801799525	0.25	g0263	h0	1	0
1.17594073468345	0.75	g0263	h0	1	0
0.92363507821285	1.25	g0263	h0	1	0
0.985628257658586	1.75	g0263	h0	1	0
0.200416667206686	-1.75	g0264	h0	1	0
0.411320996117766	-1.25	g0264	h0	1	0
0.217176689979758	-0.75	g0264	h0	1	0
0.646043697801711	-0.25	g0264	h0	1	0
1.28119471436689	0.25	g0264	h0	1	0
1.22752186591244	0.75	g0264	h0	1	0
1.18732637588951	1.25	g0264	h0	1	0
1.83165495399299	1.75	g0264	h0	1	0
0.682788577761276	-1.75	g0265	h0	1	0
0.581229493428109	-1.25	g0265	h0	1	0
0.906326186720353	-0.75	g0265	h0	1	0
1.70585281999607	-0.25	g0265	h0	1	0
1.92736223546688	0.25	g0265	h0	1	0
1.85885148605937	0.75	g0265	h0	1	0
2.46088556736122	1.25	g0265	h0	1	0
3.13901016297035	1.75	g0265	h0	1	0
0.996989686695387	-1.75	g0266	h0	1	0
1.22345830476028	-1.25	g0266	h0	1	0
2.0983006351828	-0.75	g0266	h0	1	0
2.62070270184023	-0.25	g0266	h0	1	0
2.60717308689095	0.25	g0266	h0	1	0
3.11706660236279	0.75	g0266	h0	1	0
3.9958996428195	1.25	g0266	h0	1	0
4.23360362172691	1.75	g0266	h0	1	0
1.22197599627254	-1.75	g0267	h0	1	0
2.07305834779139	-1.25	g0267	h0	1	0
2.8672574454795	-0.75	g0267	h0	1	0
2.98602720525157	-0.25	g0267	h0	1	0
3.37716821552263	0.25	g0267	h0	1	0
4.35684163485976	0.75	g0267	h0	1	0
4.87637927721865	1.25	g0267	h0	1	0
4.95418556165084	1.75	g0267	h0	1	0
1.40495782961865	-1.75	g0268	h0	1	0
2.39350612514516	-1.25	g0268	h0	1	0
2.70123975037625	-0.75	g0268	h0	1	0
2.97621108386151	-0.25	g0268	h0	1	0
3.942449521699	0.25	g0268	h0	1	0
4.72090939657333	0.75	g0268	h0	1	0
4.86801076756429	1.25	g0268	h0	1	0
5.40431840319486	1.75	g0268	h0	1	0
1.23144597885885	-1.75	g0269	h0	1	0
1.75301051261561	-1.25	g0269	h0	1	0
1.94318444814292	-0.75	g0269	h0	1	0
2.79010313417434	-0.25	g0269	h0	1	0
3.75888552544421	0.25	g0269	h0	1	0
4.03204394638011	0.75	g0269	h0	1	0
4.40526952499236	1.25	g0269	h0	1	0
5.44219379304019	1.75	g0269	h0	1	0
0.443920809989741	-1.75	g0270	h0	1	0
0.602714081908435	-1.25	g0270	h0	1	0
1.25332741262977	-0.75	g0270	h0	1	0
2.31124962644443	-0.25	g0270	h0	1	0
2.74740454594875	0.25	g0270	h0	1	0
2.97461831844029	0.75	g0270	h0	1	0
3.89025966584279	1.25	g0270	h0	1	0
4.79520722490501	1.75	g0270	h0	1	0
-0.56408419660411	-1.75	g0271	h0	1	0
-0.143701249550092	-1.25	g0271	h0	1	0
0.888561064679697	-0.75	g0271	h0	1	0
1.4963700226967	-0.25	g0271	h0	1	0
1.6277165968921	0.25	g0271	h0	1	0
2.33552639541508	0.75	g0271	h0	1	0
3.33588458648033	1.25	g0271	h0	1	0
3.66644533822526	1.75	g0271	h0	1	0
-0.933523384372383	-1.75	g0272	h0	1	0
-0.0341867640466423	-1.25	g0272	h0	1	0
0.72228931502946	-0.75	g0272	h0	1	0
0.829387491604872	-0.25	g0272	h0	1	0
1.28652279391505	0.25	g0272	h0	1	0
2.28136066164801	0.75	g0272	h0	1	0
2.75461355678511	1.25	g0272	h0	1	0
2.85656959991381	1.75	g0272	h0	1	0
-0.22519112655456	-1.75	g0273	h0	1	0
0.627885820747121	-1.25	g0273	h0	1	0
0.787608933476138	-0.75	g0273	h0	1	0
1.00144018124735	-0.25	g0273	h0	1	0
1.89136268263835	0.25	g0273	h0	1	0
2.51147787569248	0.75	g0273	h0	1	0
2.54158074758684	1.25	g0273	h0	1	0
3.02972760330598	1.75	g0273	h0	1	0
1.08663911465458	-1.75	g0274	h0	1	0
1.36371800715163	-1.25	g0274	h0	1	0
1.38823240683815	-0.75	g0274	h0	1	0
2.09298299533626	-0.25	g0274	h0	1	0
2.83327650923633	0.25	g0274	h0	1	0
2.881994270938	0.75	g0274	h0	1	0
3.115808432508	1.25	g0274	h0	1	0
3.98214545923249	1.75	g0274	h0	1	0
2.14131070667761	-1.75	g0275	h0	1	0
2.06438023009049	-1.25	g0275	h0	1	0
2.5367641118488	-0.75	g0275	h0	1	0
3.34298379817773	-0.25	g0275	h0	1	0
3.49338263509735	0.25	g0275	h0	1	0
3.51917780037162	0.75	g0275	h0	1	0
4.24054718979487	1.25	g0275	h0	1	0
4.8646052588994	1.75	g0275	h0	1	0
2.54630181632761	-1.75	g0276	h0	1	0
2.77992051298345	-1.25	g0276	h0	1	0
3.57938191341168	-0.75	g0276	h0	1	0
3.8889962565375	-0.25	g0276	h0	1	0
3.78904799082668	0.25	g0276	h0	1	0
4.30961304331955	0.75	g0276	h0	1	0
5.0417730352874	1.25	g0276	h0	1	0
5.08591276635157	1.75	g0276	h0	1	0
2.50777575856675	-1.75	g0277	h0	1	0
3.22275368745228	-1.25	g0277	h0	1	0
3.7111217117	-0.75	g0277	h0	1	0
3.58629038038822	-0.25	g0277	h0	1	0
3.88370318703832	0.25	g0277	h0	1	0
4.65960319168149	0.75	g0277	h0	1	0
4.86060319647044	1.25	g0277	h0	1	0
4.76653126567615	1.75	g0277	h0	1	0
2.25007251172577	-1.75	g0278	h0	1	0
2.89456327851565	-1.25	g0278	h0	1	0
2.84397396691764	-0.75	g0278	h0	1	0
2.93351939552339	-0.25	g0278	h0	1	0
3.67343651818287	0.25	g0278	h0	1	0
4.06572525833729	0.75	g0278	h0	1	0
3.91854915956828	1.25	g0278	h0	1	0
4.29111152334798	1.75	g0278	h0	1	0
1.6870925456745	-1.75	g0279	h0	1	0
1.78896473680889	-1.25	g0279	h0	1	0
1.72103730837262	-0.75	g0279	h0	1	0
2.34622915755446	-0.25	g0279	h0	1	0
2.92008885692469	0.25	g0279	h0	1	0
2.8172062133266	0.75	g0279	h0	1	0
2.98156261543654	1.25	g0279	h0	1	0
3.73740180284018	1.75	g0279	h0	1	0
0.817315662120902	-1.75	g0280	h0	1	0
0.668683074649182	-1.25	g0280	h0	1	0
1.11829253423967	-0.75	g0280	h0	1	0
1.82305851804814	-0.25	g0280	h0	1	0
1.84817768725761	0.25	g0280	h0	1	0
1.83497386656339	0.75	g0280	h0	1	0
2.51364337160283	1.25	g0280	h0	1	0
3.00990160384642	1.75	g0280	h0	1	0
0.146669927352489	-1.75	g0281	h0	1	0
0.391687480950928	-1.25	g0281	h0	1	0
1.1476867029387	-0.75	g0281	h0	1	0
1.35608437901855	-0.25	g0281	h0	1	0
1.22820638995168	0.25	g0281	h0	1	0
1.75521484743741	0.75	g0281	h0	1	0
2.40956494767699	1.25	g0281	h0	1	0
2.36840170829166	1.75	g0281	h0	1	0
0.332731934142032	-1.75	g0282	h0	1	0
1.04935785919287	-1.25	g0282	h0	1	0
1.45915851971265	-0.75	g0282	h0	1	0
1.30150127518271	-0.25	g0282	h0	1	0
1.63171024245745	0.25	g0282	h0	1	0
2.37372898592173	0.75	g0282	h0	1	0
2.49649832366609	1.25	g0282	h0	1	0
2.4050223177762	1.75	g0282	h0	1	0
1.38245090042923	-1.75	g0283	h0	1	0
1.97337560630075	-1.25	g0283	h0	1	0
1.87833383137131	-0.75	g0283	h0	1	0
2.00726798690877	-0.25	g0283	h0	1	0
2.75071166713221	0.25	g0283	h0	1	0
3.07412718910617	0.75	g0283	h0	1	0
2.91703836100607	1.25	g0283	h0	1	0
3.33327710232306	1.75	g0283	h0	1	0
2.48386715668814	-1.75	g0284	h0	1	0
2.53513338932491	-1.25	g0284	h0	1	0
2.5020129172072	-0.75	g0284	h0	1	0
3.16408554899062	-0.25	g0284	h0	1	0
3.68875148561574	0.25	g0284	h0	1	0
3.56206235113795	0.75	g0284	h0	1	0
3.78058728930775	1.25	g0284	h0	1	0
4.54033070136659	1.75	g0284	h0	1	0
2.78785855477862	-1.75	g0285	h0	1	0
2.66948440130098	-1.25	g0285	h0	1	0
3.18895034071397	-0.75	g0285	h0	1	0
3.88091433318958	-0.25	g0285	h0	1	0
3.88000470402927	0.25	g0285	h0	1	0
3.92765041746023	0.75	g0285	h0	1	0
4.65267872642681	1.25	g0285	h0	1	0
5.11304053165494	1.75	g0285	h0	1	0
2.20379836859303	-1.75	g0286	h0	1	0
2.55414139071391	-1.25	g0286	h0	1	0
3.35263623704182	-0.75	g0286	h0	1	0
3.55431494820582	-0.25	g0286	h0	1	0
3.49824918960578	0.25	g0286	h0	1	0
4.12122998810121	0.75	g0286	h0	1	0
4.78531322732999	1.25	g0286	h0	1	0
4.75723664636587	1.75	g0286	h0	1	0
1.27261073178372	-1.75	g0287	h0	1	0
2.10233833311532	-1.25	g0287	h0	1	0
2.54981027985448	-0.75	g0287	h0	1	0
2.48441533325461	-0.25	g0287	h0	1	0
2.96490035129579	0.25	g0287	h0	1	0
3.78409551022462	0.75	g0287	h0	1	0
3.94934911225714	1.25	g0287	h0	1	0
3.98452513956873	1.75	g0287	h0	1	0
0.423442843342152	-1.75	g0288	h0	1	0
1.11716083631346	-1.25	g0288	h0	1	0
1.14472366003236	-0.75	g0288	h0	1	0
1.47661067806969	-0.25	g0288	h0	1	0
2.37756171564171	0.25	g0288	h0	1	0
2.7926351991851	0.75	g0288	h0	1	0
2.79365833356045	1.25	g0288	h0	1	0
3.41265704503413	1.75	g0288	h0	1	0
-0.333989975436337	-1.75	g0289	h0	1	0
-0.124849290063424	-1.25	g0289	h0	1	0
0.0866336242361752	-0.75	g0289	h0	1	0
0.984541864673931	-0.25	g0289	h0	1	0
1.66111173537737	0.25	g0289	h0	1	0
1.7218717525057	0.75	g0289	h0	1	0
2.20043722219438	1.25	g0289	h0	1	0
3.16151649964661	1.75	g0289	h0	1	0
-0.981840328521239	-1.75	g0290	h0	1	0
-0.835644829714034	-1.25	g0290	h0	1	0
-0.0219583704509653	-0.75	g0290	h0	1	0
0.878877546810367	-0.25	g0290	h0	1	0
1.08441846689345	0.25	g0290	h0	1	0
1.42463583677445	0.75	g0290	h0	1	0
2.41718122455669	1.25	g0290	h0	1	0
3.06693237751585	1.75	g0290	h0	1	0
-1.14499915754832	-1.75	g0291	h0	1	0
-0.479030532331934	-1.25	g0291	h0	1	0
0.56527110163895	-0.75	g0291	h0	1	0
0.97284941684361	-0.25	g0291	h0	1	0
1.20523400773205	0.25	g0291	h0	1	0
2.13023546918032	0.75	g0291	h0	1	0
3.00945917278197	1.25	g0291	h0	1	0
3.21067087531423	1.75	g0291	h0	1	0
-0.487353173369818	-1.75	g0292	h0	1	0
0.590005265147302	-1.25	g0292	h0	1	0
1.21563897310889	-0.75	g0292	h0	1	0
1.39099500850745	-0.25	g0292	h0	1	0
2.16173171026143	0.25	g0292	h0	1	0
3.19279670002288	0.75	g0292	h0	1	0
3.54542626387128	1.25	g0292	h0	1	0
3.85417459433651	1.75	g0292	h0	1	0
0.658977227218611	-1.75	g0293	h0	1	0
1.47239638308978	-1.25	g0293	h0	1	0
1.64986043588911	-0.75	g0293	h0	1	0
2.20725098145961	-0.25	g0293	h0	1	0
3.2793854327011	0.25	g0293	h0	1	0
3.80737024182986	0.75	g0293	h0	1	0
3.99421585814838	1.25	g0293	h0	1	0
4.8340476700384	1.75	g0293	h0	1	0
1.4143242076089	-1.75	g0294	h0	1	0
1.64816435464935	-1.25	g0294	h0	1	0
1.97103913701004	-0.75	g0294	h0	1	0
2.96086659804661	-0.25	g0294	h0	1	0
3.64887580816843	0.25	g0294	h0	1	0
3.76622399678191	0.75	g0294	h0	1	0
4.36745330121454	1.25	g0294	h0	1	0
5.38496689754059	1.75	g0294	h0	1	0
1.22757883659964	-1.75	g0295	h0	1	0
1.3359685417821	-1.25	g0295	h0	1	0
2.13109048856012	-0.75	g0295	h0	1	0
2.92665419400162	-0.25	g0295	h0	1	0
3.0353447198041	0.25	g0295	h0	1	0
3.36273251028231	0.75	g0295	h0	1	0
4.30722062216505	1.25	g0295	h0	1	0
4.83613267756089	1.75	g0295	h0	1	0
0.440054297896776	-1.75	g0296	h0	1	0
0.961057992340648	-1.25	g0296	h0	1	0
1.78467574003098	-0.75	g0296	h0	1	0
1.94159274741504	-0.25	g0296	h0	1	0
2.00859893909472	0.25	g0296	h0	1	0
2.77099088736211	0.75	g0296	h0	1	0
3.40143878778709	1.25	g0296	h0	1	0
3.37859616934317	1.75	g0296	h0	1	0
-0.167487514149647	-1.75	g0297	h0	1	0
0.593724245809395	-1.25	g0297	h0	1	0
0.840786890342374	-0.75	g0297	h0	1	0
0.707183207170419	-0.25	g0297	h0	1	0
1.20917587269022	0.25	g0297	h0	1	0
1.88905512837496	0.75	g0297	h0	1	0
1.8765853555586	1.25	g0297	h0	1	0
1.90711502279782	1.75	g0297	h0	1	0
-0.227459711200469	-1.75	g0298	h0	1	0
0.129189807032503	-1.25	g0298	h0	1	0
-0.1099979299622	-0.75	g0298	h0	1	0
0.100418133673733	-0.25	g0298	h0	1	0
0.763230507861684	0.25	g0298	h0	1	0
0.832107218426866	0.75	g0298	h0	1	0
0.638075991418829	1.25	g0298	h0	1	0
1.12185819524861	1.75	g0298	h0	1	0
0.0353076440010665	-1.75	g0299	h0	1	0
-0.196831622060681	-1.25	g0299	h0	1	0
-0.254632350203198	-0.75	g0299	h0	1	0
0.324645760999138	-0.25	g0299	h0	1	0
0.526332625073731	0.25	g0299	h0	1	0
0.21140681382036	0.75	g0299	h0	1	0
0.438891608597756	1.25	g0299	h0	1	0
1.00993918539291	1.75	g0299	h0	1	0
0.365836218525755	-1.75	g0300	h0	1	0
0.114567677216103	-1.25	g0300	h0	1	0
0.558563002565788	-0.75	g0300	h0	1	0
0.916285497974871	-0.25	g0300	h0	1	0
0.606268485302311	0.25	g0300	h0	1	0
0.595558947077834	0.75	g0300	h0	1	0
1.15709829425085	1.25	g0300	h0	1	0
1.23676071227845	1.75	g0300	h0	1	0
0.842941061499723	-1.75	g0301	h0	1	0
1.12650916368135	-1.25	g0301	h0	1	0
1.63225306801948	-0.75	g0301	h0	1	0
1.45171607337642	-0.25	g0301	h0	1	0
1.26795333955392	0.25	g0301	h0	1	0
1.77150063986325	0.75	g0301	h0	1	0
2.0589952825891	1.25	g0301	h0	1	0
1.72810901780492	1.75	g0301	h0	1	0
1.50983750175513	-1.75	g0302	h0	1	0
2.12752513381526	-1.25	g0302	h0	1	0
2.17665747102205	-0.75	g0302	h0	1	0
1.92067135377366	-0.25	g0302	h0	1	0
2.33058508069872	0.25	g0302	h0	1	0
2.83316954127773	0.75	g0302	h0	1	0
2.64028862118079	1.25	g0302	h0	1	0
2.57661723413038	1.75	g0302	h0	1	0
1.91598624043142	-1.75	g0303	h0	1	0
2.25213090585678	-1.25	g0303	h0	1	0
2.04184830382428	-0.75	g0303	h0	1	0
2.34383519529828	-0.25	g0303	h0	1	0
3.02881563775765	0.25	g0303	h0	1	0
3.07933687950429	0.75	g0303	h0	1	0
2.94928151376247	1.25	g0303	h0	1	0
3.51129624776993	1.75	g0303	h0	1	0
1.41808195820753	-1.75	g0304	h0	1	0
1.36627341094459	-1.25	g0304	h0	1	0
1.57138847775097	-0.75	g0304	h0	1	0
2.37377323813076	-0.25	g0304	h0	1	0
2.7286823273808	0.25	g0304	h0	1	0
2.62908371238274	0.75	g0304	h0	1	0
3.1219662474901	1.25	g0304	h0	1	0
3.88033215975031	1.75	g0304	h0	1	0
-0.0139748606273351	-1.75	g0305	h0	1	0
0.129282528821286	-1.25	g0305	h0	1	0
0.96549270239537	-0.75	g0305	h0	1	0
1.63006089059512	-0.25	g0305	h0	1	0
1.6564367048209	0.25	g0305	h0	1	0
2.0580624741025	0.75	g0305	h0	1	0
2.97816141576981	1.25	g0305	h0	1	0
3.35759747319385	1.75	g0305	h0	1	0
-1.5656037280678	-1.75	g0306	h0	1	0
-0.780754085760265	-1.25	g0306	h0	1	0
0.142368254378018	-0.75	g0306	h0	1	0
0.370332154204175	-0.25	g0306	h0	1	0
0.681805697091421	0.25	g0306	h0	1	0
1.66179488484843	0.75	g0306	h0	1	0
2.34499216748161	1.25	g0306	h0	1	0
2.45436186433906	1.75	g0306	h0	1	0
-2.32002798693651	-1.75	g0307	h0	1	0
-1.23576030263864	-1.25	g0307	h0	1	0
-0.765587417520019	-0.75	g0307	h0	1	0
-0.520226761644561	-0.25	g0307	h0	1	0
0.410952461073812	0.25	g0307	h0	1	0
1.34814135183381	0.75	g0307	h0	1	0
1.59759435997209	1.25	g0307	h0	1	0
2.0604519589169	1.75	g0307	h0	1	0
-2.09354148292746	-1.75	g0308	h0	1	0
-1.38414101781928	-1.25	g0308	h0	1	0
-1.16323624603579	-0.75	g0308	h0	1	0
-0.375385180427536	-0.25	g0308	h0	1	0
0.720083854935228	0.25	g0308	h0	1	0
1.15046460541586	0.75	g0308	h0	1	0
1.48541618824387	1.25	g0308	h0	1	0
2.51590163923965	1.75	g0308	h0	1	0
-1.37816718782598	-1.75	g0309	h0	1	0
-1.13170240492333	-1.25	g0309	h0	1	0
-0.54973568054187	-0.75	g0309	h0	1	0
0.580377112700316	-0.25	g0309	h0	1	0
1.20010823740803	0.25	g0309	h0	1	0
1.43452472078494	0.75	g0309	h0	1	0
2.30225309720166	1.25	g0309	h0	1	0
3.35324520682816	1.75	g0309	h0	1	0
-0.613265473970165	-1.75	g0310	h0	1	0
-0.256722724283896	-1.25	g0310	h0	1	0
0.779655060952332	-0.75	g0310	h0	1	0
1.56169847883101	-0.25	g0310	h0	1	0
1.74504932896395	0.25	g0310	h0	1	0
2.37374055522761	0.75	g0310	h0	1	0
3.45904360133231	1.25	g0310	h0	1	0
3.95332949834261	1.75	g0310	h0	1	0
0.167434346577038	-1.75	g0311	h0	1	0
1.00080657998432	-1.25	g0311	h0	1	0
1.88639203072968	-0.75	g0311	h0	1	0
2.07878256329625	-0.25	g0311	h0	1	0
2.44011578016158	0.25	g0311	h0	1	0
3.4407446861562	0.75	g0311	h0	1	0
4.06847093810251	1.25	g0311	h0	1	0
4.17587182299833	1.75	g0311	h0	1	0
0.939839891537515	-1.75	g0312	h0	1	0
1.84836496994755	-1.25	g0312	h0	1	0
2.10683261295174	-0.75	g0312	h0	1	0
2.22430022049718	-0.25	g0312	h0	1	0
3.03680971032619	0.25	g0312	h0	1	0
3.76857408122655	0.75	g0312	h0	1	0
3.83105737551475	1.25	g0312	h0	1	0
4.18781225302749	1.75	g0312	h0	1	0
1.31538576713498	-1.75	g0313	h0	1	0
1.6808510127742	-1.25	g0313	h0	1	0
1.62337027705349	-0.75	g0313	h0	1	0
2.17867105290205	-0.25	g0313	h0	1	0
2.96141688512762	0.25	g0313	h0	1	0
3.05881746476822	0.75	g0313	h0	1	0
3.14742454373927	1.25	g0313	h0	1	0
3.92418234099901	1.75	g0313	h0	1	0
0.905106568420923	-1.75	g0314	h0	1	0
0.771846996345793	-1.25	g0314	h0	1	0
1.04743550776155	-0.75	g0314	h0	1	0
1.81349807208785	-0.25	g0314	h0	1	0
2.01423242221771	0.25	g0314	h0	1	0
1.90485421322873	0.75	g0314	h0	1	0
2.45974207966728	1.25	g0314	h0	1	0
3.11281601963534	1.75	g0314	h0	1	0
-0.0252015601136198	-1.75	g0315	h0	1	0
-0.00184462507030064	-1.25	g0315	h0	1	0
0.677627503470431	-0.75	g0315	h0	1	0
1.02403925185715	-0.25	g0315	h0	1	0
0.82059490752844	0.25	g0315	h0	1	0
1.12563623394129	0.75	g0315	h0	1	0
1.81830712192587	1.25	g0315	h0	1	0
1.87882356586689	1.75	g0315	h0	1	0
-0.612287586101703	-1.75	g0316	h0	1	0
-0.0781734550359188	-1.25	g0316	h0	1	0
0.421280142674906	-0.75	g0316	h0	1	0
0.240312786485374	-0.25	g0316	h0	1	0
0.311086478245208	0.25	g0316	h0	1	0
0.981966024965388	0.75	g0316	h0	1	0
1.20964762185902	1.25	g0316	h0	1	0
0.97862059511528	1.75	g0316	h0	1	0
-0.255260124443827	-1.75	g0317	h0	1	0
0.368327788225365	-1.25	g0317	h0	1	0
0.316033338169797	-0.75	g0317	h0	1	0
0.208749955701727	-0.25	g0317	h0	1	0
0.794892525227419	0.25	g0317	h0	1	0
1.21479441683497	0.75	g0317	h0	1	0
0.994307541300708	1.25	g0317	h0	1	0
1.14437004745801	1.75	g0317	h0	1	0
0.759465011957843	-1.75	g0318	h0	1	0
0.911465252088975	-1.25	g0318	h0	1	0
0.712665106525244	-0.75	g0318	h0	1	0
1.16292530302453	-0.25	g0318	h0	1	0
1.75691061475499	0.25	g0318	h0	1	0
1.65598173204531	0.75	g0318	h0	1	0
1.63303215114697	1.25	g0318	h0	1	0
2.28011836130083	1.75	g0318	h0	1	0
1.64341768155585	-1.75	g0319	h0	1	0
1.45427174601082	-1.25	g0319	h0	1	0
1.74094401035628	-0.75	g0319	h0	1	0
2.45276932112041	-0.25	g0319	h0	1	0
2.5531362204909	0.25	g0319	h0	1	0
2.42342887846458	0.75	g0319	h0	1	0
2.97858250022371	1.25	g0319	h0	1	0
3.54531331446914	1.75	g0319	h0	1	0
1.96317807208333	-1.75	g0320	h0	1	0
2.08945707156143	-1.25	g0320	h0	1	0
2.83789924225083	-0.75	g0320	h0	1	0
3.17974912900009	-0.25	g0320	h0	1	0
3.02915445729086	0.25	g0320	h0	1	0
3.44226086746032	0.75	g0320	h0	1	0
4.16796946023215	1.25	g0320	h0	1	0
4.23024482402752	1.75	g0320	h0	1	0
1.87971335927951	-1.75	g0321	h0	1	0
2.57690980311665	-1.25	g0321	h0	1	0
3.15311249729343	-0.75	g0321	h0	1	0
3.07227943277849	-0.25	g0321	h0	1	0
3.32205985374544	0.25	g0321	h0	1	0
4.12339758634997	0.75	g0321	h0	1	0
4.41815378846737	1.25	g0321	h0	1	0
4.32297171594427	1.75	g0321	h0	1	0
1.61939035691493	-1.75	g0322	h0	1	0
2.37911347962118	-1.25	g0322	h0	1	0
2.44766976344334	-0.75	g0322	h0	1	0
2.54810577564656	-0.25	g0322	h0	1	0
3.32953776441356	0.25	g0322	h0	1	0
3.86182605580793	0.75	g0322	h0	1	0
3.79260481461644	1.25	g0322	h0	1	0
4.16443199994942	1.75	g0322	h0	1	0
1.08579722455223	-1.75	g0323	h0	1	0
1.35844752090525	-1.25	g0323	h0	1	0
1.35791379335013	-0.75	g0323	h0	1	0
2.03259707921183	-0.25	g0323	h0	1	0
2.76504413201356	0.25	g0323	h0	1	0
2.80384530294549	0.75	g0323	h0	1	0
3.0061824833764	1.25	g0323	h0	1	0
3.84999125431644	1.75	g0323	h0	1	0
0.205843411281937	-1.75	g0324	h0	1	0
0.17887172350302	-1.25	g0324	h0	1	0
0.687267920925397	-0.75	g0324	h0	1	0
1.54886585517924	-0.25	g0324	h0	1	0
1.76241093421796	0.25	g0324	h0	1	0
1.82950811974543	0.75	g0324	h0	1	0
2.59138068410023	1.25	g0324	h0	1	0
3.27804101245518	1.75	g0324	h0	1	0
-0.580189933894086	-1.75	g0325	h0	1	0
-0.257847986945873	-1.25	g0325	h0	1	0
0.64300241378245	-0.75	g0325	h0	1	0
1.07006947298352	-0.25	g0325	h0	1	0
1.06978322875033	0.25	g0325	h0	1	0
1.67962250435501	0.75	g0325	h0	1	0
2.52216152216212	1.25	g0325	h0	1	0
2.68033483176864	1.75	g0325	h0	1	0
-0.568867456861274	-1.75	g0326	h0	1	0
0.280124461306404	-1.25	g0326	h0	1	0
0.923676322797856	-0.75	g0326	h0	1	0
0.94382415734429	-0.25	g0326	h0	1	0
1.36830196545427	0.25	g0326	h0	1	0
2.28718695197881	0.75	g0326	h0	1	0
2.64400701557606	1.25	g0326	h0	1	0
2.68574027883538	1.75	g0326	h0	1	0
0.391212488735457	-1.75	g0327	h0	1	0
1.21683423523054	-1.25	g0327	h0	1	0
1.34678348073347	-0.75	g0327	h0	1	0
1.59498394794795	-0.25	g0327	h0	1	0
2.50113021783115	0.25	g0327	h0	1	0
3.07911519107074	0.75	g0327	h0	1	0
3.10385046592385	1.25	g0327	h0	1	0
3.63325501904083	1.75	g0327	h0	1	0
1.5926494053676	-1.75	g0328	h0	1	0
1.90391755958898	-1.25	g0328	h0	1	0
2.0238783831029	-0.75	g0328	h0	1	0
2.83468281641433	-0.25	g0328	h0	1	0
3.61638883681316	0.25	g0328	h0	1	0
3.71653476288025	0.75	g0328	h0	1	0
4.06322304616637	1.25	g0328	h0	1	0
5.01281490759694	1.75	g0328	h0	1	0
2.15343276827564	-1.75	g0329	h0	1	0
2.22048227654599	-1.25	g0329	h0	1	0
2.8741002411073	-0.75	g0329	h0	1	0
3.80346041748699	-0.25	g0329	h0	1	0
4.05827974211431	0.25	g0329	h0	1	0
4.25256139025376	0.75	g0329	h0	1	0
5.14069774267931	1.25	g0329	h0	1	0
5.86800537275238	1.75	g0329	h0	1	0
1.87358839636307	-1.75	g0330	h0	1	0
2.33889046227721	-1.25	g0330	h0	1	0
3.33002436895711	-0.75	g0330	h0	1	0
3.78757257379831	-0.25	g0330	h0	1	0
3.88952334654601	0.25	g0330	h0	1	0
4.6385091102893	0.75	g0330	h0	1	0
5.53666320073041	1.25	g0330	h0	1	0
5.74019185350456	1.75	g0330	h0	1	0
1.23813218643414	-1.75	g0331	h0	1	0
2.19016954350522	-1.25	g0331	h0	1	0
2.85552439454172	-0.75	g0331	h0	1	0
2.94082899679105	-0.25	g0331	h0	1	0
3.4978744954367	0.25	g0331	h0	1	0
4.48446671125757	0.75	g0331	h0	1	0
4.86227606883115	1.25	g0331	h0	1	0
5.00476390965483	1.75	g0331	h0	1	0
0.703274867389414	-1.75	g0332	h0	1	0
1.53566781616386	-1.25	g0332	h0	1	0
1.67873168212867	-0.75	g0332	h0	1	0
2.02457412383526	-0.25	g0332	h0	1	0
2.99505146555395	0.25	g0332	h0	1	0
3.56346761868506	0.75	g0332	h0	1	0
3.63552189046519	1.25	g0332	h0	1	0
4.26799592578739	1.75	g0332	h0	1	0
0.30084074844245	-1.75	g0333	h0	1	0
0.558742045845442	-1.25	g0333	h0	1	0
0.710196162163601	-0.75	g0333	h0	1	0
1.55734671139768	-0.25	g0333	h0	1	0
2.28899046044494	0.25	g0333	h0	1	0
2.36178889863519	0.75	g0333	h0	1	0
2.76029118973283	1.25	g0333	h0	1	0
3.71372670669161	1.75	g0333	h0	1	0
0.0056967865325791	-1.75	g0334	h0	1	0
0.0117630346039548	-1.25	g0334	h0	1	0
0.646450717949987	-0.75	g0334	h0	1	0
1.47512086149898	-0.25	g0334	h0	1	0
1.61328168692384	0.25	g0334	h0	1	0
1.77775914383543	0.75	g0334	h0	1	0
2.62434989891773	1.25	g0334	h0	1	0
3.22700358485671	1.75	g0334	h0	1	0
0.141660738942969	-1.75	g0335	h0	1	0
0.510729823519527	-1.25	g0335	h0	1	0
1.34475373716649	-0.75	g0335	h0	1	0
1.59371090956154	-0.25	g0335	h0	1	0
1.5643720977305	0.25	g0335	h0	1	0
2.20888717445964	0.75	g0335	h0	1	0
2.91671286782462	1.25	g0335	h0	1	0
2.93048614529183	1.75	g0335	h0	1	0
1.06292324415941	-1.75	g0336	h0	1	0
1.80426525277382	-1.25	g0336	h0	1	0
2.18215314755042	-0.75	g0336	h0	1	0
2.03239051172305	-0.25	g0336	h0	1	0
2.4144228499804	0.25	g0336	h0	1	0
3.15444262135566	0.75	g0336	h0	1	0
3.24845562702789	1.25	g0336	h0	1	0
3.1905822614711	1.75	g0336	h0	1	0
2.48816622124717	-1.75	g0337	h0	1	0
2.98368429366265	-1.25	g0337	h0	1	0
2.80696685551816	-0.75	g0337	h0	1	0
2.91439299554173	-0.25	g0337	h0	1	0
3.60340189092472	0.25	g0337	h0	1	0
3.82271988910246	0.75	g0337	h0	1	0
3.61030463476372	1.25	g0337	h0	1	0
4.00531982854586	1.75	g0337	h0	1	0
3.50379533818905	-1.75	g0338	h0	1	0
3.3969359805152	-1.25	g0338	h0	1	0
3.27014964551746	-0.75	g0338	h0	1	0
3.83306311304342	-0.25	g0338	h0	1	0
4.19586273288701	0.25	g0338	h0	1	0
3.93280658202798	0.75	g0338	h0	1	0
4.06953639651188	1.25	g0338	h0	1	0
4.70457484696273	1.75	g0338	h0	1	0
3.40918778173993	-1.75	g0339	h0	1	0
3.1350407371017	-1.25	g0339	h0	1	0
3.52176469432078	-0.75	g0339	h0	1	0
4.01768618480045	-0.25	g0339	h0	1	0
3.81789845073589	0.25	g0339	h0	1	0
3.73087124570542	0.75	g0339	h0	1	0
4.30357830952664	1.25	g0339	h0	1	0
4.55304417972379	1.75	g0339	h0	1	0
2.40272337550998	-1.75	g0340	h0	1	0
2.59997442039719	-1.25	g0340	h0	1	0
3.19405226689478	-0.75	g0340	h0	1	0
3.16070650544032	-0.25	g0340	h0	1	0
2.93070626055933	0.25	g0340	h0	1	0
3.39086998489465	0.75	g0340	h0	1	0
3.82749928058205	1.25	g0340	h0	1	0
3.58147299704629	1.75	g0340	h0	1	0
1.2673383549219	-1.75	g0341	h0	1	0
1.90853660708446	-1.25	g0341	h0	1	0
2.11517723984829	-0.75	g0341	h0	1	0
1.85479582151715	-0.25	g0341	h0	1	0
2.17797006063422	0.25	g0341	h0	1	0
2.78198959998714	0.75	g0341	h0	1	0
2.71285300450066	1.25	g0341	h0	1	0
2.57763386603262	1.75	g0341	h0	1	0
0.512286705957263	-1.75	g0342	h0	1	0
0.989393099953656	-1.25	g0342	h0	1	0
0.821841133785222	-0.75	g0342	h0	1	0
1.0153665014837	-0.25	g0342	h0	1	0
1.73835264027377	0.25	g0342	h0	1	0
1.93134304844944	0.75	g0342	h0	1	0
1.76396175499147	1.25	g0342	h0	1	0
2.24154865733667	1.75	g0342	h0	1	0
0.0713737134085536	-1.75	g0343	h0	1	0
0.106670881753225	-1.25	g0343	h0	1	0
0.208872039683785	-0.75	g0343	h0	1	0
0.984020434268543	-0.25	g0343	h0	1	0
1.47756872858679	0.25	g0343	h0	1	0
1.3880110739499	0.75	g0343	h0	1	0
1.76608679609271	1.25	g0343	h0	1	0
2.57807539268135	1.75	g0343	h0	1	0
-0.209418243373492	-1.75	g0344	h0	1	0
-0.136727045344684	-1.25	g0344	h0	1	0
0.61877837359677	-0.75	g0344	h0	1	0
1.39699345270785	-0.25	g0344	h0	1	0
1.48514905385253	0.25	g0344	h0	1	0
1.7707505701651	0.75	g0344	h0	1	0
2.68341870594473	1.25	g0344	h0	1	0
3.19858250146112	1.75	g0344	h0	1	0
-0.166938964067424	-1.75	g0345	h0	1	0
0.505975665975225	-1.25	g0345	h0	1	0
1.50140051761545	-0.75	g0345	h0	1	0
1.83682962677126	-0.25	g0345	h0	1	0
2.06031259908858	0.25	g0345	h0	1	0
2.97950644707702	0.75	g0345	h0	1	0
3.78868784283661	1.25	g0345	h0	1	0
3.93725657617771	1.75	g0345	h0	1	0
0.353830324593456	-1.75	g0346	h0	1	0
1.4599893387085	-1.25	g0346	h0	1	0
2.06726419618834	-0.75	g0346	h0	1	0
2.27542873637621	-0.25	g0346	h0	1	0
3.1098090101607	0.25	g0346	h0	1	0
4.1435126415366	0.75	g0346	h0	1	0
4.48740870430734	1.25	g0346	h0	1	0
4.85205661602727	1.75	g0346	h0	1	0
0.976998391404725	-1.75	g0347	h0	1	0
1.8296259436878	-1.25	g0347	h0	1	0
2.0752257960051	-0.75	g0347	h0	1	0
2.75320570176081	-0.25	g0347	h0	1	0
3.90026740213797	0.25	g0347	h0	1	0
4.4652938734396	0.75	g0347	h0	1	0
4.74693022571471	1.25	g0347	h0	1	0
5.7010141797544	1.75	g0347	h0	1	0
0.990671708684338	-1.75	g0348	h0	1	0
1.3205040505415	-1.25	g0348	h0	1	0
1.80302797467245	-0.75	g0348	h0	1	0
2.93125189200452	-0.25	g0348	h0	1	0
3.70078103742832	0.25	g0348	h0	1	0
3.93904764961113	0.75	g0348	h0	1	0
4.70550226203371	1.25	g0348	h0	1	0
5.83470707391675	1.75	g0348	h0	1	0
0.16402078812152	-1.75	g0349	h0	1	0
0.450769457617364	-1.25	g0349	h0	1	0
1.43162701291875	-0.75	g0349	h0	1	0
2.34835219594101	-0.25	g0349	h0	1	0
2.59142919222481	0.25	g0349	h0	1	0
3.1135583015666	0.75	g0349	h0	1	0
4.22030721609272	1.25	g0349	h0	1	0
4.86148776255108	1.75	g0349	h0	1	0
-0.874512893474846	-1.75	g0350	h0	1	0
-0.141900813023379	-1.25	g0350	h0	1	0
0.833875330750133	-0.75	g0350	h0	1	0
1.12737629527995	-0.25	g0350	h0	1	0
1.39538528044723	0.25	g0350	h0	1	0
2.35380236899363	0.75	g0350	h0	1	0
3.11744463661834	1.25	g0350	h0	1	0
3.25281947732832	1.75	g0350	h0	1	0
-1.26085928915859	-1.75	g0351	h0	1	0
-0.328917006263692	-1.25	g0351	h0	1	0
0.0475947296864982	-0.75	g0351	h0	1	0
0.099132046349397	-0.25	g0351	h0	1	0
0.809779277507845	0.25	g0351	h0	1	0
1.63511945647228	0.75	g0351	h0	1	0
1.76475824916547	1.25	g0351	h0	1	0
2.00165965563608	1.75	g0351	h0	1	0
-0.770201291262284	-1.75	g0352	h0	1	0
-0.298739967845058	-1.25	g0352	h0	1	0
-0.38720902819437	-0.75	g0352	h0	1	0
0.0212616754937843	-0.25	g0352	h0	1	0
0.831119821139587	0.25	g0352	h0	1	0
1.01598013523465	0.75	g0352	h0	1	0
0.998851409369947	1.25	g0352	h0	1	0
1.67116280550208	1.75	g0352	h0	1	0
0.117586493083276	-1.75	g0353	h0	1	0
-0.0115820010745274	-1.25	g0353	h0	1	0
0.0953474396577201	-0.75	g0353	h0	1	0
0.810659875965687	-0.25	g0353	h0	1	0
1.09577674856569	0.25	g0353	h0	1	0
0.909759594497681	0.75	g0353	h0	1	0
1.30424792091174	1.25	g0353	h0	1	0
1.98466664717187	1.75	g0353	h0	1	0
0.910888535946308	-1.75	g0354	h0	1	0
0.771480988516142	-1.25	g0354	h0	1	0
1.32665229622469	-0.75	g0354	h0	1	0
1.73184934978642	-0.25	g0354	h0	1	0
1.49031511680548	0.25	g0354	h0	1	0
1.60508734993883	0.75	g0354	h0	1	0
2.25291537127184	1.25	g0354	h0	1	0
2.37437158069771	1.75	g0354	h0	1	0
1.54131347284643	-1.75	g0355	h0	1	0
1.89739819249176	-1.25	g0355	h0	1	0
2.41350864997469	-0.75	g0355	h0	1	0
2.23570463920936	-0.25	g0355	h0	1	0
2.11926035645417	0.25	g0355	h0	1	0
2.6771544232881	0.75	g0355	h0	1	0
2.95854883277748	1.25	g0355	h0	1	0
2.65381894246208	1.75	g0355	h0	1	0
2.02815288094841	-1.75	g0356	h0	1	0
2.61951969827561	-1.25	g0356	h0	1	0
2.6075715717309	-0.75	g0356	h0	1	0
2.34985293156804	-0.25	g0356	h0	1	0
2.77385950360096	0.25	g0356	h0	1	0
3.22613996598174	0.75	g0356	h0	1	0
2.98767475518445	1.25	g0356	h0	1	0
2.94131015210225	1.75	g0356	h0	1	0
2.04671363556923	-1.75	g0357	h0	1	0
2.26651983058251	-1.25	g0357	h0	1	0
1.98222512680291	-0.75	g0357	h0	1	0
2.2516800737245	-0.25	g0357	h0	1	0
2.84856843375751	0.25	g0357	h0	1	0
2.78724326171352	0.75	g0357	h0	1	0
2.60848016749282	1.25	g0357	h0	1	0
3.12539782976763	1.75	g0357	h0	1	0
1.20565407570668	-1.75	g0358	h0	1	0
1.0130422809069	-1.25	g0358	h0	1	0
1.13625280336395	-0.75	g0358	h0	1	0
1.82104153180507	-0.25	g0358	h0	1	0
2.01084284638039	0.25	g0358	h0	1	0
1.79698602181274	0.75	g0358	h0	1	0
2.20689911856148	1.25	g0358	h0	1	0
2.82146370315656	1.75	g0358	h0	1	0
-0.272033071025249	-1.75	g0359	h0	1	0
-0.257593235734483	-1.25	g0359	h0	1	0
0.441063399251639	-0.75	g0359	h0	1	0
0.906242761297908	-0.25	g0359	h0	1	0
0.761693574290314	0.25	g0359	h0	1	0
1.04514857247148	0.75	g0359	h0	1	0
1.80178228502423	1.25	g0359	h0	1	0
1.97944956141373	1.75	g0359	h0	1	0
-1.48845158210161	-1.75	g0360	h0	1	0
-0.850661086412978	-1.25	g0360	h0	1	0
-0.138478795311252	-0.75	g0360	h0	1	0
-0.121028597863961	-0.25	g0360	h0	1	0
0.0436761240425572	0.25	g0360	h0	1	0
0.856133069623161	0.75	g0360	h0	1	0
1.31467756047548	1.25	g0360	h0	1	0
1.23838154407459	1.75	g0360	h0	1	0
-1.68686652977778	-1.75	g0361	h0	1	0
-0.801262054522207	-1.25	g0361	h0	1	0
-0.557448164858555	-0.75	g0361	h0	1	0
-0.476368068088851	-0.25	g0361	h0	1	0
0.298420967611249	0.25	g0361	h0	1	0
1.01462390213266	0.75	g0361	h0	1	0
1.05580912250037	1.25	g0361	h0	1	0
1.37093711686653	1.75	g0361	h0	1	0
-0.987186929794662	-1.75	g0362	h0	1	0
-0.492321451227512	-1.25	g0362	h0	1	0
-0.437865883951603	-0.75	g0362	h0	1	0
0.218513441048087	-0.25	g0362	h0	1	0
1.12326579439995	0.25	g0362	h0	1	0
1.34685381917705	0.75	g0362	h0	1	0
1.53938649537468	1.25	g0362	h0	1	0
2.42299135353119	1.75	g0362	h0	1	0
-0.140385447848053	-1.75	g0363	h0	1	0
-0.0441158825732622	-1.25	g0363	h0	1	0
0.442775102581535	-0.75	g0363	h0	1	0
1.43568163740637	-0.25	g0363	h0	1	0
1.87652828505275	0.25	g0363	h0	1	0
1.98748776900685	0.75	g0363	h0	1	0
2.75575386254253	1.25	g0363	h0	1	0
3.64420097207389	1.75	g0363	h0	1	0
0.324933260142757	-1.75	g0364	h0	1	0
0.631256729303928	-1.25	g0364	h0	1	0
1.60076451520265	-0.75	g0364	h0	1	0
2.25693311013957	-0.25	g0364	h0	1	0
2.34988466951526	0.25	g0364	h0	1	0
2.93586336627326	0.75	g0364	h0	1	0
3.92776443551913	1.25	g0364	h0	1	0
4.29713348220802	1.75	g0364	h0	1	0
0.459438049792644	-1.75	g0365	h0	1	0
1.30443373674787	-1.25	g0365	h0	1	0
2.13702712940938	-0.75	g0365	h0	1	0
2.28490521755699	-0.25	g0365	h0	1	0
2.66363617798646	0.25	g0365	h0	1	0
3.65343147726891	0.75	g0365	h0	1	0
4.21742082358001	1.25	g0365	h0	1	0
4.3061943449009	1.75	g0365	h0	1	0
0.440190291545209	-1.75	g0366	h0	1	0
1.3798099608909	-1.25	g0366	h0	1	0
1.64917218950523	-0.75	g0366	h0	1	0
1.84137519527249	-0.25	g0366	h0	1	0
2.72845240835544	0.25	g0366	h0	1	0
3.47099718467716	0.75	g0366	h0	1	0
3.56477917275059	1.25	g0366	h0	1	0
4.01007393691142	1.75	g0366	h0	1	0
0.138853153906101	-1.75	g0367	h0	1	0
0.574819239327665	-1.25	g0367	h0	1	0
0.640934636345263	-0.75	g0367	h0	1	0
1.34776083858506	-0.25	g0367	h0	1	0
2.22002628289278	0.25	g0367	h0	1	0
2.39879942605849	0.75	g0367	h0	1	0
2.63338410542254	1.25	g0367	h0	1	0
3.54365505434081	1.75	g0367	h0	1	0
-0.589329963848073	-1.75	g0368	h0	1	0
-0.563355587279248	-1.25	g0368	h0	1	0
-0.0780524672284931	-0.75	g0368	h0	1	0
0.849812184483052	-0.25	g0368	h0	1	0
1.17715390331862	0.25	g0368	h0	1	0
1.25352405630383	0.75	g0368	h0	1	0
2.01048674665218	1.25	g0368	h0	1	0
2.80128574651686	1.75	g0368	h0	1	0
-1.36578412461547	-1.75	g0369	h0	1	0
-1.10113167521281	-1.25	g0369	h0	1	0
-0.204669815928958	-0.75	g0369	h0	1	0
0.303477489519433	-0.25	g0369	h0	1	0
0.303702697327702	0.25	g0369	h0	1	0
0.854289188569696	0.75	g0369	h0	1	0
1.7372113115502	1.25	g0369	h0	1	0
1.96374427299839	1.75	g0369	h0	1	0
-1.4366747496993	-1.75	g0370	h0	1	0
-0.656341675430415	-1.25	g0370	h0	1	0
0.0249884298227557	-0.75	g0370	h0	1	0
0.0422982214485844	-0.25	g0370	h0	1	0
0.370459060190883	0.25	g0370	h0	1	0
1.26346674518967	0.75	g0370	h0	1	0
1.6654154642097	1.25	g0370	h0	1	0
1.65918407749628	1.75	g0370	h0	1	0
-0.492173710572817	-1.75	g0371	h0	1	0
0.314715794274098	-1.25	g0371	h0	1	0
0.43333373320483	-0.75	g0371	h0	1	0
0.561570324917047	-0.25	g0371	h0	1	0
1.37500976150781	0.25	g0371	h0	1	0
1.96022442315823	0.75	g0371	h0	1	0
1.93304874122541	1.25	g0371	h0	1	0
2.32947396154915	1.75	g0371	h0	1	0
0.886014926656039	-1.75	g0372	h0	1	0
1.16345813616616	-1.25	g0372	h0	1	0
1.14737773760486	-0.75	g0372	h0	1	0
1.80080324446269	-0.25	g0372	h0	1	0
2.5341541660393	0.25	g0372	h0	1	0
2.572499893768	0.75	g0372	h0	1	0
2.75265365614	1.25	g0372	h0	1	0
3.58257038259361	1.75	g0372	h0	1	0
1.7889020701715	-1.75	g0373	h0	1	0
1.70600114396148	-1.25	g0373	h0	1	0
2.14397300842233	-0.75	g0373	h0	1	0
2.95415059642033	-0.25	g0373	h0	1	0
3.12470741936909	0.25	g0373	h0	1	0
3.12712220027983	0.75	g0373	h0	1	0
3.82280153954383	1.25	g0373	h0	1	0
4.46544480130823	1.75	g0373	h0	1	0
1.87742200080941	-1.75	g0374	h0	1	0
2.0811594025573	-1.25	g0374	h0	1	0
2.87547817815476	-0.75	g0374	h0	1	0
3.21256284026423	-0.25	g0374	h0	1	0
3.10494143715031	0.25	g0374	h0	1	0
3.59643252579718	0.75	g0374	h0	1	0
4.34148969894499	1.25	g0374	h0	1	0
4.40653702437692	1.75	g0374	h0	1	0
1.52250967018807	-1.75	g0375	h0	1	0
2.20668726979951	-1.25	g0375	h0	1	0
2.70680518660124	-0.75	g0375	h0	1	0
2.57395324201277	-0.25	g0375	h0	1	0
2.82710276707306	0.25	g0375	h0	1	0
3.5900728043078	0.75	g0375	h0	1	0
3.80438897487494	1.25	g0375	h0	1	0
3.68392636739968	1.75	g0375	h0	1	0
1.15100344651488	-1.75	g0376	h0	1	0
1.77546503569625	-1.25	g0376	h0	1	0
1.70437459576516	-0.75	g0376	h0	1	0
1.72953068041873	-0.25	g0376	h0	1	0
2.41953244252875	0.25	g0376	h0	1	0
2.80117627907344	0.75	g0376	h0	1	0
2.61635250364822	1.25	g0376	h0	1	0
2.92061165939326	1.75	g0376	h0	1	0
0.786820025651319	-1.75	g0377	h0	1	0
0.851615691113466	-1.25	g0377	h0	1	0
0.703792358042314	-0.75	g0377	h0	1	0
1.24382902089926	-0.25	g0377	h0	1	0
1.77703082651247	0.25	g0377	h0	1	0
1.62455321914264	0.75	g0377	h0	1	0
1.69766863477283	1.25	g0377	h0	1	0
2.38449059241379	1.75	g0377	h0	1	0
0.362565101219101	-1.75	g0378	h0	1	0
0.13275413337088	-1.25	g0378	h0	1	0
0.477236941569151	-0.75	g0378	h0	1	0
1.1177650807346	-0.25	g0378	h0	1	0
1.08954957069579	0.25	g0378	h0	1	0
0.978643733925155	0.75	g0378	h0	1	0
1.56286294830698	1.25	g0378	h0	1	0
2.00800080095827	1.75	g0378	h0	1	0
0.180076333290467	-1.75	g0379	h0	1	0
0.325856561983343	-1.25	g0379	h0	1	0
1.01177995454955	-0.75	g0379	h0	1	0
1.17868028442974	-0.25	g0379	h0	1	0
0.971025815827919	0.25	g0379	h0	1	0
1.40189182975528	0.75	g0379	h0	1	0
2.00359999320523	1.25	g0379	h0	1	0
1.912282442445	1.75	g0379	h0	1	0
0.676892081417309	-1.75	g0380	h0	1	0
1.34237476883887	-1.25	g0380	h0	1	0
1.74161148830548	-0.75	g0380	h0	1	0
1.54880002514813	-0.25	g0380	h0	1	0
1.81112072372367	0.25	g0380	h0	1	0
2.5202848999367	0.75	g0380	h0	1	0
2.6317566191871	1.25	g0380	h0	1	0
2.48707179567873	1.75	g0380	h0	1	0
1.7305005967446	-1.75	g0381	h0	1	0
2.35913118704413	-1.25	g0381	h0	1	0
2.29577648655419	-0.75	g0381	h0	1	0
2.41379520854366	-0.25	g0381	h0	1	0
3.165934107587	0.25	g0381	h0	1	0
3.53439080227014	0.75	g0381	h0	1	0
3.39113673408032	1.25	g0381	h0	1	0
3.79482033011168	1.75	g0381	h0	1	0
2.52677223064728	-1.75	g0382	h0	1	0
2.68790878501702	-1.25	g0382	h0	1	0
2.72064676434558	-0.75	g0382	h0	1	0
3.44887158659732	-0.25	g0382	h0	1	0
4.08360786990554	0.25	g0382	h0	1	0
4.05268375820692	0.75	g0382	h0	1	0
4.32761951273795	1.25	g0382	h0	1	0
5.17063457401842	1.75	g0382	h0	1	0
2.33209862083694	-1.75	g0383	h0	1	0
2.36110924764682	-1.25	g0383	h0	1	0
3.00887846860543	-0.75	g0383	h0	1	0
3.87191577224165	-0.25	g0383	h0	1	0
4.04751566474718	0.25	g0383	h0	1	0
4.22716650951158	0.75	g0383	h0	1	0
5.09296235547119	1.25	g0383	h0	1	0
5.73580054282785	1.75	g0383	h0	1	0
1.26369626176059	-1.75	g0384	h0	1	0
1.79493321960362	-1.25	g0384	h0	1	0
2.8074515461875	-0.75	g0384	h0	1	0
3.24725207601222	-0.25	g0384	h0	1	0
3.3884902925947	0.25	g0384	h0	1	0
4.19769919346933	0.75	g0384	h0	1	0
5.09236200895613	1.25	g0384	h0	1	0
5.29179104713178	1.75	g0384	h0	1	0
0.105504336470451	-1.75	g0385	h0	1	0
1.16195904976266	-1.25	g0385	h0	1	0
1.8741336417107	-0.75	g0385	h0	1	0
2.04441477877189	-0.25	g0385	h0	1	0
2.73186093933671	0.25	g0385	h0	1	0
3.79620497552389	0.75	g0385	h0	1	0
4.2231390364305	1.25	g0385	h0	1	0
4.47653357605194	1.75	g0385	h0	1	0
-0.54177640914602	-1.75	g0386	h0	1	0
0.398052610225505	-1.25	g0386	h0	1	0
0.660254655018915	-0.75	g0386	h0	1	0
1.18612848402918	-0.25	g0386	h0	1	0
2.30550782387672	0.25	g0386	h0	1	0
2.97186424184988	0.75	g0386	h0	1	0
3.18924692514532	1.25	g0386	h0	1	0
4.00289245966299	1.75	g0386	h0	1	0
-0.674340561995755	-1.75	g0387	h0	1	0
-0.276204806207753	-1.25	g0387	h0	1	0
0.0797551862926171	-0.75	g0387	h0	1	0
1.12798268377636	-0.25	g0387	h0	1	0
1.99752592347167	0.25	g0387	h0	1	0
2.2318088247155	0.75	g0387	h0	1	0
2.84744852106752	1.25	g0387	h0	1	0
3.97668103688639	1.75	g0387	h0	1	0
-0.47109992775981	-1.75	g0388	h0	1	0
-0.261927870835509	-1.25	g0388	h0	1	0
0.600817997905061	-0.75	g0388	h0	1	0
1.59469757435413	-0.25	g0388	h0	1	0
1.89316663100963	0.25	g0388	h0	1	0
2.28236474392029	0.75	g0388	h0	1	0
3.33802731006461	1.25	g0388	h0	1	0
4.09033296709619	1.75	g0388	h0	1	0
0.163131753468379	-1.75	g0389	h0	1	0
0.75926191560162	-1.25	g0389	h0	1	0
1.77030602160421	-0.75	g0389	h0	1	0
2.16386918649838	-0.25	g0389	h0	1	0
2.33951863169287	0.25	g0389	h0	1	0
3.20217189517728	0.75	g0389	h0	1	0
4.06355817625622	1.25	g0389	h0	1	0
4.23834485527507	1.75	g0389	h0	1	0
1.34891046750604	-1.75	g0390	h0	1	0
2.26194323351968	-1.25	g0390	h0	1	0
2.75803080676486	-0.75	g0390	h0	1	0
2.77083053397517	-0.25	g0390	h0	1	0
3.35476290763673	0.25	g0390	h0	1	0
4.23976979589111	0.75	g0390	h0	1	0
4.4575896610842	1.25	g0390	h0	1	0
4.58719339217221	1.75	g0390	h0	1	0
2.68144068864465	-1.75	g0391	h0	1	0
3.26202863383372	-1.25	g0391	h0	1	0
3.18991557920776	-0.75	g0391	h0	1	0
3.45966068342496	-0.25	g0391	h0	1	0
4.27304085611761	0.25	g0391	h0	1	0
4.57112232593357	0.75	g0391	h0	1	0
4.48996887831175	1.25	g0391	h0	1	0
5.04510469177577	1.75	g0391	h0	1	0
3.33359861914067	-1.75	g0392	h0	1	0
3.26625145711504	-1.25	g0392	h0	1	0
3.24360907868492	-0.75	g0392	h0	1	0
3.89921888825169	-0.25	g0392	h0	1	0
4.29373531955802	0.25	g0392	h0	1	0
4.09329841570981	0.75	g0392	h0	1	0
4.34376793955116	1.25	g0392	h0	1	0
5.04533426562291	1.75	g0392	h0	1	0
2.8748634974859	-1.75	g0393	h0	1	0
2.6350121883918	-1.25	g0393	h0	1	0
3.07335736164193	-0.75	g0393	h0	1	0
3.55665682471063	-0.25	g0393	h0	1	0
3.34741765399057	0.25	g0393	h0	1	0
3.31417071506858	0.75	g0393	h0	1	0
3.91731410347257	1.25	g0393	h0	1	0
4.14143221274637	1.75	g0393	h0	1	0
1.78779248470272	-1.75	g0394	h0	1	0
1.988696515439	-1.25	g0394	h0	1	0
2.53167644187858	-0.75	g0394	h0	1	0
2.42204195817189	-0.25	g0394	h0	1	0
2.17854073395357	0.25	g0394	h0	1	0
2.63036257068207	0.75	g0394	h0	1	0
2.99421628670177	1.25	g0394	h0	1	0
2.69081216346141	1.75	g0394	h0	1	0
0.969142364091818	-1.75	g0395	h0	1	0
1.52822433899069	-1.25	g0395	h0	1	0
1.60419835051646	-0.75	g0395	h0	1	0
1.263027045806	-0.25	g0395	h0	1	0
1.5380491413445	0.25	g0395	h0	1	0
2.03362710411839	0.75	g0395	h0	1	0
1.84264584254312	1.25	g0395	h0	1	0
1.650147573231	1.75	g0395	h0	1	0
0.818749792290943	-1.75	g0396	h0	1	0
1.12829881969699	-1.25	g0396	h0	1	0
0.820251757602653	-0.75	g0396	h0	1	0
0.926917917753285	-0.25	g0396	h0	1	0
1.51887066226955	0.25	g0396	h0	1	0
1.54128505627831	0.75	g0396	h0	1	0
1.2601175554978	1.25	g0396	h0	1	0
1.64534273277667	1.75	g0396	h0	1	0
1.02915307497527	-1.75	g0397	h0	1	0
0.878840353085761	-1.25	g0397	h0	1	0
0.859415786227725	-0.75	g0397	h0	1	0
1.49365068156502	-0.25	g0397	h0	1	0
1.78845485478866	0.25	g0397	h0	1	0
1.53789105126172	0.75	g0397	h0	1	0
1.80075137842562	1.25	g0397	h0	1	0
2.44517759209471	1.75	g0397	h0	1	0
1.20087637621166	-1.75	g0398	h0	1	0
1.12463620348283	-1.25	g0398	h0	1	0
1.74063864354549	-0.75	g0398	h0	1	0
2.31471488901643	-0.25	g0398	h0	1	0
2.20992459402965	0.25	g0398	h0	1	0
2.36364509041841	0.75	g0398	h0	1	0
3.11375721919726	1.25	g0398	h0	1	0
3.4150866349074	1.75	g0398	h0	1	0
1.32671986397452	-1.75	g0399	h0	1	0
1.87101482441575	-1.25	g0399	h0	1	0
2.67921292554204	-0.75	g0399	h0	1	0
2.80984073266105	-0.25	g0399	h0	1	0
2.89273644329063	0.25	g0399	h0	1	0
3.66843082678486	0.75	g0399	h0	1	0
4.2708278226622	1.25	g0399	h0	1	0
4.23571469295715	1.75	g0399	h0	1	0
1.51030960732844	-1.75	g0400	h0	1	0
2.46558106897274	-1.25	g0400	h0	1	0
2.87911591229849	-0.75	g0400	h0	1	0
2.94815339095047	-0.25	g0400	h0	1	0
3.66883542766238	0.25	g0400	h0	1	0
4.52611509405943	0.75	g0400	h0	1	0
4.68817029267409	1.25	g0400	h0	1	0
4.93543126780336	1.75	g0400	h0	1	0
1.48301494139731	-1.75	g0401	h0	1	0
2.17612141740482	-1.25	g0401	h0	1	0
2.29636818528826	-0.75	g0401	h0	1	0
2.89771574579703	-0.25	g0401	h0	1	0
3.91843331509549	0.25	g0401	h0	1	0
4.32425489220614	0.75	g0401	h0	1	0
4.50688198634104	1.25	g0401	h0	1	0
5.3756127169043	1.75	g0401	h0	1	0
0.794115223654669	-1.75	g0402	h0	1	0
1.02606541132902	-1.25	g0402	h0	1	0
1.47304591196738	-0.75	g0402	h0	1	0
2.53889926613432	-0.25	g0402	h0	1	0
3.19227800944682	0.25	g0402	h0	1	0
3.35837920103385	0.75	g0402	h0	1	0
4.09241532707699	1.25	g0402	h0	1	0
5.13253586680213	1.75	g0402	h0	1	0
-0.483487570287598	-1.75	g0403	h0	1	0
-0.189995609468354	-1.25	g0403	h0	1	0
0.798989503739621	-0.75	g0403	h0	1	0
1.65982178102648	-0.25	g0403	h0	1	0
1.86604660088879	0.25	g0403	h0	1	0
2.40926927077812	0.75	g0403	h0	1	0
3.49958409263019	1.25	g0403	h0	1	0
4.07835757751832	1.75	g0403	h0	1	0
-1.55499156534997	-1.75	g0404	h0	1	0
-0.745277102580879	-1.25	g0404	h0	1	0
0.246052150718046	-0.75	g0404	h0	1	0
0.545422000761229	-0.25	g0404	h0	1	0
0.883938785022184	0.25	g0404	h0	1	0
1.90192559140472	0.75	g0404	h0	1	0
2.663988332871	1.25	g0404	h0	1	0
2.8282306948239	1.75	g0404	h0	1	0
-1.63372693062499	-1.75	g0405	h0	1	0
-0.611877799334881	-1.25	g0405	h0	1	0
-0.181945506075662	-0.75	g0405	h0	1	0
-0.0184901560310181	-0.25	g0405	h0	1	0
0.821898449644471	0.25	g0405	h0	1	0
1.71279619413924	0.75	g0405	h0	1	0
1.91064632058687	1.25	g0405	h0	1	0
2.27909621543212	1.75	g0405	h0	1	0
-0.750769640446546	-1.75	g0406	h0	1	0
-0.177735738053059	-1.25	g0406	h0	1	0
-0.123891359562621	-0.75	g0406	h0	1	0
0.469938568297291	-0.25	g0406	h0	1	0
1.41068181331056	0.25	g0406	h0	1	0
1.70076078723739	0.75	g0406	h0	1	0
1.85151342966419	1.25	g0406	h0	1	0
2.69738081397112	1.75	g0406	h0	1	0
0.355707694287535	-1.75	g0407	h0	1	0
0.386151467233166	-1.25	g0407	h0	1	0
0.712414292438341	-0.75	g0407	h0	1	0
1.61311198018368	-0.25	g0407	h0	1	0
2.03472374999385	0.25	g0407	h0	1	0
2.03474753389845	0.75	g0407	h0	1	0
2.648360055504	1.25	g0407	h0	1	0
3.4878021017771	1.75	g0407	h0	1	0
1.07081021593439	-1.75	g0408	h0	1	0
1.15859833844901	-1.25	g0408	h0	1	0
1.93428386961858	-0.75	g0408	h0	1	0
2.49758847947309	-0.25	g0408	h0	1	0
2.44075338187958	0.25	g0408	h0	1	0
2.7941476787286	0.75	g0408	h0	1	0
3.63680269181191	1.25	g0408	h0	1	0
3.91313528092085	1.75	g0408	h0	1	0
1.361693025381	-1.75	g0409	h0	1	0
1.94744806924852	-1.25	g0409	h0	1	0
2.62969725317471	-0.75	g0409	h0	1	0
2.61638909876671	-0.25	g0409	h0	1	0
2.72849640903846	0.25	g0409	h0	1	0
3.49614868963205	0.75	g0409	h0	1	0
3.9292413886844	1.25	g0409	h0	1	0
3.8135265212344	1.75	g0409	h0	1	0
1.39908529749238	-1.75	g0410	h0	1	0
2.14789709358038	-1.25	g0410	h0	1	0
2.26384283256379	-0.75	g0410	h0	1	0
2.19548778362928	-0.25	g0410	h0	1	0
2.81879784795991	0.25	g0410	h0	1	0
3.40574086531323	0.75	g0410	h0	1	0
3.31262125934054	1.25	g0410	h0	1	0
3.47283489367302	1.75	g0410	h0	1	0
1.07751920456857	-1.75	g0411	h0	1	0
1.3762046080598	-1.25	g0411	h0	1	0
1.21746748297343	-0.75	g0411	h0	1	0
1.64917953685721	-0.25	g0411	h0	1	0
2.34993806934832	0.25	g0411	h0	1	0
2.37441122442294	0.75	g0411	h0	1	0
2.34559900715971	1.25	g0411	h0	1	0
3.01007225524537	1.75	g0411	h0	1	0
0.226819362338282	-1.75	g0412	h0	1	0
0.0793675274064723	-1.25	g0412	h0	1	0
0.303910157148891	-0.75	g0412	h0	1	0
1.04949129091194	-0.25	g0412	h0	1	0
1.25684659112861	0.25	g0412	h0	1	0
1.1148781768889	0.75	g0412	h0	1	0
1.6225833275739	1.25	g0412	h0	1	0
2.27234128051877	1.75	g0412	h0	1	0
-0.820230488045048	-1.75	g0413	h0	1	0
-0.782659159750985	-1.25	g0413	h0	1	0
-0.0755139935054393	-0.75	g0413	h0	1	0
0.338334267148524	-0.25	g0413	h0	1	0
0.176181709361859	0.25	g0413	h0	1	0
0.491092523142293	0.75	g0413	h0	1	0
1.22980254898956	1.25	g0413	h0	1	0
1.35624091711559	1.75	g0413	h0	1	0
-1.2723911260373	-1.75	g0414	h0	1	0
-0.683011007512967	-1.25	g0414	h0	1	0
-0.083762234897625	-0.75	g0414	h0	1	0
-0.172821451377258	-0.25	g0414	h0	1	0
-0.0521525390804575	0.25	g0414	h0	1	0
0.689913004190213	0.75	g0414	h0	1	0
1.02400093849708	1.25	g0414	h0	1	0
0.86685282667017	1.75	g0414	h0	1	0
-0.679212046763442	-1.75	g0415	h0	1	0
0.0459655483496335	-1.25	g0415	h0	1	0
0.107197474976301	-0.75	g0415	h0	1	0
0.0691789576879207	-0.25	g0415	h0	1	0
0.726770826610273	0.25	g0415	h0	1	0
1.26168661039162	0.75	g0415	h0	1	0
1.14013040829861	1.25	g0415	h0	1	0
1.35069016190532	1.75	g0415	h0	1	0
0.500249196499466	-1.75	g0416	h0	1	0
0.75990609639009	-1.25	g0416	h0	1	0
0.631041011834777	-0.75	g0416	h0	1	0
1.1338806234976	-0.25	g0416	h0	1	0
1.82370406922967	0.25	g0416	h0	1	0
1.82216776742851	0.75	g0416	h0	1	0
1.85421804301349	1.25	g0416	h0	1	0
2.56691265317911	1.75	g0416	h0	1	0
1.33850515625603	-1.75	g0417	h0	1	0
1.20770708496145	-1.25	g0417	h0	1	0
1.51927760091115	-0.75	g0417	h0	1	0
2.29036461623367	-0.25	g0417	h0	1	0
2.47247956660188	0.25	g0417	h0	1	0
2.38298281125371	0.75	g0417	h0	1	0
2.96911272564353	1.25	g0417	h0	1	0
3.61130339262327	1.75	g0417	h0	1	0
1.36524413370243	-1.75	g0418	h0	1	0
1.49192542373477	-1.25	g0418	h0	1	0
2.25941491191232	-0.75	g0418	h0	1	0
2.6572655039804	-0.25	g0418	h0	1	0
2.53223695538073	0.25	g0418	h0	1	0
2.94366590581049	0.75	g0418	h0	1	0
3.7068233742235	1.25	g0418	h0	1	0
3.82130838719887	1.75	g0418	h0	1	0
0.847639468535136	-1.75	g0419	h0	1	0
1.53357973753882	-1.25	g0419	h0	1	0
2.14260927204634	-0.75	g0419	h0	1	0
2.08131439670899	-0.25	g0419	h0	1	0
2.31078958368568	0.25	g0419	h0	1	0
3.11782232141221	0.75	g0419	h0	1	0
3.44982187323023	1.25	g0419	h0	1	0
3.35581777318312	1.75	g0419	h0	1	0
0.213382508143684	-1.75	g0420	h0	1	0
0.993813779304698	-1.25	g0420	h0	1	0
1.08957406784989	-0.75	g0420	h0	1	0
1.17268207680548	-0.25	g0420	h0	1	0
1.9444976333129	0.25	g0420	h0	1	0
2.50924121199125	0.75	g0420	h0	1	0
2.45134118669227	1.25	g0420	h0	1	0
2.79916045186839	1.75	g0420	h0	1	0
-0.464750238356946	-1.75	g0421	h0	1	0
-0.143382840244994	-1.25	g0421	h0	1	0
-0.135577844325784	-0.75	g0421	h0	1	0
0.53533586890439	-0.25	g0421	h0	1	0
1.30825474059315	0.25	g0421	h0	1	0
1.38552131711307	0.75	g0421	h0	1	0
1.58272263480323	1.25	g0421	h0	1	0
2.43731244173215	1.75	g0421	h0	1	0
-1.23093826910817	-1.75	g0422	h0	1	0
-1.20705668148861	-1.25	g0422	h0	1	0
-0.67733116518228	-0.75	g0422	h0	1	0
0.24322264136466	-0.25	g0422	h0	1	0
0.53324322816552	0.25	g0422	h0	1	0
0.633599928947938	0.75	g0422	h0	1	0
1.42499994067905	1.25	g0422	h0	1	0
2.18559438244286	1.75	g0422	h0	1	0
-1.75641884165034	-1.75	g0423	h0	1	0
-1.37642703263227	-1.25	g0423	h0	1	0
-0.394386131428088	-0.75	g0423	h0	1	0
0.147438437671766	-0.25	g0423	h0	1	0
0.227659894913347	0.25	g0423	h0	1	0
0.895366871791262	0.75	g0423	h0	1	0
1.83724643213406	1.25	g0423	h0	1	0
2.10416884933273	1.75	g0423	h0	1	0
-1.49716389125337	-1.75	g0424	h0	1	0
-0.550325447002991	-1.25	g0424	h0	1	0
0.234022304546274	-0.75	g0424	h0	1	0
0.376482999844817	-0.25	g0424	h0	1	0
0.886221103603227	0.25	g0424	h0	1	0
1.92067061173011	0.75	g0424	h0	1	0
2.4204395457233	1.25	g0424	h0	1	0
2.56608079048951	1.75	g0424	h0	1	0
-0.414897021443479	-1.75	g0425	h0	1	0
0.554042141673763	-1.25	g0425	h0	1	0
0.82826251858699	-0.75	g0425	h0	1	0
1.17662609376693	-0.25	g0425	h0	1	0
2.1960539166754	0.25	g0425	h0	1	0
2.9272431766937	0.75	g0425	h0	1	0
3.07932740217246	1.25	g0425	h0	1	0
3.70440702112065	1.75	g0425	h0	1	0
0.753027310407335	-1.75	g0426	h0	1	0
1.1998442041084	-1.25	g0426	h0	1	0
1.41294831401839	-0.75	g0426	h0	1	0
2.31022391741434	-0.25	g0426	h0	1	0
3.22293522329503	0.25	g0426	h0	1	0
3.44655045154941	0.75	g0426	h0	1	0
3.87457819080896	1.25	g0426	h0	1	0
4.92648653656018	1.75	g0426	h0	1	0
1.1751247864808	-1.75	g0427	h0	1	0
1.30175911751801	-1.25	g0427	h0	1	0
1.98982403343581	-0.75	g0427	h0	1	0
2.99393402527654	-0.25	g0427	h0	1	0
3.33578286944592	0.25	g0427	h0	1	0
3.5728734740373	0.75	g0427	h0	1	0
4.50564714316694	1.25	g0427	h0	1	0
5.32122933563029	1.75	g0427	h0	1	0
0.771901117284353	-1.75	g0428	h0	1	0
1.19992753819141	-1.25	g0428	h0	1	0
2.1818549311984	-0.75	g0428	h0	1	0
2.65985377260551	-0.25	g0428	h0	1	0
2.74472427637275	0.25	g0428	h0	1	0
3.45894642658602	0.75	g0428	h0	1	0
4.36550947765007	1.25	g0428	h0	1	0
4.58135672013421	1.75	g0428	h0	1	0
0.184904457024019	-1.75	g0429	h0	1	0
1.02966096074526	-1.25	g0429	h0	1	0
1.62888087171124	-0.75	g0429	h0	1	0
1.6246613710713	-0.25	g0429	h0	1	0
2.05849889814271	0.25	g0429	h0	1	0
2.9560187578349	0.75	g0429	h0	1	0
3.26754905070629	1.25	g0429	h0	1	0
3.30235027273314	1.75	g0429	h0	1	0
-0.0212110029186331	-1.75	g0430	h0	1	0
0.654558215793581	-1.25	g0430	h0	1	0
0.636395051729258	-0.75	g0430	h0	1	0
0.77801429340181	-0.25	g0430	h0	1	0
1.56258917079185	0.25	g0430	h0	1	0
1.9822540086429	0.75	g0430	h0	1	0
1.87538358071031	1.25	g0430	h0	1	0
2.30140824009241	1.75	g0430	h0	1	0
0.148710309424032	-1.75	g0431	h0	1	0
0.189565197549236	-1.25	g0431	h0	1	0
0.0802016938717418	-0.75	g0431	h0	1	0
0.665402738894826	-0.25	g0431	h0	1	0
1.17922930914789	0.25	g0431	h0	1	0
1.02126253964534	0.75	g0431	h0	1	0
1.14899821800004	1.25	g0431	h0	1	0
1.85737714138378	1.75	g0431	h0	1	0
0.46856313014278	-1.75	g0432	h0	1	0
0.195521748776048	-1.25	g0432	h0	1	0
0.530742043927118	-0.75	g0432	h0	1	0
1.10229544699702	-0.25	g0432	h0	1	0
0.990187801456803	0.25	g0432	h0	1	0
0.859861277710475	0.75	g0432	h0	1	0
1.4190083270619	1.25	g0432	h0	1	0
1.77640560552126	1.75	g0432	h0	1	0
0.996851689394196	-1.75	g0433	h0	1	0
1.07886005389318	-1.25	g0433	h0	1	0
1.65798313089204	-0.75	g0433	h0	1	0
1.67732425155306	-0.25	g0433	h0	1	0
1.37814268344008	0.25	g0433	h0	1	0
1.7403640884676	0.75	g0433	h0	1	0
2.21009513668197	1.25	g0433	h0	1	0
1.98412349107117	1.75	g0433	h0	1	0
1.90764342143457	-1.75	g0434	h0	1	0
2.44207365834763	-1.25	g0434	h0	1	0
2.65175056948738	-0.75	g0434	h0	1	0
2.30584640995985	-0.25	g0434	h0	1	0
2.46194735545769	0.25	g0434	h0	1	0
3.01347039076971	0.75	g0434	h0	1	0
2.9368334308416	1.25	g0434	h0	1	0
2.66518163521603	1.75	g0434	h0	1	0
2.91123208028649	-1.75	g0435	h0	1	0
3.33338506481703	-1.25	g0435	h0	1	0
3.07321401297599	-0.75	g0435	h0	1	0
3.05597275218955	-0.25	g0435	h0	1	0
3.64355155945896	0.25	g0435	h0	1	0
3.79523965808552	0.75	g0435	h0	1	0
3.4811736283469	1.25	g0435	h0	1	0
3.75159182907062	1.75	g0435	h0	1	0
3.24003071911035	-1.75	g0436	h0	1	0
3.18356590761835	-1.25	g0436	h0	1	0
3.06271976673683	-0.75	g0436	h0	1	0
3.63599942810427	-0.25	g0436	h0	1	0
4.05220752932029	0.25	g0436	h0	1	0
3.82440171110093	0.75	g0436	h0	1	0
3.95913272013831	1.25	g0436	h0	1	0
4.62221442488271	1.75	g0436	h0	1	0
2.42253273094266	-1.75	g0437	h0	1	0
2.29215247970002	-1.25	g0437	h0	1	0
2.80737909662788	-0.75	g0437	h0	1	0
3.475541215675	-0.25	g0437	h0	1	0
3.44930414569545	0.25	g0437	h0	1	0
3.49167168405918	0.75	g0437	h0	1	0
4.2065508966729	1.25	g0437	h0	1	0
4.63826835146109	1.75	g0437	h0	1	0
0.899916774306028	-1.75	g0438	h0	1	0
1.32948355170614	-1.25	g0438	h0	1	0
2.19162622973244	-0.75	g0438	h0	1	0
2.44686340071704	-0.25	g0438	h0	1	0
2.46315092409347	0.25	g0438	h0	1	0
3.16257810363327	0.75	g0438	h0	1	0
3.88300704535824	1.25	g0438	h0	1	0
3.91359595916287	1.75	g0438	h0	1	0
-0.355171570160175	-1.75	g0439	h0	1	0
0.609517269322567	-1.25	g0439	h0	1	0
1.17530060970439	-0.75	g0439	h0	1	0
1.24202556117111	-0.25	g0439	h0	1	0
1.86687487655682	0.25	g0439	h0	1	0
2.81271939301363	0.75	g0439	h0	1	0
3.09802970201058	1.25	g0439	h0	1	0
3.27308068578016	1.75	g0439	h0	1	0
-0.773485916430751	-1.75	g0440	h0	1	0
0.0752911431583645	-1.25	g0440	h0	1	0
0.263993422467751	-0.75	g0440	h0	1	0
0.774984364439115	-0.25	g0440	h0	1	0
1.84322757903877	0.25	g0440	h0	1	0
2.41139717387339	0.75	g0440	h0	1	0
2.58185725867618	1.25	g0440	h0	1	0
3.37927562868828	1.75	g0440	h0	1	0
-0.538366451446707	-1.75	g0441	h0	1	0
-0.175803144056007	-1.25	g0441	h0	1	0
0.209219929449612	-0.75	g0441	h0	1	0
1.2771050993799	-0.25	g0441	h0	1	0
2.10467117002887	0.25	g0441	h0	1	0
2.32604620125108	0.75	g0441	h0	1	0
2.98113864206066	1.25	g0441	h0	1	0
4.10404954878656	1.75	g0441	h0	1	0
-0.0520927497924822	-1.75	g0442	h0	1	0
0.223527482634215	-1.25	g0442	h0	1	0
1.17203147300563	-0.75	g0442	h0	1	0
2.18768831567191	-0.25	g0442	h0	1	0
2.50903705176158	0.25	g0442	h0	1	0
2.98474398720612	0.75	g0442	h0	1	0
4.1055128131078	1.25	g0442	h0	1	0
4.86612382939421	1.75	g0442	h0	1	0
0.604750404493638	-1.75	g0443	h0	1	0
1.34094892207938	-1.25	g0443	h0	1	0
2.4384384651901	-0.75	g0443	h0	1	0
2.89136370094413	-0.25	g0443	h0	1	0
3.18863877324292	0.25	g0443	h0	1	0
4.1801365553709	0.75	g0443	h0	1	0
5.10580069415929	1.25	g0443	h0	1	0
5.35824559323752	1.75	g0443	h0	1	0
1.4759067424962	-1.75	g0444	h0	1	0
2.53357595910878	-1.25	g0444	h0	1	0
3.12440847333507	-0.75	g0444	h0	1	0
3.28048814449473	-0.25	g0444	h0	1	0
4.04210743474771	0.25	g0444	h0	1	0
5.04528908595934	0.75	g0444	h0	1	0
5.36586341267738	1.25	g0444	h0	1	0
5.66265342953513	1.75	g0444	h0	1	0
2.22992125177211	-1.75	g0445	h0	1	0
2.93677490617628	-1.25	g0445	h0	1	0
3.01609696676698	-0.75	g0445	h0	1	0
3.49204043859796	-0.25	g0445	h0	1	0
4.46897798425906	0.25	g0445	h0	1	0
4.88945769575305	0.75	g0445	h0	1	0
4.98647483402499	1.25	g0445	h0	1	0
5.74314683683884	1.75	g0445	h0	1	0
2.27763213631178	-1.75	g0446	h0	1	0
2.35736042063353	-1.25	g0446	h0	1	0
2.54603930433849	-0.75	g0446	h0	1	0
3.39566727785792	-0.25	g0446	h0	1	0
3.92547641268524	0.25	g0446	h0	1	0
3.89637099629135	0.75	g0446	h0	1	0
4.36539970664468	1.25	g0446	h0	1	0
5.2344189786631	1.75	g0446	h0	1	0
1.49736440831436	-1.75	g0447	h0	1	0
1.45021186909082	-1.25	g0447	h0	1	0
2.09272628995977	-0.75	g0447	h0	1	0
2.7155636580381	-0.25	g0447	h0	1	0
2.65501180441683	0.25	g0447	h0	1	0
2.83216451003548	0.75	g0447	h0	1	0
3.6168695194204	1.25	g0447	h0	1	0
3.97003736345754	1.75	g0447	h0	1	0
0.569218605502531	-1.75	g0448	h0	1	0
0.96077131182696	-1.25	g0448	h0	1	0
1.63669579990539	-0.75	g0448	h0	1	0
1.64044922335367	-0.25	g0448	h0	1	0
1.57427934693149	0.25	g0448	h0	1	0
2.20258876334851	0.75	g0448	h0	1	0
2.67925581296969	1.25	g0448	h0	1	0
2.50982333058881	1.75	g0448	h0	1	0
0.343027794715946	-1.75	g0449	h0	1	0
1.01574048605354	-1.25	g0449	h0	1	0
1.16096563548147	-0.75	g0449	h0	1	0
0.942523500548634	-0.25	g0449	h0	1	0
1.36759279064911	0.25	g0449	h0	1	0
1.95102441309076	0.75	g0449	h0	1	0
1.84042092159725	1.25	g0449	h0	1	0
1.79287905423578	1.75	g0449	h0	1	0
0.960811332684525	-1.75	g0450	h0	1	0
1.29073157401991	-1.25	g0450	h0	1	0
1.03544982422559	-0.75	g0450	h0	1	0
1.24493688478017	-0.25	g0450	h0	1	0
1.89134676907564	0.25	g0450	h0	1	0
1.93359261882749	0.75	g0450	h0	1	0
1.73166726244595	1.25	g0450	h0	1	0
2.21180596819053	1.75	g0450	h0	1	0
1.81131481608487	-1.75	g0451	h0	1	0
1.63671228491533	-1.25	g0451	h0	1	0
1.65585209120757	-0.75	g0451	h0	1	0
2.30372041538705	-0.25	g0451	h0	1	0
2.55725776734758	0.25	g0451	h0	1	0
2.30787338305943	0.75	g0451	h0	1	0
2.61327139254043	1.25	g0451	h0	1	0
3.24459416773699	1.75	g0451	h0	1	0
2.29764511376826	-1.75	g0452	h0	1	0
2.18549256544549	-1.25	g0452	h0	1	0
2.76903475606671	-0.75	g0452	h0	1	0
3.24637685436377	-0.25	g0452	h0	1	0
3.06190613719334	0.25	g0452	h0	1	0
3.19477931343571	0.75	g0452	h0	1	0
3.888220369506	1.25	g0452	h0	1	0
4.08547476854674	1.75	g0452	h0	1	0
2.37066127019063	-1.75	g0453	h0	1	0
2.83466062884249	-1.25	g0453	h0	1	0
3.50167771989207	-0.75	g0453	h0	1	0
3.4793995621437	-0.25	g0453	h0	1	0
3.47401542876936	0.25	g0453	h0	1	0
4.15253669915146	0.75	g0453	h0	1	0
4.59597175673471	1.25	g0453	h0	1	0
4.43050297504318	1.75	g0453	h0	1	0
2.22486382196706	-1.75	g0454	h0	1	0
3.00966021918628	-1.25	g0454	h0	1	0
3.21454445447378	-0.75	g0454	h0	1	0
3.13251839076351	-0.25	g0454	h0	1	0
3.72193993478755	0.25	g0454	h0	1	0
4.38405410656549	0.75	g0454	h0	1	0
4.35152892004687	1.25	g0454	h0	1	0
4.46792783949253	1.75	g0454	h0	1	0
1.78143248506902	-1.75	g0455	h0	1	0
2.23542685334958	-1.25	g0455	h0	1	0
2.15567511513313	-0.75	g0455	h0	1	0
2.60159147158871	-0.25	g0455	h0	1	0
3.41354554777981	0.25	g0455	h0	1	0
3.58305138591	0.75	g0455	h0	1	0
3.59148525869435	1.25	g0455	h0	1	0
4.29375553582625	1.75	g0455	h0	1	0
0.824002967659998	-1.75	g0456	h0	1	0
0.829078843893262	-1.25	g0456	h0	1	0
1.10966736507685	-0.75	g0456	h0	1	0
1.97695874985568	-0.25	g0456	h0	1	0
2.38155665873938	0.25	g0456	h0	1	0
2.34706875972125	0.75	g0456	h0	1	0
2.91535963612367	1.25	g0456	h0	1	0
3.73042665388273	1.75	g0456	h0	1	0
-0.407103104060185	-1.75	g0457	h0	1	0
-0.275183506638145	-1.25	g0457	h0	1	0
0.547609181485845	-0.75	g0457	h0	1	0
1.17933493851732	-0.25	g0457	h0	1	0
1.18114532151563	0.25	g0457	h0	1	0
1.57498992322818	0.75	g0457	h0	1	0
2.47367587024282	1.25	g0457	h0	1	0
2.81926374770448	1.75	g0457	h0	1	0
-1.14021921604345	-1.75	g0458	h0	1	0
-0.446356807494934	-1.25	g0458	h0	1	0
0.366003202820127	-0.75	g0458	h0	1	0
0.482693406591412	-0.25	g0458	h0	1	0
0.702831495028641	0.25	g0458	h0	1	0
1.58563552687437	0.75	g0458	h0	1	0
2.15357569226387	1.25	g0458	h0	1	0
2.15930362568018	1.75	g0458	h0	1	0
-0.819609112625012	-1.75	g0459	h0	1	0
0.0977252799993893	-1.25	g0459	h0	1	0
0.391766677218296	-0.75	g0459	h0	1	0
0.480129154810162	-0.25	g0459	h0	1	0
1.25740413211302	0.25	g0459	h0	1	0
2.02056838398456	0.75	g0459	h0	1	0
2.09932200152786	1.25	g0459	h0	1	0
2.41053972095588	1.75	g0459	h0	1	0
0.225354908765737	-1.75	g0460	h0	1	0
0.730021345255236	-1.25	g0460	h0	1	0
0.760721382304948	-0.75	g0460	h0	1	0
1.36979095330514	-0.25	g0460	h0	1	0
2.26830474620802	0.25	g0460	h0	1	0
2.49610514026756	0.75	g0460	h0	1	0
2.64844474272879	1.25	g0460	h0	1	0
3.49557264557477	1.75	g0460	h0	1	0
1.08678305525666	-1.75	g0461	h0	1	0
1.14997898012323	-1.25	g0461	h0	1	0
1.56616121094379	-0.75	g0461	h0	1	0
2.51787096286744	-0.25	g0461	h0	1	0
2.94574048496185	0.25	g0461	h0	1	0
3.00520771336574	0.75	g0461	h0	1	0
3.70604970523352	1.25	g0461	h0	1	0
4.57067071618161	1.75	g0461	h0	1	0
1.20220613853635	-1.75	g0462	h0	1	0
1.44173013153808	-1.25	g0462	h0	1	0
2.35653133397987	-0.75	g0462	h0	1	0
2.99837847392766	-0.25	g0462	h0	1	0
3.05203127277912	0.25	g0462	h0	1	0
3.566294803889	0.75	g0462	h0	1	0
4.52180009591187	1.25	g0462	h0	1	0
4.87592152402806	1.75	g0462	h0	1	0
0.756359354929073	-1.75	g0463	h0	1	0
1.55179105387909	-1.25	g0463	h0	1	0
2.37935224234406	-0.75	g0463	h0	1	0
2.51571810478917	-0.25	g0463	h0	1	0
2.84047243237346	0.25	g0463	h0	1	0
3.79631890320255	0.75	g0463	h0	1	0
4.36243418652822	1.25	g0463	h0	1	0
4.42179659960121	1.75	g0463	h0	1	0
0.182567549831601	-1.75	g0464	h0	1	0
1.12870109844449	-1.25	g0464	h0	1	0
1.41788113304133	-0.75	g0464	h0	1	0
1.58582121013072	-0.25	g0464	h0	1	0
2.44939502149456	0.25	g0464	h0	1	0
3.2122748123774	0.75	g0464	h0	1	0
3.31164614328469	1.25	g0464	h0	1	0
3.72339627172695	1.75	g0464	h0	1	0
-0.407007335828792	-1.75	g0465	h0	1	0
0.0706933622195032	-1.25	g0465	h0	1	0
0.141598919965985	-0.75	g0465	h0	1	0
0.834555721827328	-0.25	g0465	h0	1	0
1.7358493369759	0.25	g0465	h0	1	0
1.94862423316472	0.75	g0465	h0	1	0
2.17272632988435	1.25	g0465	h0	1	0
3.08173333192988	1.75	g0465	h0	1	0
-1.06776731595325	-1.75	g0466	h0	1	0
-1.02043163204507	-1.25	g0466	h0	1	0
-0.548140836939735	-0.75	g0466	h0	1	0
0.400150533017313	-0.25	g0466	h0	1	0
0.771624258526548	0.25	g0466	h0	1	0
0.851124474144611	0.75	g0466	h0	1	0
1.60059313947586	1.25	g0466	h0	1	0
2.42828955188441	1.75	g0466	h0	1	0
-1.51325834155886	-1.75	g0467	h0	1	0
-1.27428438280615	-1.25	g0467	h0	1	0
-0.38616010961052	-0.75	g0467	h0	1	0
0.151379714831997	-0.25	g0467	h0	1	0
0.151619179052017	0.25	g0467	h0	1	0
0.673862619921991	0.75	g0467	h0	1	0
1.56686702915448	1.25	g0467	h0	1	0
1.81958041995421	1.75	g0467	h0	1	0
-1.18398164673822	-1.75	g0468	h0	1	0
-0.457718100332139	-1.25	g0468	h0	1	0
0.213805760824427	-0.75	g0468	h0	1	0
0.209388034796667	-0.25	g0468	h0	1	0
0.475361417950692	0.25	g0468	h0	1	0
1.3310112008538	0.75	g0468	h0	1	0
1.7281403709671	1.25	g0468	h0	1	0
1.68187889282982	1.75	g0468	h0	1	0
0.0383977255444939	-1.75	g0469	h0	1	0
0.779441382396662	-1.25	g0469	h0	1	0
0.840116260545786	-0.75	g0469	h0	1	0
0.865880892232591	-0.25	g0469	h0	1	0
1.58315201703747	0.25	g0469	h0	1	0
2.11471615935118	0.75	g0469	h0	1	0
2.01402149498517	1.25	g0469	h0	1	0
2.3007487460859	1.75	g0469	h0	1	0
1.44621380875633	-1.75	g0470	h0	1	0
1.62436568446916	-1.25	g0470	h0	1	0
1.46923768878201	-0.75	g0470	h0	1	0
1.9701416977427	-0.25	g0470	h0	1	0
2.59502607851668	0.25	g0470	h0	1	0
2.52432393657811	0.75	g0470	h0	1	0
2.55156033850599	1.25	g0470	h0	1	0
3.24313709211185	1.75	g0470	h0	1	0
2.09561944805149	-1.75	g0471	h0	1	0
1.85218306894512	-1.25	g0471	h0	1	0
2.09904339000362	-0.75	g0471	h0	1	0
2.75495406441831	-0.25	g0471	h0	1	0
2.79006520701308	0.25	g0471	h0	1	0
2.61418497879007	0.75	g0471	h0	1	0
3.12641866341796	1.25	g0471	h0	1	0
3.63010885379918	1.75	g0471	h0	1	0
1.71914239909953	-1.75	g0472	h0	1	0
1.72408878245506	-1.25	g0472	h0	1	0
2.34193502298803	-0.75	g0472	h0	1	0
2.53703382707353	-0.25	g0472	h0	1	0
2.25410550316717	0.25	g0472	h0	1	0
2.5464336975345	0.75	g0472	h0	1	0
3.13326001436415	1.25	g0472	h0	1	0
3.05087355892066	1.75	g0472	h0	1	0
0.853159790645074	-1.75	g0473	h0	1	0
1.37276740959054	-1.25	g0473	h0	1	0
1.7516198392351	-0.75	g0473	h0	1	0
1.48032579530208	-0.25	g0473	h0	1	0
1.55720872895683	0.25	g0473	h0	1	0
2.17315625807936	0.75	g0473	h0	1	0
2.26894442266195	1.25	g0473	h0	1	0
1.99161888126429	1.75	g0473	h0	1	0
0.107691196800196	-1.75	g0474	h0	1	0
0.660691851292696	-1.25	g0474	h0	1	0
0.520518879648569	-0.75	g0474	h0	1	0
0.432309801274496	-0.25	g0474	h0	1	0
1.02069586387003	0.25	g0474	h0	1	0
1.34125810041151	0.75	g0474	h0	1	0
1.0706713211316	1.25	g0474	h0	1	0
1.25650769281049	1.75	g0474	h0	1	0
-0.405419224866982	-1.75	g0475	h0	1	0
-0.316562195393978	-1.25	g0475	h0	1	0
-0.482272236420665	-0.75	g0475	h0	1	0
0.031799604837337	-0.25	g0475	h0	1	0
0.583561890482299	0.25	g0475	h0	1	0
0.443517589112233	0.75	g0475	h0	1	0
0.486495813830978	1.25	g0475	h0	1	0
1.16288938420428	1.75	g0475	h0	1	0
-0.818032461839135	-1.75	g0476	h0	1	0
-0.952989919074227	-1.25	g0476	h0	1	0
-0.53995531188566	-0.75	g0476	h0	1	0
0.208800247133005	-0.25	g0476	h0	1	0
0.30245581601577	0.25	g0476	h0	1	0
0.269392584096445	0.75	g0476	h0	1	0
0.931857524792036	1.25	g0476	h0	1	0
1.49914096654052	1.75	g0476	h0	1	0
-0.986291666415114	-1.75	g0477	h0	1	0
-0.675437506195649	-1.25	g0477	h0	1	0
0.202507821073437	-0.75	g0477	h0	1	0
0.592135511573897	-0.25	g0477	h0	1	0
0.570464185850577	0.25	g0477	h0	1	0
1.1683307386925	0.75	g0477	h0	1	0
1.9798398412443	1.25	g0477	h0	1	0
2.10365085593063	1.75	g0477	h0	1	0
-0.598518259988114	-1.75	g0478	h0	1	0
0.32036694710151	-1.25	g0478	h0	1	0
1.01467655170159	-0.75	g0478	h0	1	0
1.09477389379695	-0.25	g0478	h0	1	0
1.59540422806904	0.25	g0478	h0	1	0
2.57608058874976	0.75	g0478	h0	1	0
2.98307076900385	1.25	g0478	h0	1	0
3.09304293006882	1.75	g0478	h0	1	0
0.213291062253481	-1.75	g0479	h0	1	0
1.16489900578206	-1.25	g0479	h0	1	0
1.42133858583468	-0.75	g0479	h0	1	0
1.81580581692191	-0.25	g0479	h0	1	0
2.86140526982468	0.25	g0479	h0	1	0
3.56124079171679	0.75	g0479	h0	1	0
3.72025611502247	1.25	g0479	h0	1	0
4.39757786136388	1.75	g0479	h0	1	0
0.733610148995714	-1.75	g0480	h0	1	0
1.20916941192457	-1.25	g0480	h0	1	0
1.51284440346857	-0.75	g0480	h0	1	0
2.50944989038785	-0.25	g0480	h0	1	0
3.45686810812301	0.25	g0480	h0	1	0
3.72704846552693	0.75	g0480	h0	1	0
4.26248107715257	1.25	g0480	h0	1	0
5.39052585450988	1.75	g0480	h0	1	0
0.375586238870214	-1.75	g0481	h0	1	0
0.623642067814608	-1.25	g0481	h0	1	0
1.46883933591765	-0.75	g0481	h0	1	0
2.57119255344027	-0.25	g0481	h0	1	0
2.99436167054985	0.25	g0481	h0	1	0
3.3770607488914	0.75	g0481	h0	1	0
4.45185543013703	1.25	g0481	h0	1	0
5.34631497246517	1.75	g0481	h0	1	0
-0.603797976836448	-1.75	g0482	h0	1	0
0.0178483429880088	-1.25	g0482	h0	1	0
1.15193329784857	-0.75	g0482	h0	1	0
1.73974577664153	-0.25	g0482	h0	1	0
1.98940159912624	0.25	g0482	h0	1	0
2.89321490701601	0.75	g0482	h0	1	0
3.92648341552909	1.25	g0482	h0	1	0
4.26429323912627	1.75	g0482	h0	1	0
-1.33528455925434	-1.75	g0483	h0	1	0
-0.300319912132033	-1.25	g0483	h0	1	0
0.429750997667415	-0.75	g0483	h0	1	0
0.591122555985783	-0.25	g0483	h0	1	0
1.23882486817044	0.25	g0483	h0	1	0
2.30006827325009	0.75	g0483	h0	1	0
2.74304537377705	1.25	g0483	h0	1	0
2.969732166793	1.75	g0483	h0	1	0
-1.24566595755758	-1.75	g0484	h0	1	0
-0.426737383229515	-1.25	g0484	h0	1	0
-0.294130691500361	-0.75	g0484	h0	1	0
0.0604148543903482	-0.25	g0484	h0	1	0
1.03047523263603	0.25	g0484	h0	1	0
1.58222379703636	0.75	g0484	h0	1	0
1.6519151236635	1.25	g0484	h0	1	0
2.29371310634361	1.75	g0484	h0	1	0
-0.510684948489299	-1.75	g0485	h0	1	0
-0.3455545163082	-1.25	g0485	h0	1	0
-0.266945004473467	-0.75	g0485	h0	1	0
0.506937297381407	-0.25	g0485	h0	1	0
1.14552169672576	0.25	g0485	h0	1	0
1.13199855269963	0.75	g0485	h0	1	0
1.46182075633427	1.25	g0485	h0	1	0
2.33421010143616	1.75	g0485	h0	1	0
0.404267361366267	-1.75	g0486	h0	1	0
0.274180504481513	-1.25	g0486	h0	1	0
0.781071982689416	-0.75	g0486	h0	1	0
1.46254403587293	-0.25	g0486	h0	1	0
1.45133982044653	0.25	g0486	h0	1	0
1.48654546247538	0.75	g0486	h0	1	0
2.19962083948097	1.25	g0486	h0	1	0
2.65001978162287	1.75	g0486	h0	1	0
1.33823107966006	-1.75	g0487	h0	1	0
1.55515558952908	-1.25	g0487	h0	1	0
2.22187467208524	-0.75	g0487	h0	1	0
2.29288561165076	-0.25	g0487	h0	1	0
2.1041558407559	0.25	g0487	h0	1	0
2.59400151252032	0.75	g0487	h0	1	0
3.12709616938138	1.25	g0487	h0	1	0
2.96781729008414	1.75	g0487	h0	1	0
2.32495100650903	-1.75	g0488	h0	1	0
2.91709674391139	-1.25	g0488	h0	1	0
3.12878545663444	-0.75	g0488	h0	1	0
2.82615665057916	-0.25	g0488	h0	1	0
3.06807198468873	0.25	g0488	h0	1	0
3.65057426462937	0.75	g0488	h0	1	0
3.57987203902184	1.25	g0488	h0	1	0
3.37698028595662	1.75	g0488	h0	1	0
3.0770503904069	-1.75	g0489	h0	1	0
3.45539813915606	-1.25	g0489	h0	1	0
3.16697374267035	-0.75	g0489	h0	1	0
3.18093824546475	-0.25	g0489	h0	1	0
3.76520117749907	0.25	g0489	h0	1	0
3.8651280262608	0.75	g0489	h0	1	0
3.54927832755389	1.25	g0489	h0	1	0
3.85041345899262	1.75	g0489	h0	1	0
3.00801157764567	-1.75	g0490	h0	1	0
2.85555795400066	-1.25	g0490	h0	1	0
2.70329606321269	-0.75	g0490	h0	1	0
3.23780641033062	-0.25	g0490	h0	1	0
3.55301820555629	0.25	g0490	h0	1	0
3.25142245491244	0.75	g0490	h0	1	0
3.36591064128983	1.25	g0490	h0	1	0
3.96445955754683	1.75	g0490	h0	1	0
1.93563788646839	-1.75	g0491	h0	1	0
1.70979821214646	-1.25	g0491	h0	1	0
2.15084002978505	-0.75	g0491	h0	1	0
2.68116444691427	-0.25	g0491	h0	1	0
2.51612278099189	0.25	g0491	h0	1	0
2.48364710250887	0.75	g0491	h0	1	0
3.10424384665149	1.25	g0491	h0	1	0
3.38391932452545	1.75	g0491	h0	1	0
0.521989622586981	-1.75	g0492	h0	1	0
0.844046069485342	-1.25	g0492	h0	1	0
1.54623843662862	-0.75	g0492	h0	1	0
1.61257712026684	-0.25	g0492	h0	1	0
1.50164172092549	0.25	g0492	h0	1	0
2.08311727149468	0.75	g0492	h0	1	0
2.62096111950579	1.25	g0492	h0	1	0
2.48031421272937	1.75	g0492	h0	1	0
-0.262062225331752	-1.75	g0493	h0	1	0
0.536114661074893	-1.25	g0493	h0	1	0
0.884204499735594	-0.75	g0493	h0	1	0
0.780379484030814	-0.25	g0493	h0	1	0
1.27081977598007	0.25	g0493	h0	1	0
2.02358138016249	0.75	g0493	h0	1	0
2.09838706557366	1.25	g0493	h0	1	0
2.12716551211296	1.75	g0493	h0	1	0
-0.0698827232618695	-1.75	g0494	h0	1	0
0.557650987983748	-1.25	g0494	h0	1	0
0.548360667791316	-0.75	g0494	h0	1	0
0.917193507712664	-0.25	g0494	h0	1	0
1.80221451430751	0.25	g0494	h0	1	0
2.14442843651083	0.75	g0494	h0	1	0
2.14363057723262	1.25	g0494	h0	1	0
2.79507378377927	1.75	g0494	h0	1	0
0.619984326387474	-1.75	g0495	h0	1	0
0.778653134565026	-1.25	g0495	h0	1	0
1.024223338711	-0.75	g0495	h0	1	0
1.93735494882634	-0.25	g0495	h0	1	0
2.55060733990591	0.25	g0495	h0	1	0
2.59197135626407	0.75	g0495	h0	1	0
3.11566902955228	1.25	g0495	h0	1	0
4.05737204698699	1.75	g0495	h0	1	0
1.19721288200648	-1.75	g0496	h0	1	0
1.3481480278658	-1.25	g0496	h0	1	0
2.1854677408482	-0.75	g0496	h0	1	0
3.02537970701712	-0.25	g0496	h0	1	0
3.17808007736508	0.25	g0496	h0	1	0
3.54743518567356	0.75	g0496	h0	1	0
4.53488067633043	1.25	g0496	h0	1	0
5.10847676960736	1.75	g0496	h0	1	0
1.52771376154957	-1.75	g0497	h0	1	0
2.20657625707467	-1.25	g0497	h0	1	0
3.18998776376753	-0.75	g0497	h0	1	0
3.50731624645628	-0.25	g0497	h0	1	0
3.73260188020593	0.25	g0497	h0	1	0
4.65333575503312	0.75	g0497	h0	1	0
5.44423768029157	1.25	g0497	h0	1	0
5.58111276142062	1.75	g0497	h0	1	0
1.74726909140261	-1.75	g0498	h0	1	0
2.76845883005986	-1.25	g0498	h0	1	0
3.27695064917478	-0.75	g0498	h0	1	0
3.4029779344284	-0.25	g0498	h0	1	0
4.16372406957478	0.25	g0498	h0	1	0
5.10443495698716	0.75	g0498	h0	1	0
5.35301130087364	1.25	g0498	h0	1	0
5.64244049373918	1.75	g0498	h0	1	0
1.73549167625872	-1.75	g0499	h0	1	0
2.42865290670424	-1.25	g0499	h0	1	0
2.52486955219456	-0.75	g0499	h0	1	0
3.06904675118716	-0.25	g0499	h0	1	0
4.06725184964095	0.25	g0499	h0	1	0
4.47264399184009	0.75	g0499	h0	1	0
4.61313842062627	1.25	g0499	h0	1	0
5.43095838808062	1.75	g0499	h0	1	0
1.18442930305489	-1.75	g0500	h0	1	0
1.32950397906995	-1.25	g0500	h0	1	0
1.64683447844507	-0.75	g0500	h0	1	0
2.60210486682309	-0.25	g0500	h0	1	0
3.18159201459846	0.25	g0500	h0	1	0
3.24302861360715	0.75	g0500	h0	1	0
3.84552654917903	1.25	g0500	h0	1	0
4.7934556091817	1.75	g0500	h0	1	0
0.210870546391246	-1.75	g0501	h0	1	0
0.337348193446543	-1.25	g0501	h0	1	0
1.15900924872856	-0.75	g0501	h0	1	0
1.89653178445259	-0.25	g0501	h0	1	0
1.96571434323752	0.25	g0501	h0	1	0
2.33226163880169	0.75	g0501	h0	1	0
3.27227809682979	1.25	g0501	h0	1	0
3.73197104795539	1.75	g0501	h0	1	0
-0.452298942793295	-1.75	g0502	h0	1	0
0.170561424812932	-1.25	g0502	h0	1	0
1.0176344230708	-0.75	g0502	h0	1	0
1.17878268634494	-0.25	g0502	h0	1	0
1.33455475189916	0.25	g0502	h0	1	0
2.17796676676256	0.75	g0502	h0	1	0
2.80737132692312	1.25	g0502	h0	1	0
2.8174125658346	1.75	g0502	h0	1	0
-0.139913878534557	-1.75	g0503	h0	1	0
0.743229241244165	-1.25	g0503	h0	1	0
1.05905914358668	-0.75	g0503	h0	1	0
1.06783940416295	-0.25	g0503	h0	1	0
1.74189355469557	0.25	g0503	h0	1	0
2.51074932971866	0.75	g0503	h0	1	0
2.58408584196049	1.25	g0503	h0	1	0
2.78451818688062	1.75	g0503	h0	1	0
0.98112180326049	-1.75	g0504	h0	1	0
1.47855340010651	-1.25	g0504	h0	1	0
1.42822926732062	-0.75	g0504	h0	1	0
1.88871709304062	-0.25	g0504	h0	1	0
2.7339919417736	0.25	g0504	h0	1	0
2.94569293807881	0.75	g0504	h0	1	0
2.97474139463499	1.25	g0504	h0	1	0
3.69563690507396	1.75	g0504	h0	1	0
2.0640456197975	-1.75	g0505	h0	1	0
2.04791586990326	-1.25	g0505	h0	1	0
2.28671002444772	-0.75	g0505	h0	1	0
3.1238738164357	-0.25	g0505	h0	1	0
3.51521072242685	0.25	g0505	h0	1	0
3.45041395428177	0.75	g0505	h0	1	0
3.97696829818444	1.25	g0505	h0	1	0
4.77099251483197	1.75	g0505	h0	1	0
2.4717537611362	-1.75	g0506	h0	1	0
2.51794184464588	-1.25	g0506	h0	1	0
3.2572707246452	-0.75	g0506	h0	1	0
3.82704246073486	-0.25	g0506	h0	1	0
3.75776866568791	0.25	g0506	h0	1	0
4.06193217425674	0.75	g0506	h0	1	0
4.88600031806075	1.25	g0506	h0	1	0
5.1707615372298	1.75	g0506	h0	1	0
2.28549072120036	-1.75	g0507	h0	1	0
2.85022952250753	-1.25	g0507	h0	1	0
3.55534795617598	-0.75	g0507	h0	1	0
3.56539700681293	-0.25	g0507	h0	1	0
3.65682035327473	0.25	g0507	h0	1	0
4.4173515454119	0.75	g0507	h0	1	0
4.88303724477509	1.25	g0507	h0	1	0
4.77368217698294	1.75	g0507	h0	1	0
1.89917952844273	-1.75	g0508	h0	1	0
2.66435452938505	-1.25	g0508	h0	1	0
2.81644831978037	-0.75	g0508	h0	1	0
2.74169582952156	-0.25	g0508	h0	1	0
3.35239725828664	0.25	g0508	h0	1	0
3.9712587432157	0.75	g0508	h0	1	0
3.90206293663328	1.25	g0508	h0	1	0
4.04422387456128	1.75	g0508	h0	1	0
1.41847533652521	-1.75	g0509	h0	1	0
1.7435685453864	-1.25	g0509	h0	1	0
1.57863718379836	-0.75	g0509	h0	1	0
1.97940302356297	-0.25	g0509	h0	1	0
2.68971421885755	0.25	g0509	h0	1	0
2.73557131137928	0.75	g0509	h0	1	0
2.68386952193183	1.25	g0509	h0	1	0
3.32774687951092	1.75	g0509	h0	1	0
0.739923126852251	-1.75	g0510	h0	1	0
0.577323603770942	-1.25	g0510	h0	1	0
0.748340503132273	-0.75	g0510	h0	1	0
1.46882515570433	-0.25	g0510	h0	1	0
1.68039199051896	0.25	g0510	h0	1	0
1.50485547482366	0.75	g0510	h0	1	0
1.961737668574	1.25	g0510	h0	1	0
2.60395726471227	1.75	g0510	h0	1	0
0.0819909365803879	-1.75	g0511	h0	1	0
0.0499717812569054	-1.25	g0511	h0	1	0
0.698241212573909	-0.75	g0511	h0	1	0
1.09417913577371	-0.25	g0511	h0	1	0
0.890331950829223	0.25	g0511	h0	1	0
1.13017084527955	0.75	g0511	h0	1	0
1.82824188440186	1.25	g0511	h0	1	0
1.93643312508065	1.75	g0511	h0	1	0
0.0182069490764423	-1.75	g0512	h0	1	0
0.529260635588636	-1.25	g0512	h0	1	0
1.094671722156	-0.75	g0512	h0	1	0
0.966708452251403	-0.25	g0512	h0	1	0
1.00560093166135	0.25	g0512	h0	1	0
1.6846343512053	0.75	g0512	h0	1	0
1.99258238403013	1.25	g0512	h0	1	0
1.77878002046589	1.75	g0512	h0	1	0
0.791980945399564	-1.75	g0513	h0	1	0
1.48309299945239	-1.25	g0513	h0	1	0
1.52491691093317	-0.75	g0513	h0	1	0
1.42363559267366	-0.25	g0513	h0	1	0
2.01729850199491	0.25	g0513	h0	1	0
2.53235264228433	0.75	g0513	h0	1	0
2.37754178269041	1.25	g0513	h0	1	0
2.51505245045848	1.75	g0513	h0	1	0
1.82231907908621	-1.75	g0514	h0	1	0
2.10001567001286	-1.25	g0514	h0	1	0
1.95306083049271	-0.75	g0514	h0	1	0
2.41786633231598	-0.25	g0514	h0	1	0
3.11214813227116	0.25	g0514	h0	1	0
3.12145780544288	0.75	g0514	h0	1	0
3.11982369467538	1.25	g0514	h0	1	0
3.8066531996518	1.75	g0514	h0	1	0
2.17516764592661	-1.75	g0515	h0	1	0
2.09240656981789	-1.25	g0515	h0	1	0
2.41675165361197	-0.75	g0515	h0	1	0
3.23309360335035	-0.25	g0515	h0	1	0
3.48536342641838	0.25	g0515	h0	1	0
3.42559713699026	0.75	g0515	h0	1	0
4.02945452314447	1.25	g0515	h0	1	0
4.73362648652029	1.75	g0515	h0	1	0
1.50170900954181	-1.75	g0516	h0	1	0
1.70785281342345	-1.25	g0516	h0	1	0
2.57082382744579	-0.75	g0516	h0	1	0
3.1026241035462	-0.25	g0516	h0	1	0
3.0832534015704	0.25	g0516	h0	1	0
3.57089822722282	0.75	g0516	h0	1	0
4.44795653213534	1.25	g0516	h0	1	0
4.69376139760451	1.75	g0516	h0	1	0
0.300764465368513	-1.75	g0517	h0	1	0
1.13066910493087	-1.25	g0517	h0	1	0
1.928061203304	-0.75	g0517	h0	1	0
2.04458721226741	-0.25	g0517	h0	1	0
2.41084829240196	0.25	g0517	h0	1	0
3.3783003469291	0.75	g0517	h0	1	0
3.90421423347755	1.25	g0517	h0	1	0
3.96980484256216	1.75	g0517	h0	1	0
-0.743787709505282	-1.75	g0518	h0	1	0
0.25603370675154	-1.25	g0518	h0	1	0
0.5804857601227	-0.75	g0518	h0	1	0
0.847805374638555	-0.25	g0518	h0	1	0
1.80872180249677	0.25	g0518	h0	1	0
2.60548654752268	0.75	g0518	h0	1	0
2.76102519409486	1.25	g0518	h0	1	0
3.28529136824027	1.75	g0518	h0	1	0
-1.41182393610224	-1.75	g0519	h0	1	0
-0.846981962697792	-1.25	g0519	h0	1	0
-0.634795799393095	-0.75	g0519	h0	1	0
0.225673383243946	-0.25	g0519	h0	1	0
1.23197110143447	0.25	g0519	h0	1	0
1.54346087574526	0.75	g0519	h0	1	0
1.93079263352079	1.25	g0519	h0	1	0
2.98873581873403	1.75	g0519	h0	1	0
-1.79553965003929	-1.75	g0520	h0	1	0
-1.58389887111815	-1.25	g0520	h0	1	0
-0.898011054979537	-0.75	g0520	h0	1	0
0.214730000878071	-0.25	g0520	h0	1	0
0.717041380809846	0.25	g0520	h0	1	0
0.987250119772208	0.75	g0520	h0	1	0
1.94193822471111	1.25	g0520	h0	1	0
2.91035366612052	1.75	g0520	h0	1	0
-1.77258511464134	-1.75	g0521	h0	1	0
-1.30269390186005	-1.25	g0521	h0	1	0
-0.209680139640602	-0.75	g0521	h0	1	0
0.478488294708322	-0.25	g0521	h0	1	0
0.672695446040019	0.25	g0521	h0	1	0
1.42934061678518	0.75	g0521	h0	1	0
2.50050766030873	1.25	g0521	h0	1	0
2.9088920821511	1.75	g0521	h0	1	0
-1.0348317120872	-1.75	g0522	h0	1	0
-0.0872416757193001	-1.25	g0522	h0	1	0
0.741472914455919	-0.75	g0522	h0	1	0
0.912447855145437	-0.25	g0522	h0	1	0
1.4121425461475	0.25	g0522	h0	1	0
2.46470261410385	0.75	g0522	h0	1	0
3.01215756348031	1.25	g0522	h0	1	0
3.16789514058534	1.75	g0522	h0	1	0
0.304417007305554	-1.75	g0523	h0	1	0
1.19592879124668	-1.25	g0523	h0	1	0
1.39652244286572	-0.75	g0523	h0	1	0
1.62684743245319	-0.25	g0523	h0	1	0
2.53860511140475	0.25	g0523	h0	1	0
3.20322815517767	0.75	g0523	h0	1	0
3.26526398527521	1.25	g0523	h0	1	0
3.76668300151513	1.75	g0523	h0	1	0
1.47209134419206	-1.75	g0524	h0	1	0
1.74413694841783	-1.25	g0524	h0	1	0
1.7410220645364	-0.75	g0524	h0	1	0
2.41260284126026	-0.25	g0524	h0	1	0
3.14409018076836	0.25	g0524	h0	1	0
3.18176935673879	0.75	g0524	h0	1	0
3.38089352047196	1.25	g0524	h0	1	0
4.2223186729253	1.75	g0524	h0	1	0
1.69040413288052	-1.75	g0525	h0	1	0
1.53089616768061	-1.25	g0525	h0	1	0
1.90538018835858	-0.75	g0525	h0	1	0
2.63491700475581	-0.25	g0525	h0	1	0
2.71718630611729	0.25	g0525	h0	1	0
2.65090610128795	0.75	g0525	h0	1	0
3.27928643056824	1.25	g0525	h0	1	0
3.83459277642093	1.75	g0525	h0	1	0
0.989449391970365	-1.75	g0526	h0	1	0
1.06406218251859	-1.25	g0526	h0	1	0
1.71837520506069	-0.75	g0526	h0	1	0
1.90048191203297	-0.25	g0526	h0	1	0
1.65354040528199	0.25	g0526	h0	1	0
2.01568813413297	0.75	g0526	h0	1	0
2.61256113009523	1.25	g0526	h0	1	0
2.52545848156279	1.75	g0526	h0	1	0
0.138698666495527	-1.75	g0527	h0	1	0
0.655424528727677	-1.25	g0527	h0	1	0
0.968765913904706	-0.75	g0527	h0	1	0
0.657751603303463	-0.25	g0527	h0	1	0
0.749315305689409	0.25	g0527	h0	1	0
1.33679679828529	0.75	g0527	h0	1	0
1.36348338513327	1.25	g0527	h0	1	0
1.07316737540841	1.75	g0527	h0	1	0
-0.215212833129479	-1.75	g0528	h0	1	0
0.231843538621397	-1.25	g0528	h0	1	0
-0.0167920559379487	-0.75	g0528	h0	1	0
-0.149296198810872	-0.25	g0528	h0	1	0
0.376841214658384	0.25	g0528	h0	1	0
0.576715129266099	0.75	g0528	h0	1	0
0.222038121160819	1.25	g0528	h0	1	0
0.370547734260049	1.75	g0528	h0	1	0
-0.107089265027664	-1.75	g0529	h0	1	0
-0.180725838759474	-1.25	g0529	h0	1	0
-0.447736424041258	-0.75	g0529	h0	1	0
-0.0241606518698944	-0.25	g0529	h0	1	0
0.372465461645889	0.25	g0529	h0	1	0
0.0871031977321218	0.75	g0529	h0	1	0
0.0462711755984951	1.25	g0529	h0	1	0
0.609412957099742	1.75	g0529	h0	1	0
0.0990600695236923	-1.75	g0530	h0	1	0
-0.186087689323196	-1.25	g0530	h0	1	0
0.11417382943095	-0.75	g0530	h0	1	0
0.692150617034509	-0.25	g0530	h0	1	0
0.59611625032091	0.25	g0530	h0	1	0
0.437402156186819	0.75	g0530	h0	1	0
0.97269646572744	1.25	g0530	h0	1	0
1.34925506781808	1.75	g0530	h0	1	0
0.316994482570428	-1.75	g0531	h0	1	0
0.499328974968015	-1.25	g0531	h0	1	0
1.20890090043569	-0.75	g0531	h0	1	0
1.38626962603596	-0.25	g0531	h0	1	0
1.20619425581428	0.25	g0531	h0	1	0
1.67236053153488	0.75	g0531	h0	1	0
2.28979490533777	1.25	g0531	h0	1	0
2.21272727850857	1.75	g0531	h0	1	0
0.693265689074691	-1.75	g0532	h0	1	0
1.46163664117925	-1.25	g0532	h0	1	0
1.94528588606021	-0.75	g0532	h0	1	0
1.84770027664921	-0.25	g0532	h0	1	0
2.22027269964668	0.25	g0532	h0	1	0
3.02408143995559	0.75	g0532	h0	1	0
3.22015113842736	1.25	g0532	h0	1	0
3.17887670233892	1.75	g0532	h0	1	0
1.06752266237888	-1.75	g0533	h0	1	0
1.83378944535887	-1.25	g0533	h0	1	0
1.91043981189457	-0.75	g0533	h0	1	0
2.18781066255409	-0.25	g0533	h0	1	0
3.09076035742614	0.25	g0533	h0	1	0
3.59340580073948	0.75	g0533	h0	1	0
3.5981848878591	1.25	g0533	h0	1	0
4.16210678696441	1.75	g0533	h0	1	0
0.887503576808365	-1.75	g0534	h0	1	0
1.20063127344069	-1.25	g0534	h0	1	0
1.40518712159191	-0.75	g0534	h0	1	0
2.30545026265652	-0.25	g0534	h0	1	0
3.09232780617273	0.25	g0534	h0	1	0
3.21967243342008	0.75	g0534	h0	1	0
3.67081908357015	1.25	g0534	h0	1	0
4.67819332208032	1.75	g0534	h0	1	0
-0.12611338274476	-1.75	g0535	h0	1	0
0.0479114903647952	-1.25	g0535	h0	1	0
0.849633418197535	-0.75	g0535	h0	1	0
1.84740209139143	-0.25	g0535	h0	1	0
2.15492724046929	0.25	g0535	h0	1	0
2.48661993734025	0.75	g0535	h0	1	0
3.50084577891987	1.25	g0535	h0	1	0
4.27314968781861	1.75	g0535	h0	1	0
-1.43359632434919	-1.75	g0536	h0	1	0
-0.80145234875088	-1.25	g0536	h0	1	0
0.297243941963374	-0.75	g0536	h0	1	0
0.81203990915901	-0.25	g0536	h0	1	0
1.04657027386086	0.25	g0536	h0	1	0
1.95441649354586	0.75	g0536	h0	1	0
2.92771460158682	1.25	g0536	h0	1	0
3.20681517908195	1.75	g0536	h0	1	0
-2.0823680630113	-1.75	g0537	h0	1	0
-1.00824002497071	-1.25	g0537	h0	1	0
-0.295730661616259	-0.75	g0537	h0	1	0
-0.112270897003573	-0.25	g0537	h0	1	0
0.601594759212243	0.25	g0537	h0	1	0
1.67529008754467	0.75	g0537	h0	1	0
2.10377998739656	1.25	g0537	h0	1	0
2.37828561955512	1.75	g0537	h0	1	0
-1.64949425306935	-1.75	g0538	h0	1	0
-0.78484190091262	-1.25	g0538	h0	1	0
-0.592975780271093	-0.75	g0538	h0	1	0
-0.118930398533441	-0.25	g0538	h0	1	0
0.937875152389463	0.25	g0538	h0	1	0
1.52657848277916	0.75	g0538	h0	1	0
1.68186429772453	1.25	g0538	h0	1	0
2.44352922892096	1.75	g0538	h0	1	0
-0.571458579814575	-1.75	g0539	h0	1	0
-0.311815096821392	-1.25	g0539	h0	1	0
-0.0742481107078838	-0.75	g0539	h0	1	0
0.85329748090593	-0.25	g0539	h0	1	0
1.58278979549616	0.25	g0539	h0	1	0
1.68549013493146	0.75	g0539	h0	1	0
2.18621455436239	1.25	g0539	h0	1	0
3.18674592355882	1.75	g0539	h0	1	0
0.473864468840737	-1.75	g0540	h0	1	0
0.524873338590789	-1.25	g0540	h0	1	0
1.23607804358896	-0.75	g0540	h0	1	0
2.05860360240548	-0.25	g0540	h0	1	0
2.18541768217482	0.25	g0540	h0	1	0
2.42286968969383	0.75	g0540	h0	1	0
3.32073541220373	1.25	g0540	h0	1	0
3.89726577286301	1.75	g0540	h0	1	0
1.24231025677513	-1.75	g0541	h0	1	0
1.69068298561456	-1.25	g0541	h0	1	0
2.53764698290086	-0.75	g0541	h0	1	0
2.75811951533252	-0.25	g0541	h0	1	0
2.77987570791844	0.25	g0541	h0	1	0
3.49152153830613	0.75	g0541	h0	1	0
4.18178231876142	1.25	g0541	h0	1	0
4.18897611673957	1.75	g0541	h0	1	0
1.81819641402225	-1.75	g0542	h0	1	0
2.61197738679109	-1.25	g0542	h0	1	0
2.97288219580224	-0.75	g0542	h0	1	0
2.86517324155115	-0.25	g0542	h0	1	0
3.33984630664901	0.25	g0542	h0	1	0
4.09733081994774	0.75	g0542	h0	1	0
4.18220555951001	1.25	g0542	h0	1	0
4.19885729787175	1.75	g0542	h0	1	0
2.08287148564929	-1.75	g0543	h0	1	0
2.59752788498689	-1.25	g0543	h0	1	0
2.46672040443067	-0.75	g0543	h0	1	0
2.69515034893119	-0.25	g0543	h0	1	0
3.45443358609142	0.25	g0543	h0	1	0
3.68511673338534	0.75	g0543	h0	1	0
3.55359039427676	1.25	g0543	h0	1	0
4.06622293441132	1.75	g0543	h0	1	0
1.70059717470464	-1.75	g0544	h0	1	0
1.6512819361456	-1.25	g0544	h0	1	0
1.66672983742347	-0.75	g0544	h0	1	0
2.35566737335239	-0.25	g0544	h0	1	0
2.76497261289319	0.25	g0544	h0	1	0
2.59000170018586	0.75	g0544	h0	1	0
2.88106970034148	1.25	g0544	h0	1	0
3.60772947369248	1.75	g0544	h0	1	0
0.7190391070166	-1.75	g0545	h0	1	0
0.590633004941357	-1.25	g0545	h0	1	0
1.14462570040071	-0.75	g0545	h0	1	0
1.72347729859704	-0.25	g0545	h0	1	0
1.61199915097213	0.25	g0545	h0	1	0
1.69590390181277	0.75	g0545	h0	1	0
2.40780372183237	1.25	g0545	h0	1	0
2.72396600704151	1.75	g0545	h0	1	0
-0.139815425784704	-1.75	g0546	h0	1	0
0.235715098862705	-1.25	g0546	h0	1	0
0.935659775703376	-0.75	g0546	h0	1	0
0.976292041658587	-0.25	g0546	h0	1	0
0.902856231056929	0.25	g0546	h0	1	0
1.52512494509874	0.75	g0546	h0	1	0
2.03950517285274	1.25	g0546	h0	1	0
1.89260146220145	1.75	g0546	h0	1	0
-0.0907860334694374	-1.75	g0547	h0	1	0
0.653460149929347	-1.25	g0547	h0	1	0
0.900323426359257	-0.75	g0547	h0	1	0
0.746316852205697	-0.25	g0547	h0	1	0
1.21758612093293	0.25	g0547	h0	1	0
1.89023814191392	0.75	g0547	h0	1	0
1.87336545871863	1.25	g0547	h0	1	0
1.87509498515292	1.75	g0547	h0	1	0
0.872170392428517	-1.75	g0548	h0	1	0
1.3361113540875	-1.25	g0548	h0	1	0
1.19197685943643	-0.75	g0548	h0	1	0
1.47853561123213	-0.25	g0548	h0	1	0
2.23576207045048	0.25	g0548	h0	1	0
2.41213414026424	0.75	g0548	h0	1	0
2.30315344487377	1.25	g0548	h0	1	0
2.86606567136784	1.75	g0548	h0	1	0
1.97417283448978	-1.75	g0549	h0	1	0
1.92835192551831	-1.25	g0549	h0	1	0
2.03312380563805	-0.75	g0549	h0	1	0
2.78439321322625	-0.25	g0549	h0	1	0
3.17881219791201	0.25	g0549	h0	1	0
3.04058269665716	0.75	g0549	h0	1	0
3.42913901897575	1.25	g0549	h0	1	0
4.18227884186528	1.75	g0549	h0	1	0
2.50105694289531	-1.75	g0550	h0	1	0
2.46533422866238	-1.25	g0550	h0	1	0
3.12357119865655	-0.75	g0550	h0	1	0
3.71981744330068	-0.25	g0550	h0	1	0
3.64188143485366	0.25	g0550	h0	1	0
3.84102628029025	0.75	g0550	h0	1	0
4.62595390493297	1.25	g0550	h0	1	0
4.9469133871364	1.75	g0550	h0	1	0
2.41288118047569	-1.75	g0551	h0	1	0
2.91380807998157	-1.25	g0551	h0	1	0
3.65991274518231	-0.75	g0551	h0	1	0
3.72416609461679	-0.25	g0551	h0	1	0
3.76077853352705	0.25	g0551	h0	1	0
4.48806080422059	0.75	g0551	h0	1	0
5.02263368370398	1.25	g0551	h0	1	0
4.9280184561676	1.75	g0551	h0	1	0
2.05089925219085	-1.75	g0552	h0	1	0
2.87099195400062	-1.25	g0552	h0	1	0
3.13695174042266	-0.75	g0552	h0	1	0
3.07603719323533	-0.25	g0552	h0	1	0
3.67354107489749	0.25	g0552	h0	1	0
4.38785842926549	0.75	g0552	h0	1	0
4.40648935381879	1.25	g0552	h0	1	0
4.53025759556345	1.75	g0552	h0	1	0
1.52661364960264	-1.75	g0553	h0	1	0
2.02041379363345	-1.25	g0553	h0	1	0
1.95300990080026	-0.75	g0553	h0	1	0
2.38103837275046	-0.25	g0553	h0	1	0
3.21220885822823	0.25	g0553	h0	1	0
3.41932913543961	0.75	g0553	h0	1	0
3.42240347276261	1.25	g0553	h0	1	0
4.11462653916905	1.75	g0553	h0	1	0
0.725664890452326	-1.75	g0554	h0	1	0
0.750766101801079	-1.25	g0554	h0	1	0
1.00994124230841	-0.75	g0554	h0	1	0
1.87853961130446	-0.25	g0554	h0	1	0
2.31863454792388	0.25	g0554	h0	1	0
2.28601536983541	0.75	g0554	h0	1	0
2.83271364989523	1.25	g0554	h0	1	0
3.66730144276353	1.75	g0554	h0	1	0
-0.157649714192569	-1.75	g0555	h0	1	0
-0.027310743952883	-1.25	g0555	h0	1	0
0.797726428459887	-0.75	g0555	h0	1	0
1.47488999882507	-0.25	g0555	h0	1	0
1.50453274661369	0.25	g0555	h0	1	0
1.88863320084849	0.75	g0555	h0	1	0
2.80716880492117	1.25	g0555	h0	1	0
3.20074128721728	1.75	g0555	h0	1	0
-0.496815238051767	-1.75	g0556	h0	1	0
0.216702195403812	-1.25	g0556	h0	1	0
1.09233743696168	-0.75	g0556	h0	1	0
1.27421599543573	-0.25	g0556	h0	1	0
1.51531187210517	0.25	g0556	h0	1	0
2.43127182452043	0.75	g0556	h0	1	0
3.07270680249501	1.25	g0556	h0	1	0
3.12686175453765	1.75	g0556	h0	1	0
0.113307967630439	-1.75	g0557	h0	1	0
1.1118185431103	-1.25	g0557	h0	1	0
1.50808795147496	-0.75	g0557	h0	1	0
1.65657618021725	-0.25	g0557	h0	1	0
2.48635732436486	0.25	g0557	h0	1	0
3.34656094420625	0.75	g0557	h0	1	0
3.51576570610612	1.25	g0557	h0	1	0
3.87500326607545	1.75	g0557	h0	1	0
1.25029689571587	-1.75	g0558	h0	1	0
1.88075011514947	-1.25	g0558	h0	1	0
2.00562274868339	-0.75	g0558	h0	1	0
2.68294054943992	-0.25	g0558	h0	1	0
3.68958763093232	0.25	g0558	h0	1	0
4.0387208089682	0.75	g0558	h0	1	0
4.26829698870223	1.25	g0558	h0	1	0
5.19353036328582	1.75	g0558	h0	1	0
1.99432223307964	-1.75	g0559	h0	1	0
2.16731012288285	-1.25	g0559	h0	1	0
2.65420267622817	-0.75	g0559	h0	1	0
3.70394014458287	-0.25	g0559	h0	1	0
4.26020372377598	0.25	g0559	h0	1	0
4.41105958207337	0.75	g0559	h0	1	0
5.18473002100894	1.25	g0559	h0	1	0
6.16510632004823	1.75	g0559	h0	1	0
1.8648834684429	-1.75	g0560	h0	1	0
2.15739105112451	-1.25	g0560	h0	1	0
3.13450146791947	-0.75	g0560	h0	1	0
3.88016150917038	-0.25	g0560	h0	1	0
4.01506030854282	0.25	g0560	h0	1	0
4.57626586452988	0.75	g0560	h0	1	0
5.61222437286411	1.25	g0560	h0	1	0
6.07041163100835	1.75	g0560	h0	1	0
1.21640257474041	-1.75	g0561	h0	1	0
2.01442520406065	-1.25	g0561	h0	1	0
2.88897744091166	-0.75	g0561	h0	1	0
3.06868683028471	-0.25	g0561	h0	1	0
3.39354826673815	0.25	g0561	h0	1	0
4.36694345202414	0.75	g0561	h0	1	0
4.98827932330681	1.25	g0561	h0	1	0
5.07340193884821	1.75	g0561	h0	1	0
0.673213429648486	-1.75	g0562	h0	1	0
1.5846729392584	-1.25	g0562	h0	1	0
1.85517503958067	-0.75	g0562	h0	1	0
1.9608532858543	-0.25	g0562	h0	1	0
2.76007410483446	0.25	g0562	h0	1	0
3.50285196102949	0.75	g0562	h0	1	0
3.57009472552889	1.25	g0562	h0	1	0
3.9093021890139	1.75	g0562	h0	1	0
0.440050349037	-1.75	g0563	h0	1	0
0.823364166643717	-1.25	g0563	h0	1	0
0.764605427707373	-0.75	g0563	h0	1	0
1.30668922233841	-0.25	g0563	h0	1	0
2.09915364276064	0.25	g0563	h0	1	0
2.21089445778836	0.75	g0563	h0	1	0
2.28943171911317	1.25	g0563	h0	1	0
3.05928579946451	1.75	g0563	h0	1	0
0.369665085979297	-1.75	g0564	h0	1	0
0.228522554234471	-1.25	g0564	h0	1	0
0.476220046667799	-0.75	g0564	h0	1	0
1.23140651945878	-0.25	g0564	h0	1	0
1.43584441958289	0.25	g0564	h0	1	0
1.3085033654466	0.75	g0564	h0	1	0
1.8377611605	1.25	g0564	h0	1	0
2.4893175649669	1.75	g0564	h0	1	0
0.504735328283064	-1.75	g0565	h0	1	0
0.475032477974032	-1.25	g0565	h0	1	0
1.10916064595994	-0.75	g0565	h0	1	0
1.43187115601467	-0.25	g0565	h0	1	0
1.19010488583838	0.25	g0565	h0	1	0
1.43984612712713	0.75	g0565	h0	1	0
2.09725430482253	1.25	g0565	h0	1	0
2.1330935027352	1.75	g0565	h0	1	0
1.14244975115772	-1.75	g0566	h0	1	0
1.59306396313073	-1.25	g0566	h0	1	0
2.033426095393	-0.75	g0566	h0	1	0
1.78869535754591	-0.25	g0566	h0	1	0
1.77278773537793	0.25	g0566	h0	1	0
2.3689695882619	0.75	g0566	h0	1	0
2.54104818681095	1.25	g0566	h0	1	0
2.23634259766624	1.75	g0566	h0	1	0
2.24978272220401	-1.75	g0567	h0	1	0
2.78280840026298	-1.25	g0567	h0	1	0
2.646156219977	-0.75	g0567	h0	1	0
2.43020795524515	-0.25	g0567	h0	1	0
2.9092360566692	0.25	g0567	h0	1	0
3.24583599032213	0.75	g0567	h0	1	0
2.9328996339594	1.25	g0567	h0	1	0
2.96961856157595	1.75	g0567	h0	1	0
3.12458698604061	-1.75	g0568	h0	1	0
3.18631669211069	-1.25	g0568	h0	1	0
2.87637603549431	-0.75	g0568	h0	1	0
3.20630508106175	-0.25	g0568	h0	1	0
3.70376138727345	0.25	g0568	h0	1	0
3.50790033696234	0.75	g0568	h0	1	0
3.36570699019556	1.25	g0568	h0	1	0
3.89970893362542	1.75	g0568	h0	1	0
2.95963883880168	-1.75	g0569	h0	1	0
2.68272079010644	-1.25	g0569	h0	1	0
2.86351412824331	-0.75	g0569	h0	1	0
3.48852617209586	-0.25	g0569	h0	1	0
3.51410393731449	0.25	g0569	h0	1	0
3.28670563995699	0.75	g0569	h0	1	0
3.73945073744956	1.25	g0569	h0	1	0
4.22817993496047	1.75	g0569	h0	1	0
1.70861043723495	-1.75	g0570	h0	1	0
1.77345388747109	-1.25	g0570	h0	1	0
2.47100403091225	-0.75	g0570	h0	1	0
2.78202582268803	-0.25	g0570	h0	1	0
2.58365836614952	0.25	g0570	h0	1	0
2.93433406849817	0.75	g0570	h0	1	0
3.61923308580409	1.25	g0570	h0	1	0
3.64845882240677	1.75	g0570	h0	1	0
0.156515027786869	-1.75	g0571	h0	1	0
0.861724553273737	-1.25	g0571	h0	1	0
1.47006019398813	-0.75	g0571	h0	1	0
1.41373703188016	-0.25	g0571	h0	1	0
1.66633953531291	0.25	g0571	h0	1	0
2.48504164514304	0.75	g0571	h0	1	0
2.81421049179151	1.25	g0571	h0	1	0
2.73345971455708	1.75	g0571	h0	1	0
-0.897902007676345	-1.75	g0572	h0	1	0
-0.0343787070341999	-1.25	g0572	h0	1	0
0.141189977516201	-0.75	g0572	h0	1	0
0.324226977370594	-0.25	g0572	h0	1	0
1.19283591283022	0.25	g0572	h0	1	0
1.83525265665679	0.75	g0572	h0	1	0
1.86426149374188	1.25	g0572	h0	1	0
2.31516329165108	1.75	g0572	h0	1	0
-1.30833584869642	-1.75	g0573	h0	1	0
-0.8519983905507	-1.25	g0573	h0	1	0
-0.691132865792709	-0.75	g0573	h0	1	0
0.138650699547944	-0.25	g0573	h0	1	0
1.05049555646836	0.25	g0573	h0	1	0
1.26724165732064	0.75	g0573	h0	1	0
1.62368976591033	1.25	g0573	h0	1	0
2.63066630457239	1.75	g0573	h0	1	0
-1.35033979185103	-1.75	g0574	h0	1	0
-1.1551952291059	-1.25	g0574	h0	1	0
-0.440605970453458	-0.75	g0574	h0	1	0
0.648004085367775	-0.25	g0574	h0	1	0
1.09784239244356	0.25	g0574	h0	1	0
1.3774527149191	0.75	g0574	h0	1	0
2.35014407553477	1.25	g0574	h0	1	0
3.27194385123578	1.75	g0574	h0	1	0
-1.11183796590136	-1.75	g0575	h0	1	0
-0.562123739207231	-1.25	g0575	h0	1	0
0.579305733205579	-0.75	g0575	h0	1	0
1.26512410744415	-0.25	g0575	h0	1	0
1.50458474013811	0.25	g0575	h0	1	0
2.34206179769765	0.75	g0575	h0	1	0
3.4351063036726	1.25	g0575	h0	1	0
3.84859851658514	1.75	g0575	h0	1	0
-0.458246463380464	-1.75	g0576	h0	1	0
0.60418864362716	-1.25	g0576	h0	1	0
1.48463881845176	-0.75	g0576	h0	1	0
1.73122967639307	-0.25	g0576	h0	1	0
2.36203102394715	0.25	g0576	h0	1	0
3.50411373084302	0.75	g0576	h0	1	0
4.09886748454485	1.25	g0576	h0	1	0
4.35695891456362	1.75	g0576	h0	1	0
0.438119089336528	-1.75	g0577	h0	1	0
1.43436335462806	-1.25	g0577	h0	1	0
1.73510496520611	-0.75	g0577	h0	1	0
2.12996282173421	-0.25	g0577	h0	1	0
3.19029662232617	0.25	g0577	h0	1	0
3.94420169664322	0.75	g0577	h0	1	0
4.13039340343812	1.25	g0577	h0	1	0
4.80413628615846	1.75	g0577	h0	1	0
0.932227458804568	-1.75	g0578	h0	1	0
1.32292831115309	-1.25	g0578	h0	1	0
1.49896357294179	-0.75	g0578	h0	1	0
2.36253337183283	-0.25	g0578	h0	1	0
3.22141873941844	0.25	g0578	h0	1	0
3.39426408407327	0.75	g0578	h0	1	0
3.79066707426472	1.25	g0578	h0	1	0
4.80178658028951	1.75	g0578	h0	1	0
0.539304729440486	-1.75	g0579	h0	1	0
0.554995599890245	-1.25	g0579	h0	1	0
1.14376368478586	-0.75	g0579	h0	1	0
2.03052176760732	-0.25	g0579	h0	1	0
2.24913233909822	0.25	g0579	h0	1	0
2.38291772593575	0.75	g0579	h0	1	0
3.21191312802801	1.25	g0579	h0	1	0
3.90393491948737	1.75	g0579	h0	1	0
-0.408293834175434	-1.75	g0580	h0	1	0
-0.121386936508346	-1.25	g0580	h0	1	0
0.707015902604181	-0.75	g0580	h0	1	0
1.01783019640661	-0.25	g0580	h0	1	0
0.952279247810818	0.25	g0580	h0	1	0
1.52439186577068	0.75	g0580	h0	1	0
2.26943046639871	1.25	g0580	h0	1	0
2.32163544568517	1.75	g0580	h0	1	0
-1.018326110144	-1.75	g0581	h0	1	0
-0.327704634457999	-1.25	g0581	h0	1	0
0.0986589343460285	-0.75	g0581	h0	1	0
-0.0681522301202301	-0.25	g0581	h0	1	0
0.218540119157892	0.25	g0581	h0	1	0
0.953722098213002	0.75	g0581	h0	1	0
1.09231508230179	1.25	g0581	h0	1	0
0.972753324577195	1.75	g0581	h0	1	0
-0.767632538242822	-1.75	g0582	h0	1	0
-0.230860979558684	-1.25	g0582	h0	1	0
-0.386293682688432	-0.75	g0582	h0	1	0
-0.36242996122822	-0.25	g0582	h0	1	0
0.296435550705693	0.25	g0582	h0	1	0
0.573414587501488	0.75	g0582	h0	1	0
0.337228341157277	1.25	g0582	h0	1	0
0.646648077848915	1.75	g0582	h0	1	0
0.0374471526021016	-1.75	g0583	h0	1	0
-0.00197461654059224	-1.25	g0583	h0	1	0
-0.171907902659829	-0.75	g0583	h0	1	0
0.353587676891087	-0.25	g0583	h0	1	0
0.787726156413041	0.25	g0583	h0	1	0
0.555582206999878	0.75	g0583	h0	1	0
0.627365137704859	1.25	g0583	h0	1	0
1.26846610617368	1.75	g0583	h0	1	0
0.771160146068431	-1.75	g0584	h0	1	0
0.509610167801652	-1.25	g0584	h0	1	0
0.865832727642348	-0.75	g0584	h0	1	0
1.43936730317603	-0.25	g0584	h0	1	0
1.32579843019455	0.25	g0584	h0	1	0
1.2141300295079	0.75	g0584	h0	1	0
1.78895875341071	1.25	g0584	h0	1	0
2.14286795773743	1.75	g0584	h0	1	0
1.19292757293197	-1.75	g0585	h0	1	0
1.37328508113869	-1.25	g0585	h0	1	0
2.0364745446637	-0.75	g0585	h0	1	0
2.12816985942953	-0.25	g0585	h0	1	0
1.91936188349171	0.25	g0585	h0	1	0
2.3779201904814	0.75	g0585	h0	1	0
2.92406621687959	1.25	g0585	h0	1	0
2.77490210134282	1.75	g0585	h0	1	0
1.42582454249734	-1.75	g0586	h0	1	0
2.10839641783489	-1.25	g0586	h0	1	0
2.44855853934198	-0.75	g0586	h0	1	0
2.24548112882877	-0.25	g0586	h0	1	0
2.55812782480271	0.25	g0586	h0	1	0
3.24947818160793	0.75	g0586	h0	1	0
3.30428336505463	1.25	g0586	h0	1	0
3.18346733685545	1.75	g0586	h0	1	0
1.41802132705024	-1.75	g0587	h0	1	0
1.99974419519161	-1.25	g0587	h0	1	0
1.90335618718144	-0.75	g0587	h0	1	0
2.06864863722759	-0.25	g0587	h0	1	0
2.82856580949582	0.25	g0587	h0	1	0
3.13709431447233	0.75	g0587	h0	1	0
2.99500848317413	1.25	g0587	h0	1	0
3.44807466367008	1.75	g0587	h0	1	0
0.839684688478139	-1.75	g0588	h0	1	0
0.931115742581167	-1.25	g0588	h0	1	0
0.97822469308713	-0.75	g0588	h0	1	0
1.71781155705765	-0.25	g0588	h0	1	0
2.28079337513236	0.25	g0588	h0	1	0
2.20764109752687	0.75	g0588	h0	1	0
2.5140451653763	1.25	g0588	h0	1	0
3.33549022276823	1.75	g0588	h0	1	0
-0.340738506681304	-1.75	g0589	h0	1	0
-0.355771920258052	-1.25	g0589	h0	1	0
0.282028305139417	-0.75	g0589	h0	1	0
1.05307356198338	-0.25	g0589	h0	1	0
1.12877487821165	0.25	g0589	h0	1	0
1.29307268563271	0.75	g0589	h0	1	0
2.12444873757506	1.25	g0589	h0	1	0
2.65440462238457	1.75	g0589	h0	1	0
-1.4632679512049	-1.75	g0590	h0	1	0
-0.983383733749861	-1.25	g0590	h0	1	0
-0.0868613583903872	-0.75	g0590	h0	1	0
0.193173771574588	-0.25	g0590	h0	1	0
0.253253940565341	0.25	g0590	h0	1	0
0.999995466788263	0.75	g0590	h0	1	0
1.74762051016004	1.25	g0590	h0	1	0
1.80830232026929	1.75	g0590	h0	1	0
-1.68554375262447	-1.75	g0591	h0	1	0
-0.764781105601979	-1.25	g0591	h0	1	0
-0.25924014595664	-0.75	g0591	h0	1	0
-0.23853164376232	-0.25	g0591	h0	1	0
0.352078790079008	0.25	g0591	h0	1	0
1.24570099539573	0.75	g0591	h0	1	0
1.47274883282882	1.25	g0591	h0	1	0
1.60944781865408	1.75	g0591	h0	1	0
-0.867929552892217	-1.75	g0592	h0	1	0
-0.153803940448579	-1.25	g0592	h0	1	0
-0.0931206134505504	-0.75	g0592	h0	1	0
0.307546272884968	-0.25	g0592	h0	1	0
1.25318758283511	0.25	g0592	h0	1	0
1.68497748349277	0.75	g0592	h0	1	0
1.73573136912652	1.25	g0592	h0	1	0
2.42190184182424	1.75	g0592	h0	1	0
0.281644678708898	-1.75	g0593	h0	1	0
0.460010936749889	-1.25	g0593	h0	1	0
0.68093571208877	-0.75	g0593	h0	1	0
1.58058818829883	-0.25	g0593	h0	1	0
2.22114184560813	0.25	g0593	h0	1	0
2.26563031356258	0.75	g0593	h0	1	0
2.75938537419836	1.25	g0593	h0	1	0
3.70587226184905	1.75	g0593	h0	1	0
0.985461625802369	-1.75	g0594	h0	1	0
1.07767746679272	-1.25	g0594	h0	1	0
1.84760704355164	-0.75	g0594	h0	1	0
2.66463669829077	-0.25	g0594	h0	1	0
2.78892587667263	0.25	g0594	h0	1	0
3.0871258942512	0.75	g0594	h0	1	0
4.02258212620197	1.25	g0594	h0	1	0
4.58081822027616	1.75	g0594	h0	1	0
1.09701663958805	-1.75	g0595	h0	1	0
1.6825938702184	-1.25	g0595	h0	1	0
2.61211794875806	-0.75	g0595	h0	1	0
2.88977586379878	-0.25	g0595	h0	1	0
3.03145736659621	0.25	g0595	h0	1	0
3.86838675030332	0.75	g0595	h0	1	0
4.61948167036388	1.25	g0595	h0	1	0
4.70271321234519	1.75	g0595	h0	1	0
0.919769568810529	-1.75	g0596	h0	1	0
1.87660350580877	-1.25	g0596	h0	1	0
2.35187924446797	-0.75	g0596	h0	1	0
2.40829060955739	-0.25	g0596	h0	1	0
3.07989405542072	0.25	g0596	h0	1	0
3.97409188536687	0.75	g0596	h0	1	0
4.18208144497955	1.25	g0596	h0	1	0
4.38640351214758	1.75	g0596	h0	1	0
0.589869762254269	-1.75	g0597	h0	1	0
1.26655457200083	-1.25	g0597	h0	1	0
1.32465618298047	-0.75	g0597	h0	1	0
1.79574237791533	-0.25	g0597	h0	1	0
2.75365376873581	0.25	g0597	h0	1	0
3.14326457095054	0.75	g0597	h0	1	0
3.22735997309294	1.25	g0597	h0	1	0
3.97722715411584	1.75	g0597	h0	1	0
-0.00672111851577817	-1.75	g0598	h0	1	0
0.136281048476055	-1.25	g0598	h0	1	0
0.408058649445061	-0.75	g0598	h0	1	0
1.33422891420735	-0.25	g0598	h0	1	0
1.9228472583357	0.25	g0598	h0	1	0
1.96476501401539	0.75	g0598	h0	1	0
2.51865325340991	1.25	g0598	h0	1	0
3.45590376043174	1.75	g0598	h0	1	0
-0.717724421436388	-1.75	g0599	h0	1	0
-0.609650124602152	-1.25	g0599	h0	1	0
0.190448993194577	-0.75	g0599	h0	1	0
0.950768705209879	-0.25	g0599	h0	1	0
1.03175476020728	0.25	g0599	h0	1	0
1.36925384595947	0.75	g0599	h0	1	0
2.30424904331461	1.25	g0599	h0	1	0
2.79210691677393	1.75	g0599	h0	1	0
-0.916629157931259	-1.75	g0600	h0	1	0
-0.318193767366778	-1.25	g0600	h0	1	0
0.546133276578924	-0.75	g0600	h0	1	0
0.733381155118922	-0.25	g0600	h0	1	0
0.870751735515872	0.25	g0600	h0	1	0
1.7011142622013	0.75	g0600	h0	1	0
2.36026294125039	1.25	g0600	h0	1	0
2.38104349171891	1.75	g0600	h0	1	0
-0.105297922901768	-1.75	g0601	h0	1	0
0.768050034875631	-1.25	g0601	h0	1	0
1.10101323027532	-0.75	g0601	h0	1	0
1.08761236661645	-0.25	g0601	h0	1	0
1.72509975254625	0.25	g0601	h0	1	0
2.50129275410465	0.75	g0601	h0	1	0
2.5823450675721	1.25	g0601	h0	1	0
2.7464684426604	1.75	g0601	h0	1	0
1.39219322617223	-1.75	g0602	h0	1	0
1.87519930378886	-1.25	g0602	h0	1	0
1.7841281344442	-0.75	g0602	h0	1	0
2.172602038933	-0.25	g0602	h0	1	0
2.98215982531668	0.25	g0602	h0	1	0
3.17783054671405	0.75	g0602	h0	1	0
3.14827102535865	1.25	g0602	h0	1	0
3.80445569907819	1.75	g0602	h0	1	0
2.62414180988308	-1.75	g0603	h0	1	0
2.53889213361673	-1.25	g0603	h0	1	0
2.66662654259369	-0.75	g0603	h0	1	0
3.4142132610704	-0.25	g0603	h0	1	0
3.75105911220101	0.25	g0603	h0	1	0
3.59909482461933	0.75	g0603	h0	1	0
4.01382068231625	1.25	g0603	h0	1	0
4.73656067641561	1.75	g0603	h0	1	0
2.93888363101409	-1.75	g0604	h0	1	0
2.84260113358877	-1.25	g0604	h0	1	0
3.44186234795435	-0.75	g0604	h0	1	0
3.91508503647762	-0.25	g0604	h0	1	0
3.73297516175224	0.25	g0604	h0	1	0
3.88598016368576	0.75	g0604	h0	1	0
4.58740316449946	1.25	g0604	h0	1	0
4.77874480543874	1.75	g0604	h0	1	0
2.51799846726127	-1.75	g0605	h0	1	0
2.91073535020331	-1.25	g0605	h0	1	0
3.4871620858125	-0.75	g0605	h0	1	0
3.3718557695232	-0.25	g0605	h0	1	0
3.293549110505	0.25	g0605	h0	1	0
3.8951711863756	0.75	g0605	h0	1	0
4.24287012721948	1.25	g0605	h0	1	0
3.99165160201266	1.75	g0605	h0	1	0
1.93234572544415	-1.75	g0606	h0	1	0
2.55911071960874	-1.25	g0606	h0	1	0
2.59509174026551	-0.75	g0606	h0	1	0
2.36261059755145	-0.25	g0606	h0	1	0
2.80656320770543	0.25	g0606	h0	1	0
3.30316953747225	0.75	g0606	h0	1	0
3.10654354800761	1.25	g0606	h0	1	0
3.07843167294554	1.75	g0606	h0	1	0
1.43120600485216	-1.75	g0607	h0	1	0
1.67563528098237	-1.25	g0607	h0	1	0
1.39944605243833	-0.75	g0607	h0	1	0
1.66188383555546	-0.25	g0607	h0	1	0
2.27309734249841	0.25	g0607	h0	1	0
2.23441093653801	0.75	g0607	h0	1	0
2.05429193267952	1.25	g0607	h0	1	0
2.5691952926954	1.75	g0607	h0	1	0
0.918194794152094	-1.75	g0608	h0	1	0
0.721693890680111	-1.25	g0608	h0	1	0
0.819064216200664	-0.75	g0608	h0	1	0
1.49207983989524	-0.25	g0608	h0	1	0
1.68757119329236	0.25	g0608	h0	1	0
1.45976589935144	0.75	g0608	h0	1	0
1.84453282434048	1.25	g0608	h0	1	0
2.45716224410367	1.75	g0608	h0	1	0
0.480271412899113	-1.75	g0609	h0	1	0
0.467056144507087	-1.25	g0609	h0	1	0
1.14205640692431	-0.75	g0609	h0	1	0
1.60672460650302	-0.25	g0609	h0	1	0
1.45028131164089	0.25	g0609	h0	1	0
1.70232859025913	0.75	g0609	h0	1	0
2.44516312302203	1.25	g0609	h0	1	0
2.62292702833188	1.75	g0609	h0	1	0
0.523154120168781	-1.75	g0610	h0	1	0
1.14559370421169	-1.25	g0610	h0	1	0
1.86665667909597	-0.75	g0610	h0	1	0
1.89212035978756	-0.25	g0610	h0	1	0
2.04088363991211	0.25	g0610	h0	1	0
2.84590888879776	0.75	g0610	h0	1	0
3.31826167124615	1.25	g0610	h0	1	0
3.24048782628638	1.75	g0610	h0	1	0
1.1999391720118	-1.75	g0611	h0	1	0
2.11917771487323	-1.25	g0611	h0	1	0
2.40644640660296	-0.75	g0611	h0	1	0
2.50734152418876	-0.25	g0611	h0	1	0
3.2996668477798	0.25	g0611	h0	1	0
4.05777285509017	0.75	g0611	h0	1	0
4.13536593744754	1.25	g0611	h0	1	0
4.4642881929912	1.75	g0611	h0	1	0
1.95856115616573	-1.75	g0612	h0	1	0
2.54028789978345	-1.25	g0612	h0	1	0
2.66297397721184	-0.75	g0612	h0	1	0
3.37496906351389	-0.25	g0612	h0	1	0
4.35799252424981	0.25	g0612	h0	1	0
4.66523847649428	0.75	g0612	h0	1	0
4.91705513080953	1.25	g0612	h0	1	0
5.86233337646047	1.75	g0612	h0	1	0
1.98638695959743	-1.75	g0613	h0	1	0
2.19977056490629	-1.25	g0613	h0	1	0
2.78332959256895	-0.75	g0613	h0	1	0
3.88934966268736	-0.25	g0613	h0	1	0
4.45850909697942	0.25	g0613	h0	1	0
4.67648672767948	0.75	g0613	h0	1	0
5.54336552764779	1.25	g0613	h0	1	0
6.55440164300218	1.75	g0613	h0	1	0
1.10403751214548	-1.75	g0614	h0	1	0
1.53867359256475	-1.25	g0614	h0	1	0
2.6434642346964	-0.75	g0614	h0	1	0
3.45690942596268	-0.25	g0614	h0	1	0
3.69315048574082	0.25	g0614	h0	1	0
4.40488736561032	0.75	g0614	h0	1	0
5.54212687994395	1.25	g0614	h0	1	0
6.0681188306204	1.75	g0614	h0	1	0
-0.0193926589988141	-1.75	g0615	h0	1	0
0.960702478920734	-1.25	g0615	h0	1	0
1.95281650448696	-0.75	g0615	h0	1	0
2.25631293218882	-0.25	g0615	h0	1	0
2.7674860322454	0.25	g0615	h0	1	0
3.90101986572674	0.75	g0615	h0	1	0
4.62831996081855	1.25	g0615	h0	1	0
4.86286354538563	1.75	g0615	h0	1	0
-0.601003628895464	-1.75	g0616	h0	1	0
0.467603758102711	-1.25	g0616	h0	1	0
0.872911047617401	-0.75	g0616	h0	1	0
1.17683986622415	-0.25	g0616	h0	1	0
2.17641242268536	0.25	g0616	h0	1	0
3.05542628053788	0.75	g0616	h0	1	0
3.27725927294328	1.25	g0616	h0	1	0
3.82931699442719	1.75	g0616	h0	1	0
-0.476038526592976	-1.75	g0617	h0	1	0
0.0428755194290837	-1.25	g0617	h0	1	0
0.171485521566498	-0.75	g0617	h0	1	0
0.930896198501224	-0.25	g0617	h0	1	0
1.87936118662641	0.25	g0617	h0	1	0
2.13670988662081	0.75	g0617	h0	1	0
2.42549701394503	1.25	g0617	h0	1	0
3.39537035912711	1.75	g0617	h0	1	0
0.0328920861847226	-1.75	g0618	h0	1	0
0.0491645811013753	-1.25	g0618	h0	1	0
0.506143770030937	-0.75	g0618	h0	1	0
1.42425191494455	-0.25	g0618	h0	1	0
1.75453545231511	0.25	g0618	h0	1	0
1.81122874421003	0.75	g0618	h0	1	0
2.54303247888735	1.25	g0618	h0	1	0
3.33304020221344	1.75	g0618	h0	1	0
0.736958423526242	-1.75	g0619	h0	1	0
0.88466405113925	-1.25	g0619	h0	1	0
1.67401214582165	-0.75	g0619	h0	1	0
2.09554496224458	-0.25	g0619	h0	1	0
1.99278256468119	0.25	g0619	h0	1	0
2.42510583027567	0.75	g0619	h0	1	0
3.21101135569949	1.25	g0619	h0	1	0
3.3490248464462	1.75	g0619	h0	1	0
1.71110970984887	-1.75	g0620	h0	1	0
2.29378286112983	-1.25	g0620	h0	1	0
2.80168296114125	-0.75	g0620	h0	1	0
2.63868621800745	-0.25	g0620	h0	1	0
2.76450448225203	0.25	g0620	h0	1	0
3.46907646843836	0.75	g0620	h0	1	0
3.70018869892943	1.25	g0620	h0	1	0
3.50359912146942	1.75	g0620	h0	1	0
2.79328553549113	-1.75	g0621	h0	1	0
3.36044416777962	-1.25	g0621	h0	1	0
3.24331668574234	-0.75	g0621	h0	1	0
3.11138684314467	-0.25	g0621	h0	1	0
3.66846563852374	0.25	g0621	h0	1	0
4.02052647759234	0.75	g0621	h0	1	0
3.74898731021124	1.25	g0621	h0	1	0
3.88141854104455	1.75	g0621	h0	1	0
3.33589992570281	-1.75	g0622	h0	1	0
3.3570297734755	-1.25	g0622	h0	1	0
3.06267902918003	-0.75	g0622	h0	1	0
3.43078322775186	-0.25	g0622	h0	1	0
3.90301935390763	0.25	g0622	h0	1	0
3.67957843800044	0.75	g0622	h0	1	0
3.57395338935127	1.25	g0622	h0	1	0
4.12641757929555	1.75	g0622	h0	1	0
2.77588324821764	-1.75	g0623	h0	1	0
2.44300111836714	-1.25	g0623	h0	1	0
2.61448409044796	-0.75	g0623	h0	1	0
3.17857258113774	-0.25	g0623	h0	1	0
3.11303967447519	0.25	g0623	h0	1	0
2.8557747469312	0.75	g0623	h0	1	0
3.2893011226905	1.25	g0623	h0	1	0
3.69417046349936	1.75	g0623	h0	1	0
1.36459054017327	-1.75	g0624	h0	1	0
1.36847088437085	-1.25	g0624	h0	1	0
1.97547512433718	-0.75	g0624	h0	1	0
2.14393037367462	-0.25	g0624	h0	1	0
1.84917576136506	0.25	g0624	h0	1	0
2.14075194233889	0.75	g0624	h0	1	0
2.70847585878795	1.25	g0624	h0	1	0
2.60176720881248	1.75	g0624	h0	1	0
0.0424777899358457	-1.75	g0625	h0	1	0
0.634169524574014	-1.25	g0625	h0	1	0
1.06546236202985	-0.75	g0625	h0	1	0
0.854041812557241	-0.25	g0625	h0	1	0
1.00807050736645	0.25	g0625	h0	1	0
1.688220192071	0.75	g0625	h0	1	0
1.83506775469708	1.25	g0625	h0	1	0
1.6259382632243	1.75	g0625	h0	1	0
-0.47444481306949	-1.75	g0626	h0	1	0
0.197335818702189	-1.25	g0626	h0	1	0
0.174515827789411	-0.75	g0626	h0	1	0
0.223700430914823	-0.25	g0626	h0	1	0
0.944513415441227	0.25	g0626	h0	1	0
1.37904646091707	0.75	g0626	h0	1	0
1.23328546167112	1.25	g0626	h0	1	0
1.55894057213905	1.75	g0626	h0	1	0
-0.289395111476612	-1.75	g0627	h0	1	0
-0.0530633029723979	-1.25	g0627	h0	1	0
-0.0524686842125029	-0.75	g0627	h0	1	0
0.631904096242075	-0.25	g0627	h0	1	0
1.33386247313933	0.25	g0627	h0	1	0
1.34643220515008	0.75	g0627	h0	1	0
1.56135789444244	1.25	g0627	h0	1	0
2.40111287740482	1.75	g0627	h0	1	0
0.0578129571588833	-1.75	g0628	h0	1	0
0.0799913799733244	-1.25	g0628	h0	1	0
0.662327689835886	-0.75	g0628	h0	1	0
1.56262335969875	-0.25	g0628	h0	1	0
1.80131984930668	0.25	g0628	h0	1	0
1.93313262213431	0.75	g0628	h0	1	0
2.76064460124843	1.25	g0628	h0	1	0
3.47308543105915	1.75	g0628	h0	1	0
0.30927815745737	-1.75	g0629	h0	1	0
0.749661454739317	-1.25	g0629	h0	1	0
1.74524430069461	-0.75	g0629	h0	1	0
2.23838365779994	-0.25	g0629	h0	1	0
2.33662230842542	0.25	g0629	h0	1	0
3.06329299673211	0.75	g0629	h0	1	0
3.98437034537654	1.25	g0629	h0	1	0
4.21499243729461	1.75	g0629	h0	1	0
0.561334790159394	-1.75	g0630	h0	1	0
1.53625189529935	-1.25	g0630	h0	1	0
2.26764569374182	-0.75	g0630	h0	1	0
2.39453273922948	-0.25	g0630	h0	1	0
2.95780404940677	0.25	g0630	h0	1	0
3.9863587094431	0.75	g0630	h0	1	0
4.43008577946221	1.25	g0630	h0	1	0
4.59511204600349	1.75	g0630	h0	1	0
0.747339219810143	-1.75	g0631	h0	1	0
1.65944936822577	-1.25	g0631	h0	1	0
1.87747674984276	-0.75	g0631	h0	1	0
2.25319276145172	-0.25	g0631	h0	1	0
3.27268278797844	0.25	g0631	h0	1	0
3.92909545619777	0.75	g0631	h0	1	0
4.05756978347012	1.25	g0631	h0	1	0
4.71755415189109	1.75	g0631	h0	1	0
0.465724389361048	-1.75	g0632	h0	1	0
0.824493778111554	-1.25	g0632	h0	1	0
1.03094572383459	-0.75	g0632	h0	1	0
1.93183546316775	-0.25	g0632	h0	1	0
2.76349021871603	0.25	g0632	h0	1	0
2.92279580949755	0.75	g0632	h0	1	0
3.36584168675627	1.25	g0632	h0	1	0
4.39071263917734	1.75	g0632	h0	1	0
-0.465731763226358	-1.75	g0633	h0	1	0
-0.372830005160375	-1.25	g0633	h0	1	0
0.327286708359098	-0.75	g0633	h0	1	0
1.26575801613759	-0.25	g0633	h0	1	0
1.52097006429903	0.25	g0633	h0	1	0
1.75581356173634	0.75	g0633	h0	1	0
2.68041467168149	1.25	g0633	h0	1	0
3.40532506373153	1.75	g0633	h0	1	0
-1.51220155781406	-1.75	g0634	h0	1	0
-1.05324838652741	-1.25	g0634	h0	1	0
-0.0956784046039416	-0.75	g0634	h0	1	0
0.303389245307248	-0.25	g0634	h0	1	0
0.382023858817766	0.25	g0634	h0	1	0
1.12139129567997	0.75	g0634	h0	1	0
1.97039252697313	1.25	g0634	h0	1	0
2.12368352809616	1.75	g0634	h0	1	0
-1.81159180464134	-1.75	g0635	h0	1	0
-0.926705638635829	-1.25	g0635	h0	1	0
-0.364669419198339	-0.75	g0635	h0	1	0
-0.359505977156109	-0.25	g0635	h0	1	0
0.146171294947954	0.25	g0635	h0	1	0
1.04903813779623	0.75	g0635	h0	1	0
1.32467236581513	1.25	g0635	h0	1	0
1.40322840710424	1.75	g0635	h0	1	0
-1.08343658321884	-1.75	g0636	h0	1	0
-0.374170336994687	-1.25	g0636	h0	1	0
-0.347644713452991	-0.75	g0636	h0	1	0
-0.0802055934816603	-0.25	g0636	h0	1	0
0.793113456570192	0.25	g0636	h0	1	0
1.23221995576105	0.75	g0636	h0	1	0
1.20397706753601	1.25	g0636	h0	1	0
1.75904920112667	1.75	g0636	h0	1	0
0.0774318875551764	-1.75	g0637	h0	1	0
0.211445674309118	-1.25	g0637	h0	1	0
0.278937170085361	-0.75	g0637	h0	1	0
1.04069626647862	-0.25	g0637	h0	1	0
1.647479525163	0.25	g0637	h0	1	0
1.60943844979449	0.75	g0637	h0	1	0
1.93209703274433	1.25	g0637	h0	1	0
2.78450285373369	1.75	g0637	h0	1	0
0.882549694838265	-1.75	g0638	h0	1	0
0.822150090586814	-1.25	g0638	h0	1	0
1.40655293392742	-0.75	g0638	h0	1	0
2.1459884427141	-0.25	g0638	h0	1	0
2.1911601071057	0.25	g0638	h0	1	0
2.30279603635821	0.75	g0638	h0	1	0
3.0874911473107	1.25	g0638	h0	1	0
3.59099016793673	1.75	g0638	h0	1	0
1.10791972608594	-1.75	g0639	h0	1	0
1.47768130125843	-1.25	g0639	h0	1	0
2.28170097139145	-0.75	g0639	h0	1	0
2.47986936451838	-0.25	g0639	h0	1	0
2.43706957568081	0.25	g0639	h0	1	0
3.07699920324502	0.75	g0639	h0	1	0
3.74008000965003	1.25	g0639	h0	1	0
3.71304528112212	1.75	g0639	h0	1	0
1.01958067795769	-1.75	g0640	h0	1	0
1.80062849137052	-1.25	g0640	h0	1	0
2.18453459465084	-0.75	g0640	h0	1	0
2.06788638120125	-0.25	g0640	h0	1	0
2.50807600134311	0.25	g0640	h0	1	0
3.27116720314156	0.75	g0640	h0	1	0
3.3744025189093	1.25	g0640	h0	1	0
3.36525571817965	1.75	g0640	h0	1	0
0.762241567092579	-1.75	g0641	h0	1	0
1.3219342851859	-1.25	g0641	h0	1	0
1.22087593110361	-0.75	g0641	h0	1	0
1.44019887048881	-0.25	g0641	h0	1	0
2.21805889870061	0.25	g0641	h0	1	0
2.49734277044511	0.75	g0641	h0	1	0
2.37715456743965	1.25	g0641	h0	1	0
2.88298951243856	1.75	g0641	h0	1	0
0.196130866905069	-1.75	g0642	h0	1	0
0.192751586632458	-1.25	g0642	h0	1	0
0.209682589027388	-0.75	g0642	h0	1	0
0.909883828313975	-0.25	g0642	h0	1	0
1.37178523922437	0.25	g0642	h0	1	0
1.2264432449788	0.75	g0642	h0	1	0
1.51313513465237	1.25	g0642	h0	1	0
2.26923496555919	1.75	g0642	h0	1	0
-0.606555116081024	-1.75	g0643	h0	1	0
-0.735541335606001	-1.25	g0643	h0	1	0
-0.192193372261907	-0.75	g0643	h0	1	0
0.420447578224521	-0.25	g0643	h0	1	0
0.338647211691457	0.25	g0643	h0	1	0
0.40910740893182	0.75	g0643	h0	1	0
1.12543193368751	1.25	g0643	h0	1	0
1.48344027605281	1.75	g0643	h0	1	0
-1.06061648203419	-1.75	g0644	h0	1	0
-0.722047400345366	-1.25	g0644	h0	1	0
-0.0203512365842352	-0.75	g0644	h0	1	0
0.0375930147461893	-0.25	g0644	h0	1	0
-0.062208139225685	0.25	g0644	h0	1	0
0.532069484626712	0.75	g0644	h0	1	0
1.06265462684471	1.25	g0644	h0	1	0
0.919481348231474	1.75	g0644	h0	1	0
-0.591500238121074	-1.75	g0645	h0	1	0
0.122271401384865	-1.25	g0645	h0	1	0
0.370803030775686	-0.75	g0645	h0	1	0
0.182904997338095	-0.25	g0645	h0	1	0
0.599484860867751	0.25	g0645	h0	1	0
1.25964263540623	0.75	g0645	h0	1	0
1.23761176941058	1.25	g0645	h0	1	0
1.18964746718218	1.75	g0645	h0	1	0
0.608867378332401	-1.75	g0646	h0	1	0
1.06530908375339	-1.25	g0646	h0	1	0
0.893293744718145	-0.75	g0646	h0	1	0
1.11613111876736	-0.25	g0646	h0	1	0
1.84145230018483	0.25	g0646	h0	1	0
2.01160906316273	0.75	g0646	h0	1	0
1.85640086990254	1.25	g0646	h0	1	0
2.36016105897567	1.75	g0646	h0	1	0
1.63768569388741	-1.75	g0647	h0	1	0
1.58808062047291	-1.25	g0647	h0	1	0
1.64530166253831	-0.75	g0647	h0	1	0
2.36413991199427	-0.25	g0647	h0	1	0
2.76507065139911	0.25	g0647	h0	1	0
2.6058089344876	0.75	g0647	h0	1	0
2.94317771667192	1.25	g0647	h0	1	0
3.68229468080149	1.75	g0647	h0	1	0
1.7703552904793	-1.75	g0648	h0	1	0
1.72934539027754	-1.25	g0648	h0	1	0
2.37771629127188	-0.75	g0648	h0	1	0
3.00855987023327	-0.25	g0648	h0	1	0
2.9556145394072	0.25	g0648	h0	1	0
3.13835155297165	0.75	g0648	h0	1	0
3.92968572288356	1.25	g0648	h0	1	0
4.29117159404431	1.75	g0648	h0	1	0
1.10452906322357	-1.75	g0649	h0	1	0
1.63872834237059	-1.25	g0649	h0	1	0
2.4592606885515	-0.75	g0649	h0	1	0
2.60817986054066	-0.25	g0649	h0	1	0
2.68503645882233	0.25	g0649	h0	1	0
3.45649697032883	0.75	g0649	h0	1	0
4.07841463016837	1.25	g0649	h0	1	0
4.05343831135824	1.75	g0649	h0	1	0
0.23028242414338	-1.75	g0650	h0	1	0
1.16810135604936	-1.25	g0650	h0	1	0
1.57983744104864	-0.75	g0650	h0	1	0
1.62607468014498	-0.25	g0650	h0	1	0
2.31500298801093	0.25	g0650	h0	1	0
3.16438691503248	0.75	g0650	h0	1	0
3.31988824519273	1.25	g0650	h0	1	0
3.53630925384417	1.75	g0650	h0	1	0
-0.502894918300699	-1.75	g0651	h0	1	0
0.184523713829312	-1.25	g0651	h0	1	0
0.28558017793293	-0.75	g0651	h0	1	0
0.849803008287586	-0.25	g0651	h0	1	0
1.8526200807222	0.25	g0651	h0	1	0
2.25234231582668	0.75	g0651	h0	1	0
2.40588081133068	1.25	g0651	h0	1	0
3.24105624750626	1.75	g0651	h0	1	0
-1.11620325949013	-1.75	g0652	h0	1	0
-0.883459692897228	-1.25	g0652	h0	1	0
-0.459040141669221	-0.75	g0652	h0	1	0
0.595025602772807	-0.25	g0652	h0	1	0
1.25653395401644	0.25	g0652	h0	1	0
1.41363705360585	0.75	g0652	h0	1	0
2.12422226654792	1.25	g0652	h0	1	0
3.16263060018999	1.75	g0652	h0	1	0
-1.5067908456185	-1.75	g0653	h0	1	0
-1.20915432649859	-1.25	g0653	h0	1	0
-0.215841348475735	-0.75	g0653	h0	1	0
0.673397338630112	-0.25	g0653	h0	1	0
0.900163277710021	0.25	g0653	h0	1	0
1.44235785272317	0.75	g0653	h0	1	0
2.54639128109131	1.25	g0653	h0	1	0
3.15574782035865	1.75	g0653	h0	1	0
-1.24470021056579	-1.75	g0654	h0	1	0
-0.413621099713995	-1.25	g0654	h0	1	0
0.622531671113936	-0.75	g0654	h0	1	0
0.969683878738661	-0.25	g0654	h0	1	0
1.33158016709408	0.25	g0654	h0	1	0
2.37777308851408	0.75	g0654	h0	1	0
3.1909049235469	1.25	g0654	h0	1	0
3.39409559660282	1.75	g0654	h0	1	0
-0.107801010083736	-1.75	g0655	h0	1	0
0.962087405896517	-1.25	g0655	h0	1	0
1.45325445132476	-0.75	g0655	h0	1	0
1.65555345781311	-0.25	g0655	h0	1	0
2.52873387516968	0.25	g0655	h0	1	0
3.47674529884837	0.75	g0655	h0	1	0
3.73000133589935	1.25	g0655	h0	1	0
4.1300801178564	1.75	g0655	h0	1	0
1.379961015897	-1.75	g0656	h0	1	0
2.00574285209848	-1.25	g0656	h0	1	0
2.09640177172323	-0.75	g0656	h0	1	0
2.71131758625272	-0.25	g0656	h0	1	0
3.69409815772475	0.25	g0656	h0	1	0
4.03525879560167	0.75	g0656	h0	1	0
4.21325616986984	1.25	g0656	h0	1	0
5.08492884878546	1.75	g0656	h0	1	0
2.28470696942954	-1.75	g0657	h0	1	0
2.32867715755381	-1.25	g0657	h0	1	0
2.64618399385219	-0.75	g0657	h0	1	0
3.55154661558751	-0.25	g0657	h0	1	0
3.99582393169025	0.25	g0657	h0	1	0
3.99934944974135	0.75	g0657	h0	1	0
4.60457708803185	1.25	g0657	h0	1	0
5.45859035233696	1.75	g0657	h0	1	0
2.18571307006057	-1.75	g0658	h0	1	0
2.22034599274479	-1.25	g0658	h0	1	0
2.94610189002459	-0.75	g0658	h0	1	0
3.48285957618864	-0.25	g0658	h0	1	0
3.38879200300407	0.25	g0658	h0	1	0
3.68498021704906	0.75	g0658	h0	1	0
4.48748704991385	1.25	g0658	h0	1	0
4.73820293750902	1.75	g0658	h0	1	0
1.55077517362062	-1.75	g0659	h0	1	0
2.02534520474369	-1.25	g0659	h0	1	0
2.62053134511939	-0.75	g0659	h0	1	0
2.52007456405158	-0.25	g0659	h0	1	0
2.5209385827812	0.25	g0659	h0	1	0
3.18512028189084	0.75	g0659	h0	1	0
3.53635727019476	1.25	g0659	h0	1	0
3.32411800491755	1.75	g0659	h0	1	0
1.11646450326468	-1.75	g0660	h0	1	0
1.72015427333409	-1.25	g0660	h0	1	0
1.70150936524651	-0.75	g0660	h0	1	0
1.47513215033498	-0.25	g0660	h0	1	0
1.93736422756045	0.25	g0660	h0	1	0
2.38763570145569	0.75	g0660	h0	1	0
2.15311377675932	1.25	g0660	h0	1	0
2.14902794840217	1.75	g0660	h0	1	0
1.11253579327186	-1.75	g0661	h0	1	0
1.24453753828968	-1.25	g0661	h0	1	0
0.901000912091852	-0.75	g0661	h0	1	0
1.13463587220536	-0.25	g0661	h0	1	0
1.65966921747413	0.25	g0661	h0	1	0
1.51456365812873	0.75	g0661	h0	1	0
1.29185985812595	1.25	g0661	h0	1	0
1.76405179292747	1.75	g0661	h0	1	0
1.28268691112966	-1.75	g0662	h0	1	0
0.953619662282777	-1.25	g0662	h0	1	0
0.975683894526274	-0.75	g0662	h0	1	0
1.53464583629992	-0.25	g0662	h0	1	0
1.57118523017873	0.25	g0662	h0	1	0
1.23749984675103	0.75	g0662	h0	1	0
1.54435298738344	1.25	g0662	h0	1	0
2.01707442331904	1.75	g0662	h0	1	0
1.48478862557568	-1.75	g0663	h0	1	0
1.35414155351114	-1.25	g0663	h0	1	0
1.89928584175163	-0.75	g0663	h0	1	0
2.1734554441546	-0.25	g0663	h0	1	0
1.85828505713839	0.25	g0663	h0	1	0
2.0021115317035	0.75	g0663	h0	1	0
2.58884030246556	1.25	g0663	h0	1	0
2.57526930522892	1.75	g0663	h0	1	0
1.88818638039555	-1.75	g0664	h0	1	0
2.37588267472279	-1.25	g0664	h0	1	0
2.89785650762833	-0.75	g0664	h0	1	0
2.72839367984499	-0.25	g0664	h0	1	0
2.74524826320086	0.25	g0664	h0	1	0
3.39409707053566	0.75	g0664	h0	1	0
3.6549979458375	1.25	g0664	h0	1	0
3.40767494291291	1.75	g0664	h0	1	0
2.48659160473223	-1.75	g0665	h0	1	0
3.22014516354876	-1.25	g0665	h0	1	0
3.29745610641555	-0.75	g0665	h0	1	0
3.25141008009723	-0.25	g0665	h0	1	0
3.90096229832278	0.25	g0665	h0	1	0
4.45194883033755	0.75	g0665	h0	1	0
4.33878337142736	1.25	g0665	h0	1	0
4.53607368696282	1.75	g0665	h0	1	0
2.7484842492638	-1.75	g0666	h0	1	0
3.12863974745754	-1.25	g0666	h0	1	0
3.1002574869316	-0.75	g0666	h0	1	0
3.69296045711802	-0.25	g0666	h0	1	0
4.49605105452487	0.25	g0666	h0	1	0
4.61093465767066	0.75	g0666	h0	1	0
4.73499519521804	1.25	g0666	h0	1	0
5.54433493118057	1.75	g0666	h0	1	0
2.09336853441858	-1.75	g0667	h0	1	0
2.16456661606943	-1.25	g0667	h0	1	0
2.65901508214092	-0.75	g0667	h0	1	0
3.63103020985556	-0.25	g0667	h0	1	0
4.02743277784011	0.25	g0667	h0	1	0
4.12991128066074	0.75	g0667	h0	1	0
4.90177545080268	1.25	g0667	h0	1	0
5.75400385334445	1.75	g0667	h0	1	0
0.670831677414976	-1.75	g0668	h0	1	0
1.05041168495525	-1.25	g0668	h0	1	0
2.07991240654084	-0.75	g0668	h0	1	0
2.76068784413971	-0.25	g0668	h0	1	0
2.90279937668232	0.25	g0668	h0	1	0
3.56549074447535	0.75	g0668	h0	1	0
4.60076098147181	1.25	g0668	h0	1	0
4.99658436098696	1.75	g0668	h0	1	0
-0.623979079956681	-1.75	g0669	h0	1	0
0.345361570605445	-1.25	g0669	h0	1	0
1.26210662752365	-0.75	g0669	h0	1	0
1.502404306457	-0.25	g0669	h0	1	0
2.01111036972977	0.25	g0669	h0	1	0
3.11063118921139	0.75	g0669	h0	1	0
3.75325094115136	1.25	g0669	h0	1	0
3.95082499101295	1.75	g0669	h0	1	0
-1.01019801616145	-1.75	g0670	h0	1	0
0.051869750356895	-1.25	g0670	h0	1	0
0.434021130532422	-0.75	g0670	h0	1	0
0.77911464308864	-0.25	g0670	h0	1	0
1.81594743034246	0.25	g0670	h0	1	0
2.66914658996452	0.75	g0670	h0	1	0
2.88919268119937	1.25	g0670	h0	1	0
3.49487263699954	1.75	g0670	h0	1	0
-0.513708509286895	-1.75	g0671	h0	1	0
0.0293097846721655	-1.25	g0671	h0	1	0
0.237162118474644	-0.75	g0671	h0	1	0
1.10032744283251	-0.25	g0671	h0	1	0
2.08958862097439	0.25	g0671	h0	1	0
2.38330737019522	0.75	g0671	h0	1	0
2.77283511369238	1.25	g0671	h0	1	0
3.82733852348953	1.75	g0671	h0	1	0
0.302058855224303	-1.75	g0672	h0	1	0
0.428281543667137	-1.25	g0672	h0	1	0
1.04327288896376	-0.75	g0672	h0	1	0
2.06905214949692	-0.25	g0672	h0	1	0
2.47500557229806	0.25	g0672	h0	1	0
2.66791941645107	0.75	g0672	h0	1	0
3.54862693662324	1.25	g0672	h0	1	0
4.42294133827415	1.75	g0672	h0	1	0
1.07095034121478	-1.75	g0673	h0	1	0
1.412714193451	-1.25	g0673	h0	1	0
2.36839253674803	-0.75	g0673	h0	1	0
2.90303340261787	-0.25	g0673	h0	1	0
2.95808696376564	0.25	g0673	h0	1	0
3.5871848406885	0.75	g0673	h0	1	0
4.51272775613181	1.25	g0673	h0	1	0
4.76964896052429	1.75	g0673	h0	1	0
1.80157301291077	-1.75	g0674	h0	1	0
2.59270154493885	-1.25	g0674	h0	1	0
3.24518158449843	-0.75	g0674	h0	1	0
3.24675279140437	-0.25	g0674	h0	1	0
3.59463750099997	0.25	g0674	h0	1	0
4.48294368546889	0.75	g0674	h0	1	0
4.85252108345829	1.25	g0674	h0	1	0
4.84717148651117	1.75	g0674	h0	1	0
2.39850090199197	-1.75	g0675	h0	1	0
3.13100121885806	-1.25	g0675	h0	1	0
3.17051474113949	-0.75	g0675	h0	1	0
3.25984741841574	-0.25	g0675	h0	1	0
4.02627265929958	0.25	g0675	h0	1	0
4.52686011540752	0.75	g0675	h0	1	0
4.43516750932623	1.25	g0675	h0	1	0
4.79827286031894	1.75	g0675	h0	1	0
2.42152777973814	-1.75	g0676	h0	1	0
2.57780010678305	-1.25	g0676	h0	1	0
2.47750521796947	-0.75	g0676	h0	1	0
3.05653140975335	-0.25	g0676	h0	1	0
3.67539520478531	0.25	g0676	h0	1	0
3.60222818803983	0.75	g0676	h0	1	0
3.71000807486459	1.25	g0676	h0	1	0
4.45208973570597	1.75	g0676	h0	1	0
1.59344990540065	-1.75	g0677	h0	1	0
1.40404935485369	-1.25	g0677	h0	1	0
1.76131333886943	-0.75	g0677	h0	1	0
2.45618021423784	-0.25	g0677	h0	1	0
2.49667421807473	0.25	g0677	h0	1	0
2.40833550272121	0.75	g0677	h0	1	0
3.01547226283597	1.25	g0677	h0	1	0
3.52955825481314	1.75	g0677	h0	1	0
0.375444281330543	-1.75	g0678	h0	1	0
0.514251007231925	-1.25	g0678	h0	1	0
1.22139194503382	-0.75	g0678	h0	1	0
1.44174933236415	-0.25	g0678	h0	1	0
1.24907522595198	0.25	g0678	h0	1	0
1.67495763892319	0.75	g0678	h0	1	0
2.31652817053407	1.25	g0678	h0	1	0
2.27072935811509	1.75	g0678	h0	1	0
-0.308671345722361	-1.75	g0679	h0	1	0
0.338646240952547	-1.25	g0679	h0	1	0
0.763424673054646	-0.75	g0679	h0	1	0
0.57298380436461	-0.25	g0679	h0	1	0
0.801360763969476	0.25	g0679	h0	1	0
1.51133799166863	0.75	g0679	h0	1	0
1.64884833980931	1.25	g0679	h0	1	0
1.48739742309372	1.75	g0679	h0	1	0
0.0049866096599931	-1.75	g0680	h0	1	0
0.613380162776588	-1.25	g0680	h0	1	0
0.526523709503836	-0.75	g0680	h0	1	0
0.575586499274195	-0.25	g0680	h0	1	0
1.27653581720189	0.25	g0680	h0	1	0
1.63358895930937	0.75	g0680	h0	1	0
1.44847171058028	1.25	g0680	h0	1	0
1.78022389307488	1.75	g0680	h0	1	0
0.877759147535182	-1.75	g0681	h0	1	0
0.972261972784231	-1.25	g0681	h0	1	0
0.892797517149113	-0.75	g0681	h0	1	0
1.50606815385415	-0.25	g0681	h0	1	0
2.07229687197544	0.25	g0681	h0	1	0
1.96079868325575	0.75	g0681	h0	1	0
2.11256342284662	1.25	g0681	h0	1	0
2.85806404633348	1.75	g0681	h0	1	0
1.53593717513995	-1.75	g0682	h0	1	0
1.40341562933796	-1.25	g0682	h0	1	0
1.86692920924124	-0.75	g0682	h0	1	0
2.58959570669903	-0.25	g0682	h0	1	0
2.63354730737916	0.25	g0682	h0	1	0
2.63488220710822	0.75	g0682	h0	1	0
3.32852837409722	1.25	g0682	h0	1	0
3.84391725910735	1.75	g0682	h0	1	0
1.67189680315748	-1.75	g0683	h0	1	0
1.95478864516106	-1.25	g0683	h0	1	0
2.75157119261356	-0.75	g0683	h0	1	0
3.00341555334763	-0.25	g0683	h0	1	0
2.91522549762092	0.25	g0683	h0	1	0
3.48045771582653	0.75	g0683	h0	1	0
4.17725745561044	1.25	g0683	h0	1	0
4.17865981013605	1.75	g0683	h0	1	0
1.4873794419927	-1.75	g0684	h0	1	0
2.26488637980829	-1.25	g0684	h0	1	0
2.73943402069886	-0.75	g0684	h0	1	0
2.64404629746976	-0.25	g0684	h0	1	0
3.0334492233887	0.25	g0684	h0	1	0
3.83812060761805	0.75	g0684	h0	1	0
4.02551469585465	1.25	g0684	h0	1	0
3.99457557930864	1.75	g0684	h0	1	0
1.11420575119425	-1.75	g0685	h0	1	0
1.78743847197512	-1.25	g0685	h0	1	0
1.77400046600775	-0.75	g0685	h0	1	0
1.98046211732169	-0.25	g0685	h0	1	0
2.80343802755598	0.25	g0685	h0	1	0
3.2098224652232	0.75	g0685	h0	1	0
3.13260138336417	1.25	g0685	h0	1	0
3.62626057784625	1.75	g0685	h0	1	0
0.385088289448766	-1.75	g0686	h0	1	0
0.532962435821805	-1.25	g0686	h0	1	0
0.59218227294448	-0.75	g0686	h0	1	0
1.34674794303332	-0.25	g0686	h0	1	0
1.96812579600058	0.25	g0686	h0	1	0
1.93664986406749	0.75	g0686	h0	1	0
2.24664727422309	1.25	g0686	h0	1	0
3.10055530931828	1.75	g0686	h0	1	0
-0.695795341082881	-1.75	g0687	h0	1	0
-0.712087718433102	-1.25	g0687	h0	1	0
-0.092269604670774	-0.75	g0687	h0	1	0
0.704209937902317	-0.25	g0687	h0	1	0
0.808217183255378	0.25	g0687	h0	1	0
0.956488357491607	0.75	g0687	h0	1	0
1.78310992925528	1.25	g0687	h0	1	0
2.34904764484367	1.75	g0687	h0	1	0
-1.5656413755535	-1.75	g0688	h0	1	0
-1.11387638657316	-1.25	g0688	h0	1	0
-0.210678374110301	-0.75	g0688	h0	1	0
0.0979251793910755	-0.25	g0688	h0	1	0
0.144794263498207	0.25	g0688	h0	1	0
0.869761192195725	0.75	g0688	h0	1	0
1.64012323711824	1.25	g0688	h0	1	0
1.71790464538835	1.75	g0688	h0	1	0
-1.5411352922373	-1.75	g0689	h0	1	0
-0.615784713625091	-1.25	g0689	h0	1	0
-0.0690888945991624	-0.75	g0689	h0	1	0
-0.038156305604629	-0.25	g0689	h0	1	0
0.535979396083503	0.25	g0689	h0	1	0
1.45257559431626	0.75	g0689	h0	1	0
1.71671057956831	1.25	g0689	h0	1	0
1.84654534766679	1.75	g0689	h0	1	0
-0.629636049345959	-1.75	g0690	h0	1	0
0.144529136846366	-1.25	g0690	h0	1	0
0.251311572677222	-0.75	g0690	h0	1	0
0.658544723492372	-0.25	g0690	h0	1	0
1.63730526418202	0.25	g0690	h0	1	0
2.13327582007538	0.75	g0690	h0	1	0
2.21174760284994	1.25	g0690	h0	1	0
2.90620757366809	1.75	g0690	h0	1	0
0.371230509201944	-1.75	g0691	h0	1	0
0.631554531269006	-1.25	g0691	h0	1	0
0.889919788291742	-0.75	g0691	h0	1	0
1.83539763303607	-0.25	g0691	h0	1	0
2.56361883907804	0.25	g0691	h0	1	0
2.67404070041095	0.75	g0691	h0	1	0
3.19882100763957	1.25	g0691	h0	1	0
4.20920434177389	1.75	g0691	h0	1	0
0.688295685865066	-1.75	g0692	h0	1	0
0.844101085167522	-1.25	g0692	h0	1	0
1.66617213603463	-0.75	g0692	h0	1	0
2.57965807481042	-0.25	g0692	h0	1	0
2.79771348872452	0.25	g0692	h0	1	0
3.14622316108251	0.75	g0692	h0	1	0
4.1485434208325	1.25	g0692	h0	1	0
4.81181864029297	1.75	g0692	h0	1	0
0.302946826005189	-1.75	g0693	h0	1	0
0.9326675104593	-1.25	g0693	h0	1	0
1.94432339453741	-0.75	g0693	h0	1	0
2.32100130580837	-0.25	g0693	h0	1	0
2.51832646924906	0.25	g0693	h0	1	0
3.40785004612287	0.75	g0693	h0	1	0
4.25588839261831	1.25	g0693	h0	1	0
4.42496371343188	1.75	g0693	h0	1	0
-0.257441751351871	-1.75	g0694	h0	1	0
0.740886937742495	-1.25	g0694	h0	1	0
1.29077056238005	-0.75	g0694	h0	1	0
1.38710646879225	-0.25	g0694	h0	1	0
2.07658664608837	0.25	g0694	h0	1	0
3.0303786534225	0.75	g0694	h0	1	0
3.30670072684139	1.25	g0694	h0	1	0
3.53484999567944	1.75	g0694	h0	1	0
-0.648471875799365	-1.75	g0695	h0	1	0
0.0489304222266974	-1.25	g0695	h0	1	0
0.10864584515669	-0.75	g0695	h0	1	0
0.544677482662266	-0.25	g0695	h0	1	0
1.49833661578459	0.25	g0695	h0	1	0
1.9105364086336	0.75	g0695	h0	1	0
1.9778551087292	1.25	g0695	h0	1	0
2.69666351288886	1.75	g0695	h0	1	0
-0.925423997489973	-1.75	g0696	h0	1	0
-0.836836877316051	-1.25	g0696	h0	1	0
-0.663482430849111	-0.75	g0696	h0	1	0
0.178035770484844	-0.25	g0696	h0	1	0
0.721616649938334	0.25	g0696	h0	1	0
0.692087265720883	0.75	g0696	h0	1	0
1.14333947095632	1.25	g0696	h0	1	0
2.01431407864588	1.75	g0696	h0	1	0
-1.07387084289761	-1.75	g0697	h0	1	0
-1.12599062003339	-1.25	g0697	h0	1	0
-0.492080062766698	-0.75	g0697	h0	1	0
0.146573217441704	-0.25	g0697	h0	1	0
0.0976830517963721	0.25	g0697	h0	1	0
0.263403027310559	0.75	g0697	h0	1	0
1.04819754040431	1.25	g0697	h0	1	0
1.42087326946147	1.75	g0697	h0	1	0
-0.722567572321869	-1.75	g0698	h0	1	0
-0.355208485552949	-1.25	g0698	h0	1	0
0.318631660409412	-0.75	g0698	h0	1	0
0.327012862940491	-0.25	g0698	h0	1	0
0.241220062746594	0.25	g0698	h0	1	0
0.850931343270832	0.75	g0698	h0	1	0
1.33292401301461	1.25	g0698	h0	1	0
1.16015976244523	1.75	g0698	h0	1	0
0.388218114722961	-1.75	g0699	h0	1	0
1.0271518042072	-1.25	g0699	h0	1	0
1.15484366874467	-0.75	g0699	h0	1	0
0.898276447624813	-0.25	g0699	h0	1	0
1.27554451300588	0.25	g0699	h0	1	0
1.83485377323173	0.75	g0699	h0	1	0
1.70224958809422	1.25	g0699	h0	1	0
1.60835127051966	1.75	g0699	h0	1	0
1.80474434971509	-1.75	g0700	h0	1	0
2.08861801861992	-1.25	g0700	h0	1	0
1.77444547651073	-0.75	g0700	h0	1	0
1.90658596061493	-0.25	g0700	h0	1	0
2.49438159495608	0.25	g0700	h0	1	0
2.4904926446034	0.75	g0700	h0	1	0
2.2197187360351	1.25	g0700	h0	1	0
2.62577600227492	1.75	g0700	h0	1	0
2.57768827883168	-1.75	g0701	h0	1	0
2.33084932823603	-1.25	g0701	h0	1	0
2.25418184057566	-0.75	g0701	h0	1	0
2.81630919620737	-0.25	g0701	h0	1	0
3.00446490828343	0.25	g0701	h0	1	0
2.67313714800914	0.75	g0701	h0	1	0
2.88151628511308	1.25	g0701	h0	1	0
3.4371915885455	1.75	g0701	h0	1	0
2.1800831446426	-1.75	g0702	h0	1	0
1.97441080275387	-1.25	g0702	h0	1	0
2.46383476834121	-0.75	g0702	h0	1	0
2.87125532867683	-0.25	g0702	h0	1	0
2.60974182905216	0.25	g0702	h0	1	0
2.64364748728564	0.75	g0702	h0	1	0
3.25223710568275	1.25	g0702	h0	1	0
3.38206122880179	1.75	g0702	h0	1	0
1.01383526567543	-1.75	g0703	h0	1	0
1.4013974215794	-1.25	g0703	h0	1	0
2.01520689433039	-0.75	g0703	h0	1	0
1.94345434994883	-0.25	g0703	h0	1	0
1.86417520067525	0.25	g0703	h0	1	0
2.47285934564567	0.75	g0703	h0	1	0
2.86958328358621	1.25	g0703	h0	1	0
2.64596740441377	1.75	g0703	h0	1	0
-0.104026951103264	-1.75	g0704	h0	1	0
0.666787611736378	-1.25	g0704	h0	1	0
0.87153645510469	-0.75	g0704	h0	1	0
0.767307403185632	-0.25	g0704	h0	1	0
1.32771993046541	0.25	g0704	h0	1	0
1.98506406726432	0.75	g0704	h0	1	0
1.94684170470396	1.25	g0704	h0	1	0
2.0336002600825	1.75	g0704	h0	1	0
-0.765738188101029	-1.75	g0705	h0	1	0
-0.247599749089338	-1.25	g0705	h0	1	0
-0.278540268203749	-0.75	g0705	h0	1	0
0.199868755496507	-0.25	g0705	h0	1	0
1.06485459768496	0.25	g0705	h0	1	0
1.29715798938393	0.75	g0705	h0	1	0
1.34473465427652	1.25	g0705	h0	1	0
2.08392871674478	1.75	g0705	h0	1	0
-1.08256921289471	-1.75	g0706	h0	1	0
-0.951387976484292	-1.25	g0706	h0	1	0
-0.567284981005601	-0.75	g0706	h0	1	0
0.416281878501301	-0.25	g0706	h0	1	0
0.95567489691855	0.25	g0706	h0	1	0
1.03731262956446	0.75	g0706	h0	1	0
1.70916578597597	1.25	g0706	h0	1	0
2.65047275511031	1.75	g0706	h0	1	0
-1.13259444233274	-1.75	g0707	h0	1	0
-0.831597877813989	-1.25	g0707	h0	1	0
0.162720872757486	-0.75	g0707	h0	1	0
0.989568940962676	-0.25	g0707	h0	1	0
1.17652442680312	0.25	g0707	h0	1	0
1.73510099671124	0.75	g0707	h0	1	0
2.81500869713424	1.25	g0707	h0	1	0
3.35697058548486	1.75	g0707	h0	1	0
-0.703423688711411	-1.75	g0708	h0	1	0
0.195666154638655	-1.25	g0708	h0	1	0
1.23724122358482	-0.75	g0708	h0	1	0
1.58384260800942	-0.25	g0708	h0	1	0
2.00968216350987	0.25	g0708	h0	1	0
3.10521537231877	0.75	g0708	h0	1	0
3.90785231788495	1.25	g0708	h0	1	0
4.13424080929917	1.75	g0708	h0	1	0
0.254194959354114	-1.75	g0709	h0	1	0
1.39796855118211	-1.25	g0709	h0	1	0
1.92968037894542	-0.75	g0709	h0	1	0
2.23251404210826	-0.25	g0709	h0	1	0
3.22043042712046	0.25	g0709	h0	1	0
4.21865717845148	0.75	g0709	h0	1	0
4.52851180361172	1.25	g0709	h0	1	0
5.04767330752022	1.75	g0709	h0	1	0
1.20122175789441	-1.75	g0710	h0	1	0
1.90817823898984	-1.25	g0710	h0	1	0
2.12358595458482	-0.75	g0710	h0	1	0
2.90343637395248	-0.25	g0710	h0	1	0
3.99475657699047	0.25	g0710	h0	1	0
4.4222632080717	0.75	g0710	h0	1	0
4.75008217502051	1.25	g0710	h0	1	0
5.77351892175438	1.75	g0710	h0	1	0
1.40422756528095	-1.75	g0711	h0	1	0
1.58501037725026	-1.25	g0711	h0	1	0
2.09752090499845	-0.75	g0711	h0	1	0
3.16081562026811	-0.25	g0711	h0	1	0
3.71666123115079	0.25	g0711	h0	1	0
3.88361848102832	0.75	g0711	h0	1	0
4.6820952141411	1.25	g0711	h0	1	0
5.66798124796383	1.75	g0711	h0	1	0
0.769727898314397	-1.75	g0712	h0	1	0
1.00698014469396	-1.25	g0712	h0	1	0
1.92496802880209	-0.75	g0712	h0	1	0
2.59262967500336	-0.25	g0712	h0	1	0
2.65941940347141	0.25	g0712	h0	1	0
3.16823667527948	0.75	g0712	h0	1	0
4.13690203828656	1.25	g0712	h0	1	0
4.51683058966835	1.75	g0712	h0	1	0
0.0228828842352287	-1.75	g0713	h0	1	0
0.703930530649739	-1.25	g0713	h0	1	0
1.44147924046393	-0.75	g0713	h0	1	0
1.48548078054644	-0.25	g0713	h0	1	0
1.69424954069074	0.25	g0713	h0	1	0
2.54399837557318	0.75	g0713	h0	1	0
3.02448263670238	1.25	g0713	h0	1	0
2.98179645730928	1.75	g0713	h0	1	0
-0.0614627566857074	-1.75	g0714	h0	1	0
0.685740796122003	-1.25	g0714	h0	1	0
0.784431702991499	-0.75	g0714	h0	1	0
0.737913553176897	-0.25	g0714	h0	1	0
1.3862353362073	0.25	g0714	h0	1	0
1.95808545119101	0.75	g0714	h0	1	0
1.85949304342755	1.25	g0714	h0	1	0
2.05126931409759	1.75	g0714	h0	1	0
0.574306029844062	-1.75	g0715	h0	1	0
0.789044509021652	-1.25	g0715	h0	1	0
0.577430166113302	-0.75	g0715	h0	1	0
0.976549149092329	-0.25	g0715	h0	1	0
1.60717347936463	0.25	g0715	h0	1	0
1.55320535340727	0.75	g0715	h0	1	0
1.48614326480581	1.25	g0715	h0	1	0
2.10785111129113	1.75	g0715	h0	1	0
1.41503812996266	-1.75	g0716	h0	1	0
1.15570624303363	-1.25	g0716	h0	1	0
1.30173470261279	-0.75	g0716	h0	1	0
1.94127814025243	-0.25	g0716	h0	1	0
2.01801092832777	0.25	g0716	h0	1	0
1.78078703196396	0.75	g0716	h0	1	0
2.20653807056408	1.25	g0716	h0	1	0
2.73473123159568	1.75	g0716	h0	1	0
2.09152813458578	-1.75	g0717	h0	1	0
2.02547831347239	-1.25	g0717	h0	1	0
2.61696144330862	-0.75	g0717	h0	1	0
2.87916664171569	-0.25	g0717	h0	1	0
2.58889124299828	0.25	g0717	h0	1	0
2.80415638437845	0.75	g0717	h0	1	0
3.41061520195045	1.25	g0717	h0	1	0
3.38672761616138	1.75	g0717	h0	1	0
2.63809289841726	-1.75	g0718	h0	1	0
3.12955592171988	-1.25	g0718	h0	1	0
3.59065470664889	-0.75	g0718	h0	1	0
3.37044877217865	-0.25	g0718	h0	1	0
3.39796954593969	0.25	g0718	h0	1	0
4.02776066928328	0.75	g0718	h0	1	0
4.2176776252928	1.25	g0718	h0	1	0
3.94566104829493	1.75	g0718	h0	1	0
3.0415797638992	-1.75	g0719	h0	1	0
3.67234917930964	-1.25	g0719	h0	1	0
3.62826868467338	-0.75	g0719	h0	1	0
3.52491279062644	-0.25	g0719	h0	1	0
4.11531794411114	0.25	g0719	h0	1	0
4.54366197828185	0.75	g0719	h0	1	0
4.32994870945545	1.25	g0719	h0	1	0
4.48313759097671	1.75	g0719	h0	1	0
2.91852950205029	-1.75	g0720	h0	1	0
3.12030000974692	-1.25	g0720	h0	1	0
2.96756265248455	-0.75	g0720	h0	1	0
3.46232479762808	-0.25	g0720	h0	1	0
4.10501750528852	0.25	g0720	h0	1	0
4.05301515836127	0.75	g0720	h0	1	0
4.07471675189873	1.25	g0720	h0	1	0
4.7675990017214	1.75	g0720	h0	1	0
1.95185362725223	-1.75	g0721	h0	1	0
1.84170836279307	-1.25	g0721	h0	1	0
2.20423444155634	-0.75	g0721	h0	1	0
2.99530987485394	-0.25	g0721	h0	1	0
3.17699020020952	0.25	g0721	h0	1	0
3.12454170271041	0.75	g0721	h0	1	0
3.75618443333498	1.25	g0721	h0	1	0
4.40370451325317	1.75	g0721	h0	1	0
0.526673837781584	-1.75	g0722	h0	1	0
0.749344284610231	-1.25	g0722	h0	1	0
1.59609070531038	-0.75	g0722	h0	1	0
2.039742622414	-0.25	g0722	h0	1	0
1.98792125162934	0.25	g0722	h0	1	0
2.49726946382546	0.75	g0722	h0	1	0
3.32305623379212	1.25	g0722	h0	1	0
3.48671732210836	1.75	g0722	h0	1	0
-0.418879335705919	-1.75	g0723	h0	1	0
0.384296431667773	-1.25	g0723	h0	1	0
1.07071619214418	-0.75	g0723	h0	1	0
1.09869869689313	-0.25	g0723	h0	1	0
1.45350407594257	0.25	g0723	h0	1	0
2.3624776147611	0.75	g0723	h0	1	0
2.76782727307091	1.25	g0723	h0	1	0
2.77968420424854	1.75	g0723	h0	1	0
-0.295093263544722	-1.75	g0724	h0	1	0
0.572547218024697	-1.25	g0724	h0	1	0
0.749524875398864	-0.75	g0724	h0	1	0
0.954085196252642	-0.25	g0724	h0	1	0
1.84050840833707	0.25	g0724	h0	1	0
2.48180840875242	0.75	g0724	h0	1	0
2.51944927198497	1.25	g0724	h0	1	0
2.99480388277291	1.75	g0724	h0	1	0
0.573589445870687	-1.75	g0725	h0	1	0
0.945707414115677	-1.25	g0725	h0	1	0
1.04069105914992	-0.75	g0725	h0	1	0
1.80984256541498	-0.25	g0725	h0	1	0
2.64104285791548	0.25	g0725	h0	1	0
2.77827933438877	0.75	g0725	h0	1	0
3.07486823431833	1.25	g0725	h0	1	0
4.01458138413981	1.75	g0725	h0	1	0
1.40171500970277	-1.75	g0726	h0	1	0
1.45599471425948	-1.25	g0726	h0	1	0
2.04288540319954	-0.75	g0726	h0	1	0
2.9866765542978	-0.25	g0726	h0	1	0
3.28399171503351	0.25	g0726	h0	1	0
3.43065717625479	0.75	g0726	h0	1	0
4.27186168954617	1.25	g0726	h0	1	0
5.04213117018634	1.75	g0726	h0	1	0
1.77671441832047	-1.75	g0727	h0	1	0
2.15811736349457	-1.25	g0727	h0	1	0
3.12040677997331	-0.75	g0727	h0	1	0
3.61207141866287	-0.25	g0727	h0	1	0
3.6729970327977	0.25	g0727	h0	1	0
4.34196977859035	0.75	g0727	h0	1	0
5.2476910736566	1.25	g0727	h0	1	0
5.46983332316501	1.75	g0727	h0	1	0
1.82209264825463	-1.75	g0728	h0	1	0
2.7091196815723	-1.25	g0728	h0	1	0
3.39481976074827	-0.75	g0728	h0	1	0
3.45521844088864	-0.25	g0728	h0	1	0
3.91643932689843	0.25	g0728	h0	1	0
4.87508387653318	0.75	g0728	h0	1	0
5.27420889586604	1.25	g0728	h0	1	0
5.35441855127867	1.75	g0728	h0	1	0
1.66142902359526	-1.75	g0729	h0	1	0
2.50425098753729	-1.25	g0729	h0	1	0
2.651368167029	-0.75	g0729	h0	1	0
2.91249591857192	-0.25	g0729	h0	1	0
3.83295468696116	0.25	g0729	h0	1	0
4.42905087164414	0.75	g0729	h0	1	0
4.46930020789533	1.25	g0729	h0	1	0
5.01124870045821	1.75	g0729	h0	1	0
1.12081639945061	-1.75	g0730	h0	1	0
1.42427638339071	-1.25	g0730	h0	1	0
1.53229752258336	-0.75	g0730	h0	1	0
2.33064116848942	-0.25	g0730	h0	1	0
3.10418416749538	0.25	g0730	h0	1	0
3.19531702221613	0.75	g0730	h0	1	0
3.52896566684864	1.25	g0730	h0	1	0
4.46765256977432	1.75	g0730	h0	1	0
0.151481877543926	-1.75	g0731	h0	1	0
0.181090672694138	-1.25	g0731	h0	1	0
0.794943973303692	-0.75	g0731	h0	1	0
1.68848294628806	-0.25	g0731	h0	1	0
1.90854690241314	0.25	g0731	h0	1	0
2.063789679075	0.75	g0731	h0	1	0
2.91318792770874	1.25	g0731	h0	1	0
3.60594500047843	1.75	g0731	h0	1	0
-0.716652006855724	-1.75	g0732	h0	1	0
-0.317686050714735	-1.25	g0732	h0	1	0
0.609917893166986	-0.75	g0732	h0	1	0
1.0067062242333	-0.25	g0732	h0	1	0
1.04420721104506	0.25	g0732	h0	1	0
1.72715032405559	0.75	g0732	h0	1	0
2.5634598611996	1.25	g0732	h0	1	0
2.70539747055477	1.75	g0732	h0	1	0
-0.72401041204722	-1.75	g0733	h0	1	0
0.13892370426734	-1.25	g0733	h0	1	0
0.719099632619753	-0.75	g0733	h0	1	0
0.716861654741744	-0.25	g0733	h0	1	0
1.18319435303177	0.25	g0733	h0	1	0
2.08244884840482	0.75	g0733	h0	1	0
2.3750139251587	1.25	g0733	h0	1	0
2.42821451731102	1.75	g0733	h0	1	0
0.269780671280405	-1.75	g0734	h0	1	0
0.996911181131359	-1.25	g0734	h0	1	0
1.03414453003079	-0.75	g0734	h0	1	0
1.27003835359713	-0.25	g0734	h0	1	0
2.1324489883143	0.25	g0734	h0	1	0
2.59631613331668	0.75	g0734	h0	1	0
2.56081720428204	1.25	g0734	h0	1	0
3.08317879319497	1.75	g0734	h0	1	0
1.537235613097	-1.75	g0735	h0	1	0
1.67879770706335	-1.25	g0735	h0	1	0
1.70966432253106	-0.75	g0735	h0	1	0
2.43624244358549	-0.25	g0735	h0	1	0
3.05155725310378	0.25	g0735	h0	1	0
3.00665784262766	0.75	g0735	h0	1	0
3.28365553119512	1.25	g0735	h0	1	0
4.11816985599419	1.75	g0735	h0	1	0
2.21271510270239	-1.75	g0736	h0	1	0
2.09909981143282	-1.25	g0736	h0	1	0
2.61225119683237	-0.75	g0736	h0	1	0
3.32351173957004	-0.25	g0736	h0	1	0
3.34480114731812	0.25	g0736	h0	1	0
3.38810878825133	0.75	g0736	h0	1	0
4.11436289898244	1.25	g0736	h0	1	0
4.60071252500386	1.75	g0736	h0	1	0
2.10412614433643	-1.75	g0737	h0	1	0
2.36463171861663	-1.25	g0737	h0	1	0
3.09328263625764	-0.75	g0737	h0	1	0
3.23920522714728	-0.25	g0737	h0	1	0
3.10289527514941	0.25	g0737	h0	1	0
3.63935671117862	0.75	g0737	h0	1	0
4.24341068190594	1.25	g0737	h0	1	0
4.15312864033808	1.75	g0737	h0	1	0
1.62573009016557	-1.75	g0738	h0	1	0
2.28775591634285	-1.25	g0738	h0	1	0
2.59000196217018	-0.75	g0738	h0	1	0
2.36180439606516	-0.25	g0738	h0	1	0
2.66261857117517	0.25	g0738	h0	1	0
3.32510121931005	0.75	g0738	h0	1	0
3.34318594097726	1.25	g0738	h0	1	0
3.20518996977131	1.75	g0738	h0	1	0
1.10426492014661	-1.75	g0739	h0	1	0
1.56363941366843	-1.25	g0739	h0	1	0
1.34968338303828	-0.75	g0739	h0	1	0
1.41593960027372	-0.25	g0739	h0	1	0
2.06612783237999	0.25	g0739	h0	1	0
2.24980699323497	0.75	g0739	h0	1	0
1.99838851692304	1.25	g0739	h0	1	0
2.35229203117877	1.75	g0739	h0	1	0
0.488819775249494	-1.75	g0740	h0	1	0
0.39462475490073	-1.25	g0740	h0	1	0
0.276203929051761	-0.75	g0740	h0	1	0
0.848033919092716	-0.25	g0740	h0	1	0
1.2238730951216	0.25	g0740	h0	1	0
0.971990080397764	0.75	g0740	h0	1	0
1.11636545729319	1.25	g0740	h0	1	0
1.76204132221169	1.75	g0740	h0	1	0
-0.21673826982704	-1.75	g0741	h0	1	0
-0.429336002602231	-1.25	g0741	h0	1	0
0.0175806252410147	-0.75	g0741	h0	1	0
0.577940363815703	-0.25	g0741	h0	1	0
0.442593016204111	0.25	g0741	h0	1	0
0.415759937937657	0.75	g0741	h0	1	0
1.05001371069924	1.25	g0741	h0	1	0
1.3648410236694	1.75	g0741	h0	1	0
-0.598749138735776	-1.75	g0742	h0	1	0
-0.293327572680414	-1.25	g0742	h0	1	0
0.412445920210358	-0.75	g0742	h0	1	0
0.49266607732613	-0.25	g0742	h0	1	0
0.372109936867071	0.25	g0742	h0	1	0
0.941162511056938	0.75	g0742	h0	1	0
1.49097961835918	1.25	g0742	h0	1	0
1.35732486647894	1.75	g0742	h0	1	0
-0.2411975448802	-1.75	g0743	h0	1	0
0.547784793534891	-1.25	g0743	h0	1	0
0.9055765598662	-0.75	g0743	h0	1	0
0.793167328265268	-0.25	g0743	h0	1	0
1.26196091338738	0.25	g0743	h0	1	0
2.01552939247632	0.75	g0743	h0	1	0
2.09704088556439	1.25	g0743	h0	1	0
2.10818957108811	1.75	g0743	h0	1	0
0.600994194133105	-1.75	g0744	h0	1	0
1.24898401305496	-1.25	g0744	h0	1	0
1.25071059961312	-0.75	g0744	h0	1	0
1.60983126998693	-0.25	g0744	h0	1	0
2.50119268240649	0.25	g0744	h0	1	0
2.86535469636085	0.75	g0744	h0	1	0
2.86547289997268	1.25	g0744	h0	1	0
3.50893451147653	1.75	g0744	h0	1	0
1.07311190992197	-1.75	g0745	h0	1	0
1.27740332208438	-1.25	g0745	h0	1	0
1.54431640553729	-0.75	g0745	h0	1	0
2.48525508659861	-0.25	g0745	h0	1	0
3.14853194697299	0.25	g0745	h0	1	0
3.22636803443133	0.75	g0745	h0	1	0
3.76864411794082	1.25	g0745	h0	1	0
4.74818671141484	1.75	g0745	h0	1	0
0.592030665530678	-1.75	g0746	h0	1	0
0.806490168406231	-1.25	g0746	h0	1	0
1.7029265252745	-0.75	g0746	h0	1	0
2.62637078992494	-0.25	g0746	h0	1	0
2.85922163684276	0.25	g0746	h0	1	0
3.28539049868484	0.75	g0746	h0	1	0
4.34047687906869	1.25	g0746	h0	1	0
5.0015963112763	1.75	g0746	h0	1	0
-0.538731234968632	-1.75	g0747	h0	1	0
0.230473896967395	-1.25	g0747	h0	1	0
1.32599401199013	-0.75	g0747	h0	1	0
1.76289134730513	-0.25	g0747	h0	1	0
2.08359975623946	0.25	g0747	h0	1	0
3.09999969149192	0.75	g0747	h0	1	0
4.01063613724734	1.25	g0747	h0	1	0
4.25932368702793	1.75	g0747	h0	1	0
-1.52302468556634	-1.75	g0748	h0	1	0
-0.376817651458979	-1.25	g0748	h0	1	0
0.273512477724813	-0.75	g0748	h0	1	0
0.521217053254511	-0.25	g0748	h0	1	0
1.39325160658098	0.25	g0748	h0	1	0
2.4687263826574	0.75	g0748	h0	1	0
2.85496590723762	1.25	g0748	h0	1	0
3.25765782438734	1.75	g0748	h0	1	0
-1.91243886943764	-1.75	g0749	h0	1	0
-1.08245894462764	-1.25	g0749	h0	1	0
-0.86159642244996	-0.75	g0749	h0	1	0
-0.211731575992792	-0.25	g0749	h0	1	0
0.910382393565857	0.25	g0749	h0	1	0
1.45282836332178	0.75	g0749	h0	1	0
1.70796164817626	1.25	g0749	h0	1	0
2.63442675525156	1.75	g0749	h0	1	0
-1.82229665925642	-1.75	g0750	h0	1	0
-1.57910270428599	-1.25	g0750	h0	1	0
-1.18741619228554	-0.75	g0750	h0	1	0
-0.148440795685904	-0.25	g0750	h0	1	0
0.535531936641341	0.25	g0750	h0	1	0
0.685475319662709	0.75	g0750	h0	1	0
1.36079731627319	1.25	g0750	h0	1	0
2.40253263105326	1.75	g0750	h0	1	0
-1.41460431541702	-1.75	g0751	h0	1	0
-1.26943084773107	-1.25	g0751	h0	1	0
-0.430453528022269	-0.75	g0751	h0	1	0
0.348675305572734	-0.25	g0751	h0	1	0
0.453094261381204	0.25	g0751	h0	1	0
0.832620164454845	0.75	g0751	h0	1	0
1.79908622373539	1.25	g0751	h0	1	0
2.30318879931538	1.75	g0751	h0	1	0
-0.561171524610194	-1.75	g0752	h0	1	0
-0.00385101997154892	-1.25	g0752	h0	1	0
0.800658610116412	-0.75	g0752	h0	1	0
0.923747302849485	-0.25	g0752	h0	1	0
1.01704641799925	0.25	g0752	h0	1	0
1.80127049414435	0.75	g0752	h0	1	0
2.39485245008461	1.25	g0752	h0	1	0
2.35833163064886	1.75	g0752	h0	1	0
0.768045035855212	-1.75	g0753	h0	1	0
1.51810442519075	-1.25	g0753	h0	1	0
1.7153338253084	-0.75	g0753	h0	1	0
1.58379210070446	-0.25	g0753	h0	1	0
2.10997102826637	0.25	g0753	h0	1	0
2.75508283730796	0.75	g0753	h0	1	0
2.70452982011647	1.25	g0753	h0	1	0
2.7569878189666	1.75	g0753	h0	1	0
2.02624583259264	-1.75	g0754	h0	1	0
2.33329467245197	-1.25	g0754	h0	1	0
2.07787118452633	-0.75	g0754	h0	1	0
2.31636792838704	-0.25	g0754	h0	1	0
2.95975740541546	0.25	g0754	h0	1	0
2.98005026011916	0.75	g0754	h0	1	0
2.79424222461772	1.25	g0754	h0	1	0
3.29728494062764	1.75	g0754	h0	1	0
2.39242390506114	-1.75	g0755	h0	1	0
2.13400691393589	-1.25	g0755	h0	1	0
2.10763760971481	-0.75	g0755	h0	1	0
2.69172594399582	-0.25	g0755	h0	1	0
2.84900707148368	0.25	g0755	h0	1	0
2.53199851289963	0.75	g0755	h0	1	0
2.79311385488345	1.25	g0755	h0	1	0
3.34407507192025	1.75	g0755	h0	1	0
1.63079280055684	-1.75	g0756	h0	1	0
1.41113250423153	-1.25	g0756	h0	1	0
1.88628311943061	-0.75	g0756	h0	1	0
2.21566219757979	-0.25	g0756	h0	1	0
1.89673710403173	0.25	g0756	h0	1	0
1.93041757049969	0.75	g0756	h0	1	0
2.49990744203798	1.25	g0756	h0	1	0
2.54584789783333	1.75	g0756	h0	1	0
0.4103995876972	-1.75	g0757	h0	1	0
0.745988714469923	-1.25	g0757	h0	1	0
1.24578617061081	-0.75	g0757	h0	1	0
1.05199135751883	-0.25	g0757	h0	1	0
0.915270886999637	0.25	g0757	h0	1	0
1.45393377021062	0.75	g0757	h0	1	0
1.72004898490886	1.25	g0757	h0	1	0
1.39773405887365	1.75	g0757	h0	1	0
-0.376730925983429	-1.75	g0758	h0	1	0
0.256854759636248	-1.25	g0758	h0	1	0
0.289278809174537	-0.75	g0758	h0	1	0
0.0719133805787577	-0.25	g0758	h0	1	0
0.535402061000052	0.25	g0758	h0	1	0
1.03146151178074	0.75	g0758	h0	1	0
0.836275522193045	1.25	g0758	h0	1	0
0.829052705308863	1.75	g0758	h0	1	0
-0.46146380251309	-1.75	g0759	h0	1	0
-0.146088371186379	-1.25	g0759	h0	1	0
-0.337768382159214	-0.75	g0759	h0	1	0
0.0216870121247035	-0.25	g0759	h0	1	0
0.712364408102843	0.25	g0759	h0	1	0
0.746233811640421	0.75	g0759	h0	1	0
0.658428283090199	1.25	g0759	h0	1	0
1.26624974089864	1.75	g0759	h0	1	0
-0.201413509861619	-1.75	g0760	h0	1	0
-0.263923194693945	-1.25	g0760	h0	1	0
-0.0144488689861939	-0.75	g0760	h0	1	0
0.799131702901955	-0.25	g0760	h0	1	0
1.12075662536276	0.25	g0760	h0	1	0
1.03522811875304	0.75	g0760	h0	1	0
1.5715529012521	1.25	g0760	h0	1	0
2.31663594108572	1.75	g0760	h0	1	0
0.0905917512918446	-1.75	g0761	h0	1	0
0.249771758983606	-1.25	g0761	h0	1	0
1.09393409398316	-0.75	g0761	h0	1	0
1.70867516228972	-0.25	g0761	h0	1	0
1.71162813157776	0.25	g0761	h0	1	0
2.13918635564191	0.75	g0761	h0	1	0
3.04306723387332	1.25	g0761	h0	1	0
3.37037756835986	1.75	g0761	h0	1	0
0.473188323845728	-1.75	g0762	h0	1	0
1.25455383646308	-1.25	g0762	h0	1	0
2.11458603750595	-0.75	g0762	h0	1	0
2.27967127631165	-0.25	g0762	h0	1	0
2.5878046979247	0.25	g0762	h0	1	0
3.54524719693674	0.75	g0762	h0	1	0
4.15248688651723	1.25	g0762	h0	1	0
4.22214569526255	1.75	g0762	h0	1	0
0.968972702189515	-1.75	g0763	h0	1	0
1.98351879702711	-1.25	g0763	h0	1	0
2.35794678308285	-0.75	g0763	h0	1	0
2.5654624287895	-0.25	g0763	h0	1	0
3.46634765433781	0.25	g0763	h0	1	0
4.31293359479476	0.75	g0763	h0	1	0
4.4834735205969	1.25	g0763	h0	1	0
4.9239974718121	1.75	g0763	h0	1	0
1.18016738945532	-1.75	g0764	h0	1	0
1.77547257034211	-1.25	g0764	h0	1	0
1.92704677333623	-0.75	g0764	h0	1	0
2.67837654482803	-0.25	g0764	h0	1	0
3.68209214722085	0.25	g0764	h0	1	0
4.00553137155798	0.75	g0764	h0	1	0
4.29361915432055	1.25	g0764	h0	1	0
5.27326178780335	1.75	g0764	h0	1	0
0.661412746130464	-1.75	g0765	h0	1	0
0.81820141991672	-1.25	g0765	h0	1	0
1.36204500690174	-0.75	g0765	h0	1	0
2.41484615599066	-0.25	g0765	h0	1	0
2.91821530920159	0.25	g0765	h0	1	0
3.0879168876555	0.75	g0765	h0	1	0
3.91350328125588	1.25	g0765	h0	1	0
4.86350470915137	1.75	g0765	h0	1	0
-0.380140781087979	-1.75	g0766	h0	1	0
-0.0563026527723847	-1.25	g0766	h0	1	0
0.932006852642145	-0.75	g0766	h0	1	0
1.61082320868033	-0.25	g0766	h0	1	0
1.72390843326442	0.25	g0766	h0	1	0
2.32697684715393	0.75	g0766	h0	1	0
3.33945286620535	1.25	g0766	h0	1	0
3.7313288871971	1.75	g0766	h0	1	0
-1.08706854559491	-1.75	g0767	h0	1	0
-0.261508170805293	-1.25	g0767	h0	1	0
0.555950436812783	-0.75	g0767	h0	1	0
0.687945154632158	-0.25	g0767	h0	1	0
1.04673104517463	0.25	g0767	h0	1	0
2.01862569859334	0.75	g0767	h0	1	0
2.56812384852309	1.25	g0767	h0	1	0
2.63927400362003	1.75	g0767	h0	1	0
-0.799204182669871	-1.75	g0768	h0	1	0
0.0930145276354566	-1.25	g0768	h0	1	0
0.316141360600829	-0.75	g0768	h0	1	0
0.457836005178003	-0.25	g0768	h0	1	0
1.29460253441048	0.25	g0768	h0	1	0
1.99104652573093	0.75	g0768	h0	1	0
2.03718693143861	1.25	g0768	h0	1	0
2.43112178814197	1.75	g0768	h0	1	0
0.273789659525501	-1.75	g0769	h0	1	0
0.640436422030102	-1.25	g0769	h0	1	0
0.633596698791207	-0.75	g0769	h0	1	0
1.26577946088854	-0.25	g0769	h0	1	0
2.06757590152241	0.25	g0769	h0	1	0
2.17623655474104	0.75	g0769	h0	1	0
2.33642056606786	1.25	g0769	h0	1	0
3.17330242734204	1.75	g0769	h0	1	0
1.37427387418501	-1.75	g0770	h0	1	0
1.31315710305219	-1.25	g0770	h0	1	0
1.7081299887738	-0.75	g0770	h0	1	0
2.54897450985807	-0.25	g0770	h0	1	0
2.79147913400831	0.25	g0770	h0	1	0
2.77900561598432	0.75	g0770	h0	1	0
3.44621985168314	1.25	g0770	h0	1	0
4.15156563408238	1.75	g0770	h0	1	0
2.03086437630073	-1.75	g0771	h0	1	0
2.19765748148012	-1.25	g0771	h0	1	0
2.99804851782006	-0.75	g0771	h0	1	0
3.41370109785551	-0.25	g0771	h0	1	0
3.3185021459999	0.25	g0771	h0	1	0
3.77102298250334	0.75	g0771	h0	1	0
4.55965162375465	1.25	g0771	h0	1	0
4.69332912994057	1.75	g0771	h0	1	0
2.32305705807284	-1.75	g0772	h0	1	0
3.00505212860734	-1.25	g0772	h0	1	0
3.59230332421998	-0.75	g0772	h0	1	0
3.5142635784785	-0.25	g0772	h0	1	0
3.7432211649873	0.25	g0772	h0	1	0
4.53952570908301	0.75	g0772	h0	1	0
4.84782737017162	1.25	g0772	h0	1	0
4.7444738059166	1.75	g0772	h0	1	0
2.3888115913824	-1.75	g0773	h0	1	0
3.10530538389331	-1.25	g0773	h0	1	0
3.1341680833862	-0.75	g0773	h0	1	0
3.16834868934699	-0.25	g0773	h0	1	0
3.8884637711572	0.25	g0773	h0	1	0
4.3844214058555	0.75	g0773	h0	1	0
4.26595943162719	1.25	g0773	h0	1	0
4.56767844569947	1.75	g0773	h0	1	0
2.0581558352047	-1.75	g0774	h0	1	0
2.25625927629985	-1.25	g0774	h0	1	0
2.15694528185833	-0.75	g0774	h0	1	0
2.72595507180337	-0.25	g0774	h0	1	0
3.37916124611287	0.25	g0774	h0	1	0
3.33718174364348	0.75	g0774	h0	1	0
3.43279688718485	1.25	g0774	h0	1	0
4.17969971113892	1.75	g0774	h0	1	0
1.21677190576633	-1.75	g0775	h0	1	0
1.06688677881525	-1.25	g0775	h0	1	0
1.43501328983201	-0.75	g0775	h0	1	0
2.17897209796652	-0.25	g0775	h0	1	0
2.28501427697713	0.25	g0775	h0	1	0
2.21874415531517	0.75	g0775	h0	1	0
2.84536492934906	1.25	g0775	h0	1	0
3.4232390973107	1.75	g0775	h0	1	0
0.321145545118994	-1.75	g0776	h0	1	0
0.4755422210425	-1.25	g0776	h0	1	0
1.22278236084972	-0.75	g0776	h0	1	0
1.51603877105682	-0.25	g0776	h0	1	0
1.36129002824336	0.25	g0776	h0	1	0
1.80345592949081	0.75	g0776	h0	1	0
2.50318820117932	1.25	g0776	h0	1	0
2.52383222742571	1.75	g0776	h0	1	0
0.158544030964154	-1.75	g0777	h0	1	0
0.820252685756007	-1.25	g0777	h0	1	0
1.30205289781662	-0.75	g0777	h0	1	0
1.14911039388145	-0.25	g0777	h0	1	0
1.37858372847969	0.25	g0777	h0	1	0
2.12079438441006	0.75	g0777	h0	1	0
2.31700623022333	1.25	g0777	h0	1	0
2.17467542344441	1.75	g0777	h0	1	0
0.994426065074791	-1.75	g0778	h0	1	0
1.63030723968773	-1.25	g0778	h0	1	0
1.57074177935559	-0.75	g0778	h0	1	0
1.60316138707921	-0.25	g0778	h0	1	0
2.3016808470042	0.25	g0778	h0	1	0
2.69570370780021	0.75	g0778	h0	1	0
2.52077286989378	1.25	g0778	h0	1	0
2.83185679422794	1.75	g0778	h0	1	0
2.19187002447301	-1.75	g0779	h0	1	0
2.30246630479943	-1.25	g0779	h0	1	0
2.19635245361978	-0.75	g0779	h0	1	0
2.77744111148185	-0.25	g0779	h0	1	0
3.35599580873494	0.25	g0779	h0	1	0
3.24815642806541	0.75	g0779	h0	1	0
3.36183717942688	1.25	g0779	h0	1	0
4.09123854696846	1.75	g0779	h0	1	0
2.84421308572403	-1.75	g0780	h0	1	0
2.69097453754862	-1.25	g0780	h0	1	0
3.1095911665963	-0.75	g0780	h0	1	0
3.82813961330288	-0.25	g0780	h0	1	0
3.87914307054896	0.25	g0780	h0	1	0
3.84318729570542	0.75	g0780	h0	1	0
4.50251985764613	1.25	g0780	h0	1	0
5.02698786880302	1.75	g0780	h0	1	0
2.64735023701864	-1.75	g0781	h0	1	0
2.8970489384791	-1.25	g0781	h0	1	0
3.68959118508758	-0.75	g0781	h0	1	0
3.96598434920184	-0.25	g0781	h0	1	0
3.86420542308626	0.25	g0781	h0	1	0
4.39922705482274	0.75	g0781	h0	1	0
5.10925685010474	1.25	g0781	h0	1	0
5.12665173678035	1.75	g0781	h0	1	0
1.96747181124626	-1.75	g0782	h0	1	0
2.75983427087429	-1.25	g0782	h0	1	0
3.28992940961783	-0.75	g0782	h0	1	0
3.22572893209277	-0.25	g0782	h0	1	0
3.61339898720216	0.25	g0782	h0	1	0
4.45120053901172	0.75	g0782	h0	1	0
4.69352225812276	1.25	g0782	h0	1	0
4.67569350297526	1.75	g0782	h0	1	0
1.18566016276113	-1.75	g0783	h0	1	0
1.9533311952991	-1.25	g0783	h0	1	0
2.02858560885164	-0.75	g0783	h0	1	0
2.28105773596912	-0.25	g0783	h0	1	0
3.1694071996825	0.25	g0783	h0	1	0
3.67766956631801	0.75	g0783	h0	1	0
3.67131703272345	1.25	g0783	h0	1	0
4.20923358783921	1.75	g0783	h0	1	0
0.324923297933866	-1.75	g0784	h0	1	0
0.618508718049981	-1.25	g0784	h0	1	0
0.779470926261262	-0.75	g0784	h0	1	0
1.63579737822666	-0.25	g0784	h0	1	0
2.40289904197277	0.25	g0784	h0	1	0
2.50310260903232	0.75	g0784	h0	1	0
2.90529716614664	1.25	g0784	h0	1	0
3.8780430523353	1.75	g0784	h0	1	0
-0.581071377173566	-1.75	g0785	h0	1	0
-0.446804918863497	-1.25	g0785	h0	1	0
0.304242118837637	-0.75	g0785	h0	1	0
1.27464302888011	-0.25	g0785	h0	1	0
1.55828101813957	0.25	g0785	h0	1	0
1.84166898157127	0.75	g0785	h0	1	0
2.81189963366357	1.25	g0785	h0	1	0
3.56325101604228	1.75	g0785	h0	1	0
-1.08611288864045	-1.75	g0786	h0	1	0
-0.491735731361783	-1.25	g0786	h0	1	0
0.58701935446459	-0.75	g0786	h0	1	0
1.09550940002689	-0.25	g0786	h0	1	0
1.3015580486647	0.25	g0786	h0	1	0
2.17436220233308	0.75	g0786	h0	1	0
3.13688704332565	1.25	g0786	h0	1	0
3.4040320212892	1.75	g0786	h0	1	0
-0.673715447325728	-1.75	g0787	h0	1	0
0.395882536434612	-1.25	g0787	h0	1	0
1.12494440552516	-0.75	g0787	h0	1	0
1.30942585599194	-0.25	g0787	h0	1	0
2.00818556830309	0.25	g0787	h0	1	0
3.08745110822756	0.75	g0787	h0	1	0
3.53104235875892	1.25	g0787	h0	1	0
3.79693238530477	1.75	g0787	h0	1	0
0.5173450286949	-1.75	g0788	h0	1	0
1.41604339060301	-1.25	g0788	h0	1	0
1.63615345397966	-0.75	g0788	h0	1	0
2.11595014895619	-0.25	g0788	h0	1	0
3.19148509603584	0.25	g0788	h0	1	0
3.81726994332192	0.75	g0788	h0	1	0
3.99080415825316	1.25	g0788	h0	1	0
4.75837385900908	1.75	g0788	h0	1	0
1.62677139263052	-1.75	g0789	h0	1	0
1.92835493062976	-1.25	g0789	h0	1	0
2.1834704482106	-0.75	g0789	h0	1	0
3.13126767126863	-0.25	g0789	h0	1	0
3.90454074774438	0.25	g0789	h0	1	0
4.04081204942708	0.75	g0789	h0	1	0
4.55483562033713	1.25	g0789	h0	1	0
5.58534342976661	1.75	g0789	h0	1	0
1.89447588830186	-1.75	g0790	h0	1	0
1.95862258386277	-1.25	g0790	h0	1	0
2.6748565078801	-0.75	g0790	h0	1	0
3.526445513956	-0.25	g0790	h0	1	0
3.68276380244649	0.25	g0790	h0	1	0
3.92554517054816	0.75	g0790	h0	1	0
4.83601220067838	1.25	g0790	h0	1	0
5.44699868565711	1.75	g0790	h0	1	0
1.39175622353077	-1.75	g0791	h0	1	0
1.81306267220122	-1.25	g0791	h0	1	0
2.65272751192815	-0.75	g0791	h0	1	0
2.87690469236964	-0.25	g0791	h0	1	0
2.87908777218174	0.25	g0791	h0	1	0
3.56758318727623	0.75	g0791	h0	1	0
4.25911261063159	1.25	g0791	h0	1	0
4.263361733108	1.75	g0791	h0	1	0
0.779754951494398	-1.75	g0792	h0	1	0
1.5143330221596	-1.25	g0792	h0	1	0
1.83541687818625	-0.75	g0792	h0	1	0
1.67012829780948	-0.25	g0792	h0	1	0
2.07350548899279	0.25	g0792	h0	1	0
2.78182881332596	0.75	g0792	h0	1	0
2.82419679391841	1.25	g0792	h0	1	0
2.77408406866353	1.75	g0792	h0	1	0
0.492622644059072	-1.75	g0793	h0	1	0
0.915859030053372	-1.25	g0793	h0	1	0
0.684918088462339	-0.75	g0793	h0	1	0
0.792082858237934	-0.25	g0793	h0	1	0
1.44555619966128	0.25	g0793	h0	1	0
1.5866303351089	0.75	g0793	h0	1	0
1.34487099865884	1.25	g0793	h0	1	0
1.73764950399088	1.75	g0793	h0	1	0
0.431179287877515	-1.75	g0794	h0	1	0
0.246013445171226	-1.25	g0794	h0	1	0
0.101259446828281	-0.75	g0794	h0	1	0
0.635702177142782	-0.25	g0794	h0	1	0
0.913043123546171	0.25	g0794	h0	1	0
0.593212721660842	0.75	g0794	h0	1	0
0.72100478480964	1.25	g0794	h0	1	0
1.30315937400769	1.75	g0794	h0	1	0
0.431668538379838	-1.75	g0795	h0	1	0
0.127293791553574	-1.25	g0795	h0	1	0
0.500143558520659	-0.75	g0795	h0	1	0
0.922238741599116	-0.25	g0795	h0	1	0
0.651398224728675	0.25	g0795	h0	1	0
0.552385492775404	0.75	g0795	h0	1	0
1.09148877340309	1.25	g0795	h0	1	0
1.25518066166021	1.75	g0795	h0	1	0
0.662075475275229	-1.75	g0796	h0	1	0
0.862395306552023	-1.25	g0796	h0	1	0
1.40852965161082	-0.75	g0796	h0	1	0
1.30355230825016	-0.25	g0796	h0	1	0
1.06049018013807	0.25	g0796	h0	1	0
1.51259410996426	0.75	g0796	h0	1	0
1.88099805333419	1.25	g0796	h0	1	0
1.58093946108876	1.75	g0796	h0	1	0
1.28714408041785	-1.75	g0797	h0	1	0
1.91307972729424	-1.25	g0797	h0	1	0
2.05901154204413	-0.75	g0797	h0	1	0
1.78436392804405	-0.25	g0797	h0	1	0
2.12390119732337	0.25	g0797	h0	1	0
2.68806924069403	0.75	g0797	h0	1	0
2.56638652430996	1.25	g0797	h0	1	0
2.43888586581595	1.75	g0797	h0	1	0
1.92098950738959	-1.75	g0798	h0	1	0
2.35561301623192	-1.25	g0798	h0	1	0
2.17067212746185	-0.75	g0798	h0	1	0
2.39698323838396	-0.25	g0798	h0	1	0
3.11165350520838	0.25	g0798	h0	1	0
3.25926637531045	0.75	g0798	h0	1	0
3.09943325918751	1.25	g0798	h0	1	0
3.60474466146868	1.75	g0798	h0	1	0
1.80399781990581	-1.75	g0799	h0	1	0
1.81602008217573	-1.25	g0799	h0	1	0
1.95470382694868	-0.75	g0799	h0	1	0
2.74850718454055	-0.25	g0799	h0	1	0
3.20664064820948	0.25	g0799	h0	1	0
3.11674613533098	0.75	g0799	h0	1	0
3.53736356743077	1.25	g0799	h0	1	0
4.34313598534042	1.75	g0799	h0	1	0
0.644500490130225	-1.75	g0800	h0	1	0
0.743219996565696	-1.25	g0800	h0	1	0
1.53373991999571	-0.75	g0800	h0	1	0
2.28662760653771	-0.25	g0800	h0	1	0
2.35972101037917	0.25	g0800	h0	1	0
2.68732723343193	0.75	g0800	h0	1	0
3.61352833836061	1.25	g0800	h0	1	0
4.09424178086287	1.75	g0800	h0	1	0
-0.940744421763473	-1.75	g0801	h0	1	0
-0.230129731394393	-1.25	g0801	h0	1	0
0.748362584518112	-0.75	g0801	h0	1	0
1.05027333296285	-0.25	g0801	h0	1	0
1.30016205817769	0.25	g0801	h0	1	0
2.24322938172515	0.75	g0801	h0	1	0
3.0171680335258	1.25	g0801	h0	1	0
3.15188665320886	1.75	g0801	h0	1	0
-2.00512576038849	-1.75	g0802	h0	1	0
-0.909821352460638	-1.25	g0802	h0	1	0
-0.353544687716773	-0.75	g0802	h0	1	0
-0.14549546698694	-0.25	g0802	h0	1	0
0.712679475772318	0.25	g0802	h0	1	0
1.71166669480257	0.75	g0802	h0	1	0
2.01560364734475	1.25	g0802	h0	1	0
2.40047615288738	1.75	g0802	h0	1	0
-2.16565063285181	-1.75	g0803	h0	1	0
-1.37529554285401	-1.25	g0803	h0	1	0
-1.16022975347788	-0.75	g0803	h0	1	0
-0.467179191003483	-0.25	g0803	h0	1	0
0.648665103110447	0.25	g0803	h0	1	0
1.15163712498983	0.75	g0803	h0	1	0
1.42734529636361	1.25	g0803	h0	1	0
2.38843166932951	1.75	g0803	h0	1	0
-1.73607443941029	-1.75	g0804	h0	1	0
-1.4628188465526	-1.25	g0804	h0	1	0
-0.978627431186561	-0.75	g0804	h0	1	0
0.126389827103512	-0.25	g0804	h0	1	0
0.822403886090269	0.25	g0804	h0	1	0
1.02807988984753	0.75	g0804	h0	1	0
1.79919583511093	1.25	g0804	h0	1	0
2.88025269649289	1.75	g0804	h0	1	0
-1.09591953825004	-1.75	g0805	h0	1	0
-0.820518397862379	-1.25	g0805	h0	1	0
0.15047036795722	-0.75	g0805	h0	1	0
0.997536122282516	-0.25	g0805	h0	1	0
1.18855046908782	0.25	g0805	h0	1	0
1.71279351723775	0.75	g0805	h0	1	0
2.78677517117728	1.25	g0805	h0	1	0
3.35214031604257	1.75	g0805	h0	1	0
-0.280108333517113	-1.75	g0806	h0	1	0
0.460910099730251	-1.25	g0806	h0	1	0
1.38769169266753	-0.75	g0806	h0	1	0
1.6229731944145	-0.25	g0806	h0	1	0
1.89310672296323	0.25	g0806	h0	1	0
2.84362120260318	0.75	g0806	h0	1	0
3.54221590328504	1.25	g0806	h0	1	0
3.6408017738976	1.75	g0806	h0	1	0
0.685005455444778	-1.75	g0807	h0	1	0
1.60314653365551	-1.25	g0807	h0	1	0
1.93164214768706	-0.75	g0807	h0	1	0
1.98969294328657	-0.25	g0807	h0	1	0
2.72367152582156	0.25	g0807	h0	1	0
3.51244790566819	0.75	g0807	h0	1	0
3.60781388877548	1.25	g0807	h0	1	0
3.86960672217654	1.75	g0807	h0	1	0
1.35573515061397	-1.75	g0808	h0	1	0
1.80488762132673	-1.25	g0808	h0	1	0
1.73199758098466	-0.75	g0808	h0	1	0
2.19637086813808	-0.25	g0808	h0	1	0
3.01137895331693	0.25	g0808	h0	1	0
3.17725769342146	0.75	g0808	h0	1	0
3.19959892058445	1.25	g0808	h0	1	0
3.91686349283708	1.75	g0808	h0	1	0
1.17264661229813	-1.75	g0809	h0	1	0
1.07139928135621	-1.25	g0809	h0	1	0
1.26207254826757	-0.75	g0809	h0	1	0
2.02959604882745	-0.25	g0809	h0	1	0
2.3211614893624	0.25	g0809	h0	1	0
2.18772566563029	0.75	g0809	h0	1	0
2.66583968906915	1.25	g0809	h0	1	0
3.37384700021483	1.75	g0809	h0	1	0
0.201441322088116	-1.75	g0810	h0	1	0
0.162984348800582	-1.25	g0810	h0	1	0
0.813054452734788	-0.75	g0810	h0	1	0
1.25484336198115	-0.25	g0810	h0	1	0
1.07455492437338	0.25	g0810	h0	1	0
1.30101433624811	0.75	g0810	h0	1	0
2.01978285081892	1.25	g0810	h0	1	0
2.17473793357847	1.75	g0810	h0	1	0
-0.734660524905258	-1.75	g0811	h0	1	0
-0.254895134117519	-1.25	g0811	h0	1	0
0.32562195597032	-0.75	g0811	h0	1	0
0.210504442298959	-0.25	g0811	h0	1	0
0.216569484714555	0.25	g0811	h0	1	0
0.879607223897682	0.75	g0811	h0	1	0
1.21186279035662	1.25	g0811	h0	1	0
0.992677924835777	1.75	g0811	h0	1	0
-0.843400876521698	-1.75	g0812	h0	1	0
-0.169223565120326	-1.25	g0812	h0	1	0
-0.126113860550781	-0.75	g0812	h0	1	0
-0.271448735593668	-0.25	g0812	h0	1	0
0.274405081650201	0.25	g0812	h0	1	0
0.7881876402694	0.75	g0812	h0	1	0
0.621013474453219	1.25	g0812	h0	1	0
0.703162013311638	1.75	g0812	h0	1	0
-0.142049113642341	-1.75	g0813	h0	1	0
0.115793799638031	-1.25	g0813	h0	1	0
-0.0870177048537684	-0.75	g0813	h0	1	0
0.298333998719075	-0.25	g0813	h0	1	0
0.956693382937316	0.25	g0813	h0	1	0
0.939789584489398	0.75	g0813	h0	1	0
0.865313092134969	1.25	g0813	h0	1	0
1.48446769123606	1.75	g0813	h0	1	0
0.712626551617227	-1.75	g0814	h0	1	0
0.554078016829455	-1.25	g0814	h0	1	0
0.763882325134171	-0.75	g0814	h0	1	0
1.49756522233351	-0.25	g0814	h0	1	0
1.69575781100726	0.25	g0814	h0	1	0
1.54091386241491	0.75	g0814	h0	1	0
2.03419248733229	1.25	g0814	h0	1	0
2.67373156337174	1.75	g0814	h0	1	0
1.23126683130437	-1.75	g0815	h0	1	0
1.28375508784772	-1.25	g0815	h0	1	0
2.00697222669082	-0.75	g0815	h0	1	0
2.44079815313397	-0.25	g0815	h0	1	0
2.29622215009454	0.25	g0815	h0	1	0
2.62556987241692	0.75	g0815	h0	1	0
3.38211958602051	1.25	g0815	h0	1	0
3.52845167036174	1.75	g0815	h0	1	0
1.45102296271378	-1.75	g0816	h0	1	0
2.08074455327247	-1.25	g0816	h0	1	0
2.72463515019521	-0.75	g0816	h0	1	0
2.67960512006904	-0.25	g0816	h0	1	0
2.84019832157103	0.25	g0816	h0	1	0
3.62411041243515	0.75	g0816	h0	1	0
4.0035365169544	1.25	g0816	h0	1	0
3.88869035473378	1.75	g0816	h0	1	0
1.50482330763198	-1.75	g0817	h0	1	0
2.2944100459411	-1.25	g0817	h0	1	0
2.42134859545027	-0.75	g0817	h0	1	0
2.44478161570734	-0.25	g0817	h0	1	0
3.16388507874546	0.25	g0817	h0	1	0
3.76454838161798	0.75	g0817	h0	1	0
3.70732821868357	1.25	g0817	h0	1	0
3.97843840298467	1.75	g0817	h0	1	0
1.20582859495913	-1.75	g0818	h0	1	0
1.54783659486184	-1.25	g0818	h0	1	0
1.49776222070764	-0.75	g0818	h0	1	0
2.0775784727729	-0.25	g0818	h0	1	0
2.84851770678057	0.25	g0818	h0	1	0
2.92859071551725	0.75	g0818	h0	1	0
3.03795370114044	1.25	g0818	h0	1	0
3.82883828027559	1.75	g0818	h0	1	0
0.355448919608735	-1.75	g0819	h0	1	0
0.316289854933685	-1.25	g0819	h0	1	0
0.716171380188956	-0.75	g0819	h0	1	0
1.57878991205698	-0.25	g0819	h0	1	0
1.85473691032346	0.25	g0819	h0	1	0
1.85511773744713	0.75	g0819	h0	1	0
2.53008632987166	1.25	g0819	h0	1	0
3.26540159087801	1.75	g0819	h0	1	0
-0.681948785155439	-1.75	g0820	h0	1	0
-0.46013913130754	-1.25	g0820	h0	1	0
0.404141127786602	-0.75	g0820	h0	1	0
0.902433240861971	-0.25	g0820	h0	1	0
0.875019076153245	0.25	g0820	h0	1	0
1.38131362610984	0.75	g0820	h0	1	0
2.24304079934419	1.25	g0820	h0	1	0
2.45766254912222	1.75	g0820	h0	1	0
-1.09843344417689	-1.75	g0821	h0	1	0
-0.316271603391158	-1.25	g0821	h0	1	0
0.393255583790721	-0.75	g0821	h0	1	0
0.431319904793091	-0.25	g0821	h0	1	0
0.756241418676535	0.25	g0821	h0	1	0
1.66110729583438	0.75	g0821	h0	1	0
2.09409137130995	1.25	g0821	h0	1	0
2.09767956934135	1.75	g0821	h0	1	0
-0.479035603987748	-1.75	g0822	h0	1	0
0.394229162801119	-1.25	g0822	h0	1	0
0.583599221752671	-0.75	g0822	h0	1	0
0.756016980604592	-0.25	g0822	h0	1	0
1.61773788453898	0.25	g0822	h0	1	0
2.2764968125812	0.75	g0822	h0	1	0
2.31070529005684	1.25	g0822	h0	1	0
2.74713141364159	1.75	g0822	h0	1	0
0.687004689517324	-1.75	g0823	h0	1	0
1.08734263679477	-1.25	g0823	h0	1	0
1.17028481647445	-0.75	g0823	h0	1	0
1.9150218349715	-0.25	g0823	h0	1	0
2.76601655522133	0.25	g0823	h0	1	0
2.92131613354916	0.75	g0823	h0	1	0
3.19231157951913	1.25	g0823	h0	1	0
4.12209072554526	1.75	g0823	h0	1	0
1.51308439349494	-1.75	g0824	h0	1	0
1.58909924021278	-1.25	g0824	h0	1	0
2.16799554301323	-0.75	g0824	h0	1	0
3.14127084153528	-0.25	g0824	h0	1	0
3.48584258098702	0.25	g0824	h0	1	0
3.63661599664998	0.75	g0824	h0	1	0
4.47792210761782	1.25	g0824	h0	1	0
5.29271999246344	1.75	g0824	h0	1	0
1.61195048876197	-1.75	g0825	h0	1	0
2.00853367534964	-1.25	g0825	h0	1	0
3.00930979857701	-0.75	g0825	h0	1	0
3.57320846288685	-0.25	g0825	h0	1	0
3.6722949416251	0.25	g0825	h0	1	0
4.35655188503708	0.75	g0825	h0	1	0
5.31892907740615	1.25	g0825	h0	1	0
5.60740472411903	1.75	g0825	h0	1	0
1.28454792566954	-1.75	g0826	h0	1	0
2.20985474662442	-1.25	g0826	h0	1	0
2.97685599849225	-0.75	g0826	h0	1	0
3.10032367373241	-0.25	g0826	h0	1	0
3.58740893729245	0.25	g0826	h0	1	0
4.60201974930892	0.75	g0826	h0	1	0
5.08471198688199	1.25	g0826	h0	1	0
5.20958120676361	1.75	g0826	h0	1	0
0.913316009182018	-1.75	g0827	h0	1	0
1.82233004206081	-1.25	g0827	h0	1	0
2.03686825252522	-0.75	g0827	h0	1	0
2.32127176481181	-0.25	g0827	h0	1	0
3.27786137491622	0.25	g0827	h0	1	0
3.95013240514905	0.75	g0827	h0	1	0
4.04092592505456	1.25	g0827	h0	1	0
4.60155176664585	1.75	g0827	h0	1	0
0.518111618182194	-1.75	g0828	h0	1	0
0.866563871186614	-1.25	g0828	h0	1	0
0.977256780907027	-0.75	g0828	h0	1	0
1.77132798718759	-0.25	g0828	h0	1	0
2.58513451584242	0.25	g0828	h0	1	0
2.70926641930144	0.75	g0828	h0	1	0
3.03369579285373	1.25	g0828	h0	1	0
3.98389717715332	1.75	g0828	h0	1	0
0.0632718387257935	-1.75	g0829	h0	1	0
0.0574335365453897	-1.25	g0829	h0	1	0
0.610475071398902	-0.75	g0829	h0	1	0
1.4833872123016	-0.25	g0829	h0	1	0
1.69536846179468	0.25	g0829	h0	1	0
1.79834153855465	0.75	g0829	h0	1	0
2.59702331610273	1.25	g0829	h0	1	0
3.2827553711882	1.75	g0829	h0	1	0
-0.0859620275142068	-1.75	g0830	h0	1	0
0.189326072113068	-1.25	g0830	h0	1	0
1.02110699218241	-0.75	g0830	h0	1	0
1.35193428688423	-0.25	g0830	h0	1	0
1.28609227945218	0.25	g0830	h0	1	0
1.84775669641209	0.75	g0830	h0	1	0
2.60589167568551	1.25	g0830	h0	1	0
2.67383854722792	1.75	g0830	h0	1	0
0.588206372456984	-1.75	g0831	h0	1	0
1.28159783958889	-1.25	g0831	h0	1	0
1.73348161289094	-0.75	g0831	h0	1	0
1.57979706781288	-0.25	g0831	h0	1	0
1.86081985485083	0.25	g0831	h0	1	0
2.60872256331005	0.75	g0831	h0	1	0
2.77296524644931	1.25	g0831	h0	1	0
2.65653805640034	1.75	g0831	h0	1	0
2.01491870655054	-1.75	g0832	h0	1	0
2.56225867762753	-1.25	g0832	h0	1	0
2.41537212968515	-0.75	g0832	h0	1	0
2.42407892931101	-0.25	g0832	h0	1	0
3.07737197194136	0.25	g0832	h0	1	0
3.36942380661689	0.75	g0832	h0	1	0
3.13213926951247	1.25	g0832	h0	1	0
3.42497464893403	1.75	g0832	h0	1	0
3.34569076722903	-1.75	g0833	h0	1	0
3.29687560956331	-1.25	g0833	h0	1	0
3.09364541300339	-0.75	g0833	h0	1	0
3.58471961976876	-0.25	g0833	h0	1	0
4.00869899525885	0.25	g0833	h0	1	0
3.75977980511333	0.75	g0833	h0	1	0
3.79263602899205	1.25	g0833	h0	1	0
4.40849359896049	1.75	g0833	h0	1	0
3.71082147288232	-1.75	g0834	h0	1	0
3.39798405779978	-1.25	g0834	h0	1	0
3.69130907530697	-0.75	g0834	h0	1	0
4.2250078959897	-0.25	g0834	h0	1	0
4.07585577443449	0.25	g0834	h0	1	0
3.90418562425399	0.75	g0834	h0	1	0
4.42255053551531	1.25	g0834	h0	1	0
4.74328568987704	1.75	g0834	h0	1	0
3.04358191003657	-1.75	g0835	h0	1	0
3.14456954584707	-1.25	g0835	h0	1	0
3.74567132626191	-0.75	g0835	h0	1	0
3.78955573535214	-0.25	g0835	h0	1	0
3.51109982207945	0.25	g0835	h0	1	0
3.8927002692188	0.75	g0835	h0	1	0
4.38605761450683	1.25	g0835	h0	1	0
4.18370384063308	1.75	g0835	h0	1	0
1.9830148142213	-1.75	g0836	h0	1	0
2.59904869424853	-1.25	g0836	h0	1	0
2.89413909167036	-0.75	g0836	h0	1	0
2.63107032576105	-0.25	g0836	h0	1	0
2.8670193326548	0.25	g0836	h0	1	0
3.50192159616737	0.75	g0836	h0	1	0
3.51052461832505	1.25	g0836	h0	1	0
3.31998798575841	1.75	g0836	h0	1	0
1.08006268331888	-1.75	g0837	h0	1	0
1.63903849931984	-1.25	g0837	h0	1	0
1.51486362975777	-0.75	g0837	h0	1	0
1.62958366012699	-0.25	g0837	h0	1	0
2.35123769355739	0.25	g0837	h0	1	0
2.64036148270969	0.75	g0837	h0	1	0
2.46054509081239	1.25	g0837	h0	1	0
2.8628689386418	1.75	g0837	h0	1	0
0.384713023228505	-1.75	g0838	h0	1	0
0.500434373724846	-1.25	g0838	h0	1	0
0.547493107260585	-0.75	g0838	h0	1	0
1.28895460621319	-0.25	g0838	h0	1	0
1.87753747065805	0.25	g0838	h0	1	0
1.82049174758161	0.75	g0838	h0	1	0
2.12230506748285	1.25	g0838	h0	1	0
2.95525710614128	1.75	g0838	h0	1	0
-0.167729396201433	-1.75	g0839	h0	1	0
-0.116077011383222	-1.25	g0839	h0	1	0
0.579567239508625	-0.75	g0839	h0	1	0
1.43233983787167	-0.25	g0839	h0	1	0
1.59099057000329	0.25	g0839	h0	1	0
1.81396458846321	0.75	g0839	h0	1	0
2.71053886514631	1.25	g0839	h0	1	0
3.32788540576611	1.75	g0839	h0	1	0
-0.328229778085033	-1.75	g0840	h0	1	0
0.270008223469757	-1.25	g0840	h0	1	0
1.3041823650826	-0.75	g0840	h0	1	0
1.7335652484954	-0.25	g0840	h0	1	0
1.9199637179832	0.25	g0840	h0	1	0
2.7886748407881	0.75	g0840	h0	1	0
3.68268633788457	1.25	g0840	h0	1	0
3.88631338693229	1.75	g0840	h0	1	0
0.183340288119633	-1.75	g0841	h0	1	0
1.28429154656891	-1.25	g0841	h0	1	0
1.98986867845233	-0.75	g0841	h0	1	0
2.19340034847311	-0.25	g0841	h0	1	0
2.95247800129982	0.25	g0841	h0	1	0
4.03636053111741	0.75	g0841	h0	1	0
4.46107180110648	1.25	g0841	h0	1	0
4.77127923711205	1.75	g0841	h0	1	0
1.07664012104625	-1.75	g0842	h0	1	0
2.0120972451404	-1.25	g0842	h0	1	0
2.28613331848849	-0.75	g0842	h0	1	0
2.87864025493975	-0.25	g0842	h0	1	0
4.03096375972155	0.25	g0842	h0	1	0
4.68621333511456	0.75	g0842	h0	1	0
4.94023208790483	1.25	g0842	h0	1	0
5.81933286998553	1.75	g0842	h0	1	0
1.54923925411412	-1.75	g0843	h0	1	0
1.93483415773899	-1.25	g0843	h0	1	0
2.33858966652391	-0.75	g0843	h0	1	0
3.42601702417683	-0.25	g0843	h0	1	0
4.27716610125839	0.25	g0843	h0	1	0
4.52002520952705	0.75	g0843	h0	1	0
5.19323054806128	1.25	g0843	h0	1	0
6.33742881806112	1.75	g0843	h0	1	0
1.11015996282255	-1.75	g0844	h0	1	0
1.34061114970081	-1.25	g0844	h0	1	0
2.24284052037308	-0.75	g0844	h0	1	0
3.21650235095649	-0.25	g0844	h0	1	0
3.49559628930532	0.25	g0844	h0	1	0
3.92485170103187	0.75	g0844	h0	1	0
5.00076770624522	1.25	g0844	h0	1	0
5.72021257992285	1.75	g0844	h0	1	0
0.155922815525666	-1.75	g0845	h0	1	0
0.788013139708599	-1.25	g0845	h0	1	0
1.78506313291491	-0.75	g0845	h0	1	0
2.1391797595186	-0.25	g0845	h0	1	0
2.33345724619473	0.25	g0845	h0	1	0
3.2216629469262	0.75	g0845	h0	1	0
4.04831793629507	1.25	g0845	h0	1	0
4.20068176131945	1.75	g0845	h0	1	0
-0.464534979715886	-1.75	g0846	h0	1	0
0.449260908697239	-1.25	g0846	h0	1	0
0.899417924528358	-0.75	g0846	h0	1	0
0.911472627754811	-0.25	g0846	h0	1	0
1.52693773017485	0.25	g0846	h0	1	0
2.38799396632181	0.75	g0846	h0	1	0
2.56728676405146	1.25	g0846	h0	1	0
2.71849724696326	1.75	g0846	h0	1	0
-0.347562091964482	-1.75	g0847	h0	1	0
0.196476198179702	-1.25	g0847	h0	1	0
0.111137997988274	-0.75	g0847	h0	1	0
0.418880039998269	-0.25	g0847	h0	1	0
1.23059082179653	0.25	g0847	h0	1	0
1.48843590535245	0.75	g0847	h0	1	0
1.41901675844074	1.25	g0847	h0	1	0
2.00787321536223	1.75	g0847	h0	1	0
0.218687675791788	-1.75	g0848	h0	1	0
0.135134461466335	-1.25	g0848	h0	1	0
0.156281858018445	-0.75	g0848	h0	1	0
0.839708257936111	-0.25	g0848	h0	1	0
1.20714151397667	0.25	g0848	h0	1	0
1.01310976111773	0.75	g0848	h0	1	0
1.31420013451102	1.25	g0848	h0	1	0
2.01879247151828	1.75	g0848	h0	1	0
0.830582518686629	-1.75	g0849	h0	1	0
0.637750941798382	-1.25	g0849	h0	1	0
1.13400742033415	-0.75	g0849	h0	1	0
1.6148864750636	-0.25	g0849	h0	1	0
1.41158346536458	0.25	g0849	h0	1	0
1.44193833331582	0.75	g0849	h0	1	0
2.08192939518952	1.25	g0849	h0	1	0
2.29376513201054	1.75	g0849	h0	1	0
1.44322533404647	-1.75	g0850	h0	1	0
1.72527158926786	-1.25	g0850	h0	1	0
2.29560946095607	-0.75	g0850	h0	1	0
2.19489846600089	-0.25	g0850	h0	1	0
2.01998631204321	0.25	g0850	h0	1	0
2.53979605491382	0.75	g0850	h0	1	0
2.91216389009469	1.25	g0850	h0	1	0
2.63684948090209	1.75	g0850	h0	1	0
2.09569661303509	-1.75	g0851	h0	1	0
2.70908085946989	-1.25	g0851	h0	1	0
2.79779198060206	-0.75	g0851	h0	1	0
2.5191761865474	-0.25	g0851	h0	1	0
2.88242496423157	0.25	g0851	h0	1	0
3.4082211147705	0.75	g0851	h0	1	0
3.24029381541082	1.25	g0851	h0	1	0
3.13114366682783	1.75	g0851	h0	1	0
2.43117052134429	-1.75	g0852	h0	1	0
2.75504522834357	-1.25	g0852	h0	1	0
2.49140319297602	-0.75	g0852	h0	1	0
2.68932065431353	-0.25	g0852	h0	1	0
3.32749958540131	0.25	g0852	h0	1	0
3.36365863880677	0.75	g0852	h0	1	0
3.1516237713736	1.25	g0852	h0	1	0
3.62079221027233	1.75	g0852	h0	1	0
1.89760530903368	-1.75	g0853	h0	1	0
1.7627881676178	-1.25	g0853	h0	1	0
1.81757882659078	-0.75	g0853	h0	1	0
2.50292733797886	-0.25	g0853	h0	1	0
2.79749578598548	0.25	g0853	h0	1	0
2.5861802864083	0.75	g0853	h0	1	0
2.92704133137278	1.25	g0853	h0	1	0
3.59762071974673	1.75	g0853	h0	1	0
0.494105913573519	-1.75	g0854	h0	1	0
0.456451671423727	-1.25	g0854	h0	1	0
1.11444896110657	-0.75	g0854	h0	1	0
1.67049875568499	-0.25	g0854	h0	1	0
1.56342219945585	0.25	g0854	h0	1	0
1.76985600783034	0.75	g0854	h0	1	0
2.53939427484581	1.25	g0854	h0	1	0
2.81577014721383	1.75	g0854	h0	1	0
-0.974203082070611	-1.75	g0855	h0	1	0
-0.410591362820481	-1.25	g0855	h0	1	0
0.360147984551785	-0.75	g0855	h0	1	0
0.442188037558366	-0.25	g0855	h0	1	0
0.536822086776522	0.25	g0855	h0	1	0
1.31613746006933	0.75	g0855	h0	1	0
1.86441910023198	1.25	g0855	h0	1	0
1.80172808356399	1.75	g0855	h0	1	0
-1.60594824787092	-1.75	g0856	h0	1	0
-0.706031430618296	-1.25	g0856	h0	1	0
-0.383639662988151	-0.75	g0856	h0	1	0
-0.352070914171053	-0.25	g0856	h0	1	0
0.349806638528693	0.25	g0856	h0	1	0
1.12865286112639	0.75	g0856	h0	1	0
1.21263430699383	1.25	g0856	h0	1	0
1.44133573385139	1.75	g0856	h0	1	0
-1.26070794442129	-1.75	g0857	h0	1	0
-0.689069054513353	-1.25	g0857	h0	1	0
-0.653924778284515	-0.75	g0857	h0	1	0
-0.0959398160735521	-0.25	g0857	h0	1	0
0.831733425424438	0.25	g0857	h0	1	0
1.11862116832441	0.75	g0857	h0	1	0
1.24025590834031	1.25	g0857	h0	1	0
2.0553982253946	1.75	g0857	h0	1	0
-0.531637716253494	-1.75	g0858	h0	1	0
-0.420704222750402	-1.25	g0858	h0	1	0
-0.0382126914289878	-0.75	g0858	h0	1	0
0.93328193034226	-0.25	g0858	h0	1	0
1.44530382230956	0.25	g0858	h0	1	0
1.51491213735746	0.75	g0858	h0	1	0
2.18514016833739	1.25	g0858	h0	1	0
3.10616093290013	1.75	g0858	h0	1	0
0.029176053074291	-1.75	g0859	h0	1	0
0.245883643575024	-1.25	g0859	h0	1	0
1.15395748904289	-0.75	g0859	h0	1	0
1.87510364920629	-0.25	g0859	h0	1	0
1.96452069209635	0.25	g0859	h0	1	0
2.44241136192679	0.75	g0859	h0	1	0
3.42809308633609	1.25	g0859	h0	1	0
3.86329626199548	1.75	g0859	h0	1	0
0.368454819966658	-1.75	g0860	h0	1	0
1.12433440913017	-1.25	g0860	h0	1	0
2.00294746257244	-0.75	g0860	h0	1	0
2.18595112638109	-0.25	g0860	h0	1	0
2.46814753702105	0.25	g0860	h0	1	0
3.41430702716399	0.75	g0860	h0	1	0
4.04944395226691	1.25	g0860	h0	1	0
4.11984598606753	1.75	g0860	h0	1	0
0.581721966556907	-1.75	g0861	h0	1	0
1.53944027188609	-1.25	g0861	h0	1	0
1.87578816257209	-0.75	g0861	h0	1	0
2.00235234407261	-0.25	g0861	h0	1	0
2.81721603063143	0.25	g0861	h0	1	0
3.62226935024198	0.75	g0861	h0	1	0
3.74215305004192	1.25	g0861	h0	1	0
4.09044263887136	1.75	g0861	h0	1	0
0.461389835797847	-1.75	g0862	h0	1	0
0.983058271269291	-1.25	g0862	h0	1	0
1.02762090741073	-0.75	g0862	h0	1	0
1.64815166748044	-0.25	g0862	h0	1	0
2.56203219171398	0.25	g0862	h0	1	0
2.80635470858631	0.75	g0862	h0	1	0
2.97094227717564	1.25	g0862	h0	1	0
3.8305263754192	1.75	g0862	h0	1	0
-0.261661611345798	-1.75	g0863	h0	1	0
-0.208773123282307	-1.25	g0863	h0	1	0
0.193388666026789	-0.75	g0863	h0	1	0
1.13381322335901	-0.25	g0863	h0	1	0
1.5532379063583	0.25	g0863	h0	1	0
1.60061886584822	0.75	g0863	h0	1	0
2.28769598979528	1.25	g0863	h0	1	0
3.14272910043479	1.75	g0863	h0	1	0
-1.30583425232873	-1.75	g0864	h0	1	0
-1.10463326470469	-1.25	g0864	h0	1	0
-0.227133222943791	-0.75	g0864	h0	1	0
0.381374098738802	-0.25	g0864	h0	1	0
0.399401413687521	0.25	g0864	h0	1	0
0.874807333930357	0.75	g0864	h0	1	0
1.79477185382392	1.25	g0864	h0	1	0
2.11552643735354	1.75	g0864	h0	1	0
-1.84492635418951	-1.75	g0865	h0	1	0
-1.11135263775488	-1.25	g0865	h0	1	0
-0.341353661193222	-0.75	g0865	h0	1	0
-0.263026073470024	-0.25	g0865	h0	1	0
-0.000453908827841409	0.25	g0865	h0	1	0
0.895008521967091	0.75	g0865	h0	1	0
1.40430998295332	1.25	g0865	h0	1	0
1.40392141370218	1.75	g0865	h0	1	0
-1.31804816368451	-1.75	g0866	h0	1	0
-0.45186869541824	-1.25	g0866	h0	1	0
-0.241214674786875	-0.75	g0866	h0	1	0
-0.156033456371109	-0.25	g0866	h0	1	0
0.624703870576023	0.25	g0866	h0	1	0
1.30900478735519	0.75	g0866	h0	1	0
1.32851652808043	1.25	g0866	h0	1	0
1.6565580538282	1.75	g0866	h0	1	0
-0.0660792948393027	-1.75	g0867	h0	1	0
0.316061751961717	-1.25	g0867	h0	1	0
0.287926325109072	-0.75	g0867	h0	1	0
0.879904181239306	-0.25	g0867	h0	1	0
1.6843184683176	0.25	g0867	h0	1	0
1.80084406149405	0.75	g0867	h0	1	0
1.92439623525935	1.25	g0867	h0	1	0
2.73359535284322	1.75	g0867	h0	1	0
1.03486000551647	-1.75	g0868	h0	1	0
0.973258846146654	-1.25	g0868	h0	1	0
1.33319930035886	-0.75	g0868	h0	1	0
2.17226793996601	-0.25	g0868	h0	1	0
2.43693460440723	0.25	g0868	h0	1	0
2.40572945678904	0.75	g0868	h0	1	0
3.04332079827352	1.25	g0868	h0	1	0
3.76341208961795	1.75	g0868	h0	1	0
1.47656232913847	-1.75	g0869	h0	1	0
1.60121512105851	-1.25	g0869	h0	1	0
2.37655281678273	-0.75	g0869	h0	1	0
2.8050277252767	-0.25	g0869	h0	1	0
2.69348033069111	0.25	g0869	h0	1	0
3.1010836559351	0.75	g0869	h0	1	0
3.88308019131762	1.25	g0869	h0	1	0
4.02648013993835	1.75	g0869	h0	1	0
1.43395771298632	-1.75	g0870	h0	1	0
2.05517709813535	-1.25	g0870	h0	1	0
2.62594548378654	-0.75	g0870	h0	1	0
2.5197671639516	-0.25	g0870	h0	1	0
2.68001193903295	0.25	g0870	h0	1	0
3.43220418168297	0.75	g0870	h0	1	0
3.72911926762454	1.25	g0870	h0	1	0
3.57933784997019	1.75	g0870	h0	1	0
1.23594545957022	-1.75	g0871	h0	1	0
1.89649355938996	-1.25	g0871	h0	1	0
1.87758416167313	-0.75	g0871	h0	1	0
1.8194696292594	-0.25	g0871	h0	1	0
2.45332054371215	0.25	g0871	h0	1	0
2.90561293996992	0.75	g0871	h0	1	0
2.72386405576556	1.25	g0871	h0	1	0
2.92595730058233	1.75	g0871	h0	1	0
0.875938851917189	-1.75	g0872	h0	1	0
1.00830840770578	-1.25	g0872	h0	1	0
0.803629117014347	-0.75	g0872	h0	1	0
1.25353754142027	-0.25	g0872	h0	1	0
1.83165609676386	0.25	g0872	h0	1	0
1.71428296272682	0.75	g0872	h0	1	0
1.69058835794303	1.25	g0872	h0	1	0
2.33249838039084	1.75	g0872	h0	1	0
0.261636630673578	-1.75	g0873	h0	1	0
0.0129094279488355	-1.25	g0873	h0	1	0
0.251418168694487	-0.75	g0873	h0	1	0
0.902448461572393	-0.25	g0873	h0	1	0
0.934632533100374	0.25	g0873	h0	1	0
0.7517308536943	0.75	g0873	h0	1	0
1.25629604176466	1.25	g0873	h0	1	0
1.75661854812332	1.75	g0873	h0	1	0
-0.279722917224191	-1.75	g0874	h0	1	0
-0.234554182382249	-1.25	g0874	h0	1	0
0.425537811592041	-0.75	g0874	h0	1	0
0.666306310076247	-0.25	g0874	h0	1	0
0.425931909455255	0.25	g0874	h0	1	0
0.758384137248779	0.75	g0874	h0	1	0
1.38922548715589	1.25	g0874	h0	1	0
1.3520425757619	1.75	g0874	h0	1	0
-0.152909369117539	-1.75	g0875	h0	1	0
0.455583061116711	-1.25	g0875	h0	1	0
0.927535020469473	-0.75	g0875	h0	1	0
0.747822007377631	-0.25	g0875	h0	1	0
0.912555713130999	0.25	g0875	h0	1	0
1.61906260955975	0.75	g0875	h0	1	0
1.80827625390378	1.25	g0875	h0	1	0
1.62075319669729	1.75	g0875	h0	1	0
0.754329031678555	-1.75	g0876	h0	1	0
1.43997785899273	-1.25	g0876	h0	1	0
1.43283334460436	-0.75	g0876	h0	1	0
1.47336277092495	-0.25	g0876	h0	1	0
2.19147571402644	0.25	g0876	h0	1	0
2.64573945364932	0.75	g0876	h0	1	0
2.50659774381579	1.25	g0876	h0	1	0
2.82062445168059	1.75	g0876	h0	1	0
1.74473084463457	-1.75	g0877	h0	1	0
1.9937695389582	-1.25	g0877	h0	1	0
1.98424332350549	-0.75	g0877	h0	1	0
2.65357089620537	-0.25	g0877	h0	1	0
3.36488285037527	0.25	g0877	h0	1	0
3.38394638020127	0.75	g0877	h0	1	0
3.58187946217326	1.25	g0877	h0	1	0
4.41499468591434	1.75	g0877	h0	1	0
1.96117091955227	-1.75	g0878	h0	1	0
1.99115352508263	-1.25	g0878	h0	1	0
2.56646791206025	-0.75	g0878	h0	1	0
3.48126390419469	-0.25	g0878	h0	1	0
3.7424203957849	0.25	g0878	h0	1	0
3.87263148076408	0.75	g0878	h0	1	0
4.69825869895574	1.25	g0878	h0	1	0
5.43296676889784	1.75	g0878	h0	1	0
1.26233533353657	-1.75	g0879	h0	1	0
1.72150264969246	-1.25	g0879	h0	1	0
2.75024179229627	-0.75	g0879	h0	1	0
3.29373612183114	-0.25	g0879	h0	1	0
3.42247042652617	0.25	g0879	h0	1	0
4.16877398125707	0.75	g0879	h0	1	0
5.13280916270617	1.25	g0879	h0	1	0
5.40981031161895	1.75	g0879	h0	1	0
0.257365883625714	-1.75	g0880	h0	1	0
1.29085329322511	-1.25	g0880	h0	1	0
2.10384012247918	-0.75	g0880	h0	1	0
2.30060649093347	-0.25	g0880	h0	1	0
2.91447152209244	0.25	g0880	h0	1	0
4.01148646145064	0.75	g0880	h0	1	0
4.53725929190832	1.25	g0880	h0	1	0
4.76213046834986	1.75	g0880	h0	1	0
-0.450537879351809	-1.75	g0881	h0	1	0
0.566870038423029	-1.25	g0881	h0	1	0
0.888952949849997	-0.75	g0881	h0	1	0
1.34484539765129	-0.25	g0881	h0	1	0
2.4533724513252	0.25	g0881	h0	1	0
3.21987437021804	0.75	g0881	h0	1	0
3.4428608863387	1.25	g0881	h0	1	0
4.18127490330173	1.75	g0881	h0	1	0
-0.767118356284988	-1.75	g0882	h0	1	0
-0.28776800420481	-1.25	g0882	h0	1	0
0.0155337197095019	-0.75	g0882	h0	1	0
1.01136851400338	-0.25	g0882	h0	1	0
1.96230718978861	0.25	g0882	h0	1	0
2.23503638774867	0.75	g0882	h0	1	0
2.76903667269103	1.25	g0882	h0	1	0
3.89789088668345	1.75	g0882	h0	1	0
-0.796381917526683	-1.75	g0883	h0	1	0
-0.61205789195088	-1.25	g0883	h0	1	0
0.167189250897444	-0.75	g0883	h0	1	0
1.20758380328839	-0.25	g0883	h0	1	0
1.56973914750234	0.25	g0883	h0	1	0
1.88713153577565	0.75	g0883	h0	1	0
2.89704424078773	1.25	g0883	h0	1	0
3.73077922396878	1.75	g0883	h0	1	0
-0.367246847258074	-1.75	g0884	h0	1	0
0.131097385211685	-1.25	g0884	h0	1	0
1.144779483435	-0.75	g0884	h0	1	0
1.61486289104858	-0.25	g0884	h0	1	0
1.74303737100038	0.25	g0884	h0	1	0
2.52389267011151	0.75	g0884	h0	1	0
3.43842655465768	1.25	g0884	h0	1	0
3.65763099796653	1.75	g0884	h0	1	0
0.768982012411588	-1.75	g0885	h0	1	0
1.64066569448557	-1.25	g0885	h0	1	0
2.21132741473918	-0.75	g0885	h0	1	0
2.21082320383646	-0.25	g0885	h0	1	0
2.6935649053003	0.25	g0885	h0	1	0
3.59329846269428	0.75	g0885	h0	1	0
3.87674963059912	1.25	g0885	h0	1	0
3.93982678257323	1.75	g0885	h0	1	0
2.32118443499701	-1.75	g0886	h0	1	0
2.96011424150096	-1.25	g0886	h0	1	0
2.91203103808915	-0.75	g0886	h0	1	0
3.08180619398756	-0.25	g0886	h0	1	0
3.86908914471887	0.25	g0886	h0	1	0
4.24150494459717	0.75	g0886	h0	1	0
4.12877156393711	1.25	g0886	h0	1	0
4.58568662527526	1.75	g0886	h0	1	0
3.41381496550918	-1.75	g0887	h0	1	0
3.40360084710967	-1.25	g0887	h0	1	0
3.30259987762746	-0.75	g0887	h0	1	0
3.89701114018723	-0.25	g0887	h0	1	0
4.36034594359289	0.25	g0887	h0	1	0
4.17008695843816	0.75	g0887	h0	1	0
4.31942604709862	1.25	g0887	h0	1	0
5.0140140472304	1.75	g0887	h0	1	0
3.37964283184522	-1.75	g0888	h0	1	0
3.09907083727289	-1.25	g0888	h0	1	0
3.45373541194268	-0.75	g0888	h0	1	0
3.98714058129885	-0.25	g0888	h0	1	0
3.82828404123904	0.25	g0888	h0	1	0
3.71154507855898	0.75	g0888	h0	1	0
4.27363069447419	1.25	g0888	h0	1	0
4.577027523677	1.75	g0888	h0	1	0
2.45431063548027	-1.75	g0889	h0	1	0
2.5659824937055	-1.25	g0889	h0	1	0
3.13072151286942	-0.75	g0889	h0	1	0
3.10198543831462	-0.25	g0889	h0	1	0
2.80952363624531	0.25	g0889	h0	1	0
3.19467560162666	0.75	g0889	h0	1	0
3.62736838062299	1.25	g0889	h0	1	0
3.36728003992162	1.75	g0889	h0	1	0
1.48282832931697	-1.75	g0890	h0	1	0
2.03111235683157	-1.25	g0890	h0	1	0
2.2025475078124	-0.75	g0890	h0	1	0
1.85677864550874	-0.25	g0890	h0	1	0
2.05286667824625	0.25	g0890	h0	1	0
2.59328548610925	0.75	g0890	h0	1	0
2.48199260767756	1.25	g0890	h0	1	0
2.23429010560399	1.75	g0890	h0	1	0
1.019715212502	-1.75	g0891	h0	1	0
1.42022367849639	-1.25	g0891	h0	1	0
1.15274516569209	-0.75	g0891	h0	1	0
1.18377631283903	-0.25	g0891	h0	1	0
1.78755834968111	0.25	g0891	h0	1	0
1.91010111315113	0.75	g0891	h0	1	0
1.61342686695728	1.25	g0891	h0	1	0
1.93173828107887	1.75	g0891	h0	1	0
0.951309264433518	-1.75	g0892	h0	1	0
0.878370971774643	-1.25	g0892	h0	1	0
0.801323434885675	-0.75	g0892	h0	1	0
1.41172227033047	-0.25	g0892	h0	1	0
1.8069084561002	0.25	g0892	h0	1	0
1.58330940125259	0.75	g0892	h0	1	0
1.77233934207485	1.25	g0892	h0	1	0
2.44850996700322	1.75	g0892	h0	1	0
0.979750723996726	-1.75	g0893	h0	1	0
0.874899698091071	-1.25	g0893	h0	1	0
1.43569211733848	-0.75	g0893	h0	1	0
2.09003083946372	-0.25	g0893	h0	1	0
2.04888123959795	0.25	g0893	h0	1	0
2.13607292271837	0.75	g0893	h0	1	0
2.87780711098727	1.25	g0893	h0	1	0
3.28237572444363	1.75	g0893	h0	1	0
1.13032547076858	-1.75	g0894	h0	1	0
1.59850181239305	-1.25	g0894	h0	1	0
2.45040898371674	-0.75	g0894	h0	1	0
2.66821996000029	-0.25	g0894	h0	1	0
2.7046012372781	0.25	g0894	h0	1	0
3.4329617777136	0.75	g0894	h0	1	0
4.12198395633239	1.25	g0894	h0	1	0
4.13157732571149	1.75	g0894	h0	1	0
1.53353023721662	-1.75	g0895	h0	1	0
2.48681297951478	-1.25	g0895	h0	1	0
2.99329692543473	-0.75	g0895	h0	1	0
3.04460462281469	-0.25	g0895	h0	1	0
3.68792988694986	0.25	g0895	h0	1	0
4.59755497349015	0.75	g0895	h0	1	0
4.83020258404079	1.25	g0895	h0	1	0
5.01253228458176	1.75	g0895	h0	1	0
1.90160654120783	-1.75	g0896	h0	1	0
2.67461478779944	-1.25	g0896	h0	1	0
2.80907940858927	-0.75	g0896	h0	1	0
3.31804970280162	-0.25	g0896	h0	1	0
4.34608187576081	0.25	g0896	h0	1	0
4.83400762608563	0.75	g0896	h0	1	0
4.975186267645	1.25	g0896	h0	1	0
5.76709702667244	1.75	g0896	h0	1	0
1.63187839478031	-1.75	g0897	h0	1	0
1.90697394646495	-1.25	g0897	h0	1	0
2.26470194483539	-0.75	g0897	h0	1	0
3.29118966281741	-0.25	g0897	h0	1	0
4.02168480279898	0.25	g0897	h0	1	0
4.17785326609657	0.75	g0897	h0	1	0
4.81324665761188	1.25	g0897	h0	1	0
5.87007549953732	1.75	g0897	h0	1	0
0.556652516629662	-1.75	g0898	h0	1	0
0.781721112061106	-1.25	g0898	h0	1	0
1.69245925431177	-0.75	g0898	h0	1	0
2.61009054394323	-0.25	g0898	h0	1	0
2.83985310700891	0.25	g0898	h0	1	0
3.28217916388188	0.75	g0898	h0	1	0
4.34455799845016	1.25	g0898	h0	1	0
4.99655260002597	1.75	g0898	h0	1	0
-0.664969264958136	-1.75	g0899	h0	1	0
0.0433001234575967	-1.25	g0899	h0	1	0
1.05997969073542	-0.75	g0899	h0	1	0
1.41183075346378	-0.25	g0899	h0	1	0
1.66737755949081	0.25	g0899	h0	1	0
2.61847764049488	0.75	g0899	h0	1	0
3.44397366982889	1.25	g0899	h0	1	0
3.61398895871868	1.75	g0899	h0	1	0
-1.14021834653089	-1.75	g0900	h0	1	0
-0.129235085662005	-1.25	g0900	h0	1	0
0.371967329654031	-0.75	g0900	h0	1	0
0.487119779025396	-0.25	g0900	h0	1	0
1.23521789535369	0.25	g0900	h0	1	0
2.16743190974386	0.75	g0900	h0	1	0
2.40796018800802	1.25	g0900	h0	1	0
2.68504698259332	1.75	g0900	h0	1	0
-0.641577917616787	-1.75	g0901	h0	1	0
0.00768634851835698	-1.25	g0901	h0	1	0
0.0578084917758474	-0.75	g0901	h0	1	0
0.552591869538947	-0.25	g0901	h0	1	0
1.50465329463418	0.25	g0901	h0	1	0
1.86616416000712	0.75	g0901	h0	1	0
1.95880537238658	1.25	g0901	h0	1	0
2.72777692874693	1.75	g0901	h0	1	0
0.28527771318554	-1.75	g0902	h0	1	0
0.357631433229399	-1.25	g0902	h0	1	0
0.598070629834909	-0.75	g0902	h0	1	0
1.47815352048229	-0.25	g0902	h0	1	0
1.98607993783516	0.25	g0902	h0	1	0
1.97309492279959	0.75	g0902	h0	1	0
2.49845720918127	1.25	g0902	h0	1	0
3.37297738545364	1.75	g0902	h0	1	0
1.04382725164567	-1.75	g0903	h0	1	0
1.07630131942399	-1.25	g0903	h0	1	0
1.80377795244035	-0.75	g0903	h0	1	0
2.45138707803673	-0.25	g0903	h0	1	0
2.42947445216269	0.25	g0903	h0	1	0
2.70103258256328	0.75	g0903	h0	1	0
3.54848397985331	1.25	g0903	h0	1	0
3.91873246798436	1.75	g0903	h0	1	0
1.52290897089881	-1.75	g0904	h0	1	0
2.04257677611241	-1.25	g0904	h0	1	0
2.79052442262623	-0.75	g0904	h0	1	0
2.85327932024756	-0.25	g0904	h0	1	0
2.90635727771961	0.25	g0904	h0	1	0
3.6477153010385	0.75	g0904	h0	1	0
4.17916239023177	1.25	g0904	h0	1	0
4.08929909365309	1.75	g0904	h0	1	0
1.82220487504178	-1.75	g0905	h0	1	0
2.60509701819118	-1.25	g0905	h0	1	0
2.82317634846329	-0.75	g0905	h0	1	0
2.73035248213875	-0.25	g0905	h0	1	0
3.3015315337579	0.25	g0905	h0	1	0
3.9717712537655	0.75	g0905	h0	1	0
3.94640388381469	1.25	g0905	h0	1	0
4.04390132289938	1.75	g0905	h0	1	0
1.76032537510995	-1.75	g0906	h0	1	0
2.16687578107706	-1.25	g0906	h0	1	0
2.02302924674854	-0.75	g0906	h0	1	0
2.38706497282451	-0.25	g0906	h0	1	0
3.13946361921093	0.25	g0906	h0	1	0
3.26007726218234	0.75	g0906	h0	1	0
3.19389175631167	1.25	g0906	h0	1	0
3.81908738346368	1.75	g0906	h0	1	0
1.03230947357138	-1.75	g0907	h0	1	0
0.936036519290842	-1.25	g0907	h0	1	0
1.09068076209886	-0.75	g0907	h0	1	0
1.84587736777963	-0.25	g0907	h0	1	0
2.1585574212573	0.25	g0907	h0	1	0
2.01186495107562	0.75	g0907	h0	1	0
2.45424657700396	1.25	g0907	h0	1	0
3.16806338106357	1.75	g0907	h0	1	0
-0.161450002340467	-1.75	g0908	h0	1	0
-0.182242895585667	-1.25	g0908	h0	1	0
0.490461162249546	-0.75	g0908	h0	1	0
0.997782599406402	-0.25	g0908	h0	1	0
0.864370516997456	0.25	g0908	h0	1	0
1.10075974835356	0.75	g0908	h0	1	0
1.85990162430448	1.25	g0908	h0	1	0
2.08246394069463	1.75	g0908	h0	1	0
-1.00674923901694	-1.75	g0909	h0	1	0
-0.489116144748128	-1.25	g0909	h0	1	0
0.173106406939339	-0.75	g0909	h0	1	0
0.140457612929072	-0.25	g0909	h0	1	0
0.184910108143015	0.25	g0909	h0	1	0
0.899635665528746	0.75	g0909	h0	1	0
1.32341698775971	1.25	g0909	h0	1	0
1.16974767476444	1.75	g0909	h0	1	0
-0.831697916799419	-1.75	g0910	h0	1	0
-0.0865746990898673	-1.25	g0910	h0	1	0
0.0475120491485641	-0.75	g0910	h0	1	0
-0.0493090642816632	-0.25	g0910	h0	1	0
0.538574801154136	0.25	g0910	h0	1	0
1.1389192445504	0.75	g0910	h0	1	0
1.05058330435464	1.25	g0910	h0	1	0
1.16950237726622	1.75	g0910	h0	1	0
0.158285676832563	-1.75	g0911	h0	1	0
0.492820743604804	-1.25	g0911	h0	1	0
0.334287546460503	-0.75	g0911	h0	1	0
0.738937162388509	-0.25	g0911	h0	1	0
1.45697801410463	0.25	g0911	h0	1	0
1.51185216726699	0.75	g0911	h0	1	0
1.46491082662656	1.25	g0911	h0	1	0
2.11361925206109	1.75	g0911	h0	1	0
1.10926986206292	-1.75	g0912	h0	1	0
0.983926754398343	-1.25	g0912	h0	1	0
1.1884194862658	-0.75	g0912	h0	1	0
1.94500757734873	-0.25	g0912	h0	1	0
2.19562012597532	0.25	g0912	h0	1	0
2.05556301884092	0.75	g0912	h0	1	0
2.54612013470735	1.25	g0912	h0	1	0
3.22615665895221	1.75	g0912	h0	1	0
1.41519843491909	-1.75	g0913	h0	1	0
1.44729014973696	-1.25	g0913	h0	1	0
2.16055804909903	-0.75	g0913	h0	1	0
2.62550737257449	-0.25	g0913	h0	1	0
2.4885037099216	0.25	g0913	h0	1	0
2.79186483108183	0.75	g0913	h0	1	0
3.55668559622482	1.25	g0913	h0	1	0
3.7339181618059	1.75	g0913	h0	1	0
1.15570690468801	-1.75	g0914	h0	1	0
1.75855550999329	-1.25	g0914	h0	1	0
2.42004830218821	-0.75	g0914	h0	1	0
2.38782773807638	-0.25	g0914	h0	1	0
2.51828429046048	0.25	g0914	h0	1	0
3.290553927769	0.75	g0914	h0	1	0
3.6953833325281	1.25	g0914	h0	1	0
3.57562725140604	1.75	g0914	h0	1	0
0.655182069115074	-1.75	g0915	h0	1	0
1.46303920884328	-1.25	g0915	h0	1	0
1.62316539565647	-0.75	g0915	h0	1	0
1.6359800862811	-0.25	g0915	h0	1	0
2.34352377597826	0.25	g0915	h0	1	0
2.97673362928312	0.75	g0915	h0	1	0
2.93892984290189	1.25	g0915	h0	1	0
3.18953911161991	1.75	g0915	h0	1	0
-0.048515096895606	-1.75	g0916	h0	1	0
0.359644610413268	-1.25	g0916	h0	1	0
0.339754177700214	-0.75	g0916	h0	1	0
0.929564220001171	-0.25	g0916	h0	1	0
1.7529064467761	0.25	g0916	h0	1	0
1.89204242899931	0.75	g0916	h0	1	0
2.01593439498395	1.25	g0916	h0	1	0
2.82889603435887	1.75	g0916	h0	1	0
-1.0309165387799	-1.75	g0917	h0	1	0
-0.986823262204317	-1.25	g0917	h0	1	0
-0.539119325640507	-0.75	g0917	h0	1	0
0.40361298567719	-0.25	g0917	h0	1	0
0.784801502063734	0.25	g0917	h0	1	0
0.850115761852379	0.75	g0917	h0	1	0
1.57774988141305	1.25	g0917	h0	1	0
2.4099526898034	1.75	g0917	h0	1	0
-1.95474496818871	-1.75	g0918	h0	1	0
-1.64167993836737	-1.25	g0918	h0	1	0
-0.670382499364268	-0.75	g0918	h0	1	0
-0.0264670391221875	-0.25	g0918	h0	1	0
0.0636634837729544	0.25	g0918	h0	1	0
0.657854728910954	0.75	g0918	h0	1	0
1.64501610940603	1.25	g0918	h0	1	0
2.00274414543888	1.75	g0918	h0	1	0
-2.1355337483474	-1.75	g0919	h0	1	0
-1.23053824099219	-1.25	g0919	h0	1	0
-0.353758379071609	-0.75	g0919	h0	1	0
-0.158715356828952	-0.25	g0919	h0	1	0
0.282043643733186	0.25	g0919	h0	1	0
1.32614661451227	0.75	g0919	h0	1	0
1.93204362149852	1.25	g0919	h0	1	0
2.07440125360419	1.75	g0919	h0	1	0
-1.29440927095667	-1.75	g0920	h0	1	0
-0.261336092946288	-1.25	g0920	h0	1	0
0.0974130758929927	-0.75	g0920	h0	1	0
0.394744451129081	-0.25	g0920	h0	1	0
1.38599447935816	0.25	g0920	h0	1	0
2.21727550024788	0.75	g0920	h0	1	0
2.40567414830809	1.25	g0920	h0	1	0
2.95914606382404	1.75	g0920	h0	1	0
-0.0178438029478936	-1.75	g0921	h0	1	0
0.528467795245854	-1.25	g0921	h0	1	0
0.718422860862977	-0.75	g0921	h0	1	0
1.55508772524981	-0.25	g0921	h0	1	0
2.54178376567429	0.25	g0921	h0	1	0
2.83390427845527	0.75	g0921	h0	1	0
3.19758998447726	1.25	g0921	h0	1	0
4.23301916265356	1.75	g0921	h0	1	0
0.774068040602799	-1.75	g0922	h0	1	0
0.90997927203825	-1.25	g0922	h0	1	0
1.51698163643446	-0.75	g0922	h0	1	0
2.55422537548922	-0.25	g0922	h0	1	0
2.98311439721645	0.25	g0922	h0	1	0
3.17585065125159	0.75	g0922	h0	1	0
4.05228345922232	1.25	g0922	h0	1	0
4.94674347760482	1.75	g0922	h0	1	0
0.746602640064438	-1.75	g0923	h0	1	0
1.08932899891498	-1.25	g0923	h0	1	0
2.05707879316711	-0.75	g0923	h0	1	0
2.62348875957252	-0.25	g0923	h0	1	0
2.69291816735245	0.25	g0923	h0	1	0
3.32224335983395	0.75	g0923	h0	1	0
4.26992077157916	1.25	g0923	h0	1	0
4.55613576816526	1.75	g0923	h0	1	0
0.336180283632202	-1.75	g0924	h0	1	0
1.12255071250633	-1.25	g0924	h0	1	0
1.79428568935553	-0.75	g0924	h0	1	0
1.80689209545272	-0.25	g0924	h0	1	0
2.14442137712116	0.25	g0924	h0	1	0
3.037416306423	0.75	g0924	h0	1	0
3.42827340529882	1.25	g0924	h0	1	0
3.4238661819136	1.75	g0924	h0	1	0
0.0734474838688566	-1.75	g0925	h0	1	0
0.791856820358416	-1.25	g0925	h0	1	0
0.81986523990495	-0.75	g0925	h0	1	0
0.873307384896282	-0.25	g0925	h0	1	0
1.60903610794093	0.25	g0925	h0	1	0
2.10165538492171	0.75	g0925	h0	1	0
1.98954936903852	1.25	g0925	h0	1	0
2.31348347986749	1.75	g0925	h0	1	0
0.0245603526046591	-1.75	g0926	h0	1	0
0.132250010843177	-1.25	g0926	h0	1	0
-0.0391658412774894	-0.75	g0926	h0	1	0
0.463051926938645	-0.25	g0926	h0	1	0
1.0294601119789	0.25	g0926	h0	1	0
0.90175545916807	0.75	g0926	h0	1	0
0.93130914293146	1.25	g0926	h0	1	0
1.60480419285329	1.75	g0926	h0	1	0
0.0345720060653686	-1.75	g0927	h0	1	0
-0.261608290086551	-1.25	g0927	h0	1	0
-0.02656369232585	-0.75	g0927	h0	1	0
0.567225623929746	-0.25	g0927	h0	1	0
0.515336651425843	0.25	g0927	h0	1	0
0.310699225507948	0.75	g0927	h0	1	0
0.800472733458264	1.25	g0927	h0	1	0
1.22145083730229	1.75	g0927	h0	1	0
0.240123572027269	-1.75	g0928	h0	1	0
0.225019858349874	-1.25	g0928	h0	1	0
0.791983305050468	-0.75	g0928	h0	1	0
0.889908008454461	-0.25	g0928	h0	1	0
0.555406992085461	0.25	g0928	h0	1	0
0.827905193678081	0.75	g0928	h0	1	0
1.33917296462971	1.25	g0928	h0	1	0
1.16726482040121	1.75	g0928	h0	1	0
0.956304565311746	-1.75	g0929	h0	1	0
1.44678733348339	-1.25	g0929	h0	1	0
1.73800259405963	-0.75	g0929	h0	1	0
1.40297672695489	-0.25	g0929	h0	1	0
1.46701342883778	0.25	g0929	h0	1	0
2.02997491499017	0.75	g0929	h0	1	0
2.03469759236905	1.25	g0929	h0	1	0
1.71859518564319	1.75	g0929	h0	1	0
2.04183812651163	-1.75	g0930	h0	1	0
2.53227497340923	-1.25	g0930	h0	1	0
2.32700086501631	-0.75	g0930	h0	1	0
2.23361535969505	-0.25	g0930	h0	1	0
2.80024403196693	0.25	g0930	h0	1	0
3.04441413489826	0.75	g0930	h0	1	0
2.73144677466783	1.25	g0930	h0	1	0
2.91868631223601	1.75	g0930	h0	1	0
2.72800716863927	-1.75	g0931	h0	1	0
2.75932352690601	-1.25	g0931	h0	1	0
2.59313807460128	-0.75	g0931	h0	1	0
3.1170046823968	-0.25	g0931	h0	1	0
3.61821989201159	0.25	g0931	h0	1	0
3.43660971075959	0.75	g0931	h0	1	0
3.49549855036645	1.25	g0931	h0	1	0
4.16048432192329	1.75	g0931	h0	1	0
2.33355555478375	-1.75	g0932	h0	1	0
2.19723068504909	-1.25	g0932	h0	1	0
2.64397996630963	-0.75	g0932	h0	1	0
3.37238265113729	-0.25	g0932	h0	1	0
3.4278528914632	0.25	g0932	h0	1	0
3.41636111963531	0.75	g0932	h0	1	0
4.09916525557939	1.25	g0932	h0	1	0
4.62742424391596	1.75	g0932	h0	1	0
1.035672559767	-1.75	g0933	h0	1	0
1.39077234430514	-1.25	g0933	h0	1	0
2.27590562023971	-0.75	g0933	h0	1	0
2.63161594223211	-0.25	g0933	h0	1	0
2.62619910444675	0.25	g0933	h0	1	0
3.26541870606356	0.75	g0933	h0	1	0
4.06010159248477	1.25	g0933	h0	1	0
4.16054925852517	1.75	g0933	h0	1	0
-0.292348777003789	-1.75	g0934	h0	1	0
0.652973301611431	-1.25	g0934	h0	1	0
1.31750341321566	-0.75	g0934	h0	1	0
1.39844613148283	-0.25	g0934	h0	1	0
1.94636769259152	0.25	g0934	h0	1	0
2.92889239408709	0.75	g0934	h0	1	0
3.30578309695953	1.25	g0934	h0	1	0
3.44129125226198	1.75	g0934	h0	1	0
-0.968111153501617	-1.75	g0935	h0	1	0
-0.0423910860497525	-1.25	g0935	h0	1	0
0.19315766775282	-0.75	g0935	h0	1	0
0.625304988610579	-0.25	g0935	h0	1	0
1.68490110133138	0.25	g0935	h0	1	0
2.34771829417472	0.75	g0935	h0	1	0
2.50967446646576	1.25	g0935	h0	1	0
3.2282035324365	1.75	g0935	h0	1	0
-0.995435048831481	-1.75	g0936	h0	1	0
-0.563018416535649	-1.25	g0936	h0	1	0
-0.243419835085459	-0.75	g0936	h0	1	0
0.771887817260387	-0.25	g0936	h0	1	0
1.67805550717757	0.25	g0936	h0	1	0
1.9233339815705	0.75	g0936	h0	1	0
2.48860155549494	1.25	g0936	h0	1	0
3.61266948657847	1.75	g0936	h0	1	0
-0.670436254437475	-1.75	g0937	h0	1	0
-0.433950863796822	-1.25	g0937	h0	1	0
0.428364836847078	-0.75	g0937	h0	1	0
1.49085021391775	-0.25	g0937	h0	1	0
1.86364343764219	0.25	g0937	h0	1	0
2.25630536956411	0.75	g0937	h0	1	0
3.33232057097605	1.25	g0937	h0	1	0
4.17045102788199	1.75	g0937	h0	1	0
-0.0326353960166305	-1.75	g0938	h0	1	0
0.600970003721989	-1.25	g0938	h0	1	0
1.70430930204428	-0.75	g0938	h0	1	0
2.22609783821906	-0.25	g0938	h0	1	0
2.46368958777876	0.25	g0938	h0	1	0
3.37350183023326	0.75	g0938	h0	1	0
4.35304660789686	1.25	g0938	h0	1	0
4.63812352573781	1.75	g0938	h0	1	0
1.00268601461545	-1.75	g0939	h0	1	0
2.02434394848324	-1.25	g0939	h0	1	0
2.68806443395018	-0.75	g0939	h0	1	0
2.81995236256275	-0.25	g0939	h0	1	0
3.47945282741476	0.25	g0939	h0	1	0
4.50245711054085	0.75	g0939	h0	1	0
4.88187712628701	1.25	g0939	h0	1	0
5.10312151529553	1.75	g0939	h0	1	0
2.11191327261904	-1.75	g0940	h0	1	0
2.88161499354713	-1.25	g0940	h0	1	0
2.9774483312059	-0.75	g0940	h0	1	0
3.35152422613572	-0.25	g0940	h0	1	0
4.31069840228566	0.25	g0940	h0	1	0
4.80496111385333	0.75	g0940	h0	1	0
4.86245022378997	1.25	g0940	h0	1	0
5.52419841489763	1.75	g0940	h0	1	0
2.58272734167701	-1.75	g0941	h0	1	0
2.71685019713247	-1.25	g0941	h0	1	0
2.82459816993986	-0.75	g0941	h0	1	0
3.6228625738369	-0.25	g0941	h0	1	0
4.22720049938241	0.25	g0941	h0	1	0
4.20289201631869	0.75	g0941	h0	1	0
4.57307245033949	1.25	g0941	h0	1	0
5.44604212082938	1.75	g0941	h0	1	0
2.05745984773842	-1.75	g0942	h0	1	0
1.96681004671399	-1.25	g0942	h0	1	0
2.53498683016957	-0.75	g0942	h0	1	0
3.21872789734606	-0.25	g0942	h0	1	0
3.20677291851962	0.25	g0942	h0	1	0
3.30120751380475	0.75	g0942	h0	1	0
4.05739577962131	1.25	g0942	h0	1	0
4.49606953975246	1.75	g0942	h0	1	0
1.05183471211768	-1.75	g0943	h0	1	0
1.36116200826302	-1.25	g0943	h0	1	0
2.07259806436067	-0.75	g0943	h0	1	0
2.15942489078232	-0.25	g0943	h0	1	0
2.04341738027127	0.25	g0943	h0	1	0
2.61673107220294	0.75	g0943	h0	1	0
3.17295906408226	1.25	g0943	h0	1	0
3.04531685049111	1.75	g0943	h0	1	0
0.484608021464499	-1.75	g0944	h0	1	0
1.16056774849752	-1.25	g0944	h0	1	0
1.40702661504834	-0.75	g0944	h0	1	0
1.18170174165912	-0.25	g0944	h0	1	0
1.53639492910727	0.25	g0944	h0	1	0
2.17782373532938	0.75	g0944	h0	1	0
2.14775476463705	1.25	g0944	h0	1	0
2.04518385231712	1.75	g0944	h0	1	0
0.744538405637398	-1.75	g0945	h0	1	0
1.1737695423262	-1.25	g0945	h0	1	0
0.955944269080029	-0.75	g0945	h0	1	0
1.09366632358817	-0.25	g0945	h0	1	0
1.76501148409016	0.25	g0945	h0	1	0
1.9105629747978	0.75	g0945	h0	1	0
1.69023980957827	1.25	g0945	h0	1	0
2.11243843390072	1.75	g0945	h0	1	0
1.43234361185449	-1.75	g0946	h0	1	0
1.3319743965992	-1.25	g0946	h0	1	0
1.29208478575262	-0.75	g0946	h0	1	0
1.92675029531142	-0.25	g0946	h0	1	0
2.28572711287951	0.25	g0946	h0	1	0
2.05810413061638	0.75	g0946	h0	1	0
2.29331778997459	1.25	g0946	h0	1	0
2.96746851808511	1.75	g0946	h0	1	0
1.99619230156494	-1.75	g0947	h0	1	0
1.84924293946814	-1.25	g0947	h0	1	0
2.38384197168882	-0.75	g0947	h0	1	0
2.94759765868296	-0.25	g0947	h0	1	0
2.82050285449506	0.25	g0947	h0	1	0
2.88465933458072	0.75	g0947	h0	1	0
3.57864977340782	1.25	g0947	h0	1	0
3.88044761495683	1.75	g0947	h0	1	0
2.32049838346897	-1.75	g0948	h0	1	0
2.70926826155484	-1.25	g0948	h0	1	0
3.42625083575506	-0.75	g0948	h0	1	0
3.4853065544158	-0.25	g0948	h0	1	0
3.42605360703058	0.25	g0948	h0	1	0
4.06247254046468	0.75	g0948	h0	1	0
4.59525399173846	1.25	g0948	h0	1	0
4.46542791423801	1.75	g0948	h0	1	0
2.52758374866186	-1.75	g0949	h0	1	0
3.31573119035508	-1.25	g0949	h0	1	0
3.60951246716203	-0.75	g0949	h0	1	0
3.49891633423837	-0.25	g0949	h0	1	0
4.01169834869746	0.25	g0949	h0	1	0
4.72997611257789	0.75	g0949	h0	1	0
4.75931466312717	1.25	g0949	h0	1	0
4.80295563198763	1.75	g0949	h0	1	0
2.45945342553126	-1.75	g0950	h0	1	0
2.99207700897817	-1.25	g0950	h0	1	0
2.91454706344747	-0.75	g0950	h0	1	0
3.26432442101024	-0.25	g0950	h0	1	0
4.08792780512091	0.25	g0950	h0	1	0
4.33305511762594	0.75	g0950	h0	1	0
4.28891257073929	1.25	g0950	h0	1	0
4.91553433198802	1.75	g0950	h0	1	0
1.75578840472765	-1.75	g0951	h0	1	0
1.79334753356674	-1.25	g0951	h0	1	0
1.9772975685606	-0.75	g0951	h0	1	0
2.80932166058787	-0.25	g0951	h0	1	0
3.28819423894208	0.25	g0951	h0	1	0
3.23166170715351	0.75	g0951	h0	1	0
3.6990955590974	1.25	g0951	h0	1	0
4.53476904581368	1.75	g0951	h0	1	0
0.496841578468953	-1.75	g0952	h0	1	0
0.55081207679429	-1.25	g0952	h0	1	0
1.29842396580067	-0.75	g0952	h0	1	0
1.98833017976814	-0.25	g0952	h0	1	0
2.00300533795236	0.25	g0952	h0	1	0
2.2908109081993	0.75	g0952	h0	1	0
3.1667084035751	1.25	g0952	h0	1	0
3.58185149176588	1.75	g0952	h0	1	0
-0.562780810633727	-1.75	g0953	h0	1	0
0.0309811626159932	-1.25	g0953	h0	1	0
0.87394125923426	-0.75	g0953	h0	1	0
1.03591730773005	-0.25	g0953	h0	1	0
1.16595539621604	0.25	g0953	h0	1	0
1.98716697327938	0.75	g0953	h0	1	0
2.61980552268494	1.25	g0953	h0	1	0
2.62143264884622	1.75	g0953	h0	1	0
-0.667622459612994	-1.75	g0954	h0	1	0
0.246747771181166	-1.25	g0954	h0	1	0
0.609596221091224	-0.75	g0954	h0	1	0
0.641779896500242	-0.25	g0954	h0	1	0
1.330980163021	0.25	g0954	h0	1	0
2.14123158341877	0.75	g0954	h0	1	0
2.2558464280832	1.25	g0954	h0	1	0
2.47134500339344	1.75	g0954	h0	1	0
0.127250433698005	-1.75	g0955	h0	1	0
0.710657040500012	-1.25	g0955	h0	1	0
0.730328402889889	-0.75	g0955	h0	1	0
1.24240314477415	-0.25	g0955	h0	1	0
2.16111747080875	0.25	g0955	h0	1	0
2.45769471400585	0.75	g0955	h0	1	0
2.54611808592839	1.25	g0955	h0	1	0
3.32308764997888	1.75	g0955	h0	1	0
1.03837852336056	-1.75	g0956	h0	1	0
1.13790602598292	-1.25	g0956	h0	1	0
1.46745275609258	-0.75	g0956	h0	1	0
2.40848570193452	-0.25	g0956	h0	1	0
2.92441174461208	0.25	g0956	h0	1	0
2.96447706158307	0.75	g0956	h0	1	0
3.58146719770037	1.25	g0956	h0	1	0
4.49025680170349	1.75	g0956	h0	1	0
1.41165369871162	-1.75	g0957	h0	1	0
1.5920520360053	-1.25	g0957	h0	1	0
2.4673673554161	-0.75	g0957	h0	1	0
3.19901459558838	-0.25	g0957	h0	1	0
3.28158050934089	0.25	g0957	h0	1	0
3.71489646761391	0.75	g0957	h0	1	0
4.68539096665317	1.25	g0957	h0	1	0
5.13375475837769	1.75	g0957	h0	1	0
1.25833610914667	-1.75	g0958	h0	1	0
1.99319451152707	-1.25	g0958	h0	1	0
2.89435019556858	-0.75	g0958	h0	1	0
3.10208465134374	-0.25	g0958	h0	1	0
3.36474992873679	0.25	g0958	h0	1	0
4.30331138471106	0.75	g0958	h0	1	0
4.97130508223055	1.25	g0958	h0	1	0
5.04972414653173	1.75	g0958	h0	1	0
0.899637067428711	-1.75	g0959	h0	1	0
1.88838909880236	-1.25	g0959	h0	1	0
2.27706476909022	-0.75	g0959	h0	1	0
2.41394504941369	-0.25	g0959	h0	1	0
3.23123412696061	0.25	g0959	h0	1	0
4.08324195832624	0.75	g0959	h0	1	0
4.24376437158859	1.25	g0959	h0	1	0
4.59017853624352	1.75	g0959	h0	1	0
0.39713186545746	-1.75	g0960	h0	1	0
0.982547365123379	-1.25	g0960	h0	1	0
1.05943741088872	-0.75	g0960	h0	1	0
1.68614783397215	-0.25	g0960	h0	1	0
2.64596981495773	0.25	g0960	h0	1	0
2.9496959901685	0.75	g0960	h0	1	0
3.12963046208228	1.25	g0960	h0	1	0
4.00515506530594	1.75	g0960	h0	1	0
-0.357647025191513	-1.75	g0961	h0	1	0
-0.268567386253422	-1.25	g0961	h0	1	0
0.130572629286816	-0.75	g0961	h0	1	0
1.09507483227224	-0.25	g0961	h0	1	0
1.56914432608812	0.25	g0961	h0	1	0
1.63431857291694	0.75	g0961	h0	1	0
2.32037887565938	1.25	g0961	h0	1	0
3.21724783832903	1.75	g0961	h0	1	0
-1.10356621573578	-1.75	g0962	h0	1	0
-0.930120429916711	-1.25	g0962	h0	1	0
-0.0713193684449721	-0.75	g0962	h0	1	0
0.560091727252625	-0.25	g0962	h0	1	0
0.578693712286844	0.25	g0962	h0	1	0
1.02019539325314	0.75	g0962	h0	1	0
1.93958487905228	1.25	g0962	h0	1	0
2.28361003655152	1.75	g0962	h0	1	0
-1.17528599642465	-1.75	g0963	h0	1	0
-0.517931727511235	-1.25	g0963	h0	1	0
0.220225559080233	-0.75	g0963	h0	1	0
0.263338408734669	-0.25	g0963	h0	1	0
0.447394210130847	0.25	g0963	h0	1	0
1.28152821349268	0.75	g0963	h0	1	0
1.76731925810198	1.25	g0963	h0	1	0
1.71416693324539	1.75	g0963	h0	1	0
-0.221959658773964	-1.75	g0964	h0	1	0
0.545495583416275	-1.25	g0964	h0	1	0
0.673678133512646	-0.75	g0964	h0	1	0
0.632861451768727	-0.25	g0964	h0	1	0
1.28523473201407	0.25	g0964	h0	1	0
1.88545292367845	0.75	g0964	h0	1	0
1.80912063719511	1.25	g0964	h0	1	0
2.00078912291494	1.75	g0964	h0	1	0
1.2295592628844	-1.75	g0965	h0	1	0
1.48212815072059	-1.25	g0965	h0	1	0
1.28931187906257	-0.75	g0965	h0	1	0
1.69515848030542	-0.25	g0965	h0	1	0
2.35539370606975	0.25	g0965	h0	1	0
2.33580628100236	0.75	g0965	h0	1	0
2.27871986426421	1.25	g0965	h0	1	0
2.9134197222914	1.75	g0965	h0	1	0
2.19110470436832	-1.75	g0966	h0	1	0
1.94672692064687	-1.25	g0966	h0	1	0
2.08761524092358	-0.75	g0966	h0	1	0
2.73892484207746	-0.25	g0966	h0	1	0
2.84212427383876	0.25	g0966	h0	1	0
2.60977069846439	0.75	g0966	h0	1	0
3.03258163736294	1.25	g0966	h0	1	0
3.58192284668249	1.75	g0966	h0	1	0
2.16246312352784	-1.75	g0967	h0	1	0
2.07189896126833	-1.25	g0967	h0	1	0
2.64644018603964	-0.75	g0967	h0	1	0
2.91341572712558	-0.25	g0967	h0	1	0
2.61341119096611	0.25	g0967	h0	1	0
2.80186084027551	0.75	g0967	h0	1	0
3.40145485170526	1.25	g0967	h0	1	0
3.38142377648997	1.75	g0967	h0	1	0
1.46497387100916	-1.75	g0968	h0	1	0
1.9113990386234	-1.25	g0968	h0	1	0
2.35187282901583	-0.75	g0968	h0	1	0
2.10651825937073	-0.25	g0968	h0	1	0
2.08592075255556	0.25	g0968	h0	1	0
2.67944543832651	0.75	g0968	h0	1	0
2.85228440735641	1.25	g0968	h0	1	0
2.54521614492001	1.75	g0968	h0	1	0
0.653048948479373	-1.75	g0969	h0	1	0
1.24524602357457	-1.25	g0969	h0	1	0
1.16894359535473	-0.75	g0969	h0	1	0
1.00907365287034	-0.25	g0969	h0	1	0
1.54436447228792	0.25	g0969	h0	1	0
1.94143972440211	0.75	g0969	h0	1	0
1.68745030880843	1.25	g0969	h0	1	0
1.7793911881302	1.75	g0969	h0	1	0
-0.102240561129099	-1.75	g0970	h0	1	0
0.075611837450089	-1.25	g0970	h0	1	0
-0.121834804193369	-0.75	g0970	h0	1	0
0.318887716938519	-0.25	g0970	h0	1	0
0.931308713878699	0.25	g0970	h0	1	0
0.850782115266205	0.75	g0970	h0	1	0
0.819634037030269	1.25	g0970	h0	1	0
1.46567990279997	1.75	g0970	h0	1	0
-0.864407402069797	-1.75	g0971	h0	1	0
-0.985182873378764	-1.25	g0971	h0	1	0
-0.651494775643185	-0.75	g0971	h0	1	0
0.129713626900204	-0.25	g0971	h0	1	0
0.313682231210065	0.25	g0971	h0	1	0
0.240673050006279	0.75	g0971	h0	1	0
0.84688948713635	1.25	g0971	h0	1	0
1.49338455331085	1.75	g0971	h0	1	0
-1.41557974122981	-1.75	g0972	h0	1	0
-1.17476192399286	-1.25	g0972	h0	1	0
-0.29946099152299	-0.75	g0972	h0	1	0
0.192895056090622	-0.25	g0972	h0	1	0
0.172942169306456	0.25	g0972	h0	1	0
0.699380467015282	0.75	g0972	h0	1	0
1.5638078478306	1.25	g0972	h0	1	0
1.77401249712605	1.75	g0972	h0	1	0
-1.30391919764595	-1.75	g0973	h0	1	0
-0.422766712772622	-1.25	g0973	h0	1	0
0.365772812285433	-0.75	g0973	h0	1	0
0.488395614160382	-0.25	g0973	h0	1	0
0.916084481706436	0.25	g0973	h0	1	0
1.91236223715767	0.75	g0973	h0	1	0
2.42217215253291	1.25	g0973	h0	1	0
2.51859517437516	1.75	g0973	h0	1	0
-0.495454192806092	-1.75	g0974	h0	1	0
0.522678271960248	-1.25	g0974	h0	1	0
0.853509736939911	-0.75	g0974	h0	1	0
1.1875086487406	-0.25	g0974	h0	1	0
2.20779802268665	0.25	g0974	h0	1	0
3.00596683581683	0.75	g0974	h0	1	0
3.18871020847311	1.25	g0974	h0	1	0
3.78991858217333	1.75	g0974	h0	1	0
0.326744124467794	-1.75	g0975	h0	1	0
0.893400750168227	-1.25	g0975	h0	1	0
1.16069727993855	-0.75	g0975	h0	1	0
2.09571695221879	-0.25	g0975	h0	1	0
3.1170672971704	0.25	g0975	h0	1	0
3.44315168697279	0.75	g0975	h0	1	0
3.90472204637393	1.25	g0975	h0	1	0
5.0183331136232	1.75	g0975	h0	1	0
0.387250857171214	-1.75	g0976	h0	1	0
0.63002905906602	-1.25	g0976	h0	1	0
1.38938089150699	-0.75	g0976	h0	1	0
2.52637293002246	-0.25	g0976	h0	1	0
3.02630955418395	0.25	g0976	h0	1	0
3.3518512080037	0.75	g0976	h0	1	0
4.37008699466171	1.25	g0976	h0	1	0
5.34172161985255	1.75	g0976	h0	1	0
-0.337460356252996	-1.75	g0977	h0	1	0
0.19113109976676	-1.25	g0977	h0	1	0
1.31368857335141	-0.75	g0977	h0	1	0
1.98389402362034	-0.25	g0977	h0	1	0
2.20445118998064	0.25	g0977	h0	1	0
3.02081551621314	0.75	g0977	h0	1	0
4.096742673925	1.25	g0977	h0	1	0
4.49405212234796	1.75	g0977	h0	1	0
-1.12247657622331	-1.75	g0978	h0	1	0
-0.142694069099047	-1.25	g0978	h0	1	0
0.659258203729154	-0.75	g0978	h0	1	0
0.825590426270912	-0.25	g0978	h0	1	0
1.37254018237093	0.25	g0978	h0	1	0
2.43367832270568	0.75	g0978	h0	1	0
2.95015301289391	1.25	g0978	h0	1	0
3.12620795627847	1.75	g0978	h0	1	0
-1.31958985781049	-1.75	g0979	h0	1	0
-0.453161886046018	-1.25	g0979	h0	1	0
-0.282117884624887	-0.75	g0979	h0	1	0
-0.0212208719382685	-0.25	g0979	h0	1	0
0.906393536655365	0.25	g0979	h0	1	0
1.5314463826616	0.75	g0979	h0	1	0
1.58631063500738	1.25	g0979	h0	1	0
2.12564859214894	1.75	g0979	h0	1	0
-0.932786294079849	-1.75	g0980	h0	1	0
-0.702862416849283	-1.25	g0980	h0	1	0
-0.691691141454771	-0.75	g0980	h0	1	0
0.00634404885694784	-0.25	g0980	h0	1	0
0.703995773469158	0.25	g0980	h0	1	0
0.714905923504576	0.75	g0980	h0	1	0
0.945296575491158	1.25	g0980	h0	1	0
1.7924060609349	1.75	g0980	h0	1	0
-0.305745006095222	-1.75	g0981	h0	1	0
-0.463137380181454	-1.25	g0981	h0	1	0
-0.0499020782124993	-0.75	g0981	h0	1	0
0.665203995367609	-0.25	g0981	h0	1	0
0.713373979597719	0.25	g0981	h0	1	0
0.672451515177345	0.75	g0981	h0	1	0
1.3268890657496	1.25	g0981	h0	1	0
1.84857241398709	1.75	g0981	h0	1	0
0.462898711011007	-1.75	g0982	h0	1	0
0.587416181176402	-1.25	g0982	h0	1	0
1.256119613446	-0.75	g0982	h0	1	0
1.41011835772425	-0.25	g0982	h0	1	0
1.18414177728771	0.25	g0982	h0	1	0
1.59409666151657	0.75	g0982	h0	1	0
2.1811402180053	1.25	g0982	h0	1	0
2.07575419659106	1.75	g0982	h0	1	0
1.47204991669189	-1.75	g0983	h0	1	0
2.03445310418483	-1.25	g0983	h0	1	0
2.33658206269443	-0.75	g0983	h0	1	0
2.04330020029665	-0.25	g0983	h0	1	0
2.20025157190317	0.25	g0983	h0	1	0
2.80897200622972	0.75	g0983	h0	1	0
2.8233274597992	1.25	g0983	h0	1	0
2.57553919234331	1.75	g0983	h0	1	0
2.47514334240757	-1.75	g0984	h0	1	0
2.93355141881693	-1.25	g0984	h0	1	0
2.69933713495297	-0.75	g0984	h0	1	0
2.64026016035248	-0.25	g0984	h0	1	0
3.21792999280847	0.25	g0984	h0	1	0
3.41731573789209	0.75	g0984	h0	1	0
3.10064188268329	1.25	g0984	h0	1	0
3.32689502149256	1.75	g0984	h0	1	0
2.7942141791544	-1.75	g0985	h0	1	0
2.72999406702746	-1.25	g0985	h0	1	0
2.53104031525253	-0.75	g0985	h0	1	0
3.02737954126869	-0.25	g0985	h0	1	0
3.43662714339827	0.25	g0985	h0	1	0
3.17836735314843	0.75	g0985	h0	1	0
3.22015977743511	1.25	g0985	h0	1	0
3.83373137061932	1.75	g0985	h0	1	0
2.0148873478374	-1.75	g0986	h0	1	0
1.77772637413093	-1.25	g0986	h0	1	0
2.15634812790093	-0.75	g0986	h0	1	0
2.75636351478594	-0.25	g0986	h0	1	0
2.66996307048203	0.25	g0986	h0	1	0
2.5811621046167	0.75	g0986	h0	1	0
3.17954282885824	1.25	g0986	h0	1	0
3.56108662458995	1.75	g0986	h0	1	0
0.598421519987369	-1.75	g0987	h0	1	0
0.845835364721788	-1.25	g0987	h0	1	0
1.57916848311185	-0.75	g0987	h0	1	0
1.74347111848619	-0.25	g0987	h0	1	0
1.60339714047313	0.25	g0987	h0	1	0
2.1294615188973	0.75	g0987	h0	1	0
2.74737869530067	1.25	g0987	h0	1	0
2.66985293177632	1.75	g0987	h0	1	0
-0.468682289262079	-1.75	g0988	h0	1	0
0.315490632912162	-1.25	g0988	h0	1	0
0.761004333321794	-0.75	g0988	h0	1	0
0.660601931845501	-0.25	g0988	h0	1	0
1.07302703375977	0.25	g0988	h0	1	0
1.86775649442315	0.75	g0988	h0	1	0
2.02768862338137	1.25	g0988	h0	1	0
2.00784121390899	1.75	g0988	h0	1	0
-0.624649634760156	-1.75	g0989	h0	1	0
0.0800443733058071	-1.25	g0989	h0	1	0
0.105679144217095	-0.75	g0989	h0	1	0
0.389004239024869	-0.25	g0989	h0	1	0
1.26917542367423	0.25	g0989	h0	1	0
1.7012393732876	0.75	g0989	h0	1	0
1.67942071561737	1.25	g0989	h0	1	0
2.25051534192933	1.75	g0989	h0	1	0
-0.13130955914143	-1.75	g0990	h0	1	0
0.0865676389772331	-1.25	g0990	h0	1	0
0.255831343845889	-0.75	g0990	h0	1	0
1.1179739277899	-0.25	g0990	h0	1	0
1.80767493200345	0.25	g0990	h0	1	0
1.85951256871742	0.75	g0990	h0	1	0
2.2872947890948	1.25	g0990	h0	1	0
3.23299956207949	1.75	g0990	h0	1	0
0.468891268042431	-1.75	g0991	h0	1	0
0.567720510584263	-1.25	g0991	h0	1	0
1.31788434051949	-0.75	g0991	h0	1	0
2.2055120098388	-0.25	g0991	h0	1	0
2.39794882775573	0.25	g0991	h0	1	0
2.6747144875673	0.75	g0991	h0	1	0
3.61976684733105	1.25	g0991	h0	1	0
4.26728114539214	1.75	g0991	h0	1	0
0.993979005351634	-1.75	g0992	h0	1	0
1.56681252947893	-1.25	g0992	h0	1	0
2.55972068049708	-0.75	g0992	h0	1	0
2.93814663918207	-0.25	g0992	h0	1	0
3.0925414786854	0.25	g0992	h0	1	0
3.93289307396385	0.75	g0992	h0	1	0
4.7784291396259	1.25	g0992	h0	1	0
4.93635440359857	1.75	g0992	h0	1	0
1.52025641693828	-1.75	g0993	h0	1	0
2.51094494769598	-1.25	g0993	h0	1	0
3.08987068739786	-0.75	g0993	h0	1	0
3.18088865892069	-0.25	g0993	h0	1	0
3.83933080844524	0.25	g0993	h0	1	0
4.80465053910352	0.75	g0993	h0	1	0
5.10464031321506	1.25	g0993	h0	1	0
5.31001841087179	1.75	g0993	h0	1	0
1.86337174410421	-1.75	g0994	h0	1	0
2.62250008996083	-1.25	g0994	h0	1	0
2.72672231660774	-0.75	g0994	h0	1	0
3.16716917612764	-0.25	g0994	h0	1	0
4.15525353547491	0.25	g0994	h0	1	0
4.63239578802047	0.75	g0994	h0	1	0
4.7249107696809	1.25	g0994	h0	1	0
5.45107878497755	1.75	g0994	h0	1	0
1.58312328625956	-1.75	g0995	h0	1	0
1.77783227263571	-1.25	g0995	h0	1	0
2.01080604431466	-0.75	g0995	h0	1	0
2.92343908286785	-0.25	g0995	h0	1	0
3.58096982904836	0.25	g0995	h0	1	0
3.64022877384199	0.75	g0995	h0	1	0
4.14546177909222	1.25	g0995	h0	1	0
5.10668366809626	1.75	g0995	h0	1	0
0.626816859351363	-1.75	g0996	h0	1	0
0.705235091064971	-1.25	g0996	h0	1	0
1.46038214387179	-0.75	g0996	h0	1	0
2.26691948039246	-0.25	g0996	h0	1	0
2.3803325142148	0.25	g0996	h0	1	0
2.66348863689956	0.75	g0996	h0	1	0
3.58561447332143	1.25	g0996	h0	1	0
4.13414124984839	1.75	g0996	h0	1	0
-0.321067277467808	-1.75	g0997	h0	1	0
0.224717636606488	-1.25	g0997	h0	1	0
1.11818142615718	-0.75	g0997	h0	1	0
1.36129422359127	-0.25	g0997	h0	1	0
1.46421518313434	0.25	g0997	h0	1	0
2.26221373549149	0.75	g0997	h0	1	0
2.97864757831693	1.25	g0997	h0	1	0
3.02602611499712	1.75	g0997	h0	1	0
-0.421666999761363	-1.75	g0998	h0	1	0
0.476060354472975	-1.25	g0998	h0	1	0
0.895342829119937	-0.75	g0998	h0	1	0
0.892334838377033	-0.25	g0998	h0	1	0
1.50249866502287	0.25	g0998	h0	1	0
2.33932750947286	0.75	g0998	h0	1	0
2.49066965789407	1.25	g0998	h0	1	0
2.63404347012926	1.75	g0998	h0	1	0
0.439482151656029	-1.75	g0999	h0	1	0
1.04127263395152	-1.25	g0999	h0	1	0
1.02252343958534	-0.75	g0999	h0	1	0
1.41328973122944	-0.25	g0999	h0	1	0
2.29394447263245	0.25	g0999	h0	1	0
2.6087904273003	0.75	g0999	h0	1	0
2.61426274716659	1.25	g0999	h0	1	0
3.28424596965622	1.75	g0999	h0	1	0
1.57533002969328	-1.75	g1000	h0	1	0
1.62779024340981	-1.25	g1000	h0	1	0
1.80479677793374	-0.75	g1000	h0	1	0
2.63764361478409	-0.25	g1000	h0	1	0
3.13670579167158	0.25	g1000	h0	1	0
3.08641784019491	0.75	g1000	h0	1	0
3.54517841713506	1.25	g1000	h0	1	0
4.39088301799957	1.75	g1000	h0	1	0
2.2881614110798	-1.75	g1001	h0	1	0
2.29268912317488	-1.25	g1001	h0	1	0
2.98878623830171	-0.75	g1001	h0	1	0
3.64939864500136	-0.25	g1001	h0	1	0
3.62976263859682	0.25	g1001	h0	1	0
3.86263680804827	0.75	g1001	h0	1	0
4.69519891021176	1.25	g1001	h0	1	0
5.0839272679506	1.75	g1001	h0	1	0
2.48919445471994	-1.75	g1002	h0	1	0
2.98034051290455	-1.25	g1002	h0	1	0
3.74134760928532	-0.75	g1002	h0	1	0
3.82627720071847	-0.25	g1002	h0	1	0
3.85704054089339	0.25	g1002	h0	1	0
4.58116250828204	0.75	g1002	h0	1	0
5.13824259579901	1.25	g1002	h0	1	0
5.05525685526353	1.75	g1002	h0	1	0
2.44269123453444	-1.75	g1003	h0	1	0
3.2177495594207	-1.25	g1003	h0	1	0
3.45514231060355	-0.75	g1003	h0	1	0
3.34244756005051	-0.25	g1003	h0	1	0
3.87910979216501	0.25	g1003	h0	1	0
4.5586896157638	0.75	g1003	h0	1	0
4.54331623552322	1.25	g1003	h0	1	0
4.6067421263431	1.75	g1003	h0	1	0
2.18326816047562	-1.75	g1004	h0	1	0
2.58726794922612	-1.25	g1004	h0	1	0
2.41477188045235	-0.75	g1004	h0	1	0
2.71869571700641	-0.25	g1004	h0	1	0
3.4471190952472	0.25	g1004	h0	1	0
3.56369084985966	0.75	g1004	h0	1	0
3.45096731766793	1.25	g1004	h0	1	0
4.02324944495326	1.75	g1004	h0	1	0
1.53438076289814	-1.75	g1005	h0	1	0
1.39628785195409	-1.25	g1005	h0	1	0
1.46708048533989	-0.75	g1005	h0	1	0
2.15966656322498	-0.25	g1005	h0	1	0
2.44499101778162	0.25	g1005	h0	1	0
2.23845418565958	0.75	g1005	h0	1	0
2.59610168862135	1.25	g1005	h0	1	0
3.26561392600418	1.75	g1005	h0	1	0
0.662473692075819	-1.75	g1006	h0	1	0
0.54696705468448	-1.25	g1006	h0	1	0
1.12708531018535	-0.75	g1006	h0	1	0
1.58539725259597	-0.25	g1006	h0	1	0
1.38694521163649	0.25	g1006	h0	1	0
1.51983251278364	0.75	g1006	h0	1	0
2.20377377400204	1.25	g1006	h0	1	0
2.38056823666193	1.75	g1006	h0	1	0
0.22095299442858	-1.75	g1007	h0	1	0
0.637327584387191	-1.25	g1007	h0	1	0
1.24153686613397	-0.75	g1007	h0	1	0
1.15448562452388	-0.25	g1007	h0	1	0
1.10013844624307	0.25	g1007	h0	1	0
1.72661793437198	0.75	g1007	h0	1	0
2.10318340664658	1.25	g1007	h0	1	0
1.87865441778044	1.75	g1007	h0	1	0
0.685636290552843	-1.75	g1008	h0	1	0
1.38437871601168	-1.25	g1008	h0	1	0
1.49461982054758	-0.75	g1008	h0	1	0
1.33243603562863	-0.25	g1008	h0	1	0
1.84566761337714	0.25	g1008	h0	1	0
2.4158405425556	0.75	g1008	h0	1	0
2.29243162286477	1.25	g1008	h0	1	0
2.33336069918835	1.75	g1008	h0	1	0
1.69521659733513	-1.75	g1009	h0	1	0
2.05523776560531	-1.25	g1009	h0	1	0
1.89179740443692	-0.75	g1009	h0	1	0
2.26425155317007	-0.25	g1009	h0	1	0
2.98919622389291	0.25	g1009	h0	1	0
3.06578831965243	0.75	g1009	h0	1	0
2.99673935889617	1.25	g1009	h0	1	0
3.62250808461056	1.75	g1009	h0	1	0
2.32697012540067	-1.75	g1010	h0	1	0
2.27525532357947	-1.25	g1010	h0	1	0
2.51350769923769	-0.75	g1010	h0	1	0
3.32980973234684	-0.25	g1010	h0	1	0
3.67172446337402	0.25	g1010	h0	1	0
3.58693737399531	0.75	g1010	h0	1	0
4.11267191680906	1.25	g1010	h0	1	0
4.87032834368477	1.75	g1010	h0	1	0
2.03236364080142	-1.75	g1011	h0	1	0
2.17547287261679	-1.25	g1011	h0	1	0
3.00741414934757	-0.75	g1011	h0	1	0
3.63312708962038	-0.25	g1011	h0	1	0
3.63580277443215	0.25	g1011	h0	1	0
4.04347969834635	0.75	g1011	h0	1	0
4.94498286960744	1.25	g1011	h0	1	0
5.28393519180713	1.75	g1011	h0	1	0
1.08859096278671	-1.75	g1012	h0	1	0
1.86224560222352	-1.25	g1012	h0	1	0
2.73877928675972	-0.75	g1012	h0	1	0
2.91964970459982	-0.25	g1012	h0	1	0
3.21958447730943	0.25	g1012	h0	1	0
4.17719639756823	0.75	g1012	h0	1	0
4.8059195993651	1.25	g1012	h0	1	0
4.88189383349735	1.75	g1012	h0	1	0
0.0950001154462085	-1.75	g1013	h0	1	0
1.14305387078248	-1.25	g1013	h0	1	0
1.56094829329352	-0.75	g1013	h0	1	0
1.78832893126851	-0.25	g1013	h0	1	0
2.70665014366236	0.25	g1013	h0	1	0
3.5950484615201	0.75	g1013	h0	1	0
3.80205276184625	1.25	g1013	h0	1	0
4.25637091611398	1.75	g1013	h0	1	0
-0.696130834350361	-1.75	g1014	h0	1	0
-0.0276811401709066	-1.25	g1014	h0	1	0
0.178504786101192	-0.75	g1014	h0	1	0
0.971702499863918	-0.25	g1014	h0	1	0
2.03988459195772	0.25	g1014	h0	1	0
2.43332427919575	0.75	g1014	h0	1	0
2.76704842664402	1.25	g1014	h0	1	0
3.79456653818114	1.75	g1014	h0	1	0
-1.3292907977071	-1.75	g1015	h0	1	0
-1.0887787551831	-1.25	g1015	h0	1	0
-0.481739968355143	-0.75	g1015	h0	1	0
0.650589948266158	-0.25	g1015	h0	1	0
1.24880500015057	0.25	g1015	h0	1	0
1.49213215427728	0.75	g1015	h0	1	0
2.38279709349261	1.25	g1015	h0	1	0
3.42182422208086	1.75	g1015	h0	1	0
-1.62899700119317	-1.75	g1016	h0	1	0
-1.23395740530802	-1.25	g1016	h0	1	0
-0.167621015196888	-0.75	g1016	h0	1	0
0.611281166046299	-0.25	g1016	h0	1	0
0.810589146311661	0.25	g1016	h0	1	0
1.48224422897534	0.75	g1016	h0	1	0
2.58279657792035	1.25	g1016	h0	1	0
3.07416706248775	1.75	g1016	h0	1	0
-1.16164348782723	-1.75	g1017	h0	1	0
-0.281576840639825	-1.25	g1017	h0	1	0
0.614808796247369	-0.75	g1017	h0	1	0
0.821977359379703	-0.25	g1017	h0	1	0
1.23271374873146	0.25	g1017	h0	1	0
2.2677212277132	0.75	g1017	h0	1	0
2.8999943371656	1.25	g1017	h0	1	0
3.03648414632153	1.75	g1017	h0	1	0
0.135413523218055	-1.75	g1018	h0	1	0
1.05841427671867	-1.25	g1018	h0	1	0
1.31942508155483	-0.75	g1018	h0	1	0
1.4748042877664	-0.25	g1018	h0	1	0
2.32587399471301	0.25	g1018	h0	1	0
3.06062321160686	0.75	g1018	h0	1	0
3.13679264825955	1.25	g1018	h0	1	0
3.53939491318333	1.75	g1018	h0	1	0
1.55843097956002	-1.75	g1019	h0	1	0
1.90358529639986	-1.25	g1019	h0	1	0
1.85488265526797	-0.75	g1019	h0	1	0
2.43515457331726	-0.25	g1019	h0	1	0
3.20861631792347	0.25	g1019	h0	1	0
3.29146850118785	0.75	g1019	h0	1	0
3.40146193103642	1.25	g1019	h0	1	0
4.193405818268	1.75	g1019	h0	1	0
2.17731666833225	-1.75	g1020	h0	1	0
2.01116635816749	-1.25	g1020	h0	1	0
2.28238633891798	-0.75	g1020	h0	1	0
3.01794695556332	-0.25	g1020	h0	1	0
3.16799471806159	0.25	g1020	h0	1	0
3.04050301672138	0.75	g1020	h0	1	0
3.5870699576686	1.25	g1020	h0	1	0
4.19612567053206	1.75	g1020	h0	1	0
1.74609857227513	-1.75	g1021	h0	1	0
1.72651179515806	-1.25	g1021	h0	1	0
2.35021762280431	-0.75	g1021	h0	1	0
2.60976593360593	-0.25	g1021	h0	1	0
2.34220192582826	0.25	g1021	h0	1	0
2.60696458475896	0.75	g1021	h0	1	0
3.22900683433836	1.25	g1021	h0	1	0
3.20473645462664	1.75	g1021	h0	1	0
0.862546258456222	-1.75	g1022	h0	1	0
1.31851798022621	-1.25	g1022	h0	1	0
1.7039941400654	-0.75	g1022	h0	1	0
1.41744782636577	-0.25	g1022	h0	1	0
1.41579815019386	0.25	g1022	h0	1	0
1.99527793739369	0.75	g1022	h0	1	0
2.10445838564696	1.25	g1022	h0	1	0
1.78255298974243	1.75	g1022	h0	1	0
0.21891476694589	-1.75	g1023	h0	1	0
0.718703555264244	-1.25	g1023	h0	1	0
0.534995576690772	-0.75	g1023	h0	1	0
0.332185520454815	-0.25	g1023	h0	1	0
0.818966530272662	0.25	g1023	h0	1	0
1.10484348387186	0.75	g1023	h0	1	0
0.76522551022438	1.25	g1023	h0	1	0
0.82606858748306	1.75	g1023	h0	1	0
-0.0552129187898969	-1.75	g1024	h0	1	0
-0.0363442217874202	-1.25	g1024	h0	1	0
-0.336783435268464	-0.75	g1024	h0	1	0
0.0239057627198532	-0.25	g1024	h0	1	0
0.492977421361561	0.25	g1024	h0	1	0
0.266342485430304	0.75	g1024	h0	1	0
0.153282312077729	1.25	g1024	h0	1	0
0.699694005716356	1.75	g1024	h0	1	0
-0.191950264108956	-1.75	g1025	h0	1	0
-0.467218339899403	-1.25	g1025	h0	1	0
-0.241093410373732	-0.75	g1025	h0	1	0
0.381180223785896	-0.25	g1025	h0	1	0
0.375674144275609	0.25	g1025	h0	1	0
0.174305289767851	0.75	g1025	h0	1	0
0.663203924684537	1.25	g1025	h0	1	0
1.12774339558725	1.75	g1025	h0	1	0
-0.204166061435496	-1.75	g1026	h0	1	0
-0.0928810935482847	-1.25	g1026	h0	1	0
0.62366007892375	-0.75	g1026	h0	1	0
0.9049994984547	-0.25	g1026	h0	1	0
0.719928849663226	0.25	g1026	h0	1	0
1.11886274576582	0.75	g1026	h0	1	0
1.79788674693195	1.25	g1026	h0	1	0
1.80354666218545	1.75	g1026	h0	1	0
0.129512350980606	-1.75	g1027	h0	1	0
0.865651132666091	-1.25	g1027	h0	1	0
1.44557918593248	-0.75	g1027	h0	1	0
1.3811596216883	-0.25	g1027	h0	1	0
1.67852251551933	0.25	g1027	h0	1	0
2.50481047598187	0.75	g1027	h0	1	0
2.80056849199645	1.25	g1027	h0	1	0
2.73666094564413	1.75	g1027	h0	1	0
0.707230569160454	-1.75	g1028	h0	1	0
1.54245763363136	-1.25	g1028	h0	1	0
1.68334031151619	-0.75	g1028	h0	1	0
1.89194833145913	-0.25	g1028	h0	1	0
2.77329374305276	0.25	g1028	h0	1	0
3.37228465055283	0.75	g1028	h0	1	0
3.38862013800474	1.25	g1028	h0	1	0
3.87319966997391	1.75	g1028	h0	1	0
0.90661423591792	-1.75	g1029	h0	1	0
1.30184431147554	-1.25	g1029	h0	1	0
1.45729516194667	-0.75	g1029	h0	1	0
2.2957179143195	-0.25	g1029	h0	1	0
3.15602552643168	0.25	g1029	h0	1	0
3.32637912272215	0.75	g1029	h0	1	0
3.694969788121	1.25	g1029	h0	1	0
4.69026920223591	1.75	g1029	h0	1	0
0.217264368733517	-1.75	g1030	h0	1	0
0.371287946266136	-1.25	g1030	h0	1	0
1.08290797085003	-0.75	g1030	h0	1	0
2.11630679124115	-0.25	g1030	h0	1	0
2.48944932411155	0.25	g1030	h0	1	0
2.7514602698442	0.75	g1030	h0	1	0
3.70918276352899	1.25	g1030	h0	1	0
4.55607804080072	1.75	g1030	h0	1	0
-1.05596580561846	-1.75	g1031	h0	1	0
-0.524419419119073	-1.25	g1031	h0	1	0
0.564907742430061	-0.75	g1031	h0	1	0
1.15477592859117	-0.25	g1031	h0	1	0
1.34621000704889	0.25	g1031	h0	1	0
2.16421890092888	0.75	g1031	h0	1	0
3.18076038186685	1.25	g1031	h0	1	0
3.50738749865873	1.75	g1031	h0	1	0
-1.99480455003626	-1.75	g1032	h0	1	0
-0.973123255180815	-1.25	g1032	h0	1	0
-0.190931733735643	-0.75	g1032	h0	1	0
-0.0153643100295492	-0.25	g1032	h0	1	0
0.593229359689747	0.25	g1032	h0	1	0
1.67029506146161	0.75	g1032	h0	1	0
2.1648738793489	1.25	g1032	h0	1	0
2.37681643607406	1.75	g1032	h0	1	0
-1.98866018361346	-1.75	g1033	h0	1	0
-1.07333250831	-1.25	g1033	h0	1	0
-0.8523684710705	-0.75	g1033	h0	1	0
-0.477907855345308	-0.25	g1033	h0	1	0
0.541945072596902	0.25	g1033	h0	1	0
1.20239639451403	0.75	g1033	h0	1	0
1.33211837150623	1.25	g1033	h0	1	0
1.9905650752272	1.75	g1033	h0	1	0
-1.24451556330457	-1.75	g1034	h0	1	0
-0.924239385014444	-1.25	g1034	h0	1	0
-0.760474366084641	-0.75	g1034	h0	1	0
0.0974550319657703	-0.25	g1034	h0	1	0
0.890430392326264	0.25	g1034	h0	1	0
1.00996421557429	0.75	g1034	h0	1	0
1.4093058880939	1.25	g1034	h0	1	0
2.39281960718604	1.75	g1034	h0	1	0
-0.336355118744812	-1.75	g1035	h0	1	0
-0.318355307224682	-1.25	g1035	h0	1	0
0.304748622277515	-0.75	g1035	h0	1	0
1.17024326715505	-0.25	g1035	h0	1	0
1.35330181165838	0.25	g1035	h0	1	0
1.51169306478991	0.75	g1035	h0	1	0
2.36039023516995	1.25	g1035	h0	1	0
3.01352049795307	1.75	g1035	h0	1	0
0.477001778467398	-1.75	g1036	h0	1	0
0.836604121019271	-1.25	g1036	h0	1	0
1.69781316366713	-0.75	g1036	h0	1	0
2.00309511976265	-0.25	g1036	h0	1	0
1.98413254742108	0.25	g1036	h0	1	0
2.62454356586429	0.75	g1036	h0	1	0
3.37883351836228	1.25	g1036	h0	1	0
3.43741811006701	1.75	g1036	h0	1	0
1.24393080822723	-1.75	g1037	h0	1	0
2.02063821815694	-1.25	g1037	h0	1	0
2.47831167598533	-0.75	g1037	h0	1	0
2.37654491762989	-0.25	g1037	h0	1	0
2.772295106818	0.25	g1037	h0	1	0
3.56875842659237	0.75	g1037	h0	1	0
3.73986186263242	1.25	g1037	h0	1	0
3.70976607868741	1.75	g1037	h0	1	0
1.80178498113361	-1.75	g1038	h0	1	0
2.40607191424536	-1.25	g1038	h0	1	0
2.32680462626162	-0.75	g1038	h0	1	0
2.48441135912464	-0.25	g1038	h0	1	0
3.25000036891384	0.25	g1038	h0	1	0
3.58474557373545	0.75	g1038	h0	1	0
3.44896428449	1.25	g1038	h0	1	0
3.89414289066587	1.75	g1038	h0	1	0
1.69364536419877	-1.75	g1039	h0	1	0
1.73123384406418	-1.25	g1039	h0	1	0
1.69802003704155	-0.75	g1039	h0	1	0
2.35933752537596	-0.25	g1039	h0	1	0
2.86987504312416	0.25	g1039	h0	1	0
2.7339858887162	0.75	g1039	h0	1	0
2.95511173312916	1.25	g1039	h0	1	0
3.70876270210826	1.75	g1039	h0	1	0
0.782117610261965	-1.75	g1040	h0	1	0
0.636780465436194	-1.25	g1040	h0	1	0
1.13461845197057	-0.75	g1040	h0	1	0
1.79167896667585	-0.25	g1040	h0	1	0
1.75476622548908	0.25	g1040	h0	1	0
1.78003517750372	0.75	g1040	h0	1	0
2.47943902816827	1.25	g1040	h0	1	0
2.90158616499014	1.75	g1040	h0	1	0
-0.303988514953953	-1.75	g1041	h0	1	0
-0.00213966588256156	-1.25	g1041	h0	1	0
0.737319203074242	-0.75	g1041	h0	1	0
0.873052611279258	-0.25	g1041	h0	1	0
0.763787695259329	0.25	g1041	h0	1	0
1.33641215013037	0.75	g1041	h0	1	0
1.93648593300445	1.25	g1041	h0	1	0
1.84591295118008	1.75	g1041	h0	1	0
-0.651697845757632	-1.75	g1042	h0	1	0
0.0853793332652298	-1.25	g1042	h0	1	0
0.428853746998296	-0.75	g1042	h0	1	0
0.268796350665611	-0.25	g1042	h0	1	0
0.662987778238465	0.25	g1042	h0	1	0
1.38388427470016	0.75	g1042	h0	1	0
1.44630043576567	1.25	g1042	h0	1	0
1.3920921394206	1.75	g1042	h0	1	0
0.0136545360228773	-1.75	g1043	h0	1	0
0.556433128035179	-1.25	g1043	h0	1	0
0.437127010457906	-0.75	g1043	h0	1	0
0.634378282703184	-0.25	g1043	h0	1	0
1.39272025386363	0.25	g1043	h0	1	0
1.65549527214155	0.75	g1043	h0	1	0
1.51528455363249	1.25	g1043	h0	1	0
1.99920877318399	1.75	g1043	h0	1	0
1.10129544044135	-1.75	g1044	h0	1	0
1.10621903648723	-1.25	g1044	h0	1	0
1.12715338666523	-0.75	g1044	h0	1	0
1.83215466535934	-0.25	g1044	h0	1	0
2.30290146887191	0.25	g1044	h0	1	0
2.16431755198619	0.75	g1044	h0	1	0
2.45438809985307	1.25	g1044	h0	1	0
3.2170320691873	1.75	g1044	h0	1	0
1.86982162786778	-1.75	g1045	h0	1	0
1.77241452463192	-1.25	g1045	h0	1	0
2.34622318742802	-0.75	g1045	h0	1	0
2.99360310038323	-0.25	g1045	h0	1	0
2.94629518232621	0.25	g1045	h0	1	0
3.04704821249266	0.75	g1045	h0	1	0
3.79525192342277	1.25	g1045	h0	1	0
4.18883295967293	1.75	g1045	h0	1	0
2.12559946105094	-1.75	g1046	h0	1	0
2.52078753468896	-1.25	g1046	h0	1	0
3.28276437719523	-0.75	g1046	h0	1	0
3.40263254200829	-0.25	g1046	h0	1	0
3.36056935949498	0.25	g1046	h0	1	0
4.01227719694262	0.75	g1046	h0	1	0
4.60457668140258	1.25	g1046	h0	1	0
4.52205870070247	1.75	g1046	h0	1	0
2.08057586293226	-1.75	g1047	h0	1	0
2.87822491177768	-1.25	g1047	h0	1	0
3.21384065553764	-0.75	g1047	h0	1	0
3.10968562288412	-0.25	g1047	h0	1	0
3.60786772620211	0.25	g1047	h0	1	0
4.35365183939808	0.75	g1047	h0	1	0
4.41810423038769	1.25	g1047	h0	1	0
4.45232569629347	1.75	g1047	h0	1	0
1.77398227925156	-1.75	g1048	h0	1	0
2.33771296729805	-1.25	g1048	h0	1	0
2.27115373267804	-0.75	g1048	h0	1	0
2.59589851358457	-0.25	g1048	h0	1	0
3.42609215139326	0.25	g1048	h0	1	0
3.7037241032165	0.75	g1048	h0	1	0
3.65219567727862	1.25	g1048	h0	1	0
4.25824378700006	1.75	g1048	h0	1	0
1.01655235027987	-1.75	g1049	h0	1	0
1.08640770000105	-1.25	g1049	h0	1	0
1.25883715560706	-0.75	g1049	h0	1	0
2.09420108262914	-0.25	g1049	h0	1	0
2.61548925119038	0.25	g1049	h0	1	0
2.5740452229384	0.75	g1049	h0	1	0
3.02621021731709	1.25	g1049	h0	1	0
3.88362710160905	1.75	g1049	h0	1	0
-0.0629657537623675	-1.75	g1050	h0	1	0
0.0142868401327722	-1.25	g1050	h0	1	0
0.780328159601006	-0.75	g1050	h0	1	0
1.53314210041732	-0.25	g1050	h0	1	0
1.60138735936736	0.25	g1050	h0	1	0
1.90126379668006	0.75	g1050	h0	1	0
2.81180964055526	1.25	g1050	h0	1	0
3.29589722400273	1.75	g1050	h0	1	0
-0.78099393316128	-1.75	g1051	h0	1	0
-0.140715865559671	-1.25	g1051	h0	1	0
0.78980961338123	-0.75	g1051	h0	1	0
1.04985694494559	-0.25	g1051	h0	1	0
1.23356524118759	0.25	g1051	h0	1	0
2.11210677995188	0.75	g1051	h0	1	0
2.84530876377841	1.25	g1051	h0	1	0
2.93004642596294	1.75	g1051	h0	1	0
-0.50813072459115	-1.75	g1052	h0	1	0
0.513348797931126	-1.25	g1052	h0	1	0
1.0115699298866	-0.75	g1052	h0	1	0
1.14063958709606	-0.25	g1052	h0	1	0
1.91074118614486	0.25	g1052	h0	1	0
2.84548035864348	0.75	g1052	h0	1	0
3.08666185657576	1.25	g1052	h0	1	0
3.38447741596798	1.75	g1052	h0	1	0
0.577570417533152	-1.75	g1053	h0	1	0
1.3132358548746	-1.25	g1053	h0	1	0
1.46023558909696	-0.75	g1053	h0	1	0
2.06718354038292	-0.25	g1053	h0	1	0
3.11605598249203	0.25	g1053	h0	1	0
3.56398925872891	0.75	g1053	h0	1	0
3.76172080432444	1.25	g1053	h0	1	0
4.64021551317082	1.75	g1053	h0	1	0
1.6099741395435	-1.75	g1054	h0	1	0
1.84200641434565	-1.25	g1054	h0	1	0
2.2615764936312	-0.75	g1054	h0	1	0
3.31261005969682	-0.25	g1054	h0	1	0
3.9746446260117	0.25	g1054	h0	1	0
4.12932138241943	0.75	g1054	h0	1	0
4.83486383863679	1.25	g1054	h0	1	0
5.8720167105897	1.75	g1054	h0	1	0
1.93250133353833	-1.75	g1055	h0	1	0
2.17397023892108	-1.25	g1055	h0	1	0
3.1110591022748	-0.75	g1055	h0	1	0
3.94832824042168	-0.25	g1055	h0	1	0
4.12182376099959	0.25	g1055	h0	1	0
4.60690837933263	0.75	g1055	h0	1	0
5.65635768125778	1.25	g1055	h0	1	0
6.21416379504277	1.75	g1055	h0	1	0
1.66417040918333	-1.75	g1056	h0	1	0
2.38881759029472	-1.25	g1056	h0	1	0
3.32264438861711	-0.75	g1056	h0	1	0
3.56807974177565	-0.25	g1056	h0	1	0
3.82395888629381	0.25	g1056	h0	1	0
4.76489750392334	0.75	g1056	h0	1	0
5.47683194915414	1.25	g1056	h0	1	0
5.57676808040464	1.75	g1056	h0	1	0
1.30940724666273	-1.75	g1057	h0	1	0
2.23622033580617	-1.25	g1057	h0	1	0
2.58671021437651	-0.75	g1057	h0	1	0
2.64442487300795	-0.25	g1057	h0	1	0
3.37186932388883	0.25	g1057	h0	1	0
4.17841937282638	0.75	g1057	h0	1	0
4.2900018942047	1.25	g1057	h0	1	0
4.54420024989083	1.75	g1057	h0	1	0
1.07434325266465	-1.75	g1058	h0	1	0
1.53635828139956	-1.25	g1058	h0	1	0
1.46051212543638	-0.75	g1058	h0	1	0
1.90608545090995	-0.25	g1058	h0	1	0
2.72316704572689	0.25	g1058	h0	1	0
2.90030369950276	0.75	g1058	h0	1	0
2.91009919007367	1.25	g1058	h0	1	0
3.61322790376754	1.75	g1058	h0	1	0
0.840799999325285	-1.75	g1059	h0	1	0
0.717276594315392	-1.25	g1059	h0	1	0
0.863330022093067	-0.75	g1059	h0	1	0
1.599528217544	-0.25	g1059	h0	1	0
1.8778706491761	0.25	g1059	h0	1	0
1.71214195218122	0.75	g1059	h0	1	0
2.14594482802732	1.25	g1059	h0	1	0
2.8325451487572	1.75	g1059	h0	1	0
0.690943244492418	-1.75	g1060	h0	1	0
0.575114330082801	-1.25	g1060	h0	1	0
1.15088834516533	-0.75	g1060	h0	1	0
1.54180698680577	-0.25	g1060	h0	1	0
1.30009868927591	0.25	g1060	h0	1	0
1.44507814662032	0.75	g1060	h0	1	0
2.09931624247519	1.25	g1060	h0	1	0
2.20439344579658	1.75	g1060	h0	1	0
1.04184575457079	-1.75	g1061	h0	1	0
1.40674430437193	-1.25	g1061	h0	1	0
1.89649250078775	-0.75	g1061	h0	1	0
1.69067148576908	-0.25	g1061	h0	1	0
1.58191421685049	0.25	g1061	h0	1	0
2.13775908254296	0.75	g1061	h0	1	0
2.3845065007106	1.25	g1061	h0	1	0
2.06526578576759	1.75	g1061	h0	1	0
2.05538698842232	-1.75	g1062	h0	1	0
2.60945778026074	-1.25	g1062	h0	1	0
2.54312835802205	-0.75	g1062	h0	1	0
2.2649658286718	-0.25	g1062	h0	1	0
2.67478644075658	0.25	g1062	h0	1	0
3.07694701601094	0.75	g1062	h0	1	0
2.7935682968748	1.25	g1062	h0	1	0
2.73656307709235	1.75	g1062	h0	1	0
3.14549396283653	-1.75	g1063	h0	1	0
3.29509445966642	-1.25	g1063	h0	1	0
2.96602628768849	-0.75	g1063	h0	1	0
3.21171727401211	-0.25	g1063	h0	1	0
3.75270660061889	0.25	g1063	h0	1	0
3.62472521459061	0.75	g1063	h0	1	0
3.41487293450293	1.25	g1063	h0	1	0
3.90011133838643	1.75	g1063	h0	1	0
3.39983730435644	-1.75	g1064	h0	1	0
3.15055985589287	-1.25	g1064	h0	1	0
3.24869419160392	-0.75	g1064	h0	1	0
3.88645121085233	-0.25	g1064	h0	1	0
4.00463600736546	0.25	g1064	h0	1	0
3.74896168895873	0.75	g1064	h0	1	0
4.13213506325557	1.25	g1064	h0	1	0
4.68535051085305	1.75	g1064	h0	1	0
2.50815775815237	-1.75	g1065	h0	1	0
2.50801554535341	-1.25	g1065	h0	1	0
3.1846736186408	-0.75	g1065	h0	1	0
3.59432350777205	-0.25	g1065	h0	1	0
3.41235901475669	0.25	g1065	h0	1	0
3.68615050060025	0.75	g1065	h0	1	0
4.4061526418925	1.25	g1065	h0	1	0
4.52804040376955	1.75	g1065	h0	1	0
1.05465124796573	-1.75	g1066	h0	1	0
1.70900998624594	-1.25	g1066	h0	1	0
2.40194135816694	-0.75	g1066	h0	1	0
2.40297322186178	-0.25	g1066	h0	1	0
2.58617506784063	0.25	g1066	h0	1	0
3.40315717502423	0.75	g1066	h0	1	0
3.83576896430317	1.25	g1066	h0	1	0
3.75722944130553	1.75	g1066	h0	1	0
-0.158720970204562	-1.75	g1067	h0	1	0
0.758025535339249	-1.25	g1067	h0	1	0
1.01997002495931	-0.75	g1067	h0	1	0
1.15432707819617	-0.25	g1067	h0	1	0
1.9841914580728	0.25	g1067	h0	1	0
2.71974962525214	0.75	g1067	h0	1	0
2.7898877831572	1.25	g1067	h0	1	0
3.16662678873009	1.75	g1067	h0	1	0
-0.84807294008738	-1.75	g1068	h0	1	0
-0.294012987529811	-1.25	g1068	h0	1	0
-0.151964303460843	-0.75	g1068	h0	1	0
0.609219790819923	-0.25	g1068	h0	1	0
1.5848870899951	0.25	g1068	h0	1	0
1.87299056824685	0.75	g1068	h0	1	0
2.16597020613735	1.25	g1068	h0	1	0
3.14495798205004	1.75	g1068	h0	1	0
-1.16561306147427	-1.75	g1069	h0	1	0
-0.956100862358456	-1.25	g1069	h0	1	0
-0.326759848232515	-0.75	g1069	h0	1	0
0.783266297080239	-0.25	g1069	h0	1	0
1.32010654007039	0.25	g1069	h0	1	0
1.55913005109316	0.75	g1069	h0	1	0
2.46635448280239	1.25	g1069	h0	1	0
3.45821379356354	1.75	g1069	h0	1	0
-1.12868617204866	-1.75	g1070	h0	1	0
-0.664179603168476	-1.25	g1070	h0	1	0
0.451769842128838	-0.75	g1070	h0	1	0
1.22272231114722	-0.25	g1070	h0	1	0
1.4522992388524	0.25	g1070	h0	1	0
2.19959281059986	0.75	g1070	h0	1	0
3.32309035617941	1.25	g1070	h0	1	0
3.80884768736109	1.75	g1070	h0	1	0
-0.525846573083733	-1.75	g1071	h0	1	0
0.469247825236668	-1.25	g1071	h0	1	0
1.41603630025198	-0.75	g1071	h0	1	0
1.68538521035145	-0.25	g1071	h0	1	0
2.21916938033232	0.25	g1071	h0	1	0
3.34602807331896	0.75	g1071	h0	1	0
4.0192378704995	1.25	g1071	h0	1	0
4.24410463064953	1.75	g1071	h0	1	0
0.547105641949327	-1.75	g1072	h0	1	0
1.57790723766452	-1.25	g1072	h0	1	0
1.92971671671069	-0.75	g1072	h0	1	0
2.24017416857834	-0.25	g1072	h0	1	0
3.2428166279097	0.25	g1072	h0	1	0
4.06597741323296	0.75	g1072	h0	1	0
4.2542147641387	1.25	g1072	h0	1	0
4.82449884099757	1.75	g1072	h0	1	0
1.40684261184718	-1.75	g1073	h0	1	0
1.86713841945095	-1.25	g1073	h0	1	0
1.98850571467531	-0.75	g1073	h0	1	0
2.76372919510349	-0.25	g1073	h0	1	0
3.66927585860452	0.25	g1073	h0	1	0
3.87938821752942	0.75	g1073	h0	1	0
4.18104774560756	1.25	g1073	h0	1	0
5.14893450214886	1.75	g1073	h0	1	0
1.35775219443503	-1.75	g1074	h0	1	0
1.35982084424437	-1.25	g1074	h0	1	0
1.84758806871155	-0.75	g1074	h0	1	0
2.74960654065797	-0.25	g1074	h0	1	0
3.03376432057073	0.25	g1074	h0	1	0
3.10079223235869	0.75	g1074	h0	1	0
3.85495363449161	1.25	g1074	h0	1	0
4.60702283226023	1.75	g1074	h0	1	0
0.483763599223427	-1.75	g1075	h0	1	0
0.677545704961263	-1.25	g1075	h0	1	0
1.4872539624513	-0.75	g1075	h0	1	0
1.8793567129285	-0.25	g1075	h0	1	0
1.78876556712778	0.25	g1075	h0	1	0
2.26977788915352	0.75	g1075	h0	1	0
3.05112056584615	1.25	g1075	h0	1	0
3.16504281380649	1.75	g1075	h0	1	0
-0.393855011785217	-1.75	g1076	h0	1	0
0.248240441002106	-1.25	g1076	h0	1	0
0.755904749107971	-0.75	g1076	h0	1	0
0.611154171488101	-0.25	g1076	h0	1	0
0.808980237759333	0.25	g1076	h0	1	0
1.54992603398902	0.75	g1076	h0	1	0
1.77501905514758	1.25	g1076	h0	1	0
1.62156926777464	1.75	g1076	h0	1	0
-0.589248331328125	-1.75	g1077	h0	1	0
0.0129757029295448	-1.25	g1077	h0	1	0
-0.0773935321517407	-0.75	g1077	h0	1	0
-0.122234496323544	-0.25	g1077	h0	1	0
0.510992535303275	0.25	g1077	h0	1	0
0.88236146576758	0.75	g1077	h0	1	0
0.659205229361723	1.25	g1077	h0	1	0
0.887583541358302	1.75	g1077	h0	1	0
-0.171882823967303	-1.75	g1078	h0	1	0
-0.116039905815666	-1.25	g1078	h0	1	0
-0.320757120829885	-0.75	g1078	h0	1	0
0.152905673570862	-0.25	g1078	h0	1	0
0.670699226512379	0.25	g1078	h0	1	0
0.496033356818995	0.75	g1078	h0	1	0
0.498157978789678	1.25	g1078	h0	1	0
1.13633904126219	1.75	g1078	h0	1	0
0.363166364087386	-1.75	g1079	h0	1	0
0.107609673386972	-1.25	g1079	h0	1	0
0.396046800498243	-0.75	g1079	h0	1	0
1.02584100290133	-0.25	g1079	h0	1	0
1.00273532112349	0.25	g1079	h0	1	0
0.846572796467449	0.75	g1079	h0	1	0
1.3857604182259	1.25	g1079	h0	1	0
1.83616138033433	1.75	g1079	h0	1	0
0.7821930954642	-1.75	g1080	h0	1	0
0.892083745168188	-1.25	g1080	h0	1	0
1.57277839373941	-0.75	g1080	h0	1	0
1.76977160304757	-0.25	g1080	h0	1	0
1.55028021935577	0.25	g1080	h0	1	0
1.94736491561933	0.75	g1080	h0	1	0
2.5642226663037	1.25	g1080	h0	1	0
2.49438826039788	1.75	g1080	h0	1	0
1.18185017779707	-1.75	g1081	h0	1	0
1.83942367563491	-1.25	g1081	h0	1	0
2.27853727418755	-0.75	g1081	h0	1	0
2.10043513977841	-0.25	g1081	h0	1	0
2.33770851720135	0.25	g1081	h0	1	0
3.05967682654153	0.75	g1081	h0	1	0
3.21163325572693	1.25	g1081	h0	1	0
3.06075051678298	1.75	g1081	h0	1	0
1.4726261693015	-1.75	g1082	h0	1	0
2.12701137208907	-1.25	g1082	h0	1	0
2.08600321224173	-0.75	g1082	h0	1	0
2.1766936035804	-0.25	g1082	h0	1	0
2.9207604427325	0.25	g1082	h0	1	0
3.32467645611464	0.75	g1082	h0	1	0
3.18373724795443	1.25	g1082	h0	1	0
3.55677868546287	1.75	g1082	h0	1	0
1.20582979370327	-1.75	g1083	h0	1	0
1.37179213837464	-1.25	g1083	h0	1	0
1.35962618970285	-0.75	g1083	h0	1	0
2.03978467245486	-0.25	g1083	h0	1	0
2.67719326574547	0.25	g1083	h0	1	0
2.63591629036324	0.75	g1083	h0	1	0
2.85391606424982	1.25	g1083	h0	1	0
3.66788212864626	1.75	g1083	h0	1	0
0.147302612796395	-1.75	g1084	h0	1	0
0.0999157815444037	-1.25	g1084	h0	1	0
0.646334374777801	-0.75	g1084	h0	1	0
1.45589237433813	-0.25	g1084	h0	1	0
1.58769333474271	0.25	g1084	h0	1	0
1.6725855119169	0.75	g1084	h0	1	0
2.45020043843592	1.25	g1084	h0	1	0
3.05371888660874	1.75	g1084	h0	1	0
-1.1787317305834	-1.75	g1085	h0	1	0
-0.804111851448563	-1.25	g1085	h0	1	0
0.0872881298089536	-0.75	g1085	h0	1	0
0.436434110526668	-0.25	g1085	h0	1	0
0.441799919243227	0.25	g1085	h0	1	0
1.09909885613011	0.75	g1085	h0	1	0
1.89218616504046	1.25	g1085	h0	1	0
1.9900186204483	1.75	g1085	h0	1	0
-1.84478030783736	-1.75	g1086	h0	1	0
-0.971738112671486	-1.25	g1086	h0	1	0
-0.397777668025287	-0.75	g1086	h0	1	0
-0.396208264212177	-0.25	g1086	h0	1	0
0.0870576978817943	0.25	g1086	h0	1	0
0.989034929263766	0.75	g1086	h0	1	0
1.27573056609809	1.25	g1086	h0	1	0
1.34001348147586	1.75	g1086	h0	1	0
-1.45018037972549	-1.75	g1087	h0	1	0
-0.681827451708024	-1.25	g1087	h0	1	0
-0.600823252521564	-0.75	g1087	h0	1	0
-0.304004073582791	-0.25	g1087	h0	1	0
0.611310535955605	0.25	g1087	h0	1	0
1.11348628031586	0.75	g1087	h0	1	0
1.12897381861545	1.25	g1087	h0	1	0
1.71287252170908	1.75	g1087	h0	1	0
-0.483889414084534	-1.75	g1088	h0	1	0
-0.249671111284918	-1.25	g1088	h0	1	0
-0.108371333952739	-0.75	g1088	h0	1	0
0.728400429992322	-0.25	g1088	h0	1	0
1.43620834515634	0.25	g1088	h0	1	0
1.48968871303871	0.75	g1088	h0	1	0
1.88088864168142	1.25	g1088	h0	1	0
2.81867055859866	1.75	g1088	h0	1	0
0.298565832174057	-1.75	g1089	h0	1	0
0.351273058863873	-1.25	g1089	h0	1	0
1.03833686338516	-0.75	g1089	h0	1	0
1.90621872064293	-0.25	g1089	h0	1	0
2.08205607069114	0.25	g1089	h0	1	0
2.297864244192	0.75	g1089	h0	1	0
3.19296469134152	1.25	g1089	h0	1	0
3.83137389295488	1.75	g1089	h0	1	0
0.629799422319126	-1.75	g1090	h0	1	0
1.12900659945735	-1.25	g1090	h0	1	0
2.08291074603728	-0.75	g1090	h0	1	0
2.44446483466011	-0.25	g1090	h0	1	0
2.5403044574872	0.25	g1090	h0	1	0
3.31326729618112	0.75	g1090	h0	1	0
4.1359161916373	1.25	g1090	h0	1	0
4.26559010371628	1.75	g1090	h0	1	0
0.694805384937652	-1.75	g1091	h0	1	0
1.64466285254984	-1.25	g1091	h0	1	0
2.21948092738564	-0.75	g1091	h0	1	0
2.27565914744996	-0.25	g1091	h0	1	0
2.87234286758426	0.25	g1091	h0	1	0
3.81522435142328	0.75	g1091	h0	1	0
4.10714990260941	1.25	g1091	h0	1	0
4.26055772702832	1.75	g1091	h0	1	0
0.558233976781953	-1.75	g1092	h0	1	0
1.33023746025816	-1.25	g1092	h0	1	0
1.43365611896133	-0.75	g1092	h0	1	0
1.83364053039111	-0.25	g1092	h0	1	0
2.80759385883287	0.25	g1092	h0	1	0
3.30186322345847	0.75	g1092	h0	1	0
3.37520134739695	1.25	g1092	h0	1	0
4.06251672787578	1.75	g1092	h0	1	0
0.0241190898145595	-1.75	g1093	h0	1	0
0.248855061980739	-1.25	g1093	h0	1	0
0.467331349993946	-0.75	g1093	h0	1	0
1.37358122656015	-0.25	g1093	h0	1	0
2.06666449878601	0.25	g1093	h0	1	0
2.13998254683869	0.75	g1093	h0	1	0
2.62419619775858	1.25	g1093	h0	1	0
3.59708353546753	1.75	g1093	h0	1	0
-0.845559596873468	-1.75	g1094	h0	1	0
-0.762523806498127	-1.25	g1094	h0	1	0
-0.0144731374522576	-0.75	g1094	h0	1	0
0.829254355627043	-0.25	g1094	h0	1	0
0.977442374817421	0.25	g1094	h0	1	0
1.25185747526554	0.75	g1094	h0	1	0
2.18154074461445	1.25	g1094	h0	1	0
2.7759411261676	1.75	g1094	h0	1	0
-1.40715358569889	-1.75	g1095	h0	1	0
-0.88261954656133	-1.25	g1095	h0	1	0
0.027437285890312	-0.75	g1095	h0	1	0
0.304285759713023	-0.25	g1095	h0	1	0
0.397629316873778	0.25	g1095	h0	1	0
1.1827263752132	0.75	g1095	h0	1	0
1.9306323161666	1.25	g1095	h0	1	0
1.99865015610943	1.75	g1095	h0	1	0
-0.966790853335661	-1.75	g1096	h0	1	0
-0.0944316733254273	-1.25	g1096	h0	1	0
0.332779247445528	-0.75	g1096	h0	1	0
0.303189738466871	-0.25	g1096	h0	1	0
0.864485435522712	0.25	g1096	h0	1	0
1.69406640291582	0.75	g1096	h0	1	0
1.84716882061042	1.25	g1096	h0	1	0
1.94780870364266	1.75	g1096	h0	1	0
0.404075820000379	-1.75	g1097	h0	1	0
0.967418194355302	-1.25	g1097	h0	1	0
0.891366293341102	-0.75	g1097	h0	1	0
1.18800594628025	-0.25	g1097	h0	1	0
2.0051369015784	0.25	g1097	h0	1	0
2.28351951247522	0.75	g1097	h0	1	0
2.21329231168356	1.25	g1097	h0	1	0
2.79303342416736	1.75	g1097	h0	1	0
1.84508824436514	-1.75	g1098	h0	1	0
1.80334399676739	-1.25	g1098	h0	1	0
1.84209652671409	-0.75	g1098	h0	1	0
2.55019835117117	-0.25	g1098	h0	1	0
2.96425516964856	0.25	g1098	h0	1	0
2.80277438598892	0.75	g1098	h0	1	0
3.11895729042748	1.25	g1098	h0	1	0
3.85828466651282	1.75	g1098	h0	1	0
2.56099134146606	-1.75	g1099	h0	1	0
2.3965755486736	-1.25	g1099	h0	1	0
2.91746196370135	-0.75	g1099	h0	1	0
3.44739188468643	-0.25	g1099	h0	1	0
3.28913437082282	0.25	g1099	h0	1	0
3.34139167241756	0.75	g1099	h0	1	0
4.01467406736132	1.25	g1099	h0	1	0
4.27931070148427	1.75	g1099	h0	1	0
2.50138869801862	-1.75	g1100	h0	1	0
2.79275975295975	-1.25	g1100	h0	1	0
3.39446715964288	-0.75	g1100	h0	1	0
3.33198285294219	-0.25	g1100	h0	1	0
3.17106495573004	0.25	g1100	h0	1	0
3.70574288190078	0.75	g1100	h0	1	0
4.11693251562986	1.25	g1100	h0	1	0
3.8719238517523	1.75	g1100	h0	1	0
2.10047813409425	-1.75	g1101	h0	1	0
2.71635463250904	-1.25	g1101	h0	1	0
2.82391613560434	-0.75	g1101	h0	1	0
2.54364048108657	-0.25	g1101	h0	1	0
2.89541482633102	0.25	g1101	h0	1	0
3.43337801366892	0.75	g1101	h0	1	0
3.27988978301722	1.25	g1101	h0	1	0
3.1608123681366	1.75	g1101	h0	1	0
1.5945449409063	-1.75	g1102	h0	1	0
1.91525361045068	-1.25	g1102	h0	1	0
1.63572996991979	-0.75	g1102	h0	1	0
1.79921152354987	-0.25	g1102	h0	1	0
2.42158965242088	0.25	g1102	h0	1	0
2.45455688911634	0.75	g1102	h0	1	0
2.21667234702849	1.25	g1102	h0	1	0
2.6546108559125	1.75	g1102	h0	1	0
0.910508900382758	-1.75	g1103	h0	1	0
0.755780388272725	-1.25	g1103	h0	1	0
0.767049760332427	-0.75	g1103	h0	1	0
1.41880556553404	-0.25	g1103	h0	1	0
1.70022362357325	0.25	g1103	h0	1	0
1.45930726637511	0.75	g1103	h0	1	0
1.75537347084784	1.25	g1103	h0	1	0
2.40245595264966	1.75	g1103	h0	1	0
0.16827369691572	-1.75	g1104	h0	1	0
0.0987096868916458	-1.25	g1104	h0	1	0
0.724047859277499	-0.75	g1104	h0	1	0
1.27165518518994	-0.25	g1104	h0	1	0
1.14915946524937	0.25	g1104	h0	1	0
1.31818329595406	0.75	g1104	h0	1	0
2.0643041977455	1.25	g1104	h0	1	0
2.33478933606174	1.75	g1104	h0	1	0
-0.113850677403562	-1.75	g1105	h0	1	0
0.440022610695027	-1.25	g1105	h0	1	0
1.22420608338545	-0.75	g1105	h0	1	0
1.32357262228387	-0.25	g1105	h0	1	0
1.41111197823573	0.25	g1105	h0	1	0
2.18724159527909	0.75	g1105	h0	1	0
2.7555115567521	1.25	g1105	h0	1	0
2.70150650027289	1.75	g1105	h0	1	0
0.420972917810145	-1.75	g1106	h0	1	0
1.37050729771493	-1.25	g1106	h0	1	0
1.75648716799328	-0.75	g1106	h0	1	0
1.82964151097566	-0.25	g1106	h0	1	0
2.56615376625003	0.25	g1106	h0	1	0
3.40385480228008	0.75	g1106	h0	1	0
3.54591480411934	1.25	g1106	h0	1	0
3.80872233214553	1.75	g1106	h0	1	0
1.37033349562194	-1.75	g1107	h0	1	0
2.05547464467947	-1.25	g1107	h0	1	0
2.18890613018919	-0.75	g1107	h0	1	0
2.82874774099355	-0.25	g1107	h0	1	0
3.85873466321209	0.25	g1107	h0	1	0
4.25784006565136	0.75	g1107	h0	1	0
4.46807568203602	1.25	g1107	h0	1	0
5.36944956090169	1.75	g1107	h0	1	0
1.8534598314525	-1.75	g1108	h0	1	0
2.11349219118615	-1.25	g1108	h0	1	0
2.62243478857194	-0.75	g1108	h0	1	0
3.73301250953502	-0.25	g1108	h0	1	0
4.40273519532577	0.25	g1108	h0	1	0
4.6114725087686	0.75	g1108	h0	1	0
5.40813696219755	1.25	g1108	h0	1	0
6.47821536566514	1.75	g1108	h0	1	0
1.43314816082219	-1.75	g1109	h0	1	0
1.80520876634258	-1.25	g1109	h0	1	0
2.87093446176562	-0.75	g1109	h0	1	0
3.77336717839246	-0.25	g1109	h0	1	0
4.03423156031422	0.25	g1109	h0	1	0
4.66307395233139	0.75	g1109	h0	1	0
5.8160855082413	1.25	g1109	h0	1	0
6.43388888399707	1.75	g1109	h0	1	0
0.543863260963828	-1.75	g1110	h0	1	0
1.44891209101878	-1.25	g1110	h0	1	0
2.50065322879464	-0.75	g1110	h0	1	0
2.85763199903403	-0.25	g1110	h0	1	0
3.28957443996079	0.25	g1110	h0	1	0
4.39236294761678	0.75	g1110	h0	1	0
5.20616202811162	1.25	g1110	h0	1	0
5.44131380971476	1.75	g1110	h0	1	0
-0.0755783197220579	-1.75	g1111	h0	1	0
1.01156177442827	-1.25	g1111	h0	1	0
1.4886965320143	-0.75	g1111	h0	1	0
1.73289593713557	-0.25	g1111	h0	1	0
2.66141603594	0.25	g1111	h0	1	0
3.60454680528855	0.75	g1111	h0	1	0
3.85869551380748	1.25	g1111	h0	1	0
4.31804538951856	1.75	g1111	h0	1	0
-0.152033952707513	-1.75	g1112	h0	1	0
0.443102008597155	-1.25	g1112	h0	1	0
0.543654918724513	-0.75	g1112	h0	1	0
1.20612537014038	-0.25	g1112	h0	1	0
2.18390551508053	0.25	g1112	h0	1	0
2.49917217127612	0.75	g1112	h0	1	0
2.71049647682232	1.25	g1112	h0	1	0
3.61749588795889	1.75	g1112	h0	1	0
0.110336029634377	-1.75	g1113	h0	1	0
0.136259446625739	-1.25	g1113	h0	1	0
0.490123675395293	-0.75	g1113	h0	1	0
1.39738915992984	-0.25	g1113	h0	1	0
1.80015749841933	0.25	g1113	h0	1	0
1.81047861915126	0.75	g1113	h0	1	0
2.45050267727484	1.25	g1113	h0	1	0
3.28207444101291	1.75	g1113	h0	1	0
0.599901784044246	-1.75	g1114	h0	1	0
0.659330342330018	-1.25	g1114	h0	1	0
1.40036912349257	-0.75	g1114	h0	1	0
1.89509936341588	-0.25	g1114	h0	1	0
1.78680130033889	0.25	g1114	h0	1	0
2.11720105396327	0.75	g1114	h0	1	0
2.91066759521277	1.25	g1114	h0	1	0
3.11770016323464	1.75	g1114	h0	1	0
1.48202690815651	-1.75	g1115	h0	1	0
1.98903580027543	-1.25	g1115	h0	1	0
2.55683144244312	-0.75	g1115	h0	1	0
2.430754170001	-0.25	g1115	h0	1	0
2.46526235614626	0.25	g1115	h0	1	0
3.14241050502492	0.75	g1115	h0	1	0
3.45394627336541	1.25	g1115	h0	1	0
3.23948652276029	1.75	g1115	h0	1	0
2.70012579106053	-1.75	g1116	h0	1	0
3.30239861523487	-1.25	g1116	h0	1	0
3.25772836843904	-0.75	g1116	h0	1	0
3.06364559347788	-0.25	g1116	h0	1	0
3.56417424583999	0.25	g1116	h0	1	0
3.992507603707	0.75	g1116	h0	1	0
3.74926261633094	1.25	g1116	h0	1	0
3.79247230499907	1.75	g1116	h0	1	0
3.61038602314607	-1.75	g1117	h0	1	0
3.72536478405223	-1.25	g1117	h0	1	0
3.41060017692211	-0.75	g1117	h0	1	0
3.70449736838398	-0.25	g1117	h0	1	0
4.23395135015389	0.25	g1117	h0	1	0
4.07959183648426	0.75	g1117	h0	1	0
3.90783839863469	1.25	g1117	h0	1	0
4.42544778857569	1.75	g1117	h0	1	0
3.46774564022111	-1.75	g1118	h0	1	0
3.16027738780007	-1.25	g1118	h0	1	0
3.25466625243995	-0.75	g1118	h0	1	0
3.84559215864415	-0.25	g1118	h0	1	0
3.87624648997295	0.25	g1118	h0	1	0
3.58911201065141	0.75	g1118	h0	1	0
3.96363598759514	1.25	g1118	h0	1	0
4.44485422063681	1.75	g1118	h0	1	0
2.26401499949342	-1.75	g1119	h0	1	0
2.2030564929114	-1.25	g1119	h0	1	0
2.80102356448362	-0.75	g1119	h0	1	0
3.07350773802293	-0.25	g1119	h0	1	0
2.79090792528131	0.25	g1119	h0	1	0
3.01088420074287	0.75	g1119	h0	1	0
3.62560331598695	1.25	g1119	h0	1	0
3.61180815975882	1.75	g1119	h0	1	0
0.823341054974558	-1.75	g1120	h0	1	0
1.37159009252583	-1.25	g1120	h0	1	0
1.89377234717557	-0.75	g1120	h0	1	0
1.73379215570836	-0.25	g1120	h0	1	0
1.81751486488883	0.25	g1120	h0	1	0
2.50564940010692	0.75	g1120	h0	1	0
2.75725036203123	1.25	g1120	h0	1	0
2.54371053621426	1.75	g1120	h0	1	0
-0.0196725414942698	-1.75	g1121	h0	1	0
0.711392803132215	-1.25	g1121	h0	1	0
0.768666482474441	-0.75	g1121	h0	1	0
0.762380560853953	-0.25	g1121	h0	1	0
1.4501642674537	0.25	g1121	h0	1	0
1.980072607156	0.75	g1121	h0	1	0
1.86627964679052	1.25	g1121	h0	1	0
2.11572758279761	1.75	g1121	h0	1	0
-0.146439796869094	-1.75	g1122	h0	1	0
0.182303688007402	-1.25	g1122	h0	1	0
0.152845377594846	-0.75	g1122	h0	1	0
0.769300983151535	-0.25	g1122	h0	1	0
1.53788694475301	0.25	g1122	h0	1	0
1.61202354216557	0.75	g1122	h0	1	0
1.75558590180636	1.25	g1122	h0	1	0
2.57144813111476	1.75	g1122	h0	1	0
0.0431229173281449	-1.75	g1123	h0	1	0
0.066263101333726	-1.25	g1123	h0	1	0
0.558909706870312	-0.75	g1123	h0	1	0
1.48348559633168	-0.25	g1123	h0	1	0
1.80075297177026	0.25	g1123	h0	1	0
1.87984589106506	0.75	g1123	h0	1	0
2.6422341575431	1.25	g1123	h0	1	0
3.42479932330524	1.75	g1123	h0	1	0
0.310542715807429	-1.75	g1124	h0	1	0
0.657021502054951	-1.25	g1124	h0	1	0
1.62946521327809	-0.75	g1124	h0	1	0
2.20232760711465	-0.25	g1124	h0	1	0
2.27670692012414	0.25	g1124	h0	1	0
2.90970286987978	0.75	g1124	h0	1	0
3.86296165860977	1.25	g1124	h0	1	0
4.15542761879433	1.75	g1124	h0	1	0
0.73463170046379	-1.75	g1125	h0	1	0
1.64348234191905	-1.25	g1125	h0	1	0
2.43981918153727	-0.75	g1125	h0	1	0
2.57634243320175	-0.25	g1125	h0	1	0
3.03588545714444	0.25	g1125	h0	1	0
4.05218630923756	0.75	g1125	h0	1	0
4.56784017879909	1.25	g1125	h0	1	0
4.6864619076321	1.75	g1125	h0	1	0
1.22472709573021	-1.75	g1126	h0	1	0
2.17414883448198	-1.25	g1126	h0	1	0
2.43343816016588	-0.75	g1126	h0	1	0
2.71601203024634	-0.25	g1126	h0	1	0
3.68128964611049	0.25	g1126	h0	1	0
4.40547390437117	0.75	g1126	h0	1	0
4.52387249209821	1.25	g1126	h0	1	0
5.07663341943131	1.75	g1126	h0	1	0
1.27806912221797	-1.75	g1127	h0	1	0
1.7016917727952	-1.25	g1127	h0	1	0
1.84424039265415	-0.75	g1127	h0	1	0
2.65988195554065	-0.25	g1127	h0	1	0
3.54185495251518	0.25	g1127	h0	1	0
3.72957272190425	0.75	g1127	h0	1	0
4.07245323841782	1.25	g1127	h0	1	0
5.06008608464422	1.75	g1127	h0	1	0
0.512603054237177	-1.75	g1128	h0	1	0
0.583751770975463	-1.25	g1128	h0	1	0
1.18473421542322	-0.75	g1128	h0	1	0
2.14630220697879	-0.25	g1128	h0	1	0
2.46299578068636	0.25	g1128	h0	1	0
2.62484360655693	0.75	g1128	h0	1	0
3.48096761315554	1.25	g1128	h0	1	0
4.27043650151824	1.75	g1128	h0	1	0
-0.697255390818289	-1.75	g1129	h0	1	0
-0.331408602199039	-1.25	g1129	h0	1	0
0.617680474352877	-0.75	g1129	h0	1	0
1.09932132365875	-0.25	g1129	h0	1	0
1.14685388970226	0.25	g1129	h0	1	0
1.80033196027295	0.75	g1129	h0	1	0
2.69459833889825	1.25	g1129	h0	1	0
2.90609846031157	1.75	g1129	h0	1	0
-1.4385478733365	-1.75	g1130	h0	1	0
-0.591849827972962	-1.25	g1130	h0	1	0
0.0576420602969687	-0.75	g1130	h0	1	0
0.0799590758313503	-0.25	g1130	h0	1	0
0.499575210519946	0.25	g1130	h0	1	0
1.41961248301065	0.75	g1130	h0	1	0
1.78269700210024	1.25	g1130	h0	1	0
1.82304978231032	1.75	g1130	h0	1	0
-1.17968550857015	-1.75	g1131	h0	1	0
-0.395336384028569	-1.25	g1131	h0	1	0
-0.306697738258566	-0.75	g1131	h0	1	0
-0.108293527466462	-0.25	g1131	h0	1	0
0.750801715380979	0.25	g1131	h0	1	0
1.28934548427119	0.75	g1131	h0	1	0
1.26946649859142	1.25	g1131	h0	1	0
1.7482973728343	1.75	g1131	h0	1	0
-0.270098533403212	-1.75	g1132	h0	1	0
-0.0413210814905366	-1.25	g1132	h0	1	0
-0.0121065188887002	-0.75	g1132	h0	1	0
0.706883063910548	-0.25	g1132	h0	1	0
1.40537071367736	0.25	g1132	h0	1	0
1.4206242502358	0.75	g1132	h0	1	0
1.67435774068806	1.25	g1132	h0	1	0
2.53524104562898	1.75	g1132	h0	1	0
0.563358989472861	-1.75	g1133	h0	1	0
0.502994809011883	-1.25	g1133	h0	1	0
1.02452885394176	-0.75	g1133	h0	1	0
1.82968134249717	-0.25	g1133	h0	1	0
1.96245038862405	0.25	g1133	h0	1	0
2.02611722971323	0.75	g1133	h0	1	0
2.78421378053585	1.25	g1133	h0	1	0
3.38986268865102	1.75	g1133	h0	1	0
0.997702996927922	-1.75	g1134	h0	1	0
1.29689794004279	-1.25	g1134	h0	1	0
2.12751681386094	-0.75	g1134	h0	1	0
2.43011045112546	-0.25	g1134	h0	1	0
2.36974056357627	0.25	g1134	h0	1	0
2.95319526927872	0.75	g1134	h0	1	0
3.69420863504118	1.25	g1134	h0	1	0
3.74113012108916	1.75	g1134	h0	1	0
1.17868661079791	-1.75	g1135	h0	1	0
1.94185980666841	-1.25	g1135	h0	1	0
2.42620993938213	-0.75	g1135	h0	1	0
2.3258047676963	-0.25	g1135	h0	1	0
2.6907821436498	0.25	g1135	h0	1	0
3.49203985075927	0.75	g1135	h0	1	0
3.68872476593701	1.25	g1135	h0	1	0
3.64201137693113	1.75	g1135	h0	1	0
1.16772709464042	-1.75	g1136	h0	1	0
1.80391090791809	-1.25	g1136	h0	1	0
1.74965584927783	-0.75	g1136	h0	1	0
1.88993557162667	-0.25	g1136	h0	1	0
2.65859007142144	0.25	g1136	h0	1	0
3.03223401230706	0.75	g1136	h0	1	0
2.90352677173808	1.25	g1136	h0	1	0
3.3300994826542	1.75	g1136	h0	1	0
0.72766771571647	-1.75	g1137	h0	1	0
0.792403204137135	-1.25	g1137	h0	1	0
0.742199147315839	-0.75	g1137	h0	1	0
1.387695079358	-0.25	g1137	h0	1	0
1.9261754408862	0.25	g1137	h0	1	0
1.80309790600603	0.75	g1137	h0	1	0
1.99809841372241	1.25	g1137	h0	1	0
2.75317766031571	1.75	g1137	h0	1	0
-0.186811848102996	-1.75	g1138	h0	1	0
-0.357574946309535	-1.25	g1138	h0	1	0
0.0965499191557474	-0.75	g1138	h0	1	0
0.752903067560949	-0.25	g1138	h0	1	0
0.719849634114705	0.25	g1138	h0	1	0
0.704515194036221	0.75	g1138	h0	1	0
1.37293429385613	1.25	g1138	h0	1	0
1.80549066230811	1.75	g1138	h0	1	0
-1.01178182414065	-1.75	g1139	h0	1	0
-0.779063326683295	-1.25	g1139	h0	1	0
-0.0750268636194286	-0.75	g1139	h0	1	0
0.0486419584848923	-0.25	g1139	h0	1	0
-0.113847534316993	0.25	g1139	h0	1	0
0.395326147729729	0.75	g1139	h0	1	0
0.976371699218265	1.25	g1139	h0	1	0
0.862824178838312	1.75	g1139	h0	1	0
-1.00205561685093	-1.75	g1140	h0	1	0
-0.32759244455265	-1.25	g1140	h0	1	0
-0.00922096869564579	-0.75	g1140	h0	1	0
-0.224065913076863	-0.25	g1140	h0	1	0
0.0872974325888302	0.25	g1140	h0	1	0
0.763996468582508	0.75	g1140	h0	1	0
0.797931045584093	1.25	g1140	h0	1	0
0.671596573315486	1.75	g1140	h0	1	0
-0.0818827531142475	-1.75	g1141	h0	1	0
0.434796238148329	-1.25	g1141	h0	1	0
0.27707542568257	-0.75	g1141	h0	1	0
0.395624821349604	-0.25	g1141	h0	1	0
1.10043317410474	0.25	g1141	h0	1	0
1.34193211107048	0.75	g1141	h0	1	0
1.14498565521257	1.25	g1141	h0	1	0
1.55122959757166	1.75	g1141	h0	1	0
0.987935135029067	-1.75	g1142	h0	1	0
0.991088513315834	-1.25	g1142	h0	1	0
0.965718183812642	-0.75	g1142	h0	1	0
1.63112330287272	-0.25	g1142	h0	1	0
2.10466813216392	0.25	g1142	h0	1	0
1.94864834156261	0.75	g1142	h0	1	0
2.18534422425969	1.25	g1142	h0	1	0
2.92631328783564	1.75	g1142	h0	1	0
1.38959503919005	-1.75	g1143	h0	1	0
1.30402578741473	-1.25	g1143	h0	1	0
1.87658904904357	-0.75	g1143	h0	1	0
2.56683666319249	-0.25	g1143	h0	1	0
2.56140591873851	0.25	g1143	h0	1	0
2.66023903663448	0.75	g1143	h0	1	0
3.42148632166022	1.25	g1143	h0	1	0
3.86713408888509	1.75	g1143	h0	1	0
1.00829991088638	-1.75	g1144	h0	1	0
1.45916960031141	-1.25	g1144	h0	1	0
2.31390104074835	-0.75	g1144	h0	1	0
2.54497332560723	-0.25	g1144	h0	1	0
2.57115517221023	0.25	g1144	h0	1	0
3.28636412274375	0.75	g1144	h0	1	0
3.98663730331015	1.25	g1144	h0	1	0
4.00264846634157	1.75	g1144	h0	1	0
0.28813379019584	-1.75	g1145	h0	1	0
1.22783928505776	-1.25	g1145	h0	1	0
1.73973773482118	-0.75	g1145	h0	1	0
1.77827421042366	-0.25	g1145	h0	1	0
2.39563844903686	0.25	g1145	h0	1	0
3.30169629153815	0.75	g1145	h0	1	0
3.53682198221919	1.25	g1145	h0	1	0
3.69730728994885	1.75	g1145	h0	1	0
-0.451748701509367	-1.75	g1146	h0	1	0
0.33356600226458	-1.25	g1146	h0	1	0
0.471037301007912	-0.75	g1146	h0	1	0
0.962205774271341	-0.25	g1146	h0	1	0
1.98837461883018	0.25	g1146	h0	1	0
2.49016054610347	0.75	g1146	h0	1	0
2.62424446771367	1.25	g1146	h0	1	0
3.40002242136697	1.75	g1146	h0	1	0
-1.22547330155829	-1.75	g1147	h0	1	0
-0.919819996406848	-1.25	g1147	h0	1	0
-0.555829731597141	-0.75	g1147	h0	1	0
0.483238731194695	-0.25	g1147	h0	1	0
1.24859426483458	0.25	g1147	h0	1	0
1.42619657655508	0.75	g1147	h0	1	0
2.06502775316881	1.25	g1147	h0	1	0
3.14446236337926	1.75	g1147	h0	1	0
-1.91877425869659	-1.75	g1148	h0	1	0
-1.65726084634873	-1.25	g1148	h0	1	0
-0.714634011398274	-0.75	g1148	h0	1	0
0.259297946732852	-0.25	g1148	h0	1	0
0.5421289411505	0.25	g1148	h0	1	0
1.01414266182868	0.75	g1148	h0	1	0
2.11690076352848	1.25	g1148	h0	1	0
2.82924436615897	1.75	g1148	h0	1	0
-2.0141723095777	-1.75	g1149	h0	1	0
-1.25958137779847	-1.25	g1149	h0	1	0
-0.174883172874705	-0.75	g1149	h0	1	0
0.252590387018871	-0.25	g1149	h0	1	0
0.559636671613318	0.25	g1149	h0	1	0
1.56232854454245	0.75	g1149	h0	1	0
2.46350993288045	1.25	g1149	h0	1	0
2.70143149070829	1.75	g1149	h0	1	0
-1.09409536165965	-1.75	g1150	h0	1	0
-0.0214399420465699	-1.25	g1150	h0	1	0
0.558364776272922	-0.75	g1150	h0	1	0
0.732044092518486	-0.25	g1150	h0	1	0
1.52814376949755	0.25	g1150	h0	1	0
2.5317927591044	0.75	g1150	h0	1	0
2.84680515620187	1.25	g1150	h0	1	0
3.17396986069585	1.75	g1150	h0	1	0
0.49085203005045	-1.75	g1151	h0	1	0
1.19619522137375	-1.25	g1151	h0	1	0
1.29035458725263	-0.75	g1151	h0	1	0
1.81012215221422	-0.25	g1151	h0	1	0
2.8052881198712	0.25	g1151	h0	1	0
3.22317547132624	0.75	g1151	h0	1	0
3.34983855280673	1.25	g1151	h0	1	0
4.14669201933757	1.75	g1151	h0	1	0
1.7785544333263	-1.75	g1152	h0	1	0
1.85783150308217	-1.25	g1152	h0	1	0
2.081396429387	-0.75	g1152	h0	1	0
2.95381439295943	-0.25	g1152	h0	1	0
3.47493536774015	0.25	g1152	h0	1	0
3.45928058721459	0.75	g1152	h0	1	0
3.96617495418585	1.25	g1152	h0	1	0
4.84313175408674	1.75	g1152	h0	1	0
2.11135608938342	-1.75	g1153	h0	1	0
2.07240348139737	-1.25	g1153	h0	1	0
2.72692317516569	-0.75	g1153	h0	1	0
3.32588055633452	-0.25	g1153	h0	1	0
3.24909215540172	0.25	g1153	h0	1	0
3.44345502163057	0.75	g1153	h0	1	0
4.22705596282632	1.25	g1153	h0	1	0
4.5515159757556	1.75	g1153	h0	1	0
1.70800968937335	-1.75	g1154	h0	1	0
2.08772682483931	-1.25	g1154	h0	1	0
2.71864870056296	-0.75	g1154	h0	1	0
2.66902992404295	-0.25	g1154	h0	1	0
2.58532511024654	0.25	g1154	h0	1	0
3.19303570860482	0.75	g1154	h0	1	0
3.61424417362456	1.25	g1154	h0	1	0
3.40353859670166	1.75	g1154	h0	1	0
1.23044749288192	-1.75	g1155	h0	1	0
1.83678557751523	-1.25	g1155	h0	1	0
1.8929153592638	-0.75	g1155	h0	1	0
1.61648987615787	-0.25	g1155	h0	1	0
1.99637064546625	0.25	g1155	h0	1	0
2.49941968443287	0.75	g1155	h0	1	0
2.30686704481433	1.25	g1155	h0	1	0
2.21306988652482	1.75	g1155	h0	1	0
0.999166667342458	-1.75	g1156	h0	1	0
1.21536375976102	-1.25	g1156	h0	1	0
0.86656807750153	-0.75	g1156	h0	1	0
1.00865421764305	-0.25	g1156	h0	1	0
1.55912290756928	0.25	g1156	h0	1	0
1.48841999852281	0.75	g1156	h0	1	0
1.20751222599505	1.25	g1156	h0	1	0
1.61483950731034	1.75	g1156	h0	1	0
0.878331373555331	-1.75	g1157	h0	1	0
0.589969958123245	-1.25	g1157	h0	1	0
0.529597112980357	-0.75	g1157	h0	1	0
1.08173321818893	-0.25	g1157	h0	1	0
1.21046678566118	0.25	g1157	h0	1	0
0.86177313453266	0.75	g1157	h0	1	0
1.08879970874411	1.25	g1157	h0	1	0
1.60957655559702	1.75	g1157	h0	1	0
0.811363567708279	-1.75	g1158	h0	1	0
0.623668461667137	-1.25	g1158	h0	1	0
1.13098976856237	-0.75	g1158	h0	1	0
1.49674782674613	-0.25	g1158	h0	1	0
1.2126536056113	0.25	g1158	h0	1	0
1.27745056216497	0.75	g1158	h0	1	0
1.88079006256264	1.25	g1158	h0	1	0
1.96342255291329	1.75	g1158	h0	1	0
1.06642663514292	-1.75	g1159	h0	1	0
1.4925157974628	-1.25	g1159	h0	1	0
2.08698960480442	-0.75	g1159	h0	1	0
1.98821985032754	-0.25	g1159	h0	1	0
1.9422368716622	0.25	g1159	h0	1	0
2.57265643839565	0.75	g1159	h0	1	0
2.93449074194538	1.25	g1159	h0	1	0
2.70561155304235	1.75	g1159	h0	1	0
1.76060950249334	-1.75	g1160	h0	1	0
2.53272975789285	-1.25	g1160	h0	1	0
2.70586466079421	-0.75	g1160	h0	1	0
2.62520066774824	-0.25	g1160	h0	1	0
3.22449365898158	0.25	g1160	h0	1	0
3.86065305576319	0.75	g1160	h0	1	0
3.80509366369173	1.25	g1160	h0	1	0
3.93335282554893	1.75	g1160	h0	1	0
2.39620490670245	-1.75	g1161	h0	1	0
2.87776682146483	-1.25	g1161	h0	1	0
2.8493381295696	-0.75	g1161	h0	1	0
3.36940953364578	-0.25	g1161	h0	1	0
4.22447886902727	0.25	g1161	h0	1	0
4.42417085414511	0.75	g1161	h0	1	0
4.49795554755823	1.25	g1161	h0	1	0
5.26728687102827	1.75	g1161	h0	1	0
2.23126152975103	-1.75	g1162	h0	1	0
2.33649027808169	-1.25	g1162	h0	1	0
2.74985280652071	-0.75	g1162	h0	1	0
3.72982806176324	-0.25	g1162	h0	1	0
4.22089823406645	0.25	g1162	h0	1	0
4.30133524836666	0.75	g1162	h0	1	0
5.00168515296103	1.25	g1162	h0	1	0
5.91489210584677	1.75	g1162	h0	1	0
1.14014610101901	-1.75	g1163	h0	1	0
1.44588470334631	-1.25	g1163	h0	1	0
2.43734498125818	-0.75	g1163	h0	1	0
3.20344876697389	-0.25	g1163	h0	1	0
3.35572828563232	0.25	g1163	h0	1	0
3.92919790066889	0.75	g1163	h0	1	0
4.98211590509515	1.25	g1163	h0	1	0
5.46088129414162	1.75	g1163	h0	1	0
-0.14757746622315	-1.75	g1164	h0	1	0
0.745038467180792	-1.25	g1164	h0	1	0
1.72059297546096	-0.75	g1164	h0	1	0
2.00101221309494	-0.25	g1164	h0	1	0
2.42026782472736	0.25	g1164	h0	1	0
3.49036455154349	0.75	g1164	h0	1	0
4.21398149862345	1.25	g1164	h0	1	0
4.39729773708785	1.75	g1164	h0	1	0
-0.780603634565123	-1.75	g1165	h0	1	0
0.302034494446697	-1.25	g1165	h0	1	0
0.746251456157071	-0.75	g1165	h0	1	0
1.01938390928498	-0.25	g1165	h0	1	0
1.98552008327812	0.25	g1165	h0	1	0
2.90164586353066	0.75	g1165	h0	1	0
3.14072316642721	1.25	g1165	h0	1	0
3.64581542763166	1.75	g1165	h0	1	0
-0.5785290402252	-1.75	g1166	h0	1	0
0.0363186974236657	-1.25	g1166	h0	1	0
0.204131349530164	-0.75	g1166	h0	1	0
0.969508458853824	-0.25	g1166	h0	1	0
1.99127455569427	0.25	g1166	h0	1	0
2.333678224477	0.75	g1166	h0	1	0
2.63643570978712	1.25	g1166	h0	1	0
3.63120428404731	1.75	g1166	h0	1	0
0.0513258931415299	-1.75	g1167	h0	1	0
0.177669848873313	-1.25	g1167	h0	1	0
0.687487418273087	-0.75	g1167	h0	1	0
1.70918511036463	-0.25	g1167	h0	1	0
2.18409969661641	0.25	g1167	h0	1	0
2.32157904948611	0.75	g1167	h0	1	0
3.11349635580856	1.25	g1167	h0	1	0
4.03405795970904	1.75	g1167	h0	1	0
0.788295299235462	-1.75	g1168	h0	1	0
1.03875393947102	-1.25	g1168	h0	1	0
1.95494562173936	-0.75	g1168	h0	1	0
2.56550202473308	-0.25	g1168	h0	1	0
2.60783482205511	0.25	g1168	h0	1	0
3.13708813394138	0.75	g1168	h0	1	0
4.0792186365158	1.25	g1168	h0	1	0
4.40270488423637	1.75	g1168	h0	1	0
1.64754412185464	-1.75	g1169	h0	1	0
2.37200023460953	-1.25	g1169	h0	1	0
3.09265541695638	-0.75	g1169	h0	1	0
3.12712432196008	-0.25	g1169	h0	1	0
3.38431403239817	0.25	g1169	h0	1	0
4.25663349733512	0.75	g1169	h0	1	0
4.70998205183517	1.25	g1169	h0	1	0
4.68186872363852	1.75	g1169	h0	1	0
2.53621067139782	-1.75	g1170	h0	1	0
3.31592799273328	-1.25	g1170	h0	1	0
3.42774457213857	-0.75	g1170	h0	1	0
3.45385910987143	-0.25	g1170	h0	1	0
4.17521664465078	0.25	g1170	h0	1	0
4.76046690335333	0.75	g1170	h0	1	0
4.69389763302785	1.25	g1170	h0	1	0
4.97139119625153	1.75	g1170	h0	1	0
2.94005052134034	-1.75	g1171	h0	1	0
3.19388511987066	-1.25	g1171	h0	1	0
3.07061170959572	-0.75	g1171	h0	1	0
3.58464804197478	-0.25	g1171	h0	1	0
4.2724660068942	0.25	g1171	h0	1	0
4.26753118907884	0.75	g1171	h0	1	0
4.30982958210889	1.25	g1171	h0	1	0
5.02981154276924	1.75	g1171	h0	1	0
2.38947094329882	-1.75	g1172	h0	1	0
2.22197407455685	-1.25	g1172	h0	1	0
2.50731034475404	-0.75	g1172	h0	1	0
3.24181131324998	-0.25	g1172	h0	1	0
3.38017828870263	0.25	g1172	h0	1	0
3.2595702906661	0.75	g1172	h0	1	0
3.81771928572919	1.25	g1172	h0	1	0
4.41829360732752	1.75	g1172	h0	1	0
1.1566831987464	-1.75	g1173	h0	1	0
1.23086393802821	-1.25	g1173	h0	1	0
1.9404069142742	-0.75	g1173	h0	1	0
2.26880223606299	-0.25	g1173	h0	1	0
2.08343611594204	0.25	g1173	h0	1	0
2.44312735580564	0.75	g1173	h0	1	0
3.14268572772498	1.25	g1173	h0	1	0
3.18875602261908	1.75	g1173	h0	1	0
0.166823639313374	-1.75	g1174	h0	1	0
0.778702636991677	-1.25	g1174	h0	1	0
1.30010047485696	-0.75	g1174	h0	1	0
1.15496217039221	-0.25	g1174	h0	1	0
1.31295575018286	0.25	g1174	h0	1	0
2.04077471545972	0.75	g1174	h0	1	0
2.2836655316815	1.25	g1174	h0	1	0
2.11144173599779	1.75	g1174	h0	1	0
0.101551462617988	-1.75	g1175	h0	1	0
0.775788530420173	-1.25	g1175	h0	1	0
0.763061258670965	-0.75	g1175	h0	1	0
0.751350943831678	-0.25	g1175	h0	1	0
1.42628052008572	0.25	g1175	h0	1	0
1.88112854413033	0.75	g1175	h0	1	0
1.71955117640319	1.25	g1175	h0	1	0
1.97471882412615	1.75	g1175	h0	1	0
0.771293670713933	-1.75	g1176	h0	1	0
0.953870358267283	-1.25	g1176	h0	1	0
0.835147149814379	-0.75	g1176	h0	1	0
1.38354006205275	-0.25	g1176	h0	1	0
2.02039711039954	0.25	g1176	h0	1	0
1.96191456833463	0.75	g1176	h0	1	0
2.03680802491789	1.25	g1176	h0	1	0
2.76448898668534	1.75	g1176	h0	1	0
1.48941860907575	-1.75	g1177	h0	1	0
1.34683579236014	-1.25	g1177	h0	1	0
1.71938366302606	-0.75	g1177	h0	1	0
2.47137604045741	-0.25	g1177	h0	1	0
2.587180305223	0.25	g1177	h0	1	0
2.52650859628282	0.75	g1177	h0	1	0
3.1583276387887	1.25	g1177	h0	1	0
3.74569140969592	1.75	g1177	h0	1	0
1.86817770657451	-1.75	g1178	h0	1	0
2.05203853665688	-1.25	g1178	h0	1	0
2.83098226277581	-0.75	g1178	h0	1	0
3.15920999398359	-0.25	g1178	h0	1	0
3.03615060668095	0.25	g1178	h0	1	0
3.50778520226115	0.75	g1178	h0	1	0
4.24097661029521	1.25	g1178	h0	1	0
4.29602732923067	1.75	g1178	h0	1	0
1.99267696258271	-1.75	g1179	h0	1	0
2.70875375996187	-1.25	g1179	h0	1	0
3.2490802306074	-0.75	g1179	h0	1	0
3.15291538988009	-0.25	g1179	h0	1	0
3.43556614102203	0.25	g1179	h0	1	0
4.23385142634954	0.75	g1179	h0	1	0
4.4888138256355	1.25	g1179	h0	1	0
4.40148263653918	1.75	g1179	h0	1	0
1.91129952513757	-1.75	g1180	h0	1	0
2.62672335550065	-1.25	g1180	h0	1	0
2.646832524357	-0.75	g1180	h0	1	0
2.75466178916374	-0.25	g1180	h0	1	0
3.52981962325002	0.25	g1180	h0	1	0
4.00435382219819	0.75	g1180	h0	1	0
3.90746998054907	1.25	g1180	h0	1	0
4.29351415721544	1.75	g1180	h0	1	0
1.36049462015426	-1.75	g1181	h0	1	0
1.56966406261809	-1.25	g1181	h0	1	0
1.55804052304699	-0.75	g1181	h0	1	0
2.23293574144144	-0.25	g1181	h0	1	0
2.90959799270876	0.25	g1181	h0	1	0
2.89917773440426	0.75	g1181	h0	1	0
3.10619625088515	1.25	g1181	h0	1	0
3.93092592549278	1.75	g1181	h0	1	0
0.217937138035723	-1.75	g1182	h0	1	0
0.172705560868586	-1.25	g1182	h0	1	0
0.696868706371734	-0.75	g1182	h0	1	0
1.52483869313222	-0.25	g1182	h0	1	0
1.68648786307532	0.25	g1182	h0	1	0
1.75691221906412	0.75	g1182	h0	1	0
2.5227616242485	1.25	g1182	h0	1	0
3.15796844398321	1.75	g1182	h0	1	0
-0.999724309355464	-1.75	g1183	h0	1	0
-0.640628841824381	-1.25	g1183	h0	1	0
0.263989805194635	-0.75	g1183	h0	1	0
0.655353076610337	-0.25	g1183	h0	1	0
0.664941419404816	0.25	g1183	h0	1	0
1.30958605749683	0.75	g1183	h0	1	0
2.13339818452251	1.25	g1183	h0	1	0
2.26499268035508	1.75	g1183	h0	1	0
-1.45996153534426	-1.75	g1184	h0	1	0
-0.56365421283932	-1.25	g1184	h0	1	0
0.0743744594430429	-0.75	g1184	h0	1	0
0.115882795194572	-0.25	g1184	h0	1	0
0.605982764444354	0.25	g1184	h0	1	0
1.5494850458839	0.75	g1184	h0	1	0
1.89974287752936	1.25	g1184	h0	1	0
1.98586624610593	1.75	g1184	h0	1	0
-0.892758216199328	-1.75	g1185	h0	1	0
-0.0370154441435095	-1.25	g1185	h0	1	0
0.125905844198865	-0.75	g1185	h0	1	0
0.461882364107104	-0.25	g1185	h0	1	0
1.43546907756172	0.25	g1185	h0	1	0
2.03257832776847	0.75	g1185	h0	1	0
2.11218820845113	1.25	g1185	h0	1	0
2.73337780091549	1.75	g1185	h0	1	0
0.0879187626312324	-1.75	g1186	h0	1	0
0.438554993615307	-1.25	g1186	h0	1	0
0.652348444558575	-0.75	g1186	h0	1	0
1.561356963964	-0.25	g1186	h0	1	0
2.38540785595606	0.25	g1186	h0	1	0
2.54134843775639	0.75	g1186	h0	1	0
2.99539959164468	1.25	g1186	h0	1	0
4.02245229103442	1.75	g1186	h0	1	0
0.657382464691153	-1.75	g1187	h0	1	0
0.803909541706971	-1.25	g1187	h0	1	0
1.56521561062199	-0.75	g1187	h0	1	0
2.54995295805902	-0.25	g1187	h0	1	0
2.84862812244881	0.25	g1187	h0	1	0
3.14275229247869	0.75	g1187	h0	1	0
4.12439058819794	1.25	g1187	h0	1	0
4.89123636843911	1.75	g1187	h0	1	0
0.595046039543598	-1.75	g1188	h0	1	0
1.1515903029464	-1.25	g1188	h0	1	0
2.19559054226462	-0.75	g1188	h0	1	0
2.67180029277077	-0.25	g1188	h0	1	0
2.84170112167621	0.25	g1188	h0	1	0
3.67711679362582	0.75	g1188	h0	1	0
4.60651649657715	1.25	g1188	h0	1	0
4.84041682750039	1.75	g1188	h0	1	0
0.261716971122219	-1.75	g1189	h0	1	0
1.24699312079134	-1.25	g1189	h0	1	0
1.89549017741282	-0.75	g1189	h0	1	0
1.99674066498946	-0.25	g1189	h0	1	0
2.60936299755242	0.25	g1189	h0	1	0
3.60608456717063	0.75	g1189	h0	1	0
3.96889182811551	1.25	g1189	h0	1	0
4.14984295393576	1.75	g1189	h0	1	0
-0.0577822450367038	-1.75	g1190	h0	1	0
0.717815313914571	-1.25	g1190	h0	1	0
0.813889185344517	-0.75	g1190	h0	1	0
1.1656546107953	-0.25	g1190	h0	1	0
2.11536826109819	0.25	g1190	h0	1	0
2.61862182268484	0.75	g1190	h0	1	0
2.6663651388037	1.25	g1190	h0	1	0
3.30589387191139	1.75	g1190	h0	1	0
-0.436187031606808	-1.75	g1191	h0	1	0
-0.286781229907037	-1.25	g1191	h0	1	0
-0.188133929797032	-0.75	g1191	h0	1	0
0.603582802686216	-0.25	g1191	h0	1	0
1.22494216993192	0.25	g1191	h0	1	0
1.20758267160969	0.75	g1191	h0	1	0
1.56435647932129	1.25	g1191	h0	1	0
2.44048620509803	1.75	g1191	h0	1	0
-0.871545700391388	-1.75	g1192	h0	1	0
-0.973615082876091	-1.25	g1192	h0	1	0
-0.425108742383208	-0.75	g1192	h0	1	0
0.26296888138332	-0.25	g1192	h0	1	0
0.255942162320171	0.25	g1192	h0	1	0
0.331109241692303	0.75	g1192	h0	1	0
1.0751576736136	1.25	g1192	h0	1	0
1.52361337018923	1.75	g1192	h0	1	0
-0.927921954478328	-1.75	g1193	h0	1	0
-0.664173490400141	-1.25	g1193	h0	1	0
0.0213618226851149	-0.75	g1193	h0	1	0
0.0934262816278333	-0.25	g1193	h0	1	0
-0.0605752565984503	0.25	g1193	h0	1	0
0.471017827282921	0.75	g1193	h0	1	0
1.00994579413528	1.25	g1193	h0	1	0
0.860939028450948	1.75	g1193	h0	1	0
-0.153220095004313	-1.75	g1194	h0	1	0
0.457794647298106	-1.25	g1194	h0	1	0
0.658781956425278	-0.75	g1194	h0	1	0
0.370330827445844	-0.25	g1194	h0	1	0
0.648056861301448	0.25	g1194	h0	1	0
1.23458899212951	0.75	g1194	h0	1	0
1.15642291068047	1.25	g1194	h0	1	0
0.981515086162069	1.75	g1194	h0	1	0
1.20520743080532	-1.75	g1195	h0	1	0
1.55779008304187	-1.25	g1195	h0	1	0
1.25474408192271	-0.75	g1195	h0	1	0
1.28603842263228	-0.25	g1195	h0	1	0
1.8662939587985	0.25	g1195	h0	1	0
1.93706936927291	0.75	g1195	h0	1	0
1.62142738489888	1.25	g1195	h0	1	0
1.93854757160674	1.75	g1195	h0	1	0
2.22469782964813	-1.75	g1196	h0	1	0
2.02998810819251	-1.25	g1196	h0	1	0
1.87139574736799	-0.75	g1196	h0	1	0
2.39291869764558	-0.25	g1196	h0	1	0
2.66134128453299	0.25	g1196	h0	1	0
2.33039733328567	0.75	g1196	h0	1	0
2.44377477673721	1.25	g1196	h0	1	0
3.01476310477759	1.75	g1196	h0	1	0
2.17982207462504	-1.75	g1197	h0	1	0
1.92741535874622	-1.25	g1197	h0	1	0
2.35123530526998	-0.75	g1197	h0	1	0
2.82858991208891	-0.25	g1197	h0	1	0
2.61263823610426	0.25	g1197	h0	1	0
2.56434333106963	0.75	g1197	h0	1	0
3.15586573572012	1.25	g1197	h0	1	0
3.3756049826035	1.75	g1197	h0	1	0
1.22156132032087	-1.75	g1198	h0	1	0
1.53133850441835	-1.25	g1198	h0	1	0
2.19065560369378	-0.75	g1198	h0	1	0
2.20038862111048	-0.25	g1198	h0	1	0
2.06782408699755	0.25	g1198	h0	1	0
2.63024203926701	0.75	g1198	h0	1	0
3.11323133826145	1.25	g1198	h0	1	0
2.92657895325125	1.75	g1198	h0	1	0
0.063012384987008	-1.75	g1199	h0	1	0
0.845482542600046	-1.25	g1199	h0	1	0
1.15107134459782	-0.75	g1199	h0	1	0
1.03266267945369	-0.25	g1199	h0	1	0
1.52640690709049	0.25	g1199	h0	1	0
2.24884823051322	0.75	g1199	h0	1	0
2.28617347130056	1.25	g1199	h0	1	0
2.31338005796267	1.75	g1199	h0	1	0
-0.824728151500058	-1.75	g1200	h0	1	0
-0.206927556707609	-1.25	g1200	h0	1	0
-0.210635988511377	-0.75	g1200	h0	1	0
0.193430639186399	-0.25	g1200	h0	1	0
1.08891032972754	0.25	g1200	h0	1	0
1.41983524969432	0.75	g1200	h0	1	0
1.43946184227734	1.25	g1200	h0	1	0
2.12295937245373	1.75	g1200	h0	1	0
-1.44615341466822	-1.75	g1201	h0	1	0
-1.2522794594924	-1.25	g1201	h0	1	0
-0.935975535217692	-0.75	g1201	h0	1	0
0.0368831144871868	-0.25	g1201	h0	1	0
0.677845527426542	0.25	g1201	h0	1	0
0.768140909098365	0.75	g1201	h0	1	0
1.36601653878477	1.25	g1201	h0	1	0
2.35262153334749	1.75	g1201	h0	1	0
-1.80236889610081	-1.75	g1202	h0	1	0
-1.5496512547417	-1.25	g1202	h0	1	0
-0.605601832101179	-0.75	g1202	h0	1	0
0.305110749621286	-0.25	g1202	h0	1	0
0.535127287453962	0.25	g1202	h0	1	0
1.01564894511034	0.75	g1202	h0	1	0
2.09694585643377	1.25	g1202	h0	1	0
2.73606718206385	1.75	g1202	h0	1	0
-1.58940485812599	-1.75	g1203	h0	1	0
-0.770507715765434	-1.25	g1203	h0	1	0
0.320231298984643	-0.75	g1203	h0	1	0
0.735403331073569	-0.25	g1203	h0	1	0
1.09426540142092	0.25	g1203	h0	1	0
2.1466595029809	0.75	g1203	h0	1	0
3.03410011259006	1.25	g1203	h0	1	0
3.28063521389463	1.75	g1203	h0	1	0
-0.628020724324002	-1.75	g1204	h0	1	0
0.520309622840258	-1.25	g1204	h0	1	0
1.13234170305334	-0.75	g1204	h0	1	0
1.39242956881473	-0.25	g1204	h0	1	0
2.30109947342424	0.25	g1204	h0	1	0
3.3547909191864	0.75	g1204	h0	1	0
3.71363286387692	1.25	g1204	h0	1	0
4.14913704477873	1.75	g1204	h0	1	0
0.604568632486726	-1.75	g1205	h0	1	0
1.38772213201814	-1.25	g1205	h0	1	0
1.59317872540811	-0.75	g1205	h0	1	0
2.27348580427126	-0.25	g1205	h0	1	0
3.37999417887378	0.25	g1205	h0	1	0
3.87567742455512	0.75	g1205	h0	1	0
4.1400361379988	1.25	g1205	h0	1	0
5.0890214237319	1.75	g1205	h0	1	0
1.24421315643114	-1.75	g1206	h0	1	0
1.45009246943315	-1.25	g1206	h0	1	0
1.86280505273286	-0.75	g1206	h0	1	0
2.89827274101293	-0.25	g1206	h0	1	0
3.52822427323111	0.25	g1206	h0	1	0
3.66479598694357	0.75	g1206	h0	1	0
4.36429103866566	1.25	g1206	h0	1	0
5.37757166331391	1.75	g1206	h0	1	0
0.925528698623127	-1.75	g1207	h0	1	0
1.08296888642409	-1.25	g1207	h0	1	0
1.93606458804072	-0.75	g1207	h0	1	0
2.66947183880388	-0.25	g1207	h0	1	0
2.74540880557517	0.25	g1207	h0	1	0
3.1507925893449	0.75	g1207	h0	1	0
4.10854042227254	1.25	g1207	h0	1	0
4.56061601282794	1.75	g1207	h0	1	0
0.178342807188006	-1.75	g1208	h0	1	0
0.770812099621452	-1.25	g1208	h0	1	0
1.55318582122377	-0.75	g1208	h0	1	0
1.64454519213895	-0.25	g1208	h0	1	0
1.76646035043109	0.25	g1208	h0	1	0
2.56964138530826	0.75	g1208	h0	1	0
3.12491655530594	1.25	g1208	h0	1	0
3.07801737641257	1.75	g1208	h0	1	0
-0.186659087233993	-1.75	g1209	h0	1	0
0.576024667667517	-1.25	g1209	h0	1	0
0.751356867898608	-0.75	g1209	h0	1	0
0.652286710608169	-0.25	g1209	h0	1	0
1.22811303827908	0.25	g1209	h0	1	0
1.86302372743539	0.75	g1209	h0	1	0
1.8041877426091	1.25	g1209	h0	1	0
1.90759932930584	1.75	g1209	h0	1	0
0.0857744024921171	-1.75	g1210	h0	1	0
0.391598754980733	-1.25	g1210	h0	1	0
0.172547561202312	-0.75	g1210	h0	1	0
0.488016939381939	-0.25	g1210	h0	1	0
1.15782919554915	0.25	g1210	h0	1	0
1.18007184172469	0.75	g1210	h0	1	0
1.05457127937724	1.25	g1210	h0	1	0
1.62377610605669	1.75	g1210	h0	1	0
0.655284456387738	-1.75	g1211	h0	1	0
0.43533231014313	-1.25	g1211	h0	1	0
0.503391150432855	-0.75	g1211	h0	1	0
1.15069354884508	-0.25	g1211	h0	1	0
1.32518393577899	0.25	g1211	h0	1	0
1.07127602320726	0.75	g1211	h0	1	0
1.4268556944555	1.25	g1211	h0	1	0
2.0163836301597	1.75	g1211	h0	1	0
1.22278806045373	-1.75	g1212	h0	1	0
1.09997605739453	-1.25	g1212	h0	1	0
1.66629448531168	-0.75	g1212	h0	1	0
2.02843940546535	-0.25	g1212	h0	1	0
1.76659311452962	0.25	g1212	h0	1	0
1.90799758262238	0.75	g1212	h0	1	0
2.54474072431484	1.25	g1212	h0	1	0
2.62020097474202	1.75	g1212	h0	1	0
1.84655217912524	-1.75	g1213	h0	1	0
2.28480067856014	-1.25	g1213	h0	1	0
2.8280545859092	-0.75	g1213	h0	1	0
2.67562321052767	-0.25	g1213	h0	1	0
2.64013685116676	0.25	g1213	h0	1	0
3.26302580618197	0.75	g1213	h0	1	0
3.55892263945228	1.25	g1213	h0	1	0
3.30076725076412	1.75	g1213	h0	1	0
2.53133991639741	-1.75	g1214	h0	1	0
3.20991633082732	-1.25	g1214	h0	1	0
3.25924770746696	-0.75	g1214	h0	1	0
3.11599791496258	-0.25	g1214	h0	1	0
3.66343397722994	0.25	g1214	h0	1	0
4.18309579495606	0.75	g1214	h0	1	0
4.02093281261918	1.25	g1214	h0	1	0
4.1040724704621	1.75	g1214	h0	1	0
2.8352081630036	-1.75	g1215	h0	1	0
3.13716195879652	-1.25	g1215	h0	1	0
2.97524705337	-0.75	g1215	h0	1	0
3.39918690609815	-0.25	g1215	h0	1	0
4.10008520742902	0.25	g1215	h0	1	0
4.12676832872415	0.75	g1215	h0	1	0
4.09159363491477	1.25	g1215	h0	1	0
4.75036914878482	1.75	g1215	h0	1	0
2.24793427964648	-1.75	g1216	h0	1	0
2.1608318324091	-1.25	g1216	h0	1	0
2.43842652860791	-0.75	g1216	h0	1	0
3.2427198764621	-0.25	g1216	h0	1	0
3.51427890671308	0.25	g1216	h0	1	0
3.42910206958862	0.75	g1216	h0	1	0
3.99047204396574	1.25	g1216	h0	1	0
4.70230452840102	1.75	g1216	h0	1	0
0.932001592932082	-1.75	g1217	h0	1	0
1.07223613928027	-1.25	g1217	h0	1	0
1.88432897769459	-0.75	g1217	h0	1	0
2.41094735713969	-0.25	g1217	h0	1	0
2.35678480200212	0.25	g1217	h0	1	0
2.77338821313209	0.75	g1217	h0	1	0
3.62058006752737	1.25	g1217	h0	1	0
3.85963164302324	1.75	g1217	h0	1	0
-0.227217281496293	-1.75	g1218	h0	1	0
0.500153151448548	-1.25	g1218	h0	1	0
1.24599240150471	-0.75	g1218	h0	1	0
1.30232471641164	-0.25	g1218	h0	1	0
1.56016750708545	0.25	g1218	h0	1	0
2.44322762288861	0.75	g1218	h0	1	0
2.92530883401432	1.25	g1218	h0	1	0
2.91010044838217	1.75	g1218	h0	1	0
-0.458978274589155	-1.75	g1219	h0	1	0
0.432686505665198	-1.25	g1219	h0	1	0
0.663025902551861	-0.75	g1219	h0	1	0
0.785608640728463	-0.25	g1219	h0	1	0
1.60389529043094	0.25	g1219	h0	1	0
2.30798223160702	0.75	g1219	h0	1	0
2.35279937068805	1.25	g1219	h0	1	0
2.72214870008469	1.75	g1219	h0	1	0
0.16731050112081	-1.75	g1220	h0	1	0
0.607253712936436	-1.25	g1220	h0	1	0
0.651569146078716	-0.75	g1220	h0	1	0
1.32393706165577	-0.25	g1220	h0	1	0
2.19155980251957	0.25	g1220	h0	1	0
2.36883624458785	0.75	g1220	h0	1	0
2.57110494360833	1.25	g1220	h0	1	0
3.4557464480024	1.75	g1220	h0	1	0
0.990069796619205	-1.75	g1221	h0	1	0
1.0351600368087	-1.25	g1221	h0	1	0
1.51594608992677	-0.75	g1221	h0	1	0
2.46267197155251	-0.25	g1221	h0	1	0
2.82504927292636	0.25	g1221	h0	1	0
2.90791646959276	0.75	g1221	h0	1	0
3.66430674505694	1.25	g1221	h0	1	0
4.48532729870585	1.75	g1221	h0	1	0
1.5534540839237	-1.75	g1222	h0	1	0
1.84062384964963	-1.25	g1222	h0	1	0
2.77190207314219	-0.75	g1222	h0	1	0
3.34085688840571	-0.25	g1222	h0	1	0
3.38129838073354	0.25	g1222	h0	1	0
3.95267940555164	0.75	g1222	h0	1	0
4.88318357466565	1.25	g1222	h0	1	0
5.16817408402364	1.75	g1222	h0	1	0
1.88611997559964	-1.75	g1223	h0	1	0
2.71444327660913	-1.25	g1223	h0	1	0
3.47441078092867	-0.75	g1223	h0	1	0
3.561802625371	-0.25	g1223	h0	1	0
3.93212782986732	0.25	g1223	h0	1	0
4.88476204527253	0.75	g1223	h0	1	0
5.36868387806959	1.25	g1223	h0	1	0
5.4198340189219	1.75	g1223	h0	1	0
2.04127310866459	-1.75	g1224	h0	1	0
2.94062918772194	-1.25	g1224	h0	1	0
3.15689297148831	-0.75	g1224	h0	1	0
3.3519050825454	-0.25	g1224	h0	1	0
4.23678959174197	0.25	g1224	h0	1	0
4.92282988398709	0.75	g1224	h0	1	0
4.98243674876593	1.25	g1224	h0	1	0
5.44074424293314	1.75	g1224	h0	1	0
1.75663981283395	-1.75	g1225	h0	1	0
2.1576358367477	-1.25	g1225	h0	1	0
2.23741485820738	-0.75	g1225	h0	1	0
2.97764954685744	-0.25	g1225	h0	1	0
3.82839041949171	0.25	g1225	h0	1	0
3.9834198922195	0.75	g1225	h0	1	0
4.24990193728163	1.25	g1225	h0	1	0
5.17653771516708	1.75	g1225	h0	1	0
0.847515927656965	-1.75	g1226	h0	1	0
0.892272529791088	-1.25	g1226	h0	1	0
1.43692889577973	-0.75	g1226	h0	1	0
2.37949989020325	-0.25	g1226	h0	1	0
2.69522101465033	0.25	g1226	h0	1	0
2.81301678431409	0.75	g1226	h0	1	0
3.62080824217363	1.25	g1226	h0	1	0
4.40638983087495	1.75	g1226	h0	1	0
-0.236987590074122	-1.75	g1227	h0	1	0
0.0953181114366309	-1.25	g1227	h0	1	0
1.03393750239247	-0.75	g1227	h0	1	0
1.53903500463549	-0.25	g1227	h0	1	0
1.57612901224769	0.25	g1227	h0	1	0
2.19605606494436	0.75	g1227	h0	1	0
3.09804040261412	1.25	g1227	h0	1	0
3.32720454795468	1.75	g1227	h0	1	0
-0.629073726310426	-1.75	g1228	h0	1	0
0.204578020477118	-1.25	g1228	h0	1	0
0.884115372071116	-0.75	g1228	h0	1	0
0.918497221866707	-0.25	g1228	h0	1	0
1.31282294274267	0.25	g1228	h0	1	0
2.23746819466793	0.75	g1228	h0	1	0
2.63297720123383	1.25	g1228	h0	1	0
2.66698153727813	1.75	g1228	h0	1	0
0.0745484528902969	-1.75	g1229	h0	1	0
0.872334682398128	-1.25	g1229	h0	1	0
0.975914595449424	-0.75	g1229	h0	1	0
1.14507924369684	-0.25	g1229	h0	1	0
1.98752614957472	0.25	g1229	h0	1	0
2.5495853249698	0.75	g1229	h0	1	0
2.52781673773523	1.25	g1229	h0	1	0
2.97269944388459	1.75	g1229	h0	1	0
1.35230935259655	-1.75	g1230	h0	1	0
1.57683889579781	-1.25	g1230	h0	1	0
1.55957162314587	-0.75	g1230	h0	1	0
2.22486333209603	-0.25	g1230	h0	1	0
2.91418922904707	0.25	g1230	h0	1	0
2.91328831190323	0.75	g1230	h0	1	0
3.10856216877179	1.25	g1230	h0	1	0
3.93147552426779	1.75	g1230	h0	1	0
2.3207965271088	-1.75	g1231	h0	1	0
2.18737397645369	-1.25	g1231	h0	1	0
2.61025915516091	-0.75	g1231	h0	1	0
3.35682824491023	-0.25	g1231	h0	1	0
3.44382195962563	0.25	g1231	h0	1	0
3.41756173463553	0.75	g1231	h0	1	0
4.08700925739681	1.25	g1231	h0	1	0
4.64775312872332	1.75	g1231	h0	1	0
2.59964744296751	-1.75	g1232	h0	1	0
2.75909277404886	-1.25	g1232	h0	1	0
3.47760150531881	-0.75	g1232	h0	1	0
3.6981506833981	-0.25	g1232	h0	1	0
3.51850475515027	0.25	g1232	h0	1	0
3.96449604657533	0.75	g1232	h0	1	0
4.61108005287056	1.25	g1232	h0	1	0
4.56803003057777	1.75	g1232	h0	1	0
2.425776812544	-1.75	g1233	h0	1	0
3.03453218034208	-1.25	g1233	h0	1	0
3.40581798341757	-0.75	g1233	h0	1	0
3.16942970555061	-0.25	g1233	h0	1	0
3.36438245012726	0.25	g1233	h0	1	0
4.02939486124461	0.75	g1233	h0	1	0
4.11309909544179	1.25	g1233	h0	1	0
3.91220338102778	1.75	g1233	h0	1	0
2.04996187454414	-1.75	g1234	h0	1	0
2.55937533295053	-1.25	g1234	h0	1	0
2.37429466873481	-0.75	g1234	h0	1	0
2.34061234729621	-0.25	g1234	h0	1	0
2.95312224071162	0.25	g1234	h0	1	0
3.20807356403295	0.75	g1234	h0	1	0
2.93090764028044	1.25	g1234	h0	1	0
3.18106620161708	1.75	g1234	h0	1	0
1.39388537853744	-1.75	g1235	h0	1	0
1.36011327775223	-1.25	g1235	h0	1	0
1.16773539256913	-0.75	g1235	h0	1	0
1.66937522971999	-0.25	g1235	h0	1	0
2.10820244338729	0.25	g1235	h0	1	0
1.87305158304519	0.75	g1235	h0	1	0
1.91573833372201	1.25	g1235	h0	1	0
2.54376224982377	1.75	g1235	h0	1	0
0.438911858492246	-1.75	g1236	h0	1	0
0.193102498420342	-1.25	g1236	h0	1	0
0.551333160090272	-0.75	g1236	h0	1	0
1.15396913334864	-0.25	g1236	h0	1	0
1.07459036861773	0.25	g1236	h0	1	0
0.96839528545757	0.75	g1236	h0	1	0
1.55277037963858	1.25	g1236	h0	1	0
1.94364328412109	1.75	g1236	h0	1	0
-0.35105759471867	-1.75	g1237	h0	1	0
-0.135298950653391	-1.25	g1237	h0	1	0
0.583554156261268	-0.75	g1237	h0	1	0
0.747775773152097	-0.25	g1237	h0	1	0
0.585851753614007	0.25	g1237	h0	1	0
1.0826122550695	0.75	g1237	h0	1	0
1.69537263839871	1.25	g1237	h0	1	0
1.61244006660884	1.75	g1237	h0	1	0
-0.371102759791136	-1.75	g1238	h0	1	0
0.398903013954326	-1.25	g1238	h0	1	0
0.85178741440049	-0.75	g1238	h0	1	0
0.743955891132771	-0.25	g1238	h0	1	0
1.13213573648751	0.25	g1238	h0	1	0
1.92278475767461	0.75	g1238	h0	1	0
2.0890192279182	1.25	g1238	h0	1	0
2.05199683532929	1.75	g1238	h0	1	0
0.356180053063455	-1.75	g1239	h0	1	0
1.09106981439025	-1.25	g1239	h0	1	0
1.14200835029447	-0.75	g1239	h0	1	0
1.42779776468383	-0.25	g1239	h0	1	0
2.32261192073269	0.25	g1239	h0	1	0
2.78827282773854	0.75	g1239	h0	1	0
2.78182542343295	1.25	g1239	h0	1	0
3.35515201930428	1.75	g1239	h0	1	0
1.04907892819648	-1.75	g1240	h0	1	0
1.33696495096858	-1.25	g1240	h0	1	0
1.5519096934239	-0.75	g1240	h0	1	0
2.46150762508874	-0.25	g1240	h0	1	0
3.22242569075829	0.25	g1240	h0	1	0
3.3361251760945	0.75	g1240	h0	1	0
3.80499220489965	1.25	g1240	h0	1	0
4.80776567592326	1.75	g1240	h0	1	0
0.957203721138165	-1.75	g1241	h0	1	0
1.15090026087561	-1.25	g1241	h0	1	0
1.98694905186837	-0.75	g1241	h0	1	0
2.98431303039686	-0.25	g1241	h0	1	0
3.28785899412852	0.25	g1241	h0	1	0
3.65144446380281	0.75	g1241	h0	1	0
4.68969303134891	1.25	g1241	h0	1	0
5.45265855639717	1.75	g1241	h0	1	0
0.12337444644788	-1.75	g1242	h0	1	0
0.814748833774452	-1.25	g1242	h0	1	0
1.94540293955107	-0.75	g1242	h0	1	0
2.47340315048357	-0.25	g1242	h0	1	0
2.75439346779296	0.25	g1242	h0	1	0
3.71684335827097	0.75	g1242	h0	1	0
4.7088912681904	1.25	g1242	h0	1	0
5.01003669573325	1.75	g1242	h0	1	0
-0.800231200706149	-1.75	g1243	h0	1	0
0.335123648699862	-1.25	g1243	h0	1	0
1.07865085487658	-0.75	g1243	h0	1	0
1.31716471391577	-0.25	g1243	h0	1	0
2.10862494223931	0.25	g1243	h0	1	0
3.22868730975739	0.75	g1243	h0	1	0
3.69096655794069	1.25	g1243	h0	1	0
4.03450183960637	1.75	g1243	h0	1	0
-1.34083733189627	-1.75	g1244	h0	1	0
-0.434087142360175	-1.25	g1244	h0	1	0
-0.190078995189502	-0.75	g1244	h0	1	0
0.368570043888473	-0.25	g1244	h0	1	0
1.4895785513744	0.25	g1244	h0	1	0
2.11653181751146	0.75	g1244	h0	1	0
2.33874828311495	1.25	g1244	h0	1	0
3.18414663208352	1.75	g1244	h0	1	0
-1.52801041692455	-1.75	g1245	h0	1	0
-1.23372887927493	-1.25	g1245	h0	1	0
-0.925586591500187	-0.75	g1245	h0	1	0
0.0670111683356336	-0.25	g1245	h0	1	0
0.827380496627687	0.25	g1245	h0	1	0
0.977384174951831	0.75	g1245	h0	1	0
1.55434645682015	1.25	g1245	h0	1	0
2.60545813482627	1.75	g1245	h0	1	0
-1.45565347308683	-1.75	g1246	h0	1	0
-1.36937600073738	-1.25	g1246	h0	1	0
-0.612451593431544	-0.75	g1246	h0	1	0
0.220182151326159	-0.25	g1246	h0	1	0
0.358014763876269	0.25	g1246	h0	1	0
0.641806384808377	0.75	g1246	h0	1	0
1.57383258753776	1.25	g1246	h0	1	0
2.15308796077988	1.75	g1246	h0	1	0
-0.905782910199016	-1.75	g1247	h0	1	0
-0.449387922731109	-1.25	g1247	h0	1	0
0.375621428867071	-0.75	g1247	h0	1	0
0.559352926883103	-0.25	g1247	h0	1	0
0.579062417390946	0.25	g1247	h0	1	0
1.29237910494186	0.75	g1247	h0	1	0
1.9484303655131	1.25	g1247	h0	1	0
1.92914430783607	1.75	g1247	h0	1	0
0.297298811866216	-1.75	g1248	h0	1	0
1.03132782727092	-1.25	g1248	h0	1	0
1.30493351971028	-0.75	g1248	h0	1	0
1.13710417383561	-0.25	g1248	h0	1	0
1.5705329455171	0.25	g1248	h0	1	0
2.25357223744642	0.75	g1248	h0	1	0
2.25571803334836	1.25	g1248	h0	1	0
2.22548458275237	1.75	g1248	h0	1	0
1.7092392849144	-1.75	g1249	h0	1	0
2.09372036309048	-1.25	g1249	h0	1	0
1.84700410854529	-0.75	g1249	h0	1	0
1.98981190403133	-0.25	g1249	h0	1	0
2.63954384408516	0.25	g1249	h0	1	0
2.73802339001101	0.75	g1249	h0	1	0
2.50544955593425	1.25	g1249	h0	1	0
2.92974690634928	1.75	g1249	h0	1	0
2.42499863633058	-1.75	g1250	h0	1	0
2.21890306092065	-1.25	g1250	h0	1	0
2.11325410632943	-0.75	g1250	h0	1	0
2.67118875701882	-0.25	g1250	h0	1	0
2.91696803558425	0.25	g1250	h0	1	0
2.59875330620098	0.75	g1250	h0	1	0
2.77262977950592	1.25	g1250	h0	1	0
3.35350419693386	1.75	g1250	h0	1	0
1.95511494222988	-1.75	g1251	h0	1	0
1.68847974190878	-1.25	g1251	h0	1	0
2.11032735609104	-0.75	g1251	h0	1	0
2.52109776316036	-0.25	g1251	h0	1	0
2.24691941182286	0.25	g1251	h0	1	0
2.20234332637747	0.75	g1251	h0	1	0
2.76946402532758	1.25	g1251	h0	1	0
2.91182760318739	1.75	g1251	h0	1	0
0.749863803539062	-1.75	g1252	h0	1	0
1.01552495224763	-1.25	g1252	h0	1	0
1.57338653392144	-0.75	g1252	h0	1	0
1.46134709375025	-0.25	g1252	h0	1	0
1.27083147133981	0.25	g1252	h0	1	0
1.77525379817335	0.75	g1252	h0	1	0
2.13644031150525	1.25	g1252	h0	1	0
1.84838662185602	1.75	g1252	h0	1	0
-0.304192414353908	-1.75	g1253	h0	1	0
0.352348367838517	-1.25	g1253	h0	1	0
0.487050493814282	-0.75	g1253	h0	1	0
0.250780112642793	-0.25	g1253	h0	1	0
0.654702918497497	0.25	g1253	h0	1	0
1.22535192532273	0.75	g1253	h0	1	0
1.10261565969941	1.25	g1253	h0	1	0
1.03436982509257	1.75	g1253	h0	1	0
-0.765747714579782	-1.75	g1254	h0	1	0
-0.348272041344152	-1.25	g1254	h0	1	0
-0.520605407414307	-0.75	g1254	h0	1	0
-0.234606230762526	-0.25	g1254	h0	1	0
0.494976235297672	0.25	g1254	h0	1	0
0.624705989130917	0.75	g1254	h0	1	0
0.502228593142745	1.25	g1254	h0	1	0
1.06006771278698	1.75	g1254	h0	1	0
-0.818549866204017	-1.75	g1255	h0	1	0
-0.827758980542183	-1.25	g1255	h0	1	0
-0.651502078183247	-0.75	g1255	h0	1	0
0.157117911831447	-0.25	g1255	h0	1	0
0.578523682522645	0.25	g1255	h0	1	0
0.49110262867157	0.75	g1255	h0	1	0
0.953231166501115	1.25	g1255	h0	1	0
1.74885902393168	1.75	g1255	h0	1	0
-0.697381127486092	-1.75	g1256	h0	1	0
-0.597079416094602	-1.25	g1256	h0	1	0
0.198804032917555	-0.75	g1256	h0	1	0
0.896996480373905	-0.25	g1256	h0	1	0
0.930774385705418	0.25	g1256	h0	1	0
1.27421714478176	0.75	g1256	h0	1	0
2.18327942002533	1.25	g1256	h0	1	0
2.60222241117429	1.75	g1256	h0	1	0
-0.313875789550764	-1.75	g1257	h0	1	0
0.385132823325546	-1.25	g1257	h0	1	0
1.29537104383829	-0.75	g1257	h0	1	0
1.51753224581193	-0.25	g1257	h0	1	0
1.74798693450527	0.25	g1257	h0	1	0
2.66387269975933	0.75	g1257	h0	1	0
3.35278604143001	1.25	g1257	h0	1	0
3.4286812594741	1.75	g1257	h0	1	0
0.38300487280042	-1.75	g1258	h0	1	0
1.40433882978387	-1.25	g1258	h0	1	0
1.85055692187984	-0.75	g1258	h0	1	0
2.00205039031188	-0.25	g1258	h0	1	0
2.822688240246	0.25	g1258	h0	1	0
3.72456786055727	0.75	g1258	h0	1	0
3.93138384273728	1.25	g1258	h0	1	0
4.2787101498811	1.75	g1258	h0	1	0
0.957312746622833	-1.75	g1259	h0	1	0
1.62482472814468	-1.25	g1259	h0	1	0
1.75311409309012	-0.75	g1259	h0	1	0
2.40139675288297	-0.25	g1259	h0	1	0
3.42300412239917	0.25	g1259	h0	1	0
3.80551322295897	0.75	g1259	h0	1	0
4.01859459889869	1.25	g1259	h0	1	0
4.92482821940538	1.75	g1259	h0	1	0
0.78483672843503	-1.75	g1260	h0	1	0
0.955806038284402	-1.25	g1260	h0	1	0
1.394368400147	-0.75	g1260	h0	1	0
2.42421156820725	-0.25	g1260	h0	1	0
2.99782031313959	0.25	g1260	h0	1	0
3.12570462073755	0.75	g1260	h0	1	0
3.8520266296975	1.25	g1260	h0	1	0
4.8331483794204	1.75	g1260	h0	1	0
-0.163162892199477	-1.75	g1261	h0	1	0
0.0742761558571038	-1.25	g1261	h0	1	0
1.00354819982296	-0.75	g1261	h0	1	0
1.75003894845993	-0.25	g1261	h0	1	0
1.86301098063588	0.25	g1261	h0	1	0
2.36088120090561	0.75	g1261	h0	1	0
3.3694727777684	1.25	g1261	h0	1	0
3.83022636542168	1.75	g1261	h0	1	0
-1.11839126010587	-1.75	g1262	h0	1	0
-0.375963674576285	-1.25	g1262	h0	1	0
0.493428546993178	-0.75	g1262	h0	1	0
0.667298381331517	-0.25	g1262	h0	1	0
0.936102033618986	0.25	g1262	h0	1	0
1.87014052550304	0.75	g1262	h0	1	0
2.49700964073292	1.25	g1262	h0	1	0
2.55664278893099	1.75	g1262	h0	1	0
-1.26631981252258	-1.75	g1263	h0	1	0
-0.347968298148401	-1.25	g1263	h0	1	0
-0.0490408695030366	-0.75	g1263	h0	1	0
0.0360060781215386	-0.25	g1263	h0	1	0
0.808713230035825	0.25	g1263	h0	1	0
1.57591074842856	0.75	g1263	h0	1	0
1.65720584802191	1.25	g1263	h0	1	0
1.96283989434493	1.75	g1263	h0	1	0
-0.552012437006571	-1.75	g1264	h0	1	0
-0.0904979961901745	-1.25	g1264	h0	1	0
-0.10921052008966	-0.75	g1264	h0	1	0
0.445621656994527	-0.25	g1264	h0	1	0
1.29769792897078	0.25	g1264	h0	1	0
1.48139717490136	0.75	g1264	h0	1	0
1.5810903632538	1.25	g1264	h0	1	0
2.37596174846179	1.75	g1264	h0	1	0
0.428091029771123	-1.75	g1265	h0	1	0
0.402338073961292	-1.25	g1265	h0	1	0
0.722132065814921	-0.75	g1265	h0	1	0
1.5829035007491	-0.25	g1265	h0	1	0
1.92553532893923	0.25	g1265	h0	1	0
1.89249622293704	0.75	g1265	h0	1	0
2.49745023384067	1.25	g1265	h0	1	0
3.27453077994124	1.75	g1265	h0	1	0
1.1941328005982	-1.75	g1266	h0	1	0
1.30285886220509	-1.25	g1266	h0	1	0
2.08887997517549	-0.75	g1266	h0	1	0
2.60987999111321	-0.25	g1266	h0	1	0
2.53813690223228	0.25	g1266	h0	1	0
2.92052281113085	0.75	g1266	h0	1	0
3.75076716783529	1.25	g1266	h0	1	0
3.98399841691943	1.75	g1266	h0	1	0
1.74597949375918	-1.75	g1267	h0	1	0
2.38210307554069	-1.25	g1267	h0	1	0
3.05894629592399	-0.75	g1267	h0	1	0
3.04366849963572	-0.25	g1267	h0	1	0
3.20848435040259	0.25	g1267	h0	1	0
4.00796440180123	0.75	g1267	h0	1	0
4.42486845977082	1.25	g1267	h0	1	0
4.32916480735772	1.75	g1267	h0	1	0
2.15324045377631	-1.75	g1268	h0	1	0
2.92569071683138	-1.25	g1268	h0	1	0
3.04406865215647	-0.75	g1268	h0	1	0
3.03274573600186	-0.25	g1268	h0	1	0
3.71687471918086	0.25	g1268	h0	1	0
4.30882858820754	0.75	g1268	h0	1	0
4.23473797267564	1.25	g1268	h0	1	0
4.46531633795588	1.75	g1268	h0	1	0
2.15359699564238	-1.75	g1269	h0	1	0
2.45011519527822	-1.25	g1269	h0	1	0
2.33289126826377	-0.75	g1269	h0	1	0
2.8338189629927	-0.25	g1269	h0	1	0
3.5512745872251	0.25	g1269	h0	1	0
3.58149783302783	0.75	g1269	h0	1	0
3.61444677092734	1.25	g1269	h0	1	0
4.33375848640297	1.75	g1269	h0	1	0
1.47822209037413	-1.75	g1270	h0	1	0
1.34154616004345	-1.25	g1270	h0	1	0
1.62298223478406	-0.75	g1270	h0	1	0
2.3866557936648	-0.25	g1270	h0	1	0
2.57836499972731	0.25	g1270	h0	1	0
2.47031539948526	0.75	g1270	h0	1	0
3.02986476700643	1.25	g1270	h0	1	0
3.67618313410455	1.75	g1270	h0	1	0
0.461800001151311	-1.75	g1271	h0	1	0
0.528150991405463	-1.25	g1271	h0	1	0
1.24669660630146	-0.75	g1271	h0	1	0
1.62211435223838	-0.25	g1271	h0	1	0
1.45480849134719	0.25	g1271	h0	1	0
1.80378025204595	0.75	g1271	h0	1	0
2.53076315572846	1.25	g1271	h0	1	0
2.62086831083844	1.75	g1271	h0	1	0
-0.0460677762747934	-1.75	g1272	h0	1	0
0.544343894856971	-1.25	g1272	h0	1	0
1.08859518042732	-0.75	g1272	h0	1	0
0.954920514432831	-0.25	g1272	h0	1	0
1.08369074666639	0.25	g1272	h0	1	0
1.80665689065133	0.75	g1272	h0	1	0
2.07760673424402	1.25	g1272	h0	1	0
1.89857129118684	1.75	g1272	h0	1	0
0.466713849327925	-1.75	g1273	h0	1	0
1.13308966870317	-1.25	g1273	h0	1	0
1.1209452398917	-0.75	g1273	h0	1	0
1.06530228652824	-0.25	g1273	h0	1	0
1.70205728755633	0.25	g1273	h0	1	0
2.1614091736708	0.75	g1273	h0	1	0
1.9849615379601	1.25	g1273	h0	1	0
2.18876157476508	1.75	g1273	h0	1	0
1.59725443318965	-1.75	g1274	h0	1	0
1.77416546614997	-1.25	g1274	h0	1	0
1.61027155921819	-0.75	g1274	h0	1	0
2.09949606014936	-0.25	g1274	h0	1	0
2.72115555108034	0.25	g1274	h0	1	0
2.64744476695549	0.75	g1274	h0	1	0
2.66314891717162	1.25	g1274	h0	1	0
3.34569653143358	1.75	g1274	h0	1	0
2.47049538922823	-1.75	g1275	h0	1	0
2.3013406490548	-1.25	g1275	h0	1	0
2.61634247398816	-0.75	g1275	h0	1	0
3.347321283672	-0.25	g1275	h0	1	0
3.4614308341567	0.25	g1275	h0	1	0
3.35636847395091	0.75	g1275	h0	1	0
3.93809966155607	1.25	g1275	h0	1	0
4.51988914213378	1.75	g1275	h0	1	0
2.62877264960246	-1.75	g1276	h0	1	0
2.78369520995897	-1.25	g1276	h0	1	0
3.55554092965343	-0.75	g1276	h0	1	0
3.91150312093748	-0.25	g1276	h0	1	0
3.7832250308007	0.25	g1276	h0	1	0
4.22532178636187	0.75	g1276	h0	1	0
4.96968725955533	1.25	g1276	h0	1	0
5.04724251363496	1.75	g1276	h0	1	0
2.26852248555428	-1.75	g1277	h0	1	0
3.01106563930269	-1.25	g1277	h0	1	0
3.62128825902979	-0.75	g1277	h0	1	0
3.57835231342469	-0.25	g1277	h0	1	0
3.87611966351395	0.25	g1277	h0	1	0
4.71834809346067	0.75	g1277	h0	1	0
5.04616915420512	1.25	g1277	h0	1	0
4.99364491632745	1.75	g1277	h0	1	0
1.68882567805536	-1.75	g1278	h0	1	0
2.52104391411741	-1.25	g1278	h0	1	0
2.66087557077552	-0.75	g1278	h0	1	0
2.84408939353142	-0.25	g1278	h0	1	0
3.70584921231896	0.25	g1278	h0	1	0
4.30774453425439	0.75	g1278	h0	1	0
4.31400065245796	1.25	g1278	h0	1	0
4.77015313545868	1.75	g1278	h0	1	0
0.87696442341855	-1.75	g1279	h0	1	0
1.26529206528889	-1.25	g1279	h0	1	0
1.39106684019575	-0.75	g1279	h0	1	0
2.19474136401375	-0.25	g1279	h0	1	0
3.04469260178524	0.25	g1279	h0	1	0
3.20198003492219	0.75	g1279	h0	1	0
3.53397721004776	1.25	g1279	h0	1	0
4.50289904703457	1.75	g1279	h0	1	0
-0.172172321632627	-1.75	g1280	h0	1	0
-0.032405218463987	-1.25	g1280	h0	1	0
0.650012541143456	-0.75	g1280	h0	1	0
1.6756595845889	-0.25	g1280	h0	1	0
2.04915259852586	0.25	g1280	h0	1	0
2.28747860464514	0.75	g1280	h0	1	0
3.22108212646926	1.25	g1280	h0	1	0
4.06803232557911	1.75	g1280	h0	1	0
-0.990769222179943	-1.75	g1281	h0	1	0
-0.467716788253036	-1.25	g1281	h0	1	0
0.627366363058432	-0.75	g1281	h0	1	0
1.2402960705703	-0.25	g1281	h0	1	0
1.43502059633615	0.25	g1281	h0	1	0
2.24532214073381	0.75	g1281	h0	1	0
3.2774360673729	1.25	g1281	h0	1	0
3.6232062745543	1.75	g1281	h0	1	0
-0.897558507985083	-1.75	g1282	h0	1	0
0.14595824189458	-1.25	g1282	h0	1	0
0.97305786088358	-0.75	g1282	h0	1	0
1.18195237210401	-0.25	g1282	h0	1	0
1.80449527546586	0.25	g1282	h0	1	0
2.9132735033137	0.75	g1282	h0	1	0
3.45327552608568	1.25	g1282	h0	1	0
3.688503760174	1.75	g1282	h0	1	0
0.205907155942344	-1.75	g1283	h0	1	0
1.17668070690994	-1.25	g1283	h0	1	0
1.45199918328016	-0.75	g1283	h0	1	0
1.85690396729728	-0.25	g1283	h0	1	0
2.91592079820649	0.25	g1283	h0	1	0
3.63666436242065	0.75	g1283	h0	1	0
3.81121809228921	1.25	g1283	h0	1	0
4.49830070168643	1.75	g1283	h0	1	0
1.56572740884237	-1.75	g1284	h0	1	0
1.94244604438476	-1.25	g1284	h0	1	0
2.1389584233818	-0.75	g1284	h0	1	0
3.02757997984521	-0.25	g1284	h0	1	0
3.87559828435988	0.25	g1284	h0	1	0
4.0444614140395	0.75	g1284	h0	1	0
4.47060447794438	1.25	g1284	h0	1	0
5.49382049949766	1.75	g1284	h0	1	0
2.28522256509673	-1.75	g1285	h0	1	0
2.31897113201395	-1.25	g1285	h0	1	0
2.94540175695369	-0.75	g1285	h0	1	0
3.83696127076896	-0.25	g1285	h0	1	0
4.05125239026251	0.25	g1285	h0	1	0
4.21648934743963	0.75	g1285	h0	1	0
5.07464486775999	1.25	g1285	h0	1	0
5.76078681666962	1.75	g1285	h0	1	0
2.17419180907716	-1.75	g1286	h0	1	0
2.49332795441075	-1.25	g1286	h0	1	0
3.33068150052039	-0.75	g1286	h0	1	0
3.62713091727318	-0.25	g1286	h0	1	0
3.5779322024264	0.25	g1286	h0	1	0
4.17991269568893	0.75	g1286	h0	1	0
4.91979005013651	1.25	g1286	h0	1	0
4.9644937818181	1.75	g1286	h0	1	0
1.72203370657792	-1.75	g1287	h0	1	0
2.41298849733262	-1.25	g1287	h0	1	0
2.80680460652724	-0.75	g1287	h0	1	0
2.62701003427684	-0.25	g1287	h0	1	0
2.92735806372106	0.25	g1287	h0	1	0
3.64813277512047	0.75	g1287	h0	1	0
3.75463256578759	1.25	g1287	h0	1	0
3.63668305457736	1.75	g1287	h0	1	0
1.36021054783627	-1.75	g1288	h0	1	0
1.84270355153495	-1.25	g1288	h0	1	0
1.63751867494735	-0.75	g1288	h0	1	0
1.64610333649136	-0.25	g1288	h0	1	0
2.27416515481926	0.25	g1288	h0	1	0
2.49082034109129	0.75	g1288	h0	1	0
2.21925294597462	1.25	g1288	h0	1	0
2.5148540074092	1.75	g1288	h0	1	0
1.06539713031991	-1.75	g1289	h0	1	0
0.941547510554829	-1.25	g1289	h0	1	0
0.722648578751597	-0.75	g1289	h0	1	0
1.19927474305634	-0.25	g1289	h0	1	0
1.54905090117408	0.25	g1289	h0	1	0
1.24377200523837	0.75	g1289	h0	1	0
1.27433093017642	1.25	g1289	h0	1	0
1.85279969772444	1.75	g1289	h0	1	0
0.742321622420444	-1.75	g1290	h0	1	0
0.403203366797507	-1.25	g1290	h0	1	0
0.697555636463318	-0.75	g1290	h0	1	0
1.17480168924054	-0.25	g1290	h0	1	0
0.960227049341702	0.25	g1290	h0	1	0
0.783476097056315	0.75	g1290	h0	1	0
1.28647862299112	1.25	g1290	h0	1	0
1.53478989719143	1.75	g1290	h0	1	0
0.651029517100031	-1.75	g1291	h0	1	0
0.767788117032621	-1.25	g1291	h0	1	0
1.3408691503853	-0.75	g1291	h0	1	0
1.32273082131154	-0.25	g1291	h0	1	0
1.03689182700239	0.25	g1291	h0	1	0
1.427679027219	0.75	g1291	h0	1	0
1.87029705260502	1.25	g1291	h0	1	0
1.61975285215243	1.75	g1291	h0	1	0
1.11431940676901	-1.75	g1292	h0	1	0
1.73345740296947	-1.25	g1292	h0	1	0
1.97936907356658	-0.75	g1292	h0	1	0
1.70521000339047	-0.25	g1292	h0	1	0
1.97019987390666	0.25	g1292	h0	1	0
2.5832511888663	0.75	g1292	h0	1	0
2.54610854455051	1.25	g1292	h0	1	0
2.36834139384635	1.75	g1292	h0	1	0
1.8811564688161	-1.75	g1293	h0	1	0
2.40867108503386	-1.25	g1293	h0	1	0
2.26700941867904	-0.75	g1293	h0	1	0
2.41996676420773	-0.25	g1293	h0	1	0
3.1481055699237	0.25	g1293	h0	1	0
3.39812030464868	0.75	g1293	h0	1	0
3.22549358956721	1.25	g1293	h0	1	0
3.66582986083778	1.75	g1293	h0	1	0
2.14599916493749	-1.75	g1294	h0	1	0
2.23499805593812	-1.25	g1294	h0	1	0
2.31558688267276	-0.75	g1294	h0	1	0
3.0842699426602	-0.25	g1294	h0	1	0
3.64183448040021	0.25	g1294	h0	1	0
3.5786597321258	0.75	g1294	h0	1	0
3.92464326790285	1.25	g1294	h0	1	0
4.76082882398658	1.75	g1294	h0	1	0
1.37434420880772	-1.75	g1295	h0	1	0
1.44122794382895	-1.25	g1295	h0	1	0
2.17249163697373	-0.75	g1295	h0	1	0
3.00156176113644	-0.25	g1295	h0	1	0
3.13504790523301	0.25	g1295	h0	1	0
3.3926457227894	0.75	g1295	h0	1	0
4.30623111206005	1.25	g1295	h0	1	0
4.88641950410345	1.75	g1295	h0	1	0
-0.0679269186896965	-1.75	g1296	h0	1	0
0.560582719686131	-1.25	g1296	h0	1	0
1.57640343140874	-0.75	g1296	h0	1	0
1.95990967107473	-0.25	g1296	h0	1	0
2.15783752977008	0.25	g1296	h0	1	0
3.04728651811797	0.75	g1296	h0	1	0
3.90169198886435	1.25	g1296	h0	1	0
4.07575656300438	1.75	g1296	h0	1	0
-1.29260129493592	-1.75	g1297	h0	1	0
-0.206578282431204	-1.25	g1297	h0	1	0
0.435951261263193	-0.75	g1297	h0	1	0
0.620060558622144	-0.25	g1297	h0	1	0
1.39391705552248	0.25	g1297	h0	1	0
2.43804170728653	0.75	g1297	h0	1	0
2.80619319924158	1.25	g1297	h0	1	0
3.11973803314912	1.75	g1297	h0	1	0
-1.7813149732772	-1.75	g1298	h0	1	0
-0.917333333759958	-1.25	g1298	h0	1	0
-0.693590509913046	-0.75	g1298	h0	1	0
-0.0989738125645542	-0.25	g1298	h0	1	0
1.01755863758004	0.25	g1298	h0	1	0
1.59670596917338	0.75	g1298	h0	1	0
1.82538411704188	1.25	g1298	h0	1	0
2.70326056369412	1.75	g1298	h0	1	0
-1.68000505224874	-1.75	g1299	h0	1	0
-1.36713362572857	-1.25	g1299	h0	1	0
-0.975901859934569	-0.75	g1299	h0	1	0
0.0852623797898493	-0.25	g1299	h0	1	0
0.854331995086709	0.25	g1299	h0	1	0
1.04665858192543	0.75	g1299	h0	1	0
1.71508305277488	1.25	g1299	h0	1	0
2.80835697345903	1.75	g1299	h0	1	0
-1.27835816583479	-1.75	g1300	h0	1	0
-1.07175898782834	-1.25	g1300	h0	1	0
-0.18023148890666	-0.75	g1300	h0	1	0
0.722489788140285	-0.25	g1300	h0	1	0
0.936711497528707	0.25	g1300	h0	1	0
1.35939733260641	0.75	g1300	h0	1	0
2.40407464293356	1.25	g1300	h0	1	0
3.04184856912941	1.75	g1300	h0	1	0
-0.565148150606159	-1.75	g1301	h0	1	0
0.0769320908390291	-1.25	g1301	h0	1	0
1.03127189171272	-0.75	g1301	h0	1	0
1.32206311656785	-0.25	g1301	h0	1	0
1.51229235761312	0.25	g1301	h0	1	0
2.39815332418747	0.75	g1301	h0	1	0
3.16264293745097	1.25	g1301	h0	1	0
3.27022296577013	1.75	g1301	h0	1	0
0.486107521179399	-1.75	g1302	h0	1	0
1.39864707201866	-1.25	g1302	h0	1	0
1.80434233460536	-0.75	g1302	h0	1	0
1.82041695360599	-0.25	g1302	h0	1	0
2.46763986608034	0.25	g1302	h0	1	0
3.30312278568888	0.75	g1302	h0	1	0
3.44739521210462	1.25	g1302	h0	1	0
3.62393042495262	1.75	g1302	h0	1	0
1.42926919922872	-1.75	g1303	h0	1	0
1.96237151492939	-1.25	g1303	h0	1	0
1.89415706843927	-0.75	g1303	h0	1	0
2.26728754295354	-0.25	g1303	h0	1	0
3.10092873596359	0.25	g1303	h0	1	0
3.34630433603198	0.75	g1303	h0	1	0
3.31884861945408	1.25	g1303	h0	1	0
3.96670220350424	1.75	g1303	h0	1	0
1.55562317837966	-1.75	g1304	h0	1	0
1.50507767846576	-1.25	g1304	h0	1	0
1.61844088425785	-0.75	g1304	h0	1	0
2.37312714259089	-0.25	g1304	h0	1	0
2.75929791838559	0.25	g1304	h0	1	0
2.62171628688005	0.75	g1304	h0	1	0
3.01974734655259	1.25	g1304	h0	1	0
3.7706497171134	1.75	g1304	h0	1	0
0.692058405940255	-1.75	g1305	h0	1	0
0.605749091970611	-1.25	g1305	h0	1	0
1.21423493795241	-0.75	g1305	h0	1	0
1.74712734110644	-0.25	g1305	h0	1	0
1.60934180670741	0.25	g1305	h0	1	0
1.76112183192131	0.75	g1305	h0	1	0
2.49119721838867	1.25	g1305	h0	1	0
2.74720853165563	1.75	g1305	h0	1	0
-0.464696252228016	-1.75	g1306	h0	1	0
-0.0469718572572597	-1.25	g1306	h0	1	0
0.603090865035772	-0.75	g1306	h0	1	0
0.568719011905996	-0.25	g1306	h0	1	0
0.520369846039412	0.25	g1306	h0	1	0
1.16091455718557	0.75	g1306	h0	1	0
1.59565287736933	1.25	g1306	h0	1	0
1.40715749311558	1.75	g1306	h0	1	0
-1.00887098349411	-1.75	g1307	h0	1	0
-0.300605205429697	-1.25	g1307	h0	1	0
-0.154630249107098	-0.75	g1307	h0	1	0
-0.32340016180209	-0.25	g1307	h0	1	0
0.170536493909483	0.25	g1307	h0	1	0
0.76778907590834	0.75	g1307	h0	1	0
0.669373326175055	1.25	g1307	h0	1	0
0.689586666065128	1.75	g1307	h0	1	0
-0.705379730859295	-1.75	g1308	h0	1	0
-0.343150289439169	-1.25	g1308	h0	1	0
-0.533937963359725	-0.75	g1308	h0	1	0
-0.21979248572815	-0.25	g1308	h0	1	0
0.486276966672345	0.25	g1308	h0	1	0
0.562374410858561	0.75	g1308	h0	1	0
0.447533236384052	1.25	g1308	h0	1	0
1.02358085018063	1.75	g1308	h0	1	0
-0.0331332800497257	-1.75	g1309	h0	1	0
-0.146790189996116	-1.25	g1309	h0	1	0
-0.0135462000057834	-0.75	g1309	h0	1	0
0.722409925778716	-0.25	g1309	h0	1	0
1.01917674569129	0.25	g1309	h0	1	0
0.853349749177241	0.75	g1309	h0	1	0
1.27429731901597	1.25	g1309	h0	1	0
1.97063499839293	1.75	g1309	h0	1	0
0.53079457852052	-1.75	g1310	h0	1	0
0.516388577865619	-1.25	g1310	h0	1	0
1.19580917812476	-0.75	g1310	h0	1	0
1.71402800169612	-0.25	g1310	h0	1	0
1.58984980546245	0.25	g1310	h0	1	0
1.83182279970773	0.75	g1310	h0	1	0
2.59937646882796	1.25	g1310	h0	1	0
2.83309845099234	1.75	g1310	h0	1	0
0.952530432575007	-1.75	g1311	h0	1	0
1.50096160542516	-1.25	g1311	h0	1	0
2.19818653468579	-0.75	g1311	h0	1	0
2.20076471286726	-0.25	g1311	h0	1	0
2.27616822693856	0.25	g1311	h0	1	0
3.02298440251573	0.75	g1311	h0	1	0
3.48276872015327	1.25	g1311	h0	1	0
3.36271460407629	1.75	g1311	h0	1	0
1.2993048192875	-1.75	g1312	h0	1	0
2.10053601230679	-1.25	g1312	h0	1	0
2.29279883013065	-0.75	g1312	h0	1	0
2.25010103033678	-0.25	g1312	h0	1	0
2.89133310051515	0.25	g1312	h0	1	0
3.54932579422098	0.75	g1312	h0	1	0
3.51804133292548	1.25	g1312	h0	1	0
3.68990223225599	1.75	g1312	h0	1	0
1.29677874158096	-1.75	g1313	h0	1	0
1.70888731458535	-1.25	g1313	h0	1	0
1.62490277478086	-0.75	g1313	h0	1	0
2.10156513548705	-0.25	g1313	h0	1	0
2.89545263474163	0.25	g1313	h0	1	0
3.02748618522581	0.75	g1313	h0	1	0
3.05345152135939	1.25	g1313	h0	1	0
3.77511065558215	1.75	g1313	h0	1	0
0.589663245435845	-1.75	g1314	h0	1	0
0.555623052570287	-1.25	g1314	h0	1	0
0.847625510330221	-0.75	g1314	h0	1	0
1.69432983278198	-0.25	g1314	h0	1	0
2.03802022595574	0.25	g1314	h0	1	0
1.98748958911777	0.75	g1314	h0	1	0
2.56574458739413	1.25	g1314	h0	1	0
3.33761375832785	1.75	g1314	h0	1	0
-0.601607930485393	-1.75	g1315	h0	1	0
-0.470903572701598	-1.25	g1315	h0	1	0
0.341838533660703	-0.75	g1315	h0	1	0
0.91028448685316	-0.25	g1315	h0	1	0
0.874632581970948	0.25	g1315	h0	1	0
1.276007335021	0.75	g1315	h0	1	0
2.14205159484124	1.25	g1315	h0	1	0
2.42282171101068	1.75	g1315	h0	1	0
-1.43830174527195	-1.75	g1316	h0	1	0
-0.733028900089214	-1.25	g1316	h0	1	0
0.0351726774968512	-0.75	g1316	h0	1	0
0.109348411968127	-0.25	g1316	h0	1	0
0.342016412759671	0.25	g1316	h0	1	0
1.21814511381613	0.75	g1316	h0	1	0
1.73049277968876	1.25	g1316	h0	1	0
1.71543991931815	1.75	g1316	h0	1	0
-1.26827737281046	-1.75	g1317	h0	1	0
-0.359498861105752	-1.25	g1317	h0	1	0
-0.0968693570327524	-0.75	g1317	h0	1	0
0.0142480145006705	-0.25	g1317	h0	1	0
0.819852604754727	0.25	g1317	h0	1	0
1.55540113222042	0.75	g1317	h0	1	0
1.61881302566363	1.25	g1317	h0	1	0
1.96671847908702	1.75	g1317	h0	1	0
-0.316766898610815	-1.75	g1318	h0	1	0
0.179318813349657	-1.25	g1318	h0	1	0
0.243972035358545	-0.75	g1318	h0	1	0
0.916242563912431	-0.25	g1318	h0	1	0
1.82609223791833	0.25	g1318	h0	1	0
2.05252769927874	0.75	g1318	h0	1	0
2.2594194947117	1.25	g1318	h0	1	0
3.15596068563219	1.75	g1318	h0	1	0
0.611043977432295	-1.75	g1319	h0	1	0
0.715229369948116	-1.25	g1319	h0	1	0
1.2195144969442	-0.75	g1319	h0	1	0
2.22184058801711	-0.25	g1319	h0	1	0
2.66517267753718	0.25	g1319	h0	1	0
2.78880443875392	0.75	g1319	h0	1	0
3.57342693073388	1.25	g1319	h0	1	0
4.46686822664081	1.75	g1319	h0	1	0
1.0077237109984	-1.75	g1320	h0	1	0
1.34214805838113	-1.25	g1320	h0	1	0
2.33618485700665	-0.75	g1320	h0	1	0
3.00664094824317	-0.25	g1320	h0	1	0
3.12071930796462	0.25	g1320	h0	1	0
3.73588431984904	0.75	g1320	h0	1	0
4.74756110426534	1.25	g1320	h0	1	0
5.1316486955082	1.75	g1320	h0	1	0
1.00603282100924	-1.75	g1321	h0	1	0
1.88994775072819	-1.25	g1321	h0	1	0
2.7499450091407	-0.75	g1321	h0	1	0
2.92736073290348	-0.25	g1321	h0	1	0
3.34646395111663	0.25	g1321	h0	1	0
4.37104107617126	0.75	g1321	h0	1	0
4.96076118940966	1.25	g1321	h0	1	0
5.08374354635996	1.75	g1321	h0	1	0
0.889239607030857	-1.75	g1322	h0	1	0
1.85909508315474	-1.25	g1322	h0	1	0
2.15569767580785	-0.75	g1322	h0	1	0
2.38659946743493	-0.25	g1322	h0	1	0
3.31171523083293	0.25	g1322	h0	1	0
4.08105077623928	0.75	g1322	h0	1	0
4.20587224475775	1.25	g1322	h0	1	0
4.69209876788296	1.75	g1322	h0	1	0
0.620655764326568	-1.75	g1323	h0	1	0
1.06298514109201	-1.25	g1323	h0	1	0
1.14527088239224	-0.75	g1323	h0	1	0
1.87266848530144	-0.25	g1323	h0	1	0
2.75429417069179	0.25	g1323	h0	1	0
2.94160329065273	0.75	g1323	h0	1	0
3.19619807848185	1.25	g1323	h0	1	0
4.12364270982079	1.75	g1323	h0	1	0
0.0997439632738236	-1.75	g1324	h0	1	0
0.0963686347471127	-1.25	g1324	h0	1	0
0.560910530294185	-0.75	g1324	h0	1	0
1.4590654920477	-0.25	g1324	h0	1	0
1.75096394577781	0.25	g1324	h0	1	0
1.80266853061352	0.75	g1324	h0	1	0
2.53726072715056	1.25	g1324	h0	1	0
3.29417931905704	1.75	g1324	h0	1	0
-0.321545447312899	-1.75	g1325	h0	1	0
-0.138735525671951	-1.25	g1325	h0	1	0
0.670974829566891	-0.75	g1325	h0	1	0
1.08286619578742	-0.25	g1325	h0	1	0
0.994776721871187	0.25	g1325	h0	1	0
1.46401939929139	0.75	g1325	h0	1	0
2.2554324753584	1.25	g1325	h0	1	0
2.38672862321754	1.75	g1325	h0	1	0
0.0120280750153086	-1.75	g1326	h0	1	0
0.640797946166701	-1.25	g1326	h0	1	0
1.15917674071384	-0.75	g1326	h0	1	0
1.01706323447313	-0.25	g1326	h0	1	0
1.196063310837	0.25	g1326	h0	1	0
1.93310807617481	0.75	g1326	h0	1	0
2.17100149044202	1.25	g1326	h0	1	0
2.0100987390654	1.75	g1326	h0	1	0
1.27347339161212	-1.75	g1327	h0	1	0
1.85995997530088	-1.25	g1327	h0	1	0
1.75658924385438	-0.75	g1327	h0	1	0
1.67435365327769	-0.25	g1327	h0	1	0
2.27523245313686	0.25	g1327	h0	1	0
2.63703628744486	0.75	g1327	h0	1	0
2.39199986169314	1.25	g1327	h0	1	0
2.57964383820814	1.75	g1327	h0	1	0
2.76446994723012	-1.75	g1328	h0	1	0
2.78286622315645	-1.25	g1328	h0	1	0
2.51822263360236	-0.75	g1328	h0	1	0
2.92612487851703	-0.25	g1328	h0	1	0
3.40249894100315	0.25	g1328	h0	1	0
3.18448201961842	0.75	g1328	h0	1	0
3.11953077336534	1.25	g1328	h0	1	0
3.700136659917	1.75	g1328	h0	1	0
3.52848419487042	-1.75	g1329	h0	1	0
3.19623878907747	-1.25	g1329	h0	1	0
3.3924308823507	-0.75	g1329	h0	1	0
3.95104590603219	-0.25	g1329	h0	1	0
3.86559654440482	0.25	g1329	h0	1	0
3.62320562003317	0.75	g1329	h0	1	0
4.07494948959973	1.25	g1329	h0	1	0
4.46217916367423	1.75	g1329	h0	1	0
3.25792450994496	-1.75	g1330	h0	1	0
3.26721698812487	-1.25	g1330	h0	1	0
3.86092130904608	-0.75	g1330	h0	1	0
3.9887723851337	-0.25	g1330	h0	1	0
3.68083676227348	0.25	g1330	h0	1	0
3.97778714083668	0.75	g1330	h0	1	0
4.51754226547179	1.25	g1330	h0	1	0
4.37494731453864	1.75	g1330	h0	1	0
2.40738722096781	-1.75	g1331	h0	1	0
2.98508847348649	-1.25	g1331	h0	1	0
3.36764680367311	-0.75	g1331	h0	1	0
3.12210250858215	-0.25	g1331	h0	1	0
3.27209008670973	0.25	g1331	h0	1	0
3.92399037476245	0.75	g1331	h0	1	0
4.02022928634222	1.25	g1331	h0	1	0
3.79183288789681	1.75	g1331	h0	1	0
1.50228969917825	-1.75	g1332	h0	1	0
2.13457856629973	-1.25	g1332	h0	1	0
2.07116407852315	-0.75	g1332	h0	1	0
2.11539106893331	-0.25	g1332	h0	1	0
2.82097963310994	0.25	g1332	h0	1	0
3.20792688150758	0.75	g1332	h0	1	0
3.0351714195299	1.25	g1332	h0	1	0
3.35962401453989	1.75	g1332	h0	1	0
0.653208878177811	-1.75	g1333	h0	1	0
0.860416598697335	-1.25	g1333	h0	1	0
0.866002257944435	-0.75	g1333	h0	1	0
1.56107930684347	-0.25	g1333	h0	1	0
2.23780408374965	0.25	g1333	h0	1	0
2.23089255325165	0.75	g1333	h0	1	0
2.46043963106071	1.25	g1333	h0	1	0
3.29818360471953	1.75	g1333	h0	1	0
-0.147602905990652	-1.75	g1334	h0	1	0
-0.100698899065216	-1.25	g1334	h0	1	0
0.526921847741502	-0.75	g1334	h0	1	0
1.44012336832422	-0.25	g1334	h0	1	0
1.68149687302039	0.25	g1334	h0	1	0
1.85162864005202	0.75	g1334	h0	1	0
2.71631728366075	1.25	g1334	h0	1	0
3.43065724606454	1.75	g1334	h0	1	0
-0.573461818225159	-1.75	g1335	h0	1	0
-0.0519047961759866	-1.25	g1335	h0	1	0
1.00246151824914	-0.75	g1335	h0	1	0
1.5302053586696	-0.25	g1335	h0	1	0
1.69315277727392	0.25	g1335	h0	1	0
2.49910679138306	0.75	g1335	h0	1	0
3.46471333536974	1.25	g1335	h0	1	0
3.73637797219868	1.75	g1335	h0	1	0
-0.192739135936898	-1.75	g1336	h0	1	0
0.883728757162075	-1.25	g1336	h0	1	0
1.68334515504967	-0.75	g1336	h0	1	0
1.89704392467816	-0.25	g1336	h0	1	0
2.5745245001209	0.25	g1336	h0	1	0
3.68995842892912	0.75	g1336	h0	1	0
4.2018865490512	1.25	g1336	h0	1	0
4.46840293399171	1.75	g1336	h0	1	0
0.856020936338751	-1.75	g1337	h0	1	0
1.86226381246216	-1.25	g1337	h0	1	0
2.17780685538458	-0.75	g1337	h0	1	0
2.68581903449464	-0.25	g1337	h0	1	0
3.82312597265619	0.25	g1337	h0	1	0
4.56719448711285	0.75	g1337	h0	1	0
4.8074264590629	1.25	g1337	h0	1	0
5.60164013472968	1.75	g1337	h0	1	0
1.75721961574066	-1.75	g1338	h0	1	0
2.20737419901408	-1.25	g1338	h0	1	0
2.54046884086905	-0.75	g1338	h0	1	0
3.569247742302	-0.25	g1338	h0	1	0
4.49313648764375	0.25	g1338	h0	1	0
4.75480497672835	0.75	g1338	h0	1	0
5.3326374123114	1.25	g1338	h0	1	0
6.47182161706488	1.75	g1338	h0	1	0
1.79431274797089	-1.75	g1339	h0	1	0
1.98214103348761	-1.25	g1339	h0	1	0
2.79390896568308	-0.75	g1339	h0	1	0
3.80996185508661	-0.25	g1339	h0	1	0
4.13690032125521	0.25	g1339	h0	1	0
4.47940789666192	0.75	g1339	h0	1	0
5.50606274926578	1.25	g1339	h0	1	0
6.29887913725543	1.75	g1339	h0	1	0
1.09398407739106	-1.75	g1340	h0	1	0
1.62212114273765	-1.25	g1340	h0	1	0
2.62315573737971	-0.75	g1340	h0	1	0
3.04501135752882	-0.25	g1340	h0	1	0
3.1787498686589	0.25	g1340	h0	1	0
3.98358781900337	0.75	g1340	h0	1	0
4.8624362863028	1.25	g1340	h0	1	0
5.04657310636592	1.75	g1340	h0	1	0
0.406899206092045	-1.75	g1341	h0	1	0
1.2859606754962	-1.25	g1341	h0	1	0
1.81077960279344	-0.75	g1341	h0	1	0
1.80100334122959	-0.25	g1341	h0	1	0
2.31602609572067	0.25	g1341	h0	1	0
3.19821292189349	0.75	g1341	h0	1	0
3.43846123893094	1.25	g1341	h0	1	0
3.51634861549855	1.75	g1341	h0	1	0
0.245441764264327	-1.75	g1342	h0	1	0
0.856752670759931	-1.25	g1342	h0	1	0
0.793138796803369	-0.75	g1342	h0	1	0
1.00382014214382	-0.25	g1342	h0	1	0
1.80191551886976	0.25	g1342	h0	1	0
2.1383079554134	0.75	g1342	h0	1	0
2.0345873971871	1.25	g1342	h0	1	0
2.53298279087741	1.75	g1342	h0	1	0
0.491423992600786	-1.75	g1343	h0	1	0
0.469295213780431	-1.25	g1343	h0	1	0
0.416494174565735	-0.75	g1343	h0	1	0
1.05472100118642	-0.25	g1343	h0	1	0
1.50315555980233	0.25	g1343	h0	1	0
1.32111330258847	0.75	g1343	h0	1	0
1.53000972257731	1.25	g1343	h0	1	0
2.24465844964072	1.75	g1343	h0	1	0
0.849142785426381	-1.75	g1344	h0	1	0
0.620488112072717	-1.25	g1344	h0	1	0
1.04926559274304	-0.75	g1344	h0	1	0
1.59784637028427	-0.25	g1344	h0	1	0
1.45077312367082	0.25	g1344	h0	1	0
1.40583703142835	0.75	g1344	h0	1	0
2.02396927369806	1.25	g1344	h0	1	0
2.32842000153267	1.75	g1344	h0	1	0
1.33804716821345	-1.75	g1345	h0	1	0
1.5438882031189	-1.25	g1345	h0	1	0
2.15534012128916	-0.75	g1345	h0	1	0
2.14408891689944	-0.25	g1345	h0	1	0
1.92589313061306	0.25	g1345	h0	1	0
2.39642376624733	0.75	g1345	h0	1	0
2.85416870470883	1.25	g1345	h0	1	0
2.62726635153778	1.75	g1345	h0	1	0
2.06978565208041	-1.75	g1346	h0	1	0
2.6894999546257	-1.25	g1346	h0	1	0
2.88310511505319	-0.75	g1346	h0	1	0
2.6017745899649	-0.25	g1346	h0	1	0
2.89807599949456	0.25	g1346	h0	1	0
3.48502623962442	0.75	g1346	h0	1	0
3.40161636363158	1.25	g1346	h0	1	0
3.24142837653537	1.75	g1346	h0	1	0
2.71171118156036	-1.75	g1347	h0	1	0
3.13488936823365	-1.25	g1347	h0	1	0
2.90944334477632	-0.75	g1347	h0	1	0
3.03584096310958	-0.25	g1347	h0	1	0
3.6986111062325	0.25	g1347	h0	1	0
3.83841409493911	0.75	g1347	h0	1	0
3.60869124155423	1.25	g1347	h0	1	0
4.0198285314733	1.75	g1347	h0	1	0
2.58237354447391	-1.75	g1348	h0	1	0
2.51876881182756	-1.25	g1348	h0	1	0
2.51135783669397	-0.75	g1348	h0	1	0
3.17954168690059	-0.25	g1348	h0	1	0
3.57599098605863	0.25	g1348	h0	1	0
3.38353925705678	0.75	g1348	h0	1	0
3.6507042092837	1.25	g1348	h0	1	0
4.36013475008665	1.75	g1348	h0	1	0
1.42979885837241	-1.75	g1349	h0	1	0
1.35125640771938	-1.25	g1349	h0	1	0
1.95338590007156	-0.75	g1349	h0	1	0
2.5889686848973	-0.25	g1349	h0	1	0
2.53320663679078	0.25	g1349	h0	1	0
2.66455694933285	0.75	g1349	h0	1	0
3.42755603855889	1.25	g1349	h0	1	0
3.80192245724671	1.75	g1349	h0	1	0
-0.11585710021971	-1.75	g1350	h0	1	0
0.363945344879111	-1.25	g1350	h0	1	0
1.17574648605219	-0.75	g1350	h0	1	0
1.33103147233538	-0.25	g1350	h0	1	0
1.36377172472171	0.25	g1350	h0	1	0
2.09212462622353	0.75	g1350	h0	1	0
2.72109501061285	1.25	g1350	h0	1	0
2.68615960005216	1.75	g1350	h0	1	0
-1.09378212414506	-1.75	g1351	h0	1	0
-0.199678453691288	-1.25	g1351	h0	1	0
0.20309468813691	-0.75	g1351	h0	1	0
0.197998315984376	-0.25	g1351	h0	1	0
0.814358570830364	0.25	g1351	h0	1	0
1.64031971842557	0.75	g1351	h0	1	0
1.77795347409857	1.25	g1351	h0	1	0
1.9255893101398	1.75	g1351	h0	1	0
-1.13406355438289	-1.75	g1352	h0	1	0
-0.491003590735254	-1.25	g1352	h0	1	0
-0.460151909276965	-0.75	g1352	h0	1	0
-0.00539519933429558	-0.25	g1352	h0	1	0
0.926327747127326	0.25	g1352	h0	1	0
1.28197504855594	0.75	g1352	h0	1	0
1.34444645200844	1.25	g1352	h0	1	0
2.07652791391034	1.75	g1352	h0	1	0
-0.637010130007181	-1.75	g1353	h0	1	0
-0.497161291242723	-1.25	g1353	h0	1	0
-0.215129024172795	-0.75	g1353	h0	1	0
0.716529060756421	-0.25	g1353	h0	1	0
1.29874803833876	0.25	g1353	h0	1	0
1.34282574422018	0.75	g1353	h0	1	0
1.90803036852426	1.25	g1353	h0	1	0
2.8451166880548	1.75	g1353	h0	1	0
-0.112520051412251	-1.75	g1354	h0	1	0
0.0265252051577963	-1.25	g1354	h0	1	0
0.858867048585793	-0.75	g1354	h0	1	0
1.63779047273885	-0.25	g1354	h0	1	0
1.7404598450684	0.25	g1354	h0	1	0
2.11229874887012	0.75	g1354	h0	1	0
3.0745162474417	1.25	g1354	h0	1	0
3.57921068365197	1.75	g1354	h0	1	0
0.339711887317479	-1.75	g1355	h0	1	0
0.999138991872542	-1.25	g1355	h0	1	0
1.91177505336944	-0.75	g1355	h0	1	0
2.14432036091313	-0.25	g1355	h0	1	0
2.34063187959686	0.25	g1355	h0	1	0
3.22859412769655	0.75	g1355	h0	1	0
3.9321269187634	1.25	g1355	h0	1	0
4.00284908698203	1.75	g1355	h0	1	0
0.76969070072633	-1.75	g1356	h0	1	0
1.73106788840612	-1.25	g1356	h0	1	0
2.14355550831411	-0.75	g1356	h0	1	0
2.22160055050437	-0.25	g1356	h0	1	0
2.95523523555528	0.25	g1356	h0	1	0
3.814154129201	0.75	g1356	h0	1	0
3.97751288772478	1.25	g1356	h0	1	0
4.23749793467474	1.75	g1356	h0	1	0
0.90318922012909	-1.75	g1357	h0	1	0
1.51258672765558	-1.25	g1357	h0	1	0
1.55573932861591	-0.75	g1357	h0	1	0
2.08824750461875	-0.25	g1357	h0	1	0
3.03087729403979	0.25	g1357	h0	1	0
3.35330690350615	0.75	g1357	h0	1	0
3.46348266574251	1.25	g1357	h0	1	0
4.26157576760964	1.75	g1357	h0	1	0
0.324507008786121	-1.75	g1358	h0	1	0
0.423419231552283	-1.25	g1358	h0	1	0
0.748287189030781	-0.75	g1358	h0	1	0
1.68668097909692	-0.25	g1358	h0	1	0
2.20338064236924	0.25	g1358	h0	1	0
2.24109115585454	0.75	g1358	h0	1	0
2.85331179999832	1.25	g1358	h0	1	0
3.7612307148225	1.75	g1358	h0	1	0
-0.846379408047213	-1.75	g1359	h0	1	0
-0.696422390902979	-1.25	g1359	h0	1	0
0.148643829273454	-0.75	g1359	h0	1	0
0.854252983871187	-0.25	g1359	h0	1	0
0.909245115441018	0.25	g1359	h0	1	0
1.3112662242908	0.75	g1359	h0	1	0
2.25318873441297	1.25	g1359	h0	1	0
2.67583290699078	1.75	g1359	h0	1	0
-1.79175542342283	-1.75	g1360	h0	1	0
-1.11465860982021	-1.25	g1360	h0	1	0
-0.267091396712443	-0.75	g1360	h0	1	0
-0.112583455191558	-0.25	g1360	h0	1	0
0.0925667119689313	0.25	g1360	h0	1	0
0.974619328474093	0.75	g1360	h0	1	0
1.59007174333737	1.25	g1360	h0	1	0
1.61367745064583	1.75	g1360	h0	1	0
-1.74220500565297	-1.75	g1361	h0	1	0
-0.833491066466669	-1.25	g1361	h0	1	0
-0.522665748021265	-0.75	g1361	h0	1	0
-0.467640406516893	-0.25	g1361	h0	1	0
0.266883609488853	0.25	g1361	h0	1	0
1.04042133052361	0.75	g1361	h0	1	0
1.12201350116921	1.25	g1361	h0	1	0
1.38534927193663	1.75	g1361	h0	1	0
-0.767745484958965	-1.75	g1362	h0	1	0
-0.281404468826129	-1.25	g1362	h0	1	0
-0.306514339263354	-0.75	g1362	h0	1	0
0.215550364131124	-0.25	g1362	h0	1	0
1.0744961714054	0.25	g1362	h0	1	0
1.27878934590798	0.75	g1362	h0	1	0
1.35506084331346	1.25	g1362	h0	1	0
2.12682882373388	1.75	g1362	h0	1	0
0.368605922940436	-1.75	g1363	h0	1	0
0.342605395658587	-1.25	g1363	h0	1	0
0.622809107842023	-0.75	g1363	h0	1	0
1.47087067233297	-0.25	g1363	h0	1	0
1.831559451492	0.25	g1363	h0	1	0
1.77988108513655	0.75	g1363	h0	1	0
2.34713652033128	1.25	g1363	h0	1	0
3.12929535837992	1.75	g1363	h0	1	0
1.06273775879784	-1.75	g1364	h0	1	0
1.11374974949884	-1.25	g1364	h0	1	0
1.85084326380244	-0.75	g1364	h0	1	0
2.36461591271762	-0.25	g1364	h0	1	0
2.2635550031322	0.25	g1364	h0	1	0
2.58197056599587	0.75	g1364	h0	1	0
3.38139052178632	1.25	g1364	h0	1	0
3.60787506101358	1.75	g1364	h0	1	0
1.3215953387841	-1.75	g1365	h0	1	0
1.86510968870741	-1.25	g1365	h0	1	0
2.49369737824724	-0.75	g1365	h0	1	0
2.4270656052903	-0.25	g1365	h0	1	0
2.49716230203743	0.25	g1365	h0	1	0
3.21885680854966	0.75	g1365	h0	1	0
3.59593802487568	1.25	g1365	h0	1	0
3.43136635588666	1.75	g1365	h0	1	0
1.36214078216646	-1.75	g1366	h0	1	0
2.04180376642617	-1.25	g1366	h0	1	0
2.08390320814516	-0.75	g1366	h0	1	0
1.95283449921288	-0.25	g1366	h0	1	0
2.51457664852968	0.25	g1366	h0	1	0
3.02845357678411	0.75	g1366	h0	1	0
2.86479049751771	1.25	g1366	h0	1	0
2.9651540209521	1.75	g1366	h0	1	0
1.11050458363072	-1.75	g1367	h0	1	0
1.31351174606719	-1.25	g1367	h0	1	0
1.06783816823022	-0.75	g1367	h0	1	0
1.41862492233427	-0.25	g1367	h0	1	0
2.02779857721365	0.25	g1367	h0	1	0
1.95807651796072	0.75	g1367	h0	1	0
1.84656146224482	1.25	g1367	h0	1	0
2.42727569765637	1.75	g1367	h0	1	0
0.398338518814588	-1.75	g1368	h0	1	0
0.148962786688985	-1.25	g1368	h0	1	0
0.281264513898495	-0.75	g1368	h0	1	0
0.926900314716827	-0.25	g1368	h0	1	0
1.02708529763576	0.25	g1368	h0	1	0
0.787956045042754	0.75	g1368	h0	1	0
1.20253193207728	1.25	g1368	h0	1	0
1.74786491467999	1.75	g1368	h0	1	0
-0.479882767753878	-1.75	g1369	h0	1	0
-0.526766978713058	-1.25	g1369	h0	1	0
0.0927031464358411	-0.75	g1369	h0	1	0
0.408471316997252	-0.25	g1369	h0	1	0
0.154777782705823	0.25	g1369	h0	1	0
0.386466439661345	0.75	g1369	h0	1	0
1.03276117092486	1.25	g1369	h0	1	0
1.06139839012959	1.75	g1369	h0	1	0
-0.808341281827721	-1.75	g1370	h0	1	0
-0.267623827288274	-1.25	g1370	h0	1	0
0.271443179973944	-0.75	g1370	h0	1	0
0.123972548940402	-0.25	g1370	h0	1	0
0.197184337899325	0.25	g1370	h0	1	0
0.886527565845678	0.75	g1370	h0	1	0
1.15861869283015	1.25	g1370	h0	1	0
0.947697886146848	1.75	g1370	h0	1	0
-0.220206812149914	-1.75	g1371	h0	1	0
0.511189429794803	-1.25	g1371	h0	1	0
0.575290072833471	-0.75	g1371	h0	1	0
0.551554965654	-0.25	g1371	h0	1	0
1.22313844777874	0.25	g1371	h0	1	0
1.76072424552591	0.75	g1371	h0	1	0
1.64574188091143	1.25	g1371	h0	1	0
1.87295160103983	1.75	g1371	h0	1	0
0.782056245838618	-1.75	g1372	h0	1	0
1.12688429122182	-1.25	g1372	h0	1	0
1.09279896239797	-0.75	g1372	h0	1	0
1.69515786675786	-0.25	g1372	h0	1	0
2.4733798999464	0.25	g1372	h0	1	0
2.55905058231255	0.75	g1372	h0	1	0
2.68980871469055	1.25	g1372	h0	1	0
3.49873356321117	1.75	g1372	h0	1	0
1.30481488335098	-1.75	g1373	h0	1	0
1.35439490015873	-1.25	g1373	h0	1	0
1.85517329908215	-0.75	g1373	h0	1	0
2.80675649813077	-0.25	g1373	h0	1	0
3.1633172052489	0.25	g1373	h0	1	0
3.25890822535014	0.75	g1373	h0	1	0
4.0327811279486	1.25	g1373	h0	1	0
4.8512256492087	1.75	g1373	h0	1	0
0.985272683608746	-1.75	g1374	h0	1	0
1.37666675609772	-1.25	g1374	h0	1	0
2.40429611654118	-0.75	g1374	h0	1	0
3.05257869470523	-0.25	g1374	h0	1	0
3.18565223232069	0.25	g1374	h0	1	0
3.86244409751379	0.75	g1374	h0	1	0
4.88097789635894	1.25	g1374	h0	1	0
5.24676451660359	1.75	g1374	h0	1	0
0.228747752666891	-1.75	g1375	h0	1	0
1.22301728143335	-1.25	g1375	h0	1	0
2.1289383149171	-0.75	g1375	h0	1	0
2.36771015552302	-0.25	g1375	h0	1	0
2.90767680261422	0.25	g1375	h0	1	0
4.01869988822105	0.75	g1375	h0	1	0
4.64633914917006	1.25	g1375	h0	1	0
4.85714004616707	1.75	g1375	h0	1	0
-0.422141674816748	-1.75	g1376	h0	1	0
0.657580970860085	-1.25	g1376	h0	1	0
1.05068250100803	-0.75	g1376	h0	1	0
1.442650488438	-0.25	g1376	h0	1	0
2.52160123522208	0.25	g1376	h0	1	0
3.38251154123183	0.75	g1376	h0	1	0
3.62600239397663	1.25	g1376	h0	1	0
4.2845142946728	1.75	g1376	h0	1	0
-0.840961229475502	-1.75	g1377	h0	1	0
-0.27581143544734	-1.25	g1377	h0	1	0
-0.0138984586513998	-0.75	g1377	h0	1	0
0.914517242876498	-0.25	g1377	h0	1	0
1.933529698694	0.25	g1377	h0	1	0
2.25713557264765	0.75	g1377	h0	1	0
2.71200619992386	1.25	g1377	h0	1	0
3.82040489248385	1.75	g1377	h0	1	0
-1.0954412232908	-1.75	g1378	h0	1	0
-0.921669932948435	-1.25	g1378	h0	1	0
-0.234215820345112	-0.75	g1378	h0	1	0
0.834483474209027	-0.25	g1378	h0	1	0
1.26786803641763	0.25	g1378	h0	1	0
1.52269730774407	0.75	g1378	h0	1	0
2.46980733253288	1.25	g1378	h0	1	0
3.37460840035278	1.75	g1378	h0	1	0
-0.95493405486545	-1.75	g1379	h0	1	0
-0.554241789582467	-1.25	g1379	h0	1	0
0.442644564329198	-0.75	g1379	h0	1	0
0.990455258221051	-0.25	g1379	h0	1	0
1.0853443109469	0.25	g1379	h0	1	0
1.77380848740134	0.75	g1379	h0	1	0
2.72582095816828	1.25	g1379	h0	1	0
3.0001762395062	1.75	g1379	h0	1	0
-0.0244859519439577	-1.75	g1380	h0	1	0
0.7890869461191	-1.25	g1380	h0	1	0
1.42899110426513	-0.75	g1380	h0	1	0
1.43153877148091	-0.25	g1380	h0	1	0
1.8110964693809	0.25	g1380	h0	1	0
2.70772992464615	0.75	g1380	h0	1	0
3.06238624930229	1.25	g1380	h0	1	0
3.07287841453344	1.75	g1380	h0	1	0
1.58092010921177	-1.75	g1381	h0	1	0
2.26739618058429	-1.25	g1381	h0	1	0
2.25863354285828	-0.75	g1381	h0	1	0
2.33545724762331	-0.25	g1381	h0	1	0
3.08021431886863	0.25	g1381	h0	1	0
3.52628855481342	0.75	g1381	h0	1	0
3.39972076299383	1.25	g1381	h0	1	0
3.7545306887426	1.75	g1381	h0	1	0
3.0206506206945	-1.75	g1382	h0	1	0
3.07875111590868	-1.25	g1382	h0	1	0
2.9140203585155	-0.75	g1382	h0	1	0
3.43545664260644	-0.25	g1382	h0	1	0
3.96081044125897	0.25	g1382	h0	1	0
3.79874736026163	0.75	g1382	h0	1	0
3.85207924930475	1.25	g1382	h0	1	0
4.52410871905585	1.75	g1382	h0	1	0
3.44030204319908	-1.75	g1383	h0	1	0
3.13831349984074	-1.25	g1383	h0	1	0
3.40448128533288	-0.75	g1383	h0	1	0
3.97638907892249	-0.25	g1383	h0	1	0
3.88259769476951	0.25	g1383	h0	1	0
3.69545000299297	0.75	g1383	h0	1	0
4.20378574998651	1.25	g1383	h0	1	0
4.58359177667551	1.75	g1383	h0	1	0
2.80592775023387	-1.75	g1384	h0	1	0
2.83142186497634	-1.25	g1384	h0	1	0
3.4037711642412	-0.75	g1384	h0	1	0
3.46431930432857	-0.25	g1384	h0	1	0
3.14129655966023	0.25	g1384	h0	1	0
3.4524488731048	0.75	g1384	h0	1	0
3.94484578025121	1.25	g1384	h0	1	0
3.74524361689547	1.75	g1384	h0	1	0
1.83340109388626	-1.75	g1385	h0	1	0
2.35695066831652	-1.25	g1385	h0	1	0
2.62421963907937	-0.75	g1385	h0	1	0
2.29386445730231	-0.25	g1385	h0	1	0
2.41045502232723	0.25	g1385	h0	1	0
2.9820768168562	0.75	g1385	h0	1	0
2.96158036086917	1.25	g1385	h0	1	0
2.67496122351415	1.75	g1385	h0	1	0
1.15570414920139	-1.75	g1386	h0	1	0
1.63941229934859	-1.25	g1386	h0	1	0
1.43010646209314	-0.75	g1386	h0	1	0
1.39177212520299	-0.25	g1386	h0	1	0
1.99190527612947	0.25	g1386	h0	1	0
2.21737118508765	0.75	g1386	h0	1	0
1.92390289987907	1.25	g1386	h0	1	0
2.1706618695463	1.75	g1386	h0	1	0
0.818875108417492	-1.75	g1387	h0	1	0
0.83498366863436	-1.25	g1387	h0	1	0
0.712141615917462	-0.75	g1387	h0	1	0
1.28443007971323	-0.25	g1387	h0	1	0
1.77389572431958	0.25	g1387	h0	1	0
1.59465452456317	0.75	g1387	h0	1	0
1.71157940606779	1.25	g1387	h0	1	0
2.402722734779	1.75	g1387	h0	1	0
0.634959964339834	-1.75	g1388	h0	1	0
0.516530484774868	-1.25	g1388	h0	1	0
1.0118703874591	-0.75	g1388	h0	1	0
1.73267707923764	-0.25	g1388	h0	1	0
1.76778179127723	0.25	g1388	h0	1	0
1.79618507964339	0.75	g1388	h0	1	0
2.51242836024093	1.25	g1388	h0	1	0
3.01592559068531	1.75	g1388	h0	1	0
0.694800601231317	-1.75	g1389	h0	1	0
1.08269948170215	-1.25	g1389	h0	1	0
1.95958638281868	-0.75	g1389	h0	1	0
2.26992821443536	-0.25	g1389	h0	1	0
2.27203174294941	0.25	g1389	h0	1	0
2.93902024227238	0.75	g1389	h0	1	0
3.70212310762368	1.25	g1389	h0	1	0
3.769676814184	1.75	g1389	h0	1	0
1.20572350056037	-1.75	g1390	h0	1	0
2.13711102601443	-1.25	g1390	h0	1	0
2.73360280498473	-0.75	g1390	h0	1	0
2.78152277656746	-0.25	g1390	h0	1	0
3.33935404869204	0.25	g1390	h0	1	0
4.28307576619653	0.75	g1390	h0	1	0
4.59377225496532	1.25	g1390	h0	1	0
4.7205377495107	1.75	g1390	h0	1	0
1.92134677675649	-1.75	g1391	h0	1	0
2.7636617674304	-1.25	g1391	h0	1	0
2.92599511290903	-0.75	g1391	h0	1	0
3.34201879945863	-0.25	g1391	h0	1	0
4.35708713261226	0.25	g1391	h0	1	0
4.92734678919348	0.75	g1391	h0	1	0
5.04047291441899	1.25	g1391	h0	1	0
5.74425093526558	1.75	g1391	h0	1	0
2.13051577587957	-1.75	g1392	h0	1	0
2.45905833266299	-1.25	g1392	h0	1	0
2.73469786450283	-0.75	g1392	h0	1	0
3.70359075989423	-0.25	g1392	h0	1	0
4.50421213226546	0.25	g1392	h0	1	0
4.66526524381365	0.75	g1392	h0	1	0
5.19863680900895	1.25	g1392	h0	1	0
6.25279269539862	1.75	g1392	h0	1	0
1.41322134308368	-1.75	g1393	h0	1	0
1.58338373111275	-1.25	g1393	h0	1	0
2.40335676160138	-0.75	g1393	h0	1	0
3.3650071856817	-0.25	g1393	h0	1	0
3.63164641706814	0.25	g1393	h0	1	0
3.97834361808755	0.75	g1393	h0	1	0
4.99451043324468	1.25	g1393	h0	1	0
5.71703266373417	1.75	g1393	h0	1	0
0.21997652447637	-1.75	g1394	h0	1	0
0.822501962897545	-1.25	g1394	h0	1	0
1.84852244236534	-0.75	g1394	h0	1	0
2.26208926745396	-0.25	g1394	h0	1	0
2.44755737739636	0.25	g1394	h0	1	0
3.31825142507927	0.75	g1394	h0	1	0
4.19843069823649	1.25	g1394	h0	1	0
4.39035788106941	1.75	g1394	h0	1	0
-0.538707473554249	-1.75	g1395	h0	1	0
0.445347652306649	-1.25	g1395	h0	1	0
1.02111462059189	-0.75	g1395	h0	1	0
1.10591715731491	-0.25	g1395	h0	1	0
1.75564443201294	0.25	g1395	h0	1	0
2.71610336895049	0.75	g1395	h0	1	0
3.01250218892004	1.25	g1395	h0	1	0
3.21003012355092	1.75	g1395	h0	1	0
-0.420172394618254	-1.75	g1396	h0	1	0
0.301995635036526	-1.25	g1396	h0	1	0
0.367818741571398	-0.75	g1396	h0	1	0
0.766094704346318	-0.25	g1396	h0	1	0
1.71465031300764	0.25	g1396	h0	1	0
2.15519264505235	0.75	g1396	h0	1	0
2.20753115041714	1.25	g1396	h0	1	0
2.89173491840924	1.75	g1396	h0	1	0
0.244581388553546	-1.75	g1397	h0	1	0
0.375835899686121	-1.25	g1397	h0	1	0
0.541060001684916	-0.75	g1397	h0	1	0
1.38684896066735	-0.25	g1397	h0	1	0
1.98154190355825	0.25	g1397	h0	1	0
1.9757792983768	0.75	g1397	h0	1	0
2.41268117674714	1.25	g1397	h0	1	0
3.30881156817393	1.75	g1397	h0	1	0
0.936771368223152	-1.75	g1398	h0	1	0
0.930447496594717	-1.25	g1398	h0	1	0
1.59984166748786	-0.75	g1398	h0	1	0
2.3249143637448	-0.25	g1398	h0	1	0
2.35650542147604	0.25	g1398	h0	1	0
2.55366533032402	0.75	g1398	h0	1	0
3.39148403149558	1.25	g1398	h0	1	0
3.8593390293324	1.75	g1398	h0	1	0
1.52498467986759	-1.75	g1399	h0	1	0
1.97440463633211	-1.25	g1399	h0	1	0
2.77522220790246	-0.75	g1399	h0	1	0
2.9272288144994	-0.25	g1399	h0	1	0
2.93483351554865	0.25	g1399	h0	1	0
3.63731895614982	0.75	g1399	h0	1	0
4.2625125586553	1.25	g1399	h0	1	0
4.21748449756994	1.75	g1399	h0	1	0
2.07858933552786	-1.75	g1400	h0	1	0
2.879253488638	-1.25	g1400	h0	1	0
3.20460436659611	-0.75	g1400	h0	1	0
3.10425482686014	-0.25	g1400	h0	1	0
3.61503340631695	0.25	g1400	h0	1	0
4.35653897439142	0.75	g1400	h0	1	0
4.41330561935306	1.25	g1400	h0	1	0
4.45780338893026	1.75	g1400	h0	1	0
2.36038650926595	-1.75	g1401	h0	1	0
2.87085174524665	-1.25	g1401	h0	1	0
2.75884454307328	-0.75	g1401	h0	1	0
3.05286807769523	-0.25	g1401	h0	1	0
3.83982459290551	0.25	g1401	h0	1	0
4.06348574789402	0.75	g1401	h0	1	0
3.97392685730093	1.25	g1401	h0	1	0
4.54759259613616	1.75	g1401	h0	1	0
1.91731016661268	-1.75	g1402	h0	1	0
1.88581385480074	-1.25	g1402	h0	1	0
1.97462999059005	-0.75	g1402	h0	1	0
2.72070900168256	-0.25	g1402	h0	1	0
3.13678337039843	0.25	g1402	h0	1	0
3.00087906644327	0.75	g1402	h0	1	0
3.37108188028418	1.25	g1402	h0	1	0
4.13179568573496	1.75	g1402	h0	1	0
0.758361528605956	-1.75	g1403	h0	1	0
0.688905642458759	-1.25	g1403	h0	1	0
1.31053731032549	-0.75	g1403	h0	1	0
1.90098032330918	-0.25	g1403	h0	1	0
1.81028616551259	0.25	g1403	h0	1	0
1.96808967798824	0.75	g1403	h0	1	0
2.72775002481575	1.25	g1403	h0	1	0
3.04689716956786	1.75	g1403	h0	1	0
-0.363598308688631	-1.75	g1404	h0	1	0
0.0711108864235329	-1.25	g1404	h0	1	0
0.779640190730469	-0.75	g1404	h0	1	0
0.813119489550501	-0.25	g1404	h0	1	0
0.788145654175506	0.25	g1404	h0	1	0
1.45687062747122	0.75	g1404	h0	1	0
1.96273207283104	1.25	g1404	h0	1	0
1.82685445333922	1.75	g1404	h0	1	0
-0.610610045946091	-1.75	g1405	h0	1	0
0.134842788961644	-1.25	g1405	h0	1	0
0.345369787877777	-0.75	g1405	h0	1	0
0.202099222372918	-0.25	g1405	h0	1	0
0.70662955484365	0.25	g1405	h0	1	0
1.35828399248773	0.75	g1405	h0	1	0
1.31519927095603	1.25	g1405	h0	1	0
1.34663901829645	1.75	g1405	h0	1	0
0.0812642682697233	-1.75	g1406	h0	1	0
0.487470513144485	-1.25	g1406	h0	1	0
0.314784323023197	-0.75	g1406	h0	1	0
0.615374661433534	-0.25	g1406	h0	1	0
1.34386397737788	0.25	g1406	h0	1	0
1.46256049540518	0.75	g1406	h0	1	0
1.34790544601269	1.25	g1406	h0	1	0
1.91749134027188	1.75	g1406	h0	1	0
1.00584171647397	-1.75	g1407	h0	1	0
0.901585515724031	-1.25	g1407	h0	1	0
1.00210833499505	-0.75	g1407	h0	1	0
1.72634196944481	-0.25	g1407	h0	1	0
2.04680878971341	0.25	g1407	h0	1	0
1.87238197378065	0.75	g1407	h0	1	0
2.25961212017952	1.25	g1407	h0	1	0
2.96254567986041	1.75	g1407	h0	1	0
1.49975980839367	-1.75	g1408	h0	1	0
1.44874172051881	-1.25	g1408	h0	1	0
2.09340312055363	-0.75	g1408	h0	1	0
2.62049507556633	-0.25	g1408	h0	1	0
2.48941672794502	0.25	g1408	h0	1	0
2.68588952442346	0.75	g1408	h0	1	0
3.43603118143501	1.25	g1408	h0	1	0
3.68197998384371	1.75	g1408	h0	1	0
1.49446643538902	-1.75	g1409	h0	1	0
2.00615113614973	-1.25	g1409	h0	1	0
2.7098081889666	-0.75	g1409	h0	1	0
2.72270366625023	-0.25	g1409	h0	1	0
2.76400636300493	0.25	g1409	h0	1	0
3.48700763718026	0.75	g1409	h0	1	0
3.96411356613478	1.25	g1409	h0	1	0
3.83797101208577	1.75	g1409	h0	1	0
1.20772326334725	-1.75	g1410	h0	1	0
2.02937226530566	-1.25	g1410	h0	1	0
2.26482509085533	-0.75	g1410	h0	1	0
2.22390071267028	-0.25	g1410	h0	1	0
2.85734749325699	0.25	g1410	h0	1	0
3.55202108084852	0.75	g1410	h0	1	0
3.55278979793438	1.25	g1410	h0	1	0
3.71371411181347	1.75	g1410	h0	1	0
0.612522367256005	-1.75	g1411	h0	1	0
1.11112588125421	-1.25	g1411	h0	1	0
1.08344484722276	-0.75	g1411	h0	1	0
1.58890533998399	-0.25	g1411	h0	1	0
2.45055768106552	0.25	g1411	h0	1	0
2.6654295645066	0.75	g1411	h0	1	0
2.73045749907004	1.25	g1411	h0	1	0
3.49007188746604	1.75	g1411	h0	1	0
-0.4471485675751	-1.75	g1412	h0	1	0
-0.363596070107239	-1.25	g1412	h0	1	0
0.00600847107187663	-0.75	g1412	h0	1	0
0.956044936502972	-0.25	g1412	h0	1	0
1.43484919867323	0.25	g1412	h0	1	0
1.48356277548413	0.75	g1412	h0	1	0
2.14072406422785	1.25	g1412	h0	1	0
3.03385776249964	1.75	g1412	h0	1	0
-1.6883897364829	-1.75	g1413	h0	1	0
-1.43198746295691	-1.25	g1413	h0	1	0
-0.486162956877358	-0.75	g1413	h0	1	0
0.257544820964385	-0.25	g1413	h0	1	0
0.376313394181773	0.25	g1413	h0	1	0
0.896578393384867	0.75	g1413	h0	1	0
1.913689759593	1.25	g1413	h0	1	0
2.3707915552606	1.75	g1413	h0	1	0
-2.33601256290132	-1.75	g1414	h0	1	0
-1.48454919135037	-1.25	g1414	h0	1	0
-0.5259550523744	-0.75	g1414	h0	1	0
-0.263061565048582	-0.25	g1414	h0	1	0
0.114656482064809	0.25	g1414	h0	1	0
1.15144171975605	0.75	g1414	h0	1	0
1.86313455675517	1.25	g1414	h0	1	0
2.01947721134382	1.75	g1414	h0	1	0
-1.8668446493411	-1.75	g1415	h0	1	0
-0.786471357980347	-1.25	g1415	h0	1	0
-0.334422797082413	-0.75	g1415	h0	1	0
-0.0770209498674223	-0.25	g1415	h0	1	0
0.870805433126733	0.25	g1415	h0	1	0
1.79300648695108	0.75	g1415	h0	1	0
2.03295847286059	1.25	g1415	h0	1	0
2.51619954137879	1.75	g1415	h0	1	0
-0.64869032824784	-1.75	g1416	h0	1	0
-0.00233253489104204	-1.25	g1416	h0	1	0
0.178556056095745	-0.75	g1416	h0	1	0
0.944136778190284	-0.25	g1416	h0	1	0
1.98864737288628	0.25	g1416	h0	1	0
2.35947645433826	0.75	g1416	h0	1	0
2.66630603640812	1.25	g1416	h0	1	0
3.66723543921239	1.75	g1416	h0	1	0
0.399447042132876	-1.75	g1417	h0	1	0
0.55894169911932	-1.25	g1417	h0	1	0
1.08130041407633	-0.75	g1417	h0	1	0
2.13176027006557	-0.25	g1417	h0	1	0
2.65087144573988	0.25	g1417	h0	1	0
2.81140219295049	0.75	g1417	h0	1	0
3.61768260046956	1.25	g1417	h0	1	0
4.57652440109593	1.75	g1417	h0	1	0
0.737785868871874	-1.75	g1418	h0	1	0
0.999286103451884	-1.25	g1418	h0	1	0
1.93319970848445	-0.75	g1418	h0	1	0
2.58360133209114	-0.25	g1418	h0	1	0
2.65204083673869	0.25	g1418	h0	1	0
3.1896606734613	0.75	g1418	h0	1	0
4.15955601625947	1.25	g1418	h0	1	0
4.52235847627779	1.75	g1418	h0	1	0
0.582920706913741	-1.75	g1419	h0	1	0
1.29546061035256	-1.25	g1419	h0	1	0
2.02861898184891	-0.75	g1419	h0	1	0
2.0719871448828	-0.25	g1419	h0	1	0
2.3148065078445	0.25	g1419	h0	1	0
3.18378345762675	0.75	g1419	h0	1	0
3.65354079884393	1.25	g1419	h0	1	0
3.62450699833115	1.75	g1419	h0	1	0
0.376466462433406	-1.75	g1420	h0	1	0
1.12199488886679	-1.25	g1420	h0	1	0
1.20686881604414	-0.75	g1420	h0	1	0
1.18186205401462	-0.25	g1420	h0	1	0
1.85256596700997	0.25	g1420	h0	1	0
2.41119204415848	0.75	g1420	h0	1	0
2.30986459652975	1.25	g1420	h0	1	0
2.53116560043028	1.75	g1420	h0	1	0
0.198006336558986	-1.75	g1421	h0	1	0
0.377879951101865	-1.25	g1421	h0	1	0
0.160358746402765	-0.75	g1421	h0	1	0
0.569961946494146	-0.25	g1421	h0	1	0
1.17688310498692	0.25	g1421	h0	1	0
1.0937278233309	0.75	g1421	h0	1	0
1.03341557020104	1.25	g1421	h0	1	0
1.65589195051894	1.75	g1421	h0	1	0
-0.079288284619905	-1.75	g1422	h0	1	0
-0.379611787008243	-1.25	g1422	h0	1	0
-0.245918117431805	-0.75	g1422	h0	1	0
0.355310121318352	-0.25	g1422	h0	1	0
0.373359637029109	0.25	g1422	h0	1	0
0.109931077818295	0.75	g1422	h0	1	0
0.519483598556552	1.25	g1422	h0	1	0
0.995807286220502	1.75	g1422	h0	1	0
-0.265199670421857	-1.75	g1423	h0	1	0
-0.369928158464068	-1.25	g1423	h0	1	0
0.170261509954584	-0.75	g1423	h0	1	0
0.34996534067714	-0.25	g1423	h0	1	0
-0.000240106068773727	0.25	g1423	h0	1	0
0.17910177245279	0.75	g1423	h0	1	0
0.719406917576854	1.25	g1423	h0	1	0
0.615003540214971	1.75	g1423	h0	1	0
0.103831931338197	-1.75	g1424	h0	1	0
0.53879374265969	-1.25	g1424	h0	1	0
0.907540175657274	-0.75	g1424	h0	1	0
0.603164188745629	-0.25	g1424	h0	1	0
0.579755581049803	0.25	g1424	h0	1	0
1.13982996797104	0.75	g1424	h0	1	0
1.23278340706219	1.25	g1424	h0	1	0
0.891283441456238	1.75	g1424	h0	1	0
1.08914435571264	-1.75	g1425	h0	1	0
1.63739966255085	-1.25	g1425	h0	1	0
1.50297367248967	-0.75	g1425	h0	1	0
1.34514661772728	-0.25	g1425	h0	1	0
1.87746670161751	0.25	g1425	h0	1	0
2.21300430773325	0.75	g1425	h0	1	0
1.92117597159185	1.25	g1425	h0	1	0
2.0262840338287	1.75	g1425	h0	1	0
2.00487441623146	-1.75	g1426	h0	1	0
2.13288849272704	-1.25	g1426	h0	1	0
1.93777954395125	-0.75	g1426	h0	1	0
2.40244720758408	-0.25	g1426	h0	1	0
2.97974372267077	0.25	g1426	h0	1	0
2.86133067988088	0.75	g1426	h0	1	0
2.85224695427711	1.25	g1426	h0	1	0
3.50399251971077	1.75	g1426	h0	1	0
2.02048557478532	-1.75	g1427	h0	1	0
1.89605319773517	-1.25	g1427	h0	1	0
2.27002256664997	-0.75	g1427	h0	1	0
3.04366868581751	-0.25	g1427	h0	1	0
3.19140076810829	0.25	g1427	h0	1	0
3.13914680696264	0.75	g1427	h0	1	0
3.77661014003318	1.25	g1427	h0	1	0
4.39401311101023	1.75	g1427	h0	1	0
1.04058023714121	-1.75	g1428	h0	1	0
1.32323761087276	-1.25	g1428	h0	1	0
2.21326036572259	-0.75	g1428	h0	1	0
2.67144523829103	-0.25	g1428	h0	1	0
2.6600376615862	0.25	g1428	h0	1	0
3.23028606131975	0.75	g1428	h0	1	0
4.08455623094304	1.25	g1428	h0	1	0
4.26655653046373	1.75	g1428	h0	1	0
-0.230958794619217	-1.75	g1429	h0	1	0
0.677399305252273	-1.25	g1429	h0	1	0
1.43374081568358	-0.75	g1429	h0	1	0
1.54412510434152	-0.25	g1429	h0	1	0
2.01261123790486	0.25	g1429	h0	1	0
3.01280629985259	0.75	g1429	h0	1	0
3.48526387130461	1.25	g1429	h0	1	0
3.59438111817671	1.75	g1429	h0	1	0
-1.07800809433307	-1.75	g1430	h0	1	0
-0.0898050933982402	-1.25	g1430	h0	1	0
0.204336294192338	-0.75	g1430	h0	1	0
0.561921183468756	-0.25	g1430	h0	1	0
1.59332676329791	0.25	g1430	h0	1	0
2.3463140652957	0.75	g1430	h0	1	0
2.51430684042315	1.25	g1430	h0	1	0
3.14735369905475	1.75	g1430	h0	1	0
-1.36842380174491	-1.75	g1431	h0	1	0
-0.860169100130611	-1.25	g1431	h0	1	0
-0.595726494823016	-0.75	g1431	h0	1	0
0.350855650092801	-0.25	g1431	h0	1	0
1.32362108162858	0.25	g1431	h0	1	0
1.60589349575589	0.75	g1431	h0	1	0
2.08227651439571	1.25	g1431	h0	1	0
3.18722378462009	1.75	g1431	h0	1	0
-1.29318375331318	-1.75	g1432	h0	1	0
-1.08156492217984	-1.25	g1432	h0	1	0
-0.314932394766564	-0.75	g1432	h0	1	0
0.777286066198225	-0.25	g1432	h0	1	0
1.21061636670782	0.25	g1432	h0	1	0
1.52857145705969	0.75	g1432	h0	1	0
2.54222384763368	1.25	g1432	h0	1	0
3.44929719038971	1.75	g1432	h0	1	0
-0.823768178806803	-1.75	g1433	h0	1	0
-0.293669636898065	-1.25	g1433	h0	1	0
0.79676958861553	-0.75	g1433	h0	1	0
1.3907534410243	-0.25	g1433	h0	1	0
1.58278501225602	0.25	g1433	h0	1	0
2.39951022959119	0.75	g1433	h0	1	0
3.41888637298998	1.25	g1433	h0	1	0
3.74891541265522	1.75	g1433	h0	1	0
0.213449944547877	-1.75	g1434	h0	1	0
1.18243989459573	-1.25	g1434	h0	1	0
1.91598275757698	-0.75	g1434	h0	1	0
2.04080736259883	-0.25	g1434	h0	1	0
2.59528364512984	0.25	g1434	h0	1	0
3.62140273737702	0.75	g1434	h0	1	0
4.06739791393516	1.25	g1434	h0	1	0
4.22683217372052	1.75	g1434	h0	1	0
1.5671773705904	-1.75	g1435	h0	1	0
2.3908733871392	-1.25	g1435	h0	1	0
2.51995143223979	-0.75	g1435	h0	1	0
2.79832813783363	-0.25	g1435	h0	1	0
3.72369078669911	0.25	g1435	h0	1	0
4.29334131779084	0.75	g1435	h0	1	0
4.32949178392069	1.25	g1435	h0	1	0
4.89156145503223	1.75	g1435	h0	1	0
2.45693894397585	-1.75	g1436	h0	1	0
2.65844869090839	-1.25	g1436	h0	1	0
2.69925954384728	-0.75	g1436	h0	1	0
3.43393483115282	-0.25	g1436	h0	1	0
4.1079395093414	0.25	g1436	h0	1	0
4.10743601633006	0.75	g1436	h0	1	0
4.38279724141012	1.25	g1436	h0	1	0
5.24465515800474	1.75	g1436	h0	1	0
2.29267942311545	-1.75	g1437	h0	1	0
2.17752999701329	-1.25	g1437	h0	1	0
2.66535072494946	-0.75	g1437	h0	1	0
3.3995890254491	-0.25	g1437	h0	1	0
3.45224046683906	0.25	g1437	h0	1	0
3.47592681896737	0.75	g1437	h0	1	0
4.19044101028709	1.25	g1437	h0	1	0
4.71351957867935	1.75	g1437	h0	1	0
1.36281766710137	-1.75	g1438	h0	1	0
1.59125005405104	-1.25	g1438	h0	1	0
2.32425985965135	-0.75	g1438	h0	1	0
2.50393907113342	-0.25	g1438	h0	1	0
2.35557465444176	0.25	g1438	h0	1	0
2.86519939537246	0.75	g1438	h0	1	0
3.49294385764344	1.25	g1438	h0	1	0
3.42501441765671	1.75	g1438	h0	1	0
0.564072175817812	-1.75	g1439	h0	1	0
1.22852526419558	-1.25	g1439	h0	1	0
1.577772588097	-0.75	g1439	h0	1	0
1.36503363826772	-0.25	g1439	h0	1	0
1.64679573886542	0.25	g1439	h0	1	0
2.33277921503961	0.75	g1439	h0	1	0
2.39529943919988	1.25	g1439	h0	1	0
2.25250709975232	1.75	g1439	h0	1	0
0.475171697375128	-1.75	g1440	h0	1	0
0.996696112449397	-1.25	g1440	h0	1	0
0.83387883277108	-0.75	g1440	h0	1	0
0.903887045269825	-0.25	g1440	h0	1	0
1.58395664506922	0.25	g1440	h0	1	0
1.83656765221135	0.75	g1440	h0	1	0
1.61549304168466	1.25	g1440	h0	1	0
1.97300099648246	1.75	g1440	h0	1	0
0.916062749171632	-1.75	g1441	h0	1	0
0.902058079875619	-1.25	g1441	h0	1	0
0.812973833772452	-0.75	g1441	h0	1	0
1.41865803347879	-0.25	g1441	h0	1	0
1.87776389238165	0.25	g1441	h0	1	0
1.68886544680193	0.75	g1441	h0	1	0
1.8532836957911	1.25	g1441	h0	1	0
2.55298460329881	1.75	g1441	h0	1	0
1.43074925788405	-1.75	g1442	h0	1	0
1.26267600873658	-1.25	g1442	h0	1	0
1.73612599321069	-0.75	g1442	h0	1	0
2.37298228325562	-0.25	g1442	h0	1	0
2.31618242887145	0.25	g1442	h0	1	0
2.31727931950739	0.75	g1442	h0	1	0
2.99356106098535	1.25	g1442	h0	1	0
3.39653606157686	1.75	g1442	h0	1	0
1.89460509195824	-1.75	g1443	h0	1	0
2.20196725612307	-1.25	g1443	h0	1	0
2.95027464008431	-0.75	g1443	h0	1	0
3.09700545332866	-0.25	g1443	h0	1	0
2.994717163676	0.25	g1443	h0	1	0
3.57345213827725	0.75	g1443	h0	1	0
4.18393354095921	1.25	g1443	h0	1	0
4.10326334500049	1.75	g1443	h0	1	0
2.40368831544471	-1.75	g1444	h0	1	0
3.17496882992027	-1.25	g1444	h0	1	0
3.5562005670506	-0.75	g1444	h0	1	0
3.43094224525871	-0.25	g1444	h0	1	0
3.85732255485381	0.25	g1444	h0	1	0
4.61419893423084	0.75	g1444	h0	1	0
4.71399569530184	1.25	g1444	h0	1	0
4.69293011531963	1.75	g1444	h0	1	0
2.75054426026207	-1.75	g1445	h0	1	0
3.35290635112986	-1.25	g1445	h0	1	0
3.29187539920548	-0.75	g1445	h0	1	0
3.54356583495249	-0.25	g1445	h0	1	0
4.35887913538177	0.25	g1445	h0	1	0
4.68165362658383	0.75	g1445	h0	1	0
4.59794412067152	1.25	g1445	h0	1	0
5.13645748906784	1.75	g1445	h0	1	0
2.43010279036429	-1.75	g1446	h0	1	0
2.512008623292	-1.25	g1446	h0	1	0
2.60562506990153	-0.75	g1446	h0	1	0
3.38407899230155	-0.25	g1446	h0	1	0
3.93233274568515	0.25	g1446	h0	1	0
3.86919175143546	0.75	g1446	h0	1	0
4.23130942002969	1.25	g1446	h0	1	0
5.06914792904336	1.75	g1446	h0	1	0
1.31398101845473	-1.75	g1447	h0	1	0
1.30334435269223	-1.25	g1447	h0	1	0
1.96277938293271	-0.75	g1447	h0	1	0
2.70006111453115	-0.25	g1447	h0	1	0
2.74243505139482	0.25	g1447	h0	1	0
2.92866466219062	0.75	g1447	h0	1	0
3.76390656208561	1.25	g1447	h0	1	0
4.2482328483314	1.75	g1447	h0	1	0
0.0566858557587825	-1.75	g1448	h0	1	0
0.545251330687212	-1.25	g1448	h0	1	0
1.40425324298196	-0.75	g1448	h0	1	0
1.62281425306891	-0.25	g1448	h0	1	0
1.67526416265864	0.25	g1448	h0	1	0
2.42115081911535	0.75	g1448	h0	1	0
3.11191552175846	1.25	g1448	h0	1	0
3.1268295057583	1.75	g1448	h0	1	0
-0.45208422317034	-1.75	g1449	h0	1	0
0.443887450648077	-1.25	g1449	h0	1	0
0.881050182859914	-0.75	g1449	h0	1	0
0.875117832669033	-0.25	g1449	h0	1	0
1.46935883673471	0.25	g1449	h0	1	0
2.31521648644722	0.75	g1449	h0	1	0
2.48062537209333	1.25	g1449	h0	1	0
2.61150699920248	1.75	g1449	h0	1	0
0.00773825076597753	-1.75	g1450	h0	1	0
0.668470050090195	-1.25	g1450	h0	1	0
0.697103137584609	-0.75	g1450	h0	1	0
1.11347658780169	-0.25	g1450	h0	1	0
2.03824462670787	0.25	g1450	h0	1	0
2.41307483043416	0.75	g1450	h0	1	0
2.45496181505571	1.25	g1450	h0	1	0
3.15300835674802	1.75	g1450	h0	1	0
0.841864027334036	-1.75	g1451	h0	1	0
0.995619487451463	-1.25	g1451	h0	1	0
1.24769312357822	-0.75	g1451	h0	1	0
2.16399315845816	-0.25	g1451	h0	1	0
2.77006119012763	0.25	g1451	h0	1	0
2.81087879154503	0.75	g1451	h0	1	0
3.34226507388876	1.25	g1451	h0	1	0
4.28239146579332	1.75	g1451	h0	1	0
1.38377610397874	-1.75	g1452	h0	1	0
1.52020393237856	-1.25	g1452	h0	1	0
2.3448020859161	-0.75	g1452	h0	1	0
3.16047330971985	-0.25	g1452	h0	1	0
3.29082224310506	0.25	g1452	h0	1	0
3.64874233611466	0.75	g1452	h0	1	0
4.61938074673025	1.25	g1452	h0	1	0
5.1669672340489	1.75	g1452	h0	1	0
1.51832729802133	-1.75	g1453	h0	1	0
2.18638669464213	-1.25	g1453	h0	1	0
3.14859675394462	-0.75	g1453	h0	1	0
3.44148931768662	-0.25	g1453	h0	1	0
3.65376930209133	0.25	g1453	h0	1	0
4.56108530248961	0.75	g1453	h0	1	0
5.32727059940886	1.25	g1453	h0	1	0
5.44344601534904	1.75	g1453	h0	1	0
1.45996855173382	-1.75	g1454	h0	1	0
2.47449348365278	-1.25	g1454	h0	1	0
2.96860447975428	-0.75	g1454	h0	1	0
3.0899254808648	-0.25	g1454	h0	1	0
3.8505947972888	0.25	g1454	h0	1	0
4.78007734917331	0.75	g1454	h0	1	0
5.01635365586428	1.25	g1454	h0	1	0
5.30497624248587	1.75	g1454	h0	1	0
1.19629105070469	-1.75	g1455	h0	1	0
1.88632485628733	-1.25	g1455	h0	1	0
1.9854119218687	-0.75	g1455	h0	1	0
2.54121147656779	-0.25	g1455	h0	1	0
3.54224888092378	0.25	g1455	h0	1	0
3.94452575815428	0.75	g1455	h0	1	0
4.09259247616367	1.25	g1455	h0	1	0
4.92052256191872	1.75	g1455	h0	1	0
0.520118167529016	-1.75	g1456	h0	1	0
0.664665882617412	-1.25	g1456	h0	1	0
0.992606054531221	-0.75	g1456	h0	1	0
1.95380287289174	-0.25	g1456	h0	1	0
2.52957395209935	0.25	g1456	h0	1	0
2.59505405385322	0.75	g1456	h0	1	0
3.20876238833912	1.25	g1456	h0	1	0
4.15785575978064	1.75	g1456	h0	1	0
-0.397422413267854	-1.75	g1457	h0	1	0
-0.281285617152117	-1.25	g1457	h0	1	0
0.530388050107357	-0.75	g1457	h0	1	0
1.24650037288063	-0.25	g1457	h0	1	0
1.29756357730081	0.25	g1457	h0	1	0
1.65636443267782	0.75	g1457	h0	1	0
2.58203423243249	1.25	g1457	h0	1	0
3.01911333511582	1.75	g1457	h0	1	0
-0.844142873647287	-1.75	g1458	h0	1	0
-0.26820194723496	-1.25	g1458	h0	1	0
0.52101655898863	-0.75	g1458	h0	1	0
0.622479047716462	-0.25	g1458	h0	1	0
0.730084639281713	0.25	g1458	h0	1	0
1.52348636172032	0.75	g1458	h0	1	0
2.09194957805921	1.25	g1458	h0	1	0
2.04638071837386	1.75	g1458	h0	1	0
-0.246860274658847	-1.75	g1459	h0	1	0
0.528178378408225	-1.25	g1459	h0	1	0
0.729314007374328	-0.75	g1459	h0	1	0
0.633778424977367	-0.25	g1459	h0	1	0
1.20679541981315	0.25	g1459	h0	1	0
1.86318958110127	0.75	g1459	h0	1	0
1.82443063485972	1.25	g1459	h0	1	0
1.92407516169394	1.75	g1459	h0	1	0
1.10641396319717	-1.75	g1460	h0	1	0
1.43243426617404	-1.25	g1460	h0	1	0
1.217875672845	-0.75	g1460	h0	1	0
1.521879219357	-0.25	g1460	h0	1	0
2.20102034894004	0.25	g1460	h0	1	0
2.2419159880887	0.75	g1460	h0	1	0
2.11129896004634	1.25	g1460	h0	1	0
2.67364657510385	1.75	g1460	h0	1	0
2.27479165531208	-1.75	g1461	h0	1	0
2.04636004904179	-1.25	g1461	h0	1	0
2.08353515721649	-0.75	g1461	h0	1	0
2.713121460562	-0.25	g1461	h0	1	0
2.88809904068708	0.25	g1461	h0	1	0
2.61570313356425	0.75	g1461	h0	1	0
2.9406453383894	1.25	g1461	h0	1	0
3.52238714530337	1.75	g1461	h0	1	0
2.587918315716	-1.75	g1462	h0	1	0
2.41269805909108	-1.25	g1462	h0	1	0
2.92953425448644	-0.75	g1462	h0	1	0
3.26566497909961	-0.25	g1462	h0	1	0
2.96739126308711	0.25	g1462	h0	1	0
3.05222249077498	0.75	g1462	h0	1	0
3.64923291331182	1.25	g1462	h0	1	0
3.6997334844291	1.75	g1462	h0	1	0
2.15167386725685	-1.75	g1463	h0	1	0
2.51607357441657	-1.25	g1463	h0	1	0
3.00955169392634	-0.75	g1463	h0	1	0
2.80756089596472	-0.25	g1463	h0	1	0
2.69837308072925	0.25	g1463	h0	1	0
3.25504645390962	0.75	g1463	h0	1	0
3.50648145623963	1.25	g1463	h0	1	0
3.18943807742669	1.75	g1463	h0	1	0
1.41791642768006	-1.75	g1464	h0	1	0
2.03646538227138	-1.25	g1464	h0	1	0
2.03657229793772	-0.75	g1464	h0	1	0
1.82075340225313	-0.25	g1464	h0	1	0
2.29226520327744	0.25	g1464	h0	1	0
2.76041782673115	0.75	g1464	h0	1	0
2.54231146061765	1.25	g1464	h0	1	0
2.54650734510363	1.75	g1464	h0	1	0
0.55938295687136	-1.75	g1465	h0	1	0
0.83134236220572	-1.25	g1465	h0	1	0
0.621521095374951	-0.75	g1465	h0	1	0
0.984024592120764	-0.25	g1465	h0	1	0
1.64571509826947	0.25	g1465	h0	1	0
1.63962865115107	0.75	g1465	h0	1	0
1.54740178559448	1.25	g1465	h0	1	0
2.15043398750905	1.75	g1465	h0	1	0
-0.468103376950321	-1.75	g1466	h0	1	0
-0.555578775619298	-1.25	g1466	h0	1	0
-0.29937536475807	-0.75	g1466	h0	1	0
0.499155079811114	-0.25	g1466	h0	1	0
0.780983484332493	0.25	g1466	h0	1	0
0.685332724839699	0.75	g1466	h0	1	0
1.22681441057711	1.25	g1466	h0	1	0
1.9425054487768	1.75	g1466	h0	1	0
-1.40760140077297	-1.75	g1467	h0	1	0
-1.22863237472895	-1.25	g1467	h0	1	0
-0.371880003442237	-0.75	g1467	h0	1	0
0.221840890152109	-0.25	g1467	h0	1	0
0.221695619780125	0.25	g1467	h0	1	0
0.674048027009477	0.75	g1467	h0	1	0
1.57590239521679	1.25	g1467	h0	1	0
1.88185063192245	1.75	g1467	h0	1	0
-1.6729536488466	-1.75	g1468	h0	1	0
-0.843068438997832	-1.25	g1468	h0	1	0
0.0296830253468955	-0.75	g1468	h0	1	0
0.210098577632199	-0.25	g1468	h0	1	0
0.568529720991453	0.25	g1468	h0	1	0
1.56250294033759	0.75	g1468	h0	1	0
2.17569814615542	1.25	g1468	h0	1	0
2.27483414133477	1.75	g1468	h0	1	0
-1.02128373624731	-1.75	g1469	h0	1	0
0.0466993464695471	-1.25	g1469	h0	1	0
0.461346039161231	-0.75	g1469	h0	1	0
0.744179704537463	-0.25	g1469	h0	1	0
1.72240319705775	0.25	g1469	h0	1	0
2.61058355468283	0.75	g1469	h0	1	0
2.83210131636784	1.25	g1469	h0	1	0
3.35635328096683	1.75	g1469	h0	1	0
-0.0211264144976903	-1.75	g1470	h0	1	0
0.638367364140063	-1.25	g1470	h0	1	0
0.882392111177258	-0.75	g1470	h0	1	0
1.74357878519251	-0.25	g1470	h0	1	0
2.82333604444447	0.25	g1470	h0	1	0
3.21619893410858	0.75	g1470	h0	1	0
3.60963702228543	1.25	g1470	h0	1	0
4.68978596955059	1.75	g1470	h0	1	0
0.434215703584389	-1.75	g1471	h0	1	0
0.686070594435545	-1.25	g1471	h0	1	0
1.3543166854535	-0.75	g1471	h0	1	0
2.50634800589721	-0.25	g1471	h0	1	0
3.08764198801531	0.25	g1471	h0	1	0
3.36723795361855	0.75	g1471	h0	1	0
4.31382455530623	1.25	g1471	h0	1	0
5.34931344803795	1.75	g1471	h0	1	0
0.048241992188079	-1.75	g1472	h0	1	0
0.48660071233548	-1.25	g1472	h0	1	0
1.57789957377938	-0.75	g1472	h0	1	0
2.32794295209109	-0.25	g1472	h0	1	0
2.5339198436606	0.25	g1472	h0	1	0
3.25473040145392	0.75	g1472	h0	1	0
4.35535565957152	1.25	g1472	h0	1	0
4.81997172016482	1.75	g1472	h0	1	0
-0.657091224621873	-1.75	g1473	h0	1	0
0.251608484127271	-1.25	g1473	h0	1	0
1.11629378611174	-0.75	g1473	h0	1	0
1.30257322730933	-0.25	g1473	h0	1	0
1.7493046974806	0.25	g1473	h0	1	0
2.79134779074277	0.75	g1473	h0	1	0
3.38301149793895	1.25	g1473	h0	1	0
3.52305196837246	1.75	g1473	h0	1	0
-1.03702331418992	-1.75	g1474	h0	1	0
-0.136993511001868	-1.25	g1474	h0	1	0
0.0849943955870921	-0.75	g1474	h0	1	0
0.261337695870196	-0.25	g1474	h0	1	0
1.13028528176838	0.25	g1474	h0	1	0
1.82391000689243	0.75	g1474	h0	1	0
1.88086519770325	1.25	g1474	h0	1	0
2.31626537441305	1.75	g1474	h0	1	0
-0.97436580126235	-1.75	g1475	h0	1	0
-0.672100480684949	-1.25	g1475	h0	1	0
-0.712513271200326	-0.75	g1475	h0	1	0
-0.100551671590229	-0.25	g1475	h0	1	0
0.645955459560579	0.25	g1475	h0	1	0
0.697162989279891	0.75	g1475	h0	1	0
0.835652364188638	1.25	g1475	h0	1	0
1.64159506718905	1.75	g1475	h0	1	0
-0.701408930635618	-1.75	g1476	h0	1	0
-0.866660722110754	-1.25	g1476	h0	1	0
-0.549302584035025	-0.75	g1476	h0	1	0
0.185754301496811	-0.25	g1476	h0	1	0
0.304939254708196	0.25	g1476	h0	1	0
0.202912348802114	0.75	g1476	h0	1	0
0.787332486015624	1.25	g1476	h0	1	0
1.37396141298485	1.75	g1476	h0	1	0
-0.235741139157021	-1.75	g1477	h0	1	0
-0.197444582936705	-1.25	g1477	h0	1	0
0.458766245648072	-0.75	g1477	h0	1	0
0.700819498096893	-0.25	g1477	h0	1	0
0.45709071078718	0.25	g1477	h0	1	0
0.782502697245633	0.75	g1477	h0	1	0
1.41211887619329	1.25	g1477	h0	1	0
1.37554141686478	1.75	g1477	h0	1	0
0.628733989798908	-1.75	g1478	h0	1	0
1.14894772846668	-1.25	g1478	h0	1	0
1.53895280806447	-0.75	g1478	h0	1	0
1.27506188350479	-0.25	g1478	h0	1	0
1.34999765110175	0.25	g1478	h0	1	0
1.97073064625323	0.75	g1478	h0	1	0
2.07850659311709	1.25	g1478	h0	1	0
1.80413838537843	1.75	g1478	h0	1	0
1.74984614322087	-1.75	g1479	h0	1	0
2.27857779768271	-1.25	g1479	h0	1	0
2.11513617827057	-0.75	g1479	h0	1	0
1.99293020563784	-0.25	g1479	h0	1	0
2.5497417459179	0.25	g1479	h0	1	0
2.84868487660211	0.75	g1479	h0	1	0
2.55088045788919	1.25	g1479	h0	1	0
2.70132992171123	1.75	g1479	h0	1	0
2.42022863239072	-1.75	g1480	h0	1	0
2.45399465466138	-1.25	g1480	h0	1	0
2.22321758480447	-0.75	g1480	h0	1	0
2.66985352617802	-0.25	g1480	h0	1	0
3.16491169475309	0.25	g1480	h0	1	0
2.9671082949384	0.75	g1480	h0	1	0
2.94193221812603	1.25	g1480	h0	1	0
3.55454293886422	1.75	g1480	h0	1	0
2.00987943659323	-1.75	g1481	h0	1	0
1.77824965636992	-1.25	g1481	h0	1	0
2.08792218630993	-0.75	g1481	h0	1	0
2.74269292915676	-0.25	g1481	h0	1	0
2.74606172835024	0.25	g1481	h0	1	0
2.61215464627643	0.75	g1481	h0	1	0
3.17344580598006	1.25	g1481	h0	1	0
3.65021780785789	1.75	g1481	h0	1	0
0.726795895214675	-1.75	g1482	h0	1	0
0.899342203755699	-1.25	g1482	h0	1	0
1.64514048257564	-0.75	g1482	h0	1	0
1.91033791992447	-0.25	g1482	h0	1	0
1.75561358263716	0.25	g1482	h0	1	0
2.21546132095891	0.75	g1482	h0	1	0
2.89915864997889	1.25	g1482	h0	1	0
2.89686725453017	1.75	g1482	h0	1	0
-0.517917115282207	-1.75	g1483	h0	1	0
0.233573188301257	-1.25	g1483	h0	1	0
0.770691197204795	-0.75	g1483	h0	1	0
0.688620630341468	-0.25	g1483	h0	1	0
1.01846738361307	0.25	g1483	h0	1	0
1.83608520807204	0.75	g1483	h0	1	0
2.08616793706071	1.25	g1483	h0	1	0
2.02954516885525	1.75	g1483	h0	1	0
-1.0146139813088	-1.75	g1484	h0	1	0
-0.246127435630346	-1.25	g1484	h0	1	0
-0.173151031597427	-0.75	g1484	h0	1	0
0.0272981983769803	-0.25	g1484	h0	1	0
0.882588824430608	0.25	g1484	h0	1	0
1.40148697498809	0.75	g1484	h0	1	0
1.37286589711455	1.25	g1484	h0	1	0
1.85531703553323	1.75	g1484	h0	1	0
-0.814127866663689	-1.75	g1485	h0	1	0
-0.529529106886118	-1.25	g1485	h0	1	0
-0.427212845026494	-0.75	g1485	h0	1	0
0.366990727397095	-0.25	g1485	h0	1	0
1.1227380733394	0.25	g1485	h0	1	0
1.19886712745689	0.75	g1485	h0	1	0
1.53027684250512	1.25	g1485	h0	1	0
2.45986047744467	1.75	g1485	h0	1	0
-0.347758319944032	-1.75	g1486	h0	1	0
-0.286756059294049	-1.25	g1486	h0	1	0
0.365799229974639	-0.75	g1486	h0	1	0
1.28547035742038	-0.25	g1486	h0	1	0
1.52836820652499	0.25	g1486	h0	1	0
1.72006698292524	0.75	g1486	h0	1	0
2.6048735155899	1.25	g1486	h0	1	0
3.31975102733086	1.75	g1486	h0	1	0
0.212077642842368	-1.75	g1487	h0	1	0
0.67703857853618	-1.25	g1487	h0	1	0
1.66164926221063	-0.75	g1487	h0	1	0
2.10671085592648	-0.25	g1487	h0	1	0
2.20425966103322	0.25	g1487	h0	1	0
2.95222753231979	0.75	g1487	h0	1	0
3.84019943638	1.25	g1487	h0	1	0
4.03308559063526	1.75	g1487	h0	1	0
0.933726541642045	-1.75	g1488	h0	1	0
1.87754458701055	-1.25	g1488	h0	1	0
2.5261698588696	-0.75	g1488	h0	1	0
2.59997028939135	-0.25	g1488	h0	1	0
3.15235477736786	0.25	g1488	h0	1	0
4.12687734288785	0.75	g1488	h0	1	0
4.48813753074709	1.25	g1488	h0	1	0
4.62291398086867	1.75	g1488	h0	1	0
1.6082614325612	-1.75	g1489	h0	1	0
2.42648345669568	-1.25	g1489	h0	1	0
2.55670501969354	-0.75	g1489	h0	1	0
2.89864863668324	-0.25	g1489	h0	1	0
3.86104521767849	0.25	g1489	h0	1	0
4.41377133063646	0.75	g1489	h0	1	0
4.47674515173283	1.25	g1489	h0	1	0
5.10563930197321	1.75	g1489	h0	1	0
1.67494342720615	-1.75	g1490	h0	1	0
1.93387388424254	-1.25	g1490	h0	1	0
2.09562515084577	-0.75	g1490	h0	1	0
2.95294797746873	-0.25	g1490	h0	1	0
3.68553585252067	0.25	g1490	h0	1	0
3.76234742564932	0.75	g1490	h0	1	0
4.17311187091041	1.25	g1490	h0	1	0
5.13310877796477	1.75	g1490	h0	1	0
0.87381243595145	-1.75	g1491	h0	1	0
0.922552927091401	-1.25	g1491	h0	1	0
1.60387183831132	-0.75	g1491	h0	1	0
2.47015851550929	-0.25	g1491	h0	1	0
2.64485492475327	0.25	g1491	h0	1	0
2.85522752437481	0.75	g1491	h0	1	0
3.74580831189898	1.25	g1491	h0	1	0
4.38370027500674	1.75	g1491	h0	1	0
-0.240294312354345	-1.75	g1492	h0	1	0
0.227855159799109	-1.25	g1492	h0	1	0
1.15394816929354	-0.75	g1492	h0	1	0
1.48995816085939	-0.25	g1492	h0	1	0
1.55628384556626	0.25	g1492	h0	1	0
2.29873223844991	0.75	g1492	h0	1	0
3.09515572967967	1.25	g1492	h0	1	0
3.19823637561546	1.75	g1492	h0	1	0
-0.73068589337645	-1.75	g1493	h0	1	0
0.166050565782358	-1.25	g1493	h0	1	0
0.691377332603095	-0.75	g1493	h0	1	0
0.695207441805909	-0.25	g1493	h0	1	0
1.23682478087846	0.25	g1493	h0	1	0
2.12836391948565	0.75	g1493	h0	1	0
2.370477284649	1.25	g1493	h0	1	0
2.46986070743886	1.75	g1493	h0	1	0
-0.217478294672914	-1.75	g1494	h0	1	0
0.482374832521628	-1.25	g1494	h0	1	0
0.512466613170826	-0.75	g1494	h0	1	0
0.835227849843005	-0.25	g1494	h0	1	0
1.73437759415137	0.25	g1494	h0	1	0
2.15696772866041	0.75	g1494	h0	1	0
2.15521024248485	1.25	g1494	h0	1	0
2.76539561575225	1.75	g1494	h0	1	0
0.824335541170742	-1.75	g1495	h0	1	0
0.957855087313715	-1.25	g1495	h0	1	0
1.08081426943391	-0.75	g1495	h0	1	0
1.89218175492363	-0.25	g1495	h0	1	0
2.49448081744802	0.25	g1495	h0	1	0
2.47507246313874	0.75	g1495	h0	1	0
2.8630811646517	1.25	g1495	h0	1	0
3.74281553622025	1.75	g1495	h0	1	0
1.71413440176916	-1.75	g1496	h0	1	0
1.68924692691453	-1.25	g1496	h0	1	0
2.32809814163607	-0.75	g1496	h0	1	0
3.06688445984503	-0.25	g1496	h0	1	0
3.11004893795544	0.25	g1496	h0	1	0
3.27520849586784	0.75	g1496	h0	1	0
4.09706876049759	1.25	g1496	h0	1	0
4.58742110400051	1.75	g1496	h0	1	0
2.24765027249487	-1.75	g1497	h0	1	0
2.65716055728135	-1.25	g1497	h0	1	0
3.45576649477854	-0.75	g1497	h0	1	0
3.62295788841168	-0.25	g1497	h0	1	0
3.60249920992448	0.25	g1497	h0	1	0
4.27332268223794	0.75	g1497	h0	1	0
4.91125057156597	1.25	g1497	h0	1	0
4.86839126919392	1.75	g1497	h0	1	0
2.5755831450696	-1.75	g1498	h0	1	0
3.34029734375529	-1.25	g1498	h0	1	0
3.66317710153899	-0.75	g1498	h0	1	0
3.52602117650031	-0.25	g1498	h0	1	0
3.97746880961039	0.25	g1498	h0	1	0
4.70116489976147	0.75	g1498	h0	1	0
4.7493996787616	1.25	g1498	h0	1	0
4.74088419808318	1.75	g1498	h0	1	0
2.64840796751324	-1.75	g1499	h0	1	0
3.12432783224479	-1.25	g1499	h0	1	0
2.95917045834033	-0.75	g1499	h0	1	0
3.16306573387061	-0.25	g1499	h0	1	0
3.89029622584837	0.25	g1499	h0	1	0
4.08150995971647	0.75	g1499	h0	1	0
3.92039848647703	1.25	g1499	h0	1	0
4.40770909458872	1.75	g1499	h0	1	0
