5.06869172274145,1,-1.998046875,0.2,0.2,0.2,0.2
1.88251837569984,1,-1.994140625,0.615183181172168,0.728631654596009,0.832938029245422,0.926325319593017
1.22007410619363,1,-1.990234375,0.95112055852218,1.08994752579299,1.16758645748766,1.17855671396317
1.36272239796162,1,-1.986328125,1.14581687617754,1.17144218675393,1.04634425803153,0.788029076295365
2.4149674689852,1,-1.982421875,1.16245360194023,0.944735076661278,0.517366241573236,-0.0105356384315112
3.38455026355159,1,-1.978515625,0.996115550508309,0.474329492025338,-0.187204894815653,-0.727557886779295
2.42186628744757,1,-1.974609375,0.674717615158077,-0.101971083172889,-0.757090502758523,-0.928891039610664
2.16054747554669,1,-1.970703125,0.253962342047946,-0.615009799475463,-0.945396581919191,-0.510707152580936
2.67550958136297,1,-1.966796875,-0.192754260969012,-0.915775941298783,-0.681071874610411,0.235677627198437
1.09502694468581,1,-1.962890625,-0.587651648184473,-0.92072903384498,-0.100870900491738,0.810182223592377
0.306866682850841,1,-1.958984375,-0.862666171024538,-0.637106542332579,0.513781851015499,0.823030333228703
1.23623951178005,1,-1.955078125,-0.971778608832657,-0.160489362885126,0.866120937360592,0.243663752925388
1.79919162628785,1,-1.951171875,-0.899324432554701,0.354625466912818,0.78037243504022,-0.578756690247626
1.97647507207718,1,-1.947265625,-0.662774918187546,0.742249269582109,0.282696522459227,-1.13634416202125
1.97534719463497,1,-1.943359375,-0.309483953424235,0.875829936145439,-0.410310584882485,-1.08456329529039
2.86966296648639,1,-1.939453125,0.0920059395947007,0.707120164980031,-0.99031182191162,-0.460727745347574
2.94433382575645,1,-1.935546875,0.464514245433872,0.281106571514303,-1.19798212100143,0.339927078798423
1.42657597734043,1,-1.931640625,0.736343482299712,-0.277565876604754,-0.941434663956432,0.815378716351554
1.9194932825572,1,-1.927734375,0.854398458020835,-0.802531178543157,-0.338147396180486,0.675552125163936
2.70755494397886,1,-1.923828125,0.793914048051675,-1.13641549805719,0.338787864560589,0.0260957040842952
1.82335127494017,1,-1.919921875,0.563019347200323,-1.17883668431027,0.785502127061221,-0.699573256343634
1.71832197161337,1,-1.916015625,0.201306275207363,-0.917028708977116,0.806161727120607,-1.01672567206668
2.0654254516311,1,-1.912109375,-0.22733757314558,-0.429736621757907,0.402256361896463,-0.698527920953689
2.02368576813824,1,-1.908203125,-0.646327618008282,0.13680771870957,-0.228476264377667,0.078574426212623
1.1995472850626,1,-1.904296875,-0.980301329195817,0.61349077557894,-0.782983026477731,0.845754841293237
0.639132190152231,1,-1.900390625,-1.16882380313679,0.859878631522148,-0.992066040781622,1.13856374913705
1.86216198743606,1,-1.896484375,-1.1773847908843,0.806985588212591,-0.744100949529693,0.790997620192469
1.78267010347481,1,-1.892578125,-1.00368507050525,0.478188083057166,-0.136680638544151,0.0400351688798192
0.861245435056516,1,-1.888671875,-0.678067560408733,-0.018100964331552,0.567463707820586,-0.625751424446518
1.85237968520226,1,-1.884765625,-0.258014470546857,-0.521754753308993,1.06011828180309,-0.777256615121869
2.08581567647147,1,-1.880859375,0.182287978297667,-0.870067236893615,1.12809528146995,-0.317850071998916
1.31995492626662,1,-1.876953125,0.565417844582598,-0.947684104341278,0.750328731276079,0.455192790080019
1.32212101679953,1,-1.873046875,0.824767266894369,-0.722070934868385,0.107151193194417,1.03988175425904
2.03485120625609,1,-1.869140625,0.916616530771114,-0.253677524663061,-0.502479802860521,1.0490701758358
2.86442579868426,1,-1.865234375,0.828034990793731,0.322312468605666,-0.797926324346933,0.457258227535749
2.22232844754661,1,-1.861328125,0.579171335628202,0.837076795770186,-0.645326280443395,-0.38225277683297
2.05189985703181,1,-1.857421875,0.219517290943746,1.13954577477842,-0.118789352843403,-0.960803225563453
2.85101495622363,1,-1.853515625,-0.181173832640907,1.14239452156434,0.533663319937097,-0.936457474253489
1.44364262285902,1,-1.849609375,-0.545659109307328,0.848590133282221,1.00382727651418,-0.350081562464297
0.282918960561706,1,-1.845703125,-0.803341895510122,0.350387243427485,1.06466992581809,0.401853575636142
1.03695093016008,1,-1.841796875,-0.903196731781521,-0.198918699369798,0.674629103932842,0.82039927455181
1.45194158137132,1,-1.837890625,-0.823128825118143,-0.631849712607502,-0.00287787891542217,0.622254492122313
1.69550081315657,1,-1.833984375,-0.574062874600733,-0.81789967775309,-0.67367802644807,-0.0793465426140103
2.07772899895768,1,-1.830078125,-0.198015679057904,-0.70335792396073,-1.04686077392067,-0.845989085057815
3.07018299416406,1,-1.826171875,0.239497596232836,-0.327637441834144,-0.96729653489117,-1.19235448517449
3.33084681655624,1,-1.822265625,0.661341862652055,0.188878335431929,-0.486048093761924,-0.894575253685725
1.70003031121985,1,-1.818359375,0.992763411343313,0.681754613964753,0.163518715261701,-0.132695660448062
1.67392927971004,1,-1.814453125,1.17496559841938,0.992908124612027,0.672976495643958,0.623312721843487
2.4387761584875,1,-1.810546875,1.17578779171284,1.01909190955787,0.800349019907556,0.911558248047275
1.65852771238731,1,-1.806640625,0.995543719211307,0.743645499659024,0.481137435284304,0.570891554975565
1.86540232148221,1,-1.802734375,0.666956528239798,0.241805781546143,-0.141946953134351,-0.157737529207099
2.78659671678385,1,-1.798828125,0.249202511053673,-0.342049513408282,-0.784154370693342,-0.78559544125461
2.87852063272545,1,-1.794921875,-0.182852079870961,-0.838279630606216,-1.14896048044995,-0.88801956206261
1.97023723689258,1,-1.791015625,-0.552261674810693,-1.10358152517432,-1.06382614337766,-0.375550913254715
0.838608521171821,1,-1.787109375,-0.793981758616738,-1.06455570099719,-0.559338349565285,0.448035111263711
1.26169609125355,1,-1.783203125,-0.866674075335989,-0.73993364725806,0.144482589045536,1.07773846244645
1.04874957500453,1,-1.779296875,-0.760187940098545,-0.234681608369605,0.738455848822273,1.12740232439647
0.210964314174121,1,-1.775390625,-0.497356307853504,0.292213631021745,0.965231270890393,0.57446044055894
1.72543729117609,1,-1.771484375,-0.129780469839006,0.676432049284947,0.736510927557597,-0.226154479656216
2.85654010816402,1,-1.767578125,0.271628167009033,0.798604279589566,0.172889927992984,-0.76775995824238
2.40405617622634,1,-1.763671875,0.629626106232572,0.620828683367616,-0.451891004480631,-0.713845787461357
2.29425264994053,1,-1.759765625,0.874771568199515,0.19826471119464,-0.836755626980423,-0.111573922754715
2.32287997786879,1,-1.755859375,0.958139571004605,-0.337739480165878,-0.791585252250105,0.638817327820004
2.22974902735496,1,-1.751953125,0.860302056467326,-0.81983025881087,-0.324704886387349,1.03922945037852
1.20922608534704,1,-1.748046875,0.594936840842103,-1.09586555623464,0.360481363513114,0.811295078187291
0.900213292180712,1,-1.744140625,0.206407103747404,-1.0755170759592,0.958182270133713,0.0744477368763378
2.22907741156474,1,-1.740234375,-0.238249063629098,-0.758017997011877,1.19984474475367,-0.728759091720941
1.7679326867928,1,-1.736328125,-0.661461725505256,-0.232575615536888,0.97684266298064,-1.11267864853752
0.95719018236726,1,-1.732421875,-0.989194967712368,0.348681690191811,0.390104488995995,-0.856030087835254
1.76551307363419,1,-1.728515625,-1.16437557687465,0.816963826234373,-0.296022826938422,-0.141439874123588
1.73495042868252,1,-1.724609375,-1.15724045256003,1.03815839167156,-0.774567463855626,0.561568407697043
1.20031526185929,1,-1.720703125,-0.970719554139747,0.953572193251533,-0.836125115297814,0.795723775680772
1.17675199014661,1,-1.716796875,-0.639874924435117,0.597634585662563,-0.46431999678514,0.407134538477646
1.95553453677901,1,-1.712890625,-0.225498390759696,0.0871602424204806,0.157127346368282,-0.356660153913582
2.61575846264506,1,-1.708984375,0.196966085682575,-0.414542923886274,0.728943740103439,-1.00404309018709
1.63193281658142,1,-1.705078125,0.55115836261408,-0.747750756169138,0.973761535494566,-1.11206803501665
1.76550698240629,1,-1.701171875,0.773695487652133,-0.805281947266527,0.76358364057902,-0.595820635990741
2.70028931998578,1,-1.697265625,0.825693100939959,-0.565378516415701,0.178918750597641,0.236829883599177
1.72574247834931,1,-1.693359375,0.699817499450718,-0.0984595011470261,-0.52748877708165,0.879923879664105
1.47126645838053,1,-1.689453125,0.421584869177096,0.454318048796344,-1.045760804098,0.949857600888819
2.34140873032884,1,-1.685546875,0.0446717435629572,0.924143250532345,-1.15017812017565,0.427974573862078
2.46625934725582,1,-1.681640625,-0.358908754035352,1.16611993087397,-0.802038679903685,-0.328820364194343
1.89785320798207,1,-1.677734375,-0.711975427182616,1.10356590742444,-0.16703766426926,-0.816110284060248
1.08366161020567,1,-1.673828125,-0.946293745135255,0.751509136774471,0.460770400914509,-0.703681623612803
1.39983826787556,1,-1.669921875,-1.01506589989822,0.212201095105597,0.793631218236451,-0.0463827415859033
1.20735580424957,1,-1.666015625,-0.901521009991363,-0.355984656001136,0.681759574434072,0.74993485344671
0.0879766140677107,1,-1.662109375,-0.62204028749567,-0.7867710058122,0.181777244948136,1.18578487771454
1.29654186146093,1,-1.658203125,-0.223246963576192,-0.956586825897902,-0.469387699386853,0.985179479667917
2.68302255486377,1,-1.654296875,0.226410416936027,-0.822111564607869,-0.963191861890969,0.270986246325888
2.42541904520501,1,-1.650390625,0.649050128643159,-0.433290654668401,-1.06102018188686,-0.512938096926413
2.59486058798958,1,-1.646484375,0.97146979382308,0.082148756402913,-0.703811165132833,-0.883359531194752
2.78047108706689,1,-1.642578125,1.13841099440151,0.557945682213271,-0.0395928202919306,-0.62406695271048
2.44831759225709,1,-1.638671875,1.12256196681077,0.840321116740175,0.643687138555326,0.0776393870702632
1.31141472749052,1,-1.634765625,0.929478184966809,0.835171243319777,1.04932605203154,0.751072827358855
0.70701360704517,1,-1.630859375,0.596525826249886,0.537015490648942,1.00703776032332,0.942500014037531
1.99690234192174,1,-1.626953125,0.186041242448641,0.030850983800385,0.550309320508014,0.504754777296444
2.04159898710761,1,-1.623046875,-0.226047489556046,-0.533657728673717,-0.0994285029405028,-0.307999909967115
4.43864131112656,1,-1.619140625,-0.564064791371448,-0.987772868816155,-0.63455653111929,-1.00064783698312
2.3959754484717,1,-1.615234375,-0.766376644485425,-1.19513622334202,-0.802378231093737,-1.15076108453911
2.26373526000054,1,-1.611328125,-0.796613751410824,-1.0933646586327,-0.521013690059608,-0.676219737842579
1.12302761569144,1,-1.607421875,-0.650285386338555,-0.713082898151583,0.0829561098541466,0.113236617154158
0.663582213919795,1,-1.603515625,-0.355579893953188,-0.168579872575336,0.732323878570409,0.713258686096425
1.12393321316018,1,-1.599609375,0.0317936202721687,0.377057271573275,1.12611246165777,0.745556027446865
2.01773192751833,1,-1.595703125,0.438782802117747,0.761681529786643,1.07741415844746,0.198174994352036
1.81051881661734,1,-1.591796875,0.788335174067291,0.873504326810617,0.599145293876776,-0.567317305120422
2.39599438990256,1,-1.587890625,1.01347679251584,0.68509991404395,-0.101526095095542,-1.04628892804049
3.69941588843554,1,-1.583984375,1.06956231581561,0.261611607590268,-0.717542210060017,-0.912639111977124
2.57966274380798,1,-1.580078125,0.942465182814274,-0.259342659842328,-0.981950817500826,-0.227099498433741
1.45243284632976,1,-1.576171875,0.651215687634728,-0.709921873210375,-0.789502467523269,0.600197252357399
1.63506547459453,1,-1.572265625,0.244605525315138,-0.943557762283579,-0.24423718373549,1.0691479132202
1.30257773436783,1,-1.568359375,-0.207624156987098,-0.879957798904681,0.388690302592717,0.906284628288221
0.893057673776627,1,-1.564453125,-0.627408031267156,-0.529861587198298,0.804885717113831,0.237394732230538
0.834135112194638,1,-1.560546875,-0.942497739960057,0.00801799778340173,0.800511619947296,-0.493498274014693
1.77474156047511,1,-1.556640625,-1.09954548556862,0.576940142624384,0.366027835243576,-0.807248566679114
2.19200265585558,1,-1.552734375,-1.07374913987959,1.00982528214653,-0.309028451121493,-0.494817579835174
1.01574693003869,1,-1.548828125,-0.873303947148895,1.18012452482256,-0.922424809079742,0.249405627807937
1.43255681271213,1,-1.544921875,-0.537851386124402,1.040333613008,-1.19726936267822,0.950948373012641
2.22792555404642,1,-1.541015625,-0.131208600679749,0.636389511969615,-1.00855635537474,1.15688021060845
1.44444289818774,1,-1.537109375,0.270296963070099,0.0935545668110571,-0.440330724781362,0.724016623863687
1.562975935456,1,-1.533203125,0.591763037159239,-0.421897417657343,0.252680605930287,-0.0894859036207738
2.30015713510884,1,-1.529296875,0.773380265267778,-0.753487448359856,0.761419700008944,-0.787385966040206
2.48461127435102,1,-1.525390625,0.781343212714163,-0.802308880855765,0.863606134412489,-0.949745219527523
1.88327254260023,1,-1.521484375,0.614017737015433,-0.557181316200869,0.525055170006758,-0.498684905997458
1.25503127461864,1,-1.517578125,0.302241624729762,-0.0979707106230299,-0.0851347406730537,0.253337777560204
2.06726732636332,1,-1.513671875,-0.096296294419254,0.428936124830149,-0.672457235592361,0.803357063626975
1.87458035906671,1,-1.509765625,-0.507575063614932,0.855507093920567,-0.952289147263818,0.778768031150791
0.898040601362112,1,-1.505859375,-0.854743118714662,1.04357744391236,-0.780680799511621,0.175248941799722
1.82908165669941,1,-1.501953125,-1.07214379450348,0.927258259829775,-0.220787273186452,-0.639530379539835
2.11235450393649,1,-1.498046875,-1.11731065328409,0.533280339019791,0.485472820933639,-1.15881736662706
1.15059500897931,1,-1.494140625,-0.978747967020798,-0.0269469043502513,1.02758461822348,-1.05831271802525
0.842777055747769,1,-1.490234375,-0.678078950759755,-0.591141326266584,1.16804636108339,-0.402004702165988
1.11905653923522,1,-1.486328125,-0.266169689724774,-0.995497216823145,0.850649761456706,0.398504460235033
1.68045367898401,1,-1.482421875,0.186066555767117,-1.12450785879207,0.225905861979892,0.845329450489627
1.45666027549043,1,-1.478515625,0.600511525141586,-0.946046777868125,-0.418005705180488,0.670211961625326
1.92086800138119,1,-1.474609375,0.905993619342897,-0.520995954761218,-0.78716593237769,0.00425628923975716
3.48112070121017,1,-1.470703125,1.05117367951091,0.0155155672982579,-0.716362406755293,-0.706349798766136
2.81683505084709,1,-1.466796875,1.01382000877256,0.495527113099749,-0.244542809056022,-0.985018646776657
1.66185154594301,1,-1.462890625,0.804785166668708,0.769660407556809,0.403239867337877,-0.628864644907257
1.81024264036832,1,-1.458984375,0.465961683695351,0.752823097459325,0.919121680307341,0.161107771602171
1.25062125832399,1,-1.455078125,0.0625900498791046,0.450238016346939,1.05369178417497,0.906531922963782
0.577579044752191,1,-1.451171875,-0.328679457714546,-0.0441543611371262,0.730581834952972,1.15456569307888
0.63056989197525,1,-1.447265625,-0.633796531910472,-0.576432189858795,0.0819378431639464,0.764690423976003
1.67339809490556,1,-1.443359375,-0.794840527405238,-0.979787631493081,-0.611473354793967,-0.00280670891046431
2.49067211650749,1,-1.439453125,-0.780605956061842,-1.1255922962135,-1.04814155093314,-0.652862700593869
1.58462483087679,1,-1.435546875,-0.592315825714503,-0.962830035968802,-1.04319030821716,-0.77063042686162
1.66942990298532,1,-1.431640625,-0.263422066750056,-0.533847245364975,-0.612423031454976,-0.285219786521254
2.22472317872228,1,-1.427734375,0.146471007304034,0.0383951107043291,0.0353944758659098,0.485438356247377
1.08225828820615,1,-1.423828125,0.562454095089487,0.587678180657443,0.594466639835047,1.03710985081342
0.973975327865497,1,-1.419921875,0.907956268482073,0.955083814637823,0.802210849080863,1.00042301337558
2.10422561907126,1,-1.416015625,1.118700193178,1.03731553484451,0.55963592969783,0.376529577319836
2.78849910687401,1,-1.412109375,1.15442816532402,0.818026121540682,-0.0232265616313674,-0.462558840134216
2.81168602820367,1,-1.408203125,1.00626363145144,0.372587392842117,-0.677628517322139,-1.00922410412808
2.3957093321069,1,-1.404296875,0.698367353138528,-0.155149215217417,-1.09913468178691,-0.941624651204914
2.71618828232657,1,-1.400390625,0.283586005532787,-0.596996393831452,-1.08708564574726,-0.327010493354187
2.00079339720195,1,-1.396484375,-0.166115338949477,-0.811988495502415,-0.636682470290438,0.422188778467883
0.268472331454786,1,-1.392578125,-0.572695813065474,-0.729598009554776,0.0584466347894891,0.811537953188284
0.766468380727266,1,-1.388671875,-0.866182808332352,-0.371404881388749,0.694385211539365,0.579719241615557
1.48491111062299,1,-1.384765625,-0.997343385526699,0.155404244766358,0.995464891775962,-0.134716906459499
1.14521870880335,1,-1.380859375,-0.946577131675977,0.690723287112121,0.839835972453583,-0.880985172887599
1.5922269802799,1,-1.376953125,-0.727412551102311,1.07041632761997,0.314642481188911,-1.18240728701454
2.23834056097853,1,-1.373046875,-0.383971626757825,1.17647482078904,-0.324420707914698,-0.839483331947536
2.45351886496265,1,-1.369140625,0.0171346040742299,0.973119502785698,-0.770645114471253,-0.057067638917374
1.65854982080882,1,-1.365234375,0.39900269772855,0.517816921045529,-0.807146055871081,0.685196759027241
1.2002234394741,1,-1.361328125,0.688503887981202,-0.0561570581876757,-0.406547414858697,0.936869174219097
2.24228669936678,1,-1.357421875,0.829659329366485,-0.580283132813736,0.256109299825198,0.561964957391898
1.87378387395535,1,-1.353515625,0.793887263442004,-0.902105170052665,0.883151428288929,-0.175773790613011
1.13442063857879,1,-1.349609375,0.585255490544587,-0.931608343476416,1.19026488994869,-0.781729241671502
1.97640441410014,1,-1.345703125,0.239782016624409,-0.668505753155165,1.03647790622124,-0.846006866518809
1.89503091589006,1,-1.341796875,-0.181089491059686,-0.202103160743615,0.488673446032051,-0.305141290826333
1.05869261012867,1,-1.337890625,-0.601652085675341,0.31621114411396,-0.208885166101335,0.516477731096018
0.742709494921738,1,-1.333984375,-0.945703856603238,0.719441453615455,-0.746077704747453,1.11184036390248
1.12801835692897,1,-1.330078125,-1.15041566482666,0.876221244409689,-0.888484932373771,1.11281905967168
1.63236193509493,1,-1.326171875,-1.17777352531092,0.731153365997522,-0.584228742291279,0.523640244022885
0.913711123769691,1,-1.322265625,-1.02151228538275,0.321924959241386,0.012770957687456,-0.282035540438379
1.13930061971554,1,-1.318359375,-0.708277983239067,-0.232036223590207,0.613745635064261,-0.798558029882499
2.15800465471399,1,-1.314453125,-0.292806891980371,-0.765903045253148,0.927754816136036,-0.709348438287718
1.27593466248773,1,-1.310546875,0.152001520457738,-1.11968952936733,0.79536916775929,-0.0875394583810268
0.923959781991652,1,-1.306640625,0.548310967470912,-1.18704562530392,0.262178189045755,0.651297020063341
1.89538523936857,1,-1.302734375,0.827466731289583,-0.947701916377689,-0.441528267052016,1.01425202714549
2.33725010258666,1,-1.298828125,0.942436445120926,-0.473653872349885,-1.00562817879403,0.745476454194475
2.40077599195314,1,-1.294921875,0.876309192413722,0.0928033792251032,-1.18162489801319,-0.00999876759326659
2.30014905440244,1,-1.291015625,0.645306585287324,0.582480341897584,-0.89599142028237,-0.797194897438996
2.76943010944957,1,-1.287109375,0.295758744924162,0.850880272983085,-0.283557890378827,-1.139137287823
2.37276341750651,1,-1.283203125,-0.104403046319535,0.822211318560311,0.374323648272051,-0.838875430419424
0.585714695109464,1,-1.279296875,-0.478086884366733,0.512381728013163,0.778541763632013,-0.103674235529466
0.676484611224591,1,-1.275390625,-0.753147722356094,0.0239573920927567,0.749004028858007,0.587506821958131
1.32941912345123,1,-1.271484375,-0.875592055354628,-0.485373208937806,0.306856522949456,0.788983874344625
0.90728309385647,1,-1.267578125,-0.819474483432176,-0.851187845271859,-0.335465368158008,0.371914864458346
1.5131616133301,1,-1.263671875,-0.591683186080683,-0.952785335981479,-0.871793125412045,-0.393775739355849
2.52273721204629,1,-1.259765625,-0.230741983671455,-0.750287120538732,-1.04274237092564,-1.01118343054354
2.82536984843461,1,-1.255859375,0.200153855314039,-0.297045613042305,-0.754887535044796,-1.07272987157084
2.08780101023256,1,-1.251953125,0.624600941266564,0.276437055961175,-0.124052407578729,-0.519934160890102
1.28046652815018,1,-1.248046875,0.966863831815787,0.802172802599441,0.577108908289296,0.318485714258122
1.90161342369249,1,-1.244140625,1.16563803023614,1.12582217703338,1.04327906859693,0.934441904674114
4.63982389191249,1,-1.240234375,1.18519454486438,1.15368338308023,1.07560583421013,0.962201443588757
1.02991085532186,1,-1.236328125,1.02187722418659,0.881185154871742,0.672159401572849,0.409589680286879
2.3083890825096,1,-1.232421875,0.704770038983179,0.394182581621752,0.0283524539643784,-0.34821087400883
2.76916578930653,1,-1.228515625,0.290412793265938,-0.157337409563779,-0.552852584880976,-0.80826591634152
1.91041067171701,1,-1.224609375,-0.147472818806547,-0.605106503628247,-0.799854165068491,-0.660560237415491
1.28705249180954,1,-1.220703125,-0.531376589086777,-0.81397374516722,-0.596876478089575,0.0141202064900997
0.952641750994672,1,-1.216796875,-0.794074582538337,-0.723150932265525,-0.0370375306914022,0.794901439752747
0.820624019333396,1,-1.212890625,-0.89082339073098,-0.364705679222784,0.620262230708655,1.18792912352167
0.0785416814218918,1,-1.208984375,-0.807454423525546,0.146345323609935,1.06813537196548,0.940126838691317
0.501591092812118,1,-1.205078125,-0.562895402202806,0.647313624512441,1.09283289794791,0.200199062734561
2.27617309442258,1,-1.201171875,-0.205660951097516,0.977706441432762,0.671854411170258,-0.575455455553579
2.20463062691457,1,-1.197265625,0.195047691843435,1.02844593313452,-0.015354632935277,-0.912142876323124
1.92622015448804,1,-1.193359375,0.562012247379432,0.775399463237215,-0.669027163421842,-0.617688385136814
2.60436595776233,1,-1.189453125,0.824128335311974,0.286972388265017,-1.0056935263299,0.0964769717578737
2.26735261331089,1,-1.185546875,0.929423769913695,-0.296561782564875,-0.88730997609926,0.750863710739429
1.52244379360115,1,-1.181640625,0.854592766617925,-0.805685237316852,-0.383839508005554,0.903900960231737
1.16381235742447,1,-1.177734375,0.609308971079938,-1.09319840194749,0.25932549273179,0.43381762263267
1.7379972558772,1,-1.173828125,0.234530866256434,-1.07897504978174,0.734173918286301,-0.38278371306162
2.12221920570096,1,-1.169921875,-0.204893035696288,-0.77424318888948,0.811488646154533,-1.04565530207902
1.13014921088522,1,-1.166015625,-0.631973908857261,-0.277979193235689,0.446146024770546,-1.14793667455708
1.39445839589274,1,-1.162109375,-0.971548947812728,0.253478774740354,-0.2018887231596,-0.634042168587075
2.00699117320244,1,-1.158203125,-1.16392235032175,0.654311421671996,-0.840488376021261,0.16546527471232
0.999588029211748,1,-1.154296875,-1.17569809423565,0.799962919851206,-1.1788575440592,0.744156469436475
0.875499296301402,1,-1.150390625,-1.00583280789043,0.645245226602859,-1.06052460394898,0.741518761972437
1.62693942248298,1,-1.146484375,-0.685807160917859,0.238160272364123,-0.534988640601558,0.171731701336058
1.94111332694016,1,-1.142578125,-0.27388488407108,-0.294782971928349,0.164759807567431,-0.585947595605856
1.71623178395693,1,-1.138671875,0.155495172627417,-0.787270581208494,0.728565771250893,-1.02904967603412
1.37722730656896,1,-1.134765625,0.525262572161942,-1.08408042247449,0.910648826406622,-0.852249504369249
2.09032205989619,1,-1.130859375,0.769728721878422,-1.08862283771871,0.641611749447263,-0.142560958294665
1.91313774295402,1,-1.126953125,0.846519114520161,-0.792598956728621,0.059689757812688,0.674743366345374
0.926923476308566,1,-1.123046875,0.744252359198236,-0.27871246692829,-0.553038425410087,1.10517487669122
1.83569366649445,1,-1.119140625,0.484568500725747,0.304398087748315,-0.90027411312305,0.898101982813196
2.3934869610429,1,-1.115234375,0.118138074673319,0.787353595934977,-0.807632473545283,0.204935446137197
1.64369961968646,1,-1.111328125,-0.284620616236671,1.03155431051634,-0.302983631666668,-0.518056532947239
1.34430740666947,1,-1.107421875,-0.646424947252718,0.971292323800585,0.395775748113447,-0.800490860822707
1.18790367464295,1,-1.103515625,-0.897265414097274,0.633597488300374,0.979944601264573,-0.457349568103469
0.923290131237154,1,-1.099609375,-0.98722196406322,0.12975986043091,1.19085522440877,0.293164780295116
0.0892501898021735,1,-1.095703125,-0.895624587462988,-0.378875900654891,0.937906492694397,0.968314996990492
0.136581815905979,1,-1.091796875,-0.634889103879085,-0.730389413678774,0.339802528432249,1.12791335186692
1.8149966243723,1,-1.087890625,-0.248328545044603,-0.811916596143128,-0.32986256592508,0.654620860369958
2.08341639200356,1,-1.083984375,0.197662601020038,-0.594268484407001,-0.767774634356754,-0.170710330753456
1.95339687622202,1,-1.080078125,0.62562946608411,-0.14095758100034,-0.779557870385047,-0.846572844076347
2.88885092520822,1,-1.076171875,0.961095673942199,0.411128522772619,-0.368488339923615,-0.968430334376666
2.60058022906212,1,-1.072265625,1.14606503929557,0.893504180749698,0.266316783227965,-0.484617867494325
1.56537305123153,1,-1.068359375,1.14952883977059,1.15755196589375,0.821394602915865,0.272064887762661
1.03783213475639,1,-1.064453125,0.973066495484469,1.11995587532895,1.02824232556295,0.797087035769448
1.41293691273267,1,-1.060546875,0.65052070879704,0.788221266696983,0.776683114570561,0.735983276113038
2.03226551025613,1,-1.056640625,0.241806840509258,0.258483715460387,0.165832264301711,0.110638884364602
1.54702418190015,1,-1.052734375,-0.178015871606552,-0.313726432287206,-0.540673870566474,-0.693802579662265
1.96339597699851,1,-1.048828125,-0.532421126187507,-0.760836078479663,-1.03472376259713,-1.17312731735618
2.71589708935384,1,-1.044921875,-0.757350102876098,-0.954236516111978,-1.10414997535779,-1.02416810504362
1.42004200628087,1,-1.041015625,-0.812866670910685,-0.843368254741246,-0.729298458234938,-0.337413600927515
0.607815481485705,1,-1.037109375,-0.690411348423336,-0.470948720456813,-0.091584609976784,0.460300742030392
0.996825254618704,1,-1.033203125,-0.414333584415034,0.0403035149298426,0.509862670424849,0.876606653581971
1.2023741891509,1,-1.029296875,-0.0374238241028739,0.525386589067025,0.795320086968876,0.665826429229275
1.44496475085496,1,-1.025390625,0.368740587150072,0.827647030084826,0.632609574748648,-0.0157962357281945
1.85819612217625,1,-1.021484375,0.726877235280874,0.846852047109859,0.0976276495146295,-0.710472156515393
3.00201759922795,1,-1.017578125,0.968125573606931,0.570011312558981,-0.560430226597284,-0.951002867945071
3.08539374137768,1,-1.013671875,1.04464594430382,0.0755273445427708,-1.03323824833134,-0.558950634199813
1.62443514155377,1,-1.009765625,0.938395759321354,-0.490598058525588,-1.09466304604825,0.240721653249027
1.5894477524975,1,-1.005859375,0.664483859353416,-0.959236666130619,-0.704574938973157,0.96146035626214
1.58609525528417,1,-1.001953125,0.268491157016371,-1.18970324683579,-0.0276404665749985,1.16330865881931
0.540872057734911,1,-0.998046875,-0.181755815717221,-1.11267013941171,0.641517114912163,0.731651265045549
0.590077959920033,1,-0.994140625,-0.60846189971268,-0.751318618871893,1.01256758033139,-0.0505999883629031
1.22493234127178,1,-0.990234375,-0.937956803418527,-0.214266234460615,0.931732932243693,-0.683225951287723
1.56709091852234,1,-0.986328125,-1.11404030937711,0.337569483871414,0.451566896007352,-0.766765426434678
1.11748256818328,1,-0.982421875,-1.10815059552456,0.740049307673768,-0.193649260800815,-0.256269994696253
0.761859957613556,1,-0.978515625,-0.924505419805181,0.875841720649028,-0.695617805093569,0.510521341775643
1.6418318488509,1,-0.974609375,-0.599281116418895,0.710122882221315,-0.81354492044576,1.02847537842126
1.38461904408812,1,-0.970703125,-0.193979778462245,0.30104483879132,-0.484706714327103,0.9469636688835
0.798707565218087,1,-0.966796875,0.215806965460733,-0.218221603165612,0.146538408744735,0.293740554702871
1.89925651925962,1,-0.962890625,0.554191166392718,-0.680378711797702,0.79457576233011,-0.541536933975441
2.24116112871619,1,-0.958984375,0.758826939566619,-0.935330982727657,1.16309074085966,-1.05372914274327
1.66473123914074,1,-0.955078125,0.792274120233934,-0.896265422638616,1.08062907938335,-0.942018945392013
1.46796570445253,1,-0.951171875,0.64881801715914,-0.566400092798492,0.579141328195405,-0.299907177311108
1.63401363323147,1,-0.947265625,0.355503549527693,-0.038223679971283,-0.120426880084348,0.445297268455433
1.8456892639646,1,-0.943359375,-0.0328044096900066,0.534547289808387,-0.708913685901165,0.804982864107586
1.13325103573373,1,-0.939453125,-0.443434864287245,0.98373221450671,-0.92999284765998,0.540498861722468
1.26536347891713,1,-0.935546875,-0.799175079909886,1.17789028774708,-0.696980347694208,-0.184683960117012
2.24749732435484,1,-0.931640625,-1.03236993524295,1.0623266537237,-0.131972531122045,-0.908645487552913
1.37575592243155,1,-0.927734375,-1.09728849382678,0.675683146229255,0.490571499632818,-1.16464249802592
0.64846907226293,1,-0.923828125,-0.978505411353071,0.138048324473453,0.869971663262052,-0.778070165553708
1.11066192611561,1,-0.919921875,-0.693770255866901,-0.385778753301994,0.817461302964976,0.0219926849027991
1.08980032764552,1,-0.916015625,-0.290841301115213,-0.736647189303257,0.343096077852184,0.747575668182621
1.08247906562635,1,-0.912109375,0.16114084468096,-0.809650919498674,-0.348343842583245,0.960961160736924
1.50435767927895,1,-0.908203125,0.584170347028571,-0.586118183467497,-0.950601596571084,0.551749507609356
2.67837234510874,1,-0.904296875,0.905506221117518,-0.139222823027284,-1.19569570373927,-0.194191329347914
3.18855876604075,1,-0.900390625,1.07084395443102,0.38849441581894,-0.976251767486498,-0.777654551503019
2.03589954930371,1,-0.896484375,1.05413175722229,0.828824376113984,-0.394455865514342,-0.804580028024841
1.88255384060822,1,-0.892578125,0.86224540721749,1.03945440769002,0.284760774198184,-0.237622278210314
1.84311221786415,1,-0.888671875,0.533671700331493,0.947642588167825,0.754885111016931,0.579139001287828
0.528195647450954,1,-0.884765625,0.131441301217966,0.572654131478928,0.807902063042083,1.1380978429297
0.394419346016899,1,-0.880859375,-0.268401289883282,0.0201004110901319,0.429208585080749,1.09018081692621
1.23157051594973,1,-0.876953125,-0.590690484566768,-0.550095762627746,-0.196052734815441,0.46640552958592
1.79606501137874,1,-0.873046875,-0.77486483566187,-0.972328167009212,-0.768125727216118,-0.341860018940483
1.72141852870239,1,-0.869140625,-0.786025142581394,-1.12567892190301,-1.01027435065331,-0.831389592990153
1.37396361968104,1,-0.865234375,-0.621311563741875,-0.970651519410564,-0.795931800227485,-0.706423117501137
4.84395269632797,1,-0.861328125,-0.310438275470011,-0.56104882955964,-0.207173843582067,-0.0658986063415008
1.29927088462336,1,-0.857421875,0.0897119029418895,-0.0273722693592031,0.502256076687401,0.660369347244059
0.277102708091738,1,-0.853515625,0.505448847835253,0.46318227572129,1.02247437410661,0.985956926811401
1.32211707641563,1,-0.849609375,0.859705879573841,0.757907435192887,1.12870294808095,0.678178791497607
2.21284357604037,1,-0.845703125,1.08609436657765,0.765307646916702,0.783630935428713,-0.0927854351735346
2.1644828373198,1,-0.841796875,1.14102289297255,0.48308741338607,0.154078399261721,-0.860824206912991
2.45815711319579,1,-0.837890625,1.01167393300609,-0.00114655805234262,-0.465647190878606,-1.1589836160471
2.58150945083357,1,-0.833984375,0.718385055174635,-0.536683850413694,-0.78862507675875,-0.81522255768941
2.20242891614897,1,-0.830078125,0.311000311561817,-0.955821893446494,-0.666711805394394,-0.0609132729070875
0.845307580126109,1,-0.826171875,-0.140144805566509,-1.12520215666792,-0.158331662147112,0.616830508429555
0.220587634480192,1,-0.822265625,-0.55696449685203,-0.986685620402297,0.498348210755619,0.78511389791794
1.09158272636009,1,-0.818359375,-0.867771212262815,-0.575277017099757,0.994581983022441,0.340494104528524
0.833998464468409,1,-0.814453125,-1.02025677885517,-0.00861799720202595,1.09259788794764,-0.425444962704188
0.74353257748048,1,-0.810546875,-0.990943842220781,0.548745820724915,0.734767280736423,-1.01184502274844
1.90150055898405,1,-0.806640625,-0.789388030800449,0.935413110981734,0.0704303756380041,-1.02757546106157
2.05474516766854,1,-0.802734375,-0.456366981836525,1.04220676860938,-0.611910888977616,-0.440708241740703
1.55185870430073,1,-0.798828125,-0.0563871517976216,0.845297874613947,-1.01602916788788,0.40013282815709
1.27866198787741,1,-0.794921875,0.334126152731314,0.413260503513489,-0.97292404350657,0.986168129459549
1.64450381044599,1,-0.791015625,0.640804197037332,-0.114092058743579,-0.517569269459497,0.970585803335249
1.98034384484148,1,-0.787109375,0.804930183265855,-0.568618872492946,0.12763697260967,0.387724327121731
1.24289614104777,1,-0.783203125,0.794178339777792,-0.80539652566022,0.655127405242281,-0.369929457637014
1.58028697488787,1,-0.779296875,0.608540664627377,-0.747146818498564,0.813325721109998,-0.802251006769133
2.27327531270383,1,-0.775390625,0.280361553908561,-0.407970787040911,0.522113490193457,-0.620232247249826
1.23720333499508,1,-0.771484375,-0.131526549569499,0.110864663273297,-0.0902363936833699,0.0696505725242174
0.785321621434574,1,-0.767578125,-0.55249918784073,0.651802783803816,-0.745567101297195,0.832664838235724
1.21101685461166,1,-0.763671875,-0.905720450779394,1.04910489052757,-1.14302491880022,1.18193948881022
1.25050399740907,1,-0.759765625,-1.12613558242861,1.17949429422754,-1.09673945976373,0.887992723292854
1.0675299058924,1,-0.755859375,-1.17232796367751,0.99986473185888,-0.621005903838492,0.124942325014182
0.935616959088821,1,-0.751953125,-1.03408147624994,0.560532515650478,0.0760075118268983,-0.639543900067444
1.63715353723611,1,-0.748046875,-0.734271013480283,-0.010018132416605,0.687156788886037,-0.940644253932449
1.53842106155066,1,-0.744140625,-0.324736421070228,-0.544239391226573,0.946420267459407,-0.610789225060236
0.519102344178445,1,-0.740234375,0.123109560509065,-0.886531566519612,0.750116746594555,0.114985579168412
1.24568504430486,1,-0.736328125,0.531230136259293,-0.940583075969978,0.203802965889565,0.749642203478669
2.00909465192063,1,-0.732421875,0.829113400927277,-0.698581770980554,-0.426586178099385,0.864923077374043
1.7711373154246,1,-0.728515625,0.966546307588546,-0.243379222059305,-0.8369805426385,0.364733512396709
2.18858513560803,1,-0.724609375,0.922689003789376,0.277047521906928,-0.824852954962024,-0.452684209223872
2.61963069707971,1,-0.720703125,0.7097985299956,0.695029206348691,-0.382408548147888,-1.08335341214412
2.4117261295621,1,-0.716796875,0.370925103315723,0.874647456121596,0.299368778103576,-1.13712015046638
1.23241949145272,1,-0.712890625,-0.0279983626377584,0.753466669333548,0.917681344670131,-0.585104031367204
0.332469800107205,1,-0.708984375,-0.410232030793469,0.361800682761963,1.19612177003066,0.222201707807379
0.866797389294707,1,-0.705078125,-0.70227038259956,-0.186376496553946,1.01089848548592,0.777672214327045
0.601788784531919,1,-0.701171875,-0.847291290950173,-0.728103590861462,0.447341897703969,0.739570550863182
0.446143798373005,1,-0.697265625,-0.815563157124382,-1.10110006994729,-0.239156161422336,0.148196646573707
1.86512908139913,1,-0.693359375,-0.609914260049437,-1.19325915360173,-0.739898421257921,-0.600500965581963
2.35724873072032,1,-0.689453125,-0.26526757387237,-0.976848287724714,-0.833919961377843,-1.00754198958265
1.84894641568066,1,-0.685546875,0.157675090820469,-0.516970398838836,-0.488788861047711,-0.789160537245663
1.45636856513699,1,-0.681640625,0.583450420685845,0.0482986249538926,0.124936861507401,-0.058363090535943
1.39340892548318,1,-0.677734375,0.935547081923071,0.550029088077201,0.712196474983532,0.745650535880893
1.48452458512056,1,-0.673828125,1.15031899698022,0.839947879677713,0.988932997867453,1.13540611246876
0.929832010223353,1,-0.669921875,1.18856553359105,0.835606655522076,0.812605118137713,0.883839023541655
1.50248907764993,1,-0.666015625,1.04267034939462,0.545412654852716,0.247974401920084,0.167611591436258
2.80213715686222,1,-0.662109375,0.737999105651754,0.0658794865128761,-0.461951019534484,-0.545974737117819
2.1987485744009,1,-0.658203125,0.328301384481024,-0.448057638054719,-1.00654339921934,-0.796559539524723
1.5380220702504,1,-0.654296875,-0.114046365337482,-0.830588701355464,-1.14916008785454,-0.423638468339115
1.52303772278325,1,-0.650390625,-0.511180892043586,-0.955907136150583,-0.834959080587342,0.331367061000524
0.836675394016489,1,-0.646484375,-0.793883453673629,-0.77687100681246,-0.215615133840225,0.978759599041973
0.186770069959723,1,-0.642578125,-0.914130274671968,-0.339630681327758,0.420357887962894,1.09227131270682
0.157055932118502,1,-0.638671875,-0.853777982702193,0.23025139106547,0.779790087743274,0.580695782658429
1.28296880495884,1,-0.634765625,-0.627803663058287,0.765954105678706,0.699062539703575,-0.253226122106956
2.08645777028323,1,-0.630859375,-0.281510686790855,1.11017407711446,0.218934588774888,-0.904135954454368
1.65196273396722,1,-0.626953125,0.117789820722025,1.16301804501337,-0.434241572674639,-0.984053975059423
2.24975651466222,1,-0.623046875,0.493106143258217,0.912384813125113,-0.952319614027114,-0.467723220159976
2.59293945221539,1,-0.619140625,0.771856167247101,0.437558783976397,-1.0866736588308,0.292569186854951
1.4888225389865,1,-0.615234375,0.899154002578109,-0.115080061224643,-0.762364144127042,0.792053939278072
1.20677721624052,1,-0.611328125,0.847872745496882,-0.57680761058464,-0.11290812826537,0.695328796388448
1.55810562886283,1,-0.607421875,0.623650093963072,-0.808096522540026,0.580271096608942,0.050391347508047
1.69657160926355,1,-0.603515625,0.263924325607262,-0.74120142765789,1.01603204830108,-0.741216569033118
1.34815966500606,1,-0.599609375,-0.168824897165543,-0.400780083007586,1.01071405087742,-1.17920916751876
1.01003589257097,1,-0.595703125,-0.598401222687691,0.103747173119748,0.581598267124138,-0.982380882837276
1.59319229598205,1,-0.591796875,-0.948720794535294,0.611762802522355,-0.0615329783081057,-0.267465412374673
1.12891375297544,1,-0.587890625,-1.15762880482924,0.960684863294202,-0.612857674009041,0.524652179199216
0.230505866737925,1,-0.583984375,-1.18818846338734,1.03582287001935,-0.810847067581388,0.908493266809348
1.04597123670168,1,-0.580078125,-1.03538748052005,0.805621440877036,-0.558251634693587,0.661669634048868
1.45827526039528,1,-0.576171875,-0.727041337141946,0.331519872986645,0.0331665041804003,-0.0348155470881664
1.0973357304393,1,-0.572265625,-0.318729042280717,-0.250589966556668,0.693628793911739,-0.712768966686489
1.20676504085883,1,-0.568359375,0.116316584335901,-0.771648807208133,1.1187372921482,-0.915601993873172
1.47343049440118,1,-0.564453125,0.500523603332219,-1.08085183753195,1.10881945760787,-0.489758407021688
1.60575681348425,1,-0.560546875,0.766076750101161,-1.09150413301458,0.660466437762026,0.316503810929627
0.97566198910054,1,-0.556640625,0.867228398421225,-0.807306748852904,-0.0316213530002376,1.00981539776191
1.10059406285381,1,-0.552734375,0.788583863141382,-0.321048411249759,-0.663336025057402,1.16434175371861
2.24498934630551,1,-0.548828125,0.547853290146305,0.21389297908383,-0.95984310245089,0.691711682785519
1.84626384420488,1,-0.544921875,0.192569961762686,0.630529136451099,-0.800810125410604,-0.103291923062547
1.3278630795181,1,-0.541015625,-0.208626523271034,0.799365780207616,-0.274908251443333,-0.716651229793299
1.64438150930463,1,-0.537109375,-0.578554082043395,0.66801842742559,0.361328214063907,-0.765385430558285
1.05539396394999,1,-0.533203125,-0.845610387780973,0.277235922259703,0.801441652445267,-0.230627169821045
0.22519493608834,1,-0.529296875,-0.956881124912915,-0.251563848785359,0.829811281676164,0.530969738379523
0.0148762974722541,1,-0.525390625,-0.887846448066905,-0.753437937187266,0.42081481536264,1.0147134287255
0.850677632232301,1,-0.521484375,-0.646917182234914,-1.07039357221126,-0.248994097735561,0.889630316235909
1.78411675348494,1,-0.517578125,-0.273973651399917,-1.09977277163638,-0.881280306843986,0.209951971548919
1.67936191949348,1,-0.513671875,0.166828015382366,-0.825762268414026,-1.19212605750809,-0.618134217471434
2.41627640535388,1,-0.509765625,0.598673490422267,-0.324398987449923,-1.04173277634822,-1.09339743987016
3.0121897047141,1,-0.505859375,0.946017632810175,0.259462511894639,-0.498293082979278,-0.936916213457038
1.80642441526505,1,-0.501953125,1.14828689486488,0.756189422226006,0.193185795969747,-0.268233791528708
1.17394826139105,1,-0.498046875,1.17086285031303,1.0229687418457,0.722844468901328,0.471586919420891
1.38950436804677,1,-0.494140625,1.01134784923716,0.987207015329351,0.857500658085446,0.801059215537117
1.49705062062895,1,-0.490234375,0.699972650366946,0.668479412585832,0.547002959295117,0.504829263591997
1.53280281935804,1,-0.486328125,0.2940723015078,0.172328738171157,-0.0532367695465767,-0.229167064954764
4.62524070440382,1,-0.482421875,-0.132363625346524,-0.342185644937824,-0.653826299563532,-0.929132098427251
2.334580495824,1,-0.478515625,-0.502163687938212,-0.71127017042915,-0.964324156608614,-1.13951647653592
1.88958074398188,1,-0.474609375,-0.749017145771342,-0.816603303770439,-0.826682788991876,-0.711061893727798
0.442320665371623,1,-0.470703125,-0.829529873810015,-0.621623849197204,-0.288132169627204,0.103587211764787
0.56263407799795,1,-0.466796875,-0.731098905708885,-0.182811986929567,0.419861712545946,0.80950588427519
0.741535530107752,1,-0.462890625,-0.474172341779034,0.367486061147902,0.986957206087508,0.982941367514959
0.436191139873286,1,-0.458984375,-0.108483749158201,0.861444860831271,1.16543232804126,0.539432114201677
1.14023995894715,1,-0.455078125,0.296052629015529,1.14702143992702,0.883097410724635,-0.213754122775766
2.12611408736474,1,-0.451171875,0.662127318114287,1.13443207603549,0.275981821778768,-0.774130669383859
2.62802088110331,1,-0.447265625,0.919172933994945,0.823645267923724,-0.374147417725014,-0.764498113267798
2.00430058457759,1,-0.443359375,1.01627838012926,0.304490409285977,-0.768840501986471,-0.173690865111307
1.3820415155985,1,-0.439453125,0.931527535874884,-0.270653564117825,-0.729544374616558,0.635493114256616
1.65756492135586,1,-0.435546875,0.676060984023162,-0.733249551279081,-0.279219393819398,1.15625939104449
0.827722554967093,1,-0.431640625,0.292120058459133,-0.949905652701539,0.368344526683725,1.05955311727689
0.173422935199841,1,-0.427734375,-0.154571892541251,-0.862922547666852,0.906617896590177,0.403099679964282
1.05612276840965,1,-0.423828125,-0.586705111839119,-0.507703245280578,1.07694074501517,-0.405102963111171
1.29964459639381,1,-0.419921875,-0.92939128327195,-0.00171224660860964,0.787307755807223,-0.865646221905751
0.978805038837163,1,-0.416015625,-1.12373438216014,0.491637256437693,0.154968238897745,-0.704426833843346
0.893196660168002,1,-0.412109375,-1.13749478136008,0.813130214269262,-0.546667129450628,-0.0459587290079261
1.15317783558823,1,-0.408203125,-0.970906010842102,0.85660547242939,-1.01254197577922,0.666825651844518
1.37809165083405,1,-0.404296875,-0.656586017567374,0.601589962941845,-1.04494598028438,0.955262468128706
0.80212535523619,1,-0.400390625,-0.253559862491233,0.119736735485012,-0.643413533710372,0.610411294074432
1.25971157000928,1,-0.396484375,0.163517215251599,-0.446904617482583,-0.00441993760460527,-0.172916087096992
2.28272154056105,1,-0.392578125,0.517973714554513,-0.9291510582309,0.568967260129037,-0.918795465434333
1.70462667366071,1,-0.388671875,0.745093739965605,-1.18226965165217,0.806130016877484,-1.17161052748614
1.4153696447529,1,-0.384765625,0.803902774438675,-1.13012587508531,0.593008034304013,-0.7847346965319
1.80704085013816,1,-0.380859375,0.684621487817745,-0.788411521829741,0.0244822389238165,-0.0130433897906952
1.62141502604826,1,-0.376953125,0.410430584659729,-0.259857088223585,-0.638939553357356,0.649507521234956
1.29321240407314,1,-0.373046875,0.03322563248254,0.297108943954133,-1.09032153425878,0.783987907121122
1.17551830191533,1,-0.369140625,-0.375864800736956,0.716680743995506,-1.11684839459721,0.312643521066007
1.78647784085071,1,-0.365234375,-0.739470789106142,0.876216210651065,-0.697416931371761,-0.452058639835437
1.72732198209493,1,-0.361328125,-0.988116404339608,0.733561542770575,-0.0126136656844326,-1.00664297456426
0.569831790632044,1,-0.357421875,-1.07292435891231,0.3397606379309,0.637497983927176,-0.977454837655804
0.683198981737231,1,-0.353515625,-0.974575888848314,-0.176728976677887,0.970182595917558,-0.359160777904259
0.8638807379109,1,-0.349609375,-0.706893536492558,-0.649486938331263,0.848857528746882,0.480710406321865
0.252704402061245,1,-0.345703125,-0.314393416924878,-0.925190431542851,0.345018264364255,1.0341273977641
0.741020265220319,1,-0.341796875,0.135748539839989,-0.910680097599644,-0.295046787862023,0.974197986304608
1.79369328859775,1,-0.337890625,0.56585487862984,-0.601647508681038,-0.763503073198945,0.361730663272458
2.46173676682724,1,-0.333984375,0.901817019954073,-0.0841746459138148,-0.832346515644046,-0.394507891526358
2.24819025398002,1,-0.330078125,1.08651721386897,0.49135061767493,-0.45820962131101,-0.798527979520525
1.7345743216293,1,-0.326171875,1.09015952810783,0.955979908177425,0.197370289498506,-0.583087162578494
1.85985396317622,1,-0.322265625,0.91563007653008,1.17364088783875,0.841508976916413,0.11995734051196
0.938176708474492,1,-0.318359375,0.597911650555147,1.08255608413516,1.18371845864688,0.863207214541008
-0.040485524873014,1,-0.314453125,0.1976603416121,0.713994810726487,1.06865603108686,1.16809806466984
0.804493086896047,1,-0.310546875,-0.209885437450017,0.182632737455546,0.547150853626454,0.82935285888061
1.36987818302178,1,-0.306640625,-0.548643413963139,-0.348533590443142,-0.14698555077808,0.0460017260246052
1.31617094842405,1,-0.302734375,-0.755571385307302,-0.717997668254863,-0.703757846257658,-0.704329243050025
1.49425138625722,1,-0.298828125,-0.792168255021623,-0.815062219389207,-0.878539491388116,-0.968001273699301
1.59030890509024,1,-0.294921875,-0.651497809984658,-0.61360064255365,-0.603627773161936,-0.602556196556821
1.38822618338672,1,-0.291015625,-0.359456194824937,-0.179948357715422,-0.0187770354607229,0.133954122895795
0.457129988097447,1,-0.287109375,0.0299477613776125,0.3474843739588,0.593243210202151,0.748217837312661
0.543168149357263,1,-0.283203125,0.444439981234433,0.800646954637544,0.93656450412199,0.826406798210296
1.80345828580845,1,-0.279296875,0.806663191647352,1.03336309917102,0.838152597918822,0.298317532846819
1.89360522574237,1,-0.275390625,1.04829316445077,0.966183911227736,0.327546499778145,-0.51702172504255
2.11737919380041,1,-0.271484375,1.12251848367552,0.61087217922934,-0.376098520346617,-1.11331150445952
2.89135976640564,1,-0.267578125,1.01261099056364,0.0670327367650152,-0.963756096589443,-1.11819013883864
2.48374886905729,1,-0.263671875,0.735025695616082,-0.508087438419103,-1.17744661553633,-0.529572179403943
1.46743830159613,1,-0.259765625,0.336464845947544,-0.947409459292228,-0.927873414795257,0.283075120069286
0.639386053814207,1,-0.255859375,-0.114560323878349,-1.12484336184598,-0.334971925152172,0.813326167597533
0.679102251250239,1,-0.251953125,-0.540134911045708,-0.993599911581144,0.327168829448954,0.739174785355919
0.831733386907823,1,-0.248046875,-0.867055270494899,-0.600294816749015,0.755806068077154,0.126964655169128
0.356780285200559,1,-0.244140625,-1.04008486124787,-0.070541494181879,0.758043581481141,-0.611702230989166
1.1151781996956,1,-0.240234375,-1.03193875998088,0.429562093348899,0.338967797612639,-0.982647301021192
1.90206762652494,1,-0.236328125,-0.848180196926626,0.744283585933102,-0.300899211840357,-0.724385646488513
1.20019017092697,1,-0.232421875,-0.526138810559386,0.775906378429439,-0.857656599125505,0.024445041658255
1.01598494839004,1,-0.228515625,-0.128048734844824,0.514621212273309,-1.06346334314784,0.811967360394366
1.33005519151841,1,-0.224609375,0.270343039725733,0.0415266053360964,-0.809549863031216,1.15909908778685
1.36890618723205,1,-0.220703125,0.59362294723266,-0.496178577929991,-0.196506853288919,0.863004316185298
1.1933005046578,1,-0.216796875,0.78048986736151,-0.930231165467529,0.511175129695288,0.125149961780649
1.12763284691177,1,-0.212890625,0.794957340722491,-1.12280853165023,1.00553700633603,-0.577378304902449
1.80719299289282,1,-0.208984375,0.632938712401762,-1.00876544985272,1.07547584267278,-0.795483708115919
1.50664710341704,1,-0.205078125,0.32301569720615,-0.615696607820243,0.702783676480008,-0.393610543617916
0.509435117655337,1,-0.201171875,-0.078749978626026,-0.0556917716223708,0.0699814958429469,0.364250009722196
0.928802029003406,1,-0.197265625,-0.499017483736769,0.508702416088032,-0.523617874506715,0.982754972183375
1.09214493612924,1,-0.193359375,-0.860523176359647,0.913920894028188,-0.799200521227107,1.05068794681858
0.61733591932453,1,-0.189453125,-1.09616047220803,1.04512151874202,-0.626271517500506,0.503184338470251
0.813144009780922,1,-0.185546875,-1.16121957259082,0.871039586006925,-0.0825162468166725,-0.335997926916123
1.17335312962262,1,-0.181640625,-1.04155821703993,0.453313676347177,0.581689774745123,-0.959078059046032
1.26390229272393,1,-0.177734375,-0.756215308933202,-0.072560372937806,1.05788739229397,-0.995743834804208
0.628993189014528,1,-0.173828125,-0.353990901000207,-0.538823482728856,1.12082116094764,-0.447267899458852
0.52061539507615,1,-0.169921875,0.0953855649295202,-0.796883642227811,0.731761529171886,0.31548575437764
1.51815807899423,1,-0.166015625,0.513891676271422,-0.762866440534874,0.0565815597431767,0.788841024913168
1.52572014228764,1,-0.162109375,0.829353430045917,-0.443366582367411,-0.609694927676389,0.657336052241624
1.63421992586699,1,-0.158203125,0.988517956143336,0.0664697256324915,-0.977369672600966,-0.00507797394661783
2.67282377019031,1,-0.154296875,0.966678598082467,0.611948184557913,-0.894064737393849,-0.781572945176132
2.61275247613566,1,-0.150390625,0.772101118523212,1.02605696752845,-0.413866659538237,-1.1771608849955
1.7473029478764,1,-0.146484375,0.444446373679698,1.18049667278889,0.227993494193614,-0.933358689757372
0.95322578194438,1,-0.142578125,0.0474778596174412,1.02492029268608,0.723319402265847,-0.192809555734037
0.673947136778769,1,-0.138671875,-0.342616937461668,0.602394618794948,0.832475085330011,0.590781719435713
0.637448818574863,1,-0.134765625,-0.651163902749737,0.0363577151209435,0.494488901822611,0.940186857113192
0.194130392431072,1,-0.130859375,-0.818659697491821,-0.506946092596152,-0.144654379841971,0.656958009447334
0.993847964673032,1,-0.126953125,-0.811661584000348,-0.869081664674566,-0.798491571804829,-0.0535857733633385
2.17693555342096,1,-0.123046875,-0.628926029459479,-0.947630785823367,-1.17092611024954,-0.714070732904492
1.72314357326625,1,-0.119140625,-0.301677602795036,-0.727270142206807,-1.09158520912858,-0.879709752605196
1.39850259453776,1,-0.115234375,0.112041510088521,-0.284230890846136,-0.59376608440349,-0.422195836083745
1.47759667139366,1,-0.111328125,0.537913180077799,0.23721687201025,0.100689745431813,0.387641058436679
1.10306247291468,1,-0.107421875,0.898857329333548,0.669065172510951,0.682677843086244,1.05100053025766
3.81008877826782,1,-0.103515625,1.12905806059917,0.871115404420807,0.896938542036081,1.15736176999972
0.982632190957321,1,-0.099609375,1.18594833536865,0.774018916900007,0.658444208633853,0.644858948906354
2.05008696166544,1,-0.095703125,1.057971140237,0.400657086295812,0.0908322318956839,-0.16067583769941
2.38963895838278,1,-0.091796875,0.766703891039509,-0.140675496866705,-0.5306828202444,-0.752802790037967
1.56685880986961,1,-0.087890625,0.362958946195646,-0.689206683817977,-0.905780920033275,-0.766079777895505
1.58810401495734,1,-0.083984375,-0.0824302878325672,-1.08068352135145,-0.847010240627206,-0.207796970237114
1.19432555660909,1,-0.080078125,-0.49146073077008,-1.19746509750411,-0.366118019123771,0.547414678952918
-0.0326364942568282,1,-0.076171875,-0.793109414103576,-1.00441079184498,0.330778956865291,0.99663792216155
-0.177929707731711,1,-0.072265625,-0.936206327316416,-0.55960171009146,0.936994311482527,0.829407758456881
0.435820398563002,1,-0.068359375,-0.898687567152104,0.00337963653047915,1.18514626116374,0.126232911245498
1.1350718525187,1,-0.064453125,-0.691545151121168,0.516198614420987,0.969128199454495,-0.691329582524925
1.34565295779302,1,-0.060546875,-0.356755494874777,0.827099726068771,0.392386082045163,-1.12737609393654
1.54021701758771,1,-0.056640625,0.04043510244679,0.847141051237412,-0.279575058272514,-0.925689041345617
2.25975648098358,1,-0.052734375,0.423462180842158,0.577210922853569,-0.740720839313125,-0.231569704061705
1.6930710817946,1,-0.048828125,0.718454795544826,0.107577457658143,-0.784450555222319,0.501334260791883
0.877257353233408,1,-0.044921875,0.867754851709594,-0.409886869597039,-0.397961105174521,0.7999503432447
1.41878010343846,1,-0.041015625,0.840481475366561,-0.808315404993451,0.232154754280541,0.472796445814375
1.51127840944988,1,-0.037109375,0.638215856695286,-0.957047829788284,0.80562774682618,-0.268239539150282
1.16668905081494,1,-0.033203125,0.294770481502789,-0.80177404263895,1.04631906686427,-0.942757711536245
1.16681840395109,1,-0.029296875,-0.1299161973242,-0.381352027153237,0.829051699539576,-1.10762248311414
1.29442526429663,1,-0.025390625,-0.560648918703265,0.183843772669602,0.237421892580416,-0.639296865232751
1.22564064758633,1,-0.021484375,-0.920630409371148,0.728489713713232,-0.473877936214269,0.186738529336023
0.415805615960022,1,-0.017578125,-1.14541631452072,1.09263018703387,-0.995007759766752,0.870000703207925
0.472878779994392,1,-0.013671875,-1.19462997273994,1.17037821122415,-1.10217328425491,1.00190852965695
1.31252247424075,1,-0.009765625,-1.05930445615908,0.942126047215369,-0.759487182930711,0.524222097868997
0.948350087606099,1,-0.005859375,-0.763515278143031,0.480429314946771,-0.134914842270032,-0.235176284782242
0.875127444338488,1,-0.001953125,-0.360006501987267,-0.0722302216807885,0.476973661796798,-0.771840844679497
1.46295841472964,1,0.001953125,0.0793935618967915,-0.547008114920701,0.790089283693708,-0.726417761741413
1.33090820415057,1,0.005859375,0.476822386750663,-0.800277808127064,0.657933201045762,-0.113916047592999
0.993846922870121,1,0.009765625,0.762523455148613,-0.757470978915621,0.140738019492025,0.68516342420539
0.961557524012206,1,0.013671875,0.887502798925898,-0.435785796075282,-0.522080851598999,1.16623493060312
1.67275027946662,1,0.017578125,0.832398237388358,0.0611722209935821,-1.02156023509098,1.02116329683625
2.06136398130742,1,0.021484375,0.610947365926846,0.575176888337865,-1.12074811101684,0.334216586992884
1.44558572320401,1,0.025390625,0.267423849790015,0.941881600547272,-0.763414686727878,-0.471108677160951
1.64918901309493,1,0.029296875,-0.131490151687088,1.04121261903864,-0.10016850303544,-0.900612568459281
1.57525473652053,1,0.033203125,-0.508914528614585,0.834255992032772,0.579984806054914,-0.702634379338487
0.279142303780279,1,0.037109375,-0.791840398142357,0.375364276571857,0.981345364423587,-0.0269700620754332
-0.142455400855997,1,0.041015625,-0.924495151496239,-0.204221009331179,0.936247110363905,0.671487172903372
0.267721617946543,1,0.044921875,-0.878568794049838,-0.736233819619798,0.481191945960543,0.92308545348412
0.799315095990655,1,0.048828125,-0.658438470547152,-1.06656255880181,-0.160421326910732,0.543145955191055
1.21594108079732,1,0.052734375,-0.300438769849752,-1.10211468838,-0.681051077865731,-0.249468855765159
1.65447899987014,1,0.056640625,0.133690471110524,-0.839055792877909,-0.830219420448745,-0.970364959244482
2.53488691188109,1,0.060546875,0.567986982038363,-0.363801462224666,-0.529550019969345,-1.17654390449811
2.09456960893473,1,0.064453125,0.926044434249145,0.17353643422094,0.0910094918788069,-0.747222442231855
0.938916864490779,1,0.068359375,1.14487864475359,0.605133239640115,0.752365662115161,0.0398971249764892
1.15880849835597,1,0.072265625,1.18635776958539,0.796814066064064,1.15379330748851,0.685356242989472
1.21110734622539,1,0.076171875,1.04411603672134,0.689102281939039,1.11045307898715,0.78533615410133
0.941335707151766,1,0.080078125,0.74469273290359,0.315412519407765,0.637999515229499,0.287999088730977
1.39366100821964,1,0.083984375,0.342689408598771,-0.208170176875694,-0.0544308064666447,-0.474130098289016
1.91680087512402,1,0.087890625,-0.0891727957573678,-0.718402361169642,-0.659648451474728,-0.996295041604161
1.93970052893367,1,0.091796875,-0.473285430033471,-1.05483554455462,-0.912607117417909,-0.923291992183416
0.903447491028187,1,0.095703125,-0.741265573909272,-1.10894850936435,-0.711238088885101,-0.276347258219277
0.248026924140182,1,0.099609375,-0.846380022604636,-0.857446172997915,-0.162655775886972,0.559159949366203
0.580515511875091,1,0.103515625,-0.772019207952,-0.369548790034951,0.466387368571057,1.07738491957196
0.101349055333239,1,0.107421875,-0.534678606708616,0.213959698141312,0.872109868381381,0.972297647245534
0.230858761634654,1,0.111328125,-0.18090553568961,0.723528617985479,0.853259147426545,0.331057812171049
1.61472910309242,1,0.115234375,0.221231931754115,1.01241418317452,0.403748781494774,-0.422362186614668
2.18343904342119,1,0.119140625,0.594599736477418,1.00128024594866,-0.284027450683645,-0.797427997127957
2.06276077444088,1,0.123046875,0.867107628489877,0.702206930513468,-0.906739978240848,-0.54936978363605
1.77290115104559,1,0.126953125,0.984903921173156,0.214778574356408,-1.18849122304995,0.164944228247795
1.66679142357675,1,0.130859375,0.922251684601544,-0.304548265052971,-1.00671707565656,0.886668602266396
1.34843796889349,1,0.134765625,0.686287027648817,-0.690433612904617,-0.448032789984671,1.14683755728617
0.368278381449566,1,0.138671875,0.315791913790983,-0.819334672049219,0.231518433196307,0.764914715130593
0.685562849321212,1,0.142578125,-0.125796274185787,-0.647391440347468,0.723623112301457,-0.0357336873452664
1.43594467744728,1,0.146484375,-0.561866872924902,-0.223939988797541,0.808660263639252,-0.768867281388772
0.860908214853367,1,0.150390625,-0.916520389284992,0.323477692739194,0.45598104874692,-0.993315027868261
0.76114223809296,1,0.154296875,-1.1283284210634,0.828030025549541,-0.162366295905029,-0.592170412019292
1.10731755850269,1,0.158203125,-1.16146479498551,1.13455099323852,-0.750734816389945,0.15414867597132
0.967975509197441,1,0.162109375,-1.01218218745479,1.14696809656747,-1.02559850323345,0.747349316120873
0.704089408797428,1,0.166015625,-0.70945581906321,0.857713684137105,-0.845783916959553,0.789112598589228
0.717907778498162,1,0.169921875,-0.309677677368666,0.350133210022443,-0.277613191218492,0.235275273761397
1.59174665359641,1,0.173828125,0.11363220576948,-0.226847742756705,0.434865005982509,-0.575252572144708
1.71214420521176,1,0.177734375,0.483223806844632,-0.704061982676436,0.98095763476311,-1.13525360883244
0.985137615206819,1,0.181640625,0.732184921218368,-0.943598323070702,1.12492218379629,-1.09118730935812
1.45731470586439,1,0.185546875,0.816117375454334,-0.880730923654079,0.813313295660073,-0.467770952978001
1.56637228330695,1,0.189453125,0.72120484462806,-0.54347651257534,0.198987444452847,0.347571063716902
0.855556369991507,1,0.193359375,0.466703644025314,-0.0438104718294976,-0.429200577463197,0.850513892775341
0.970043617189108,1,0.197265625,0.101403417798015,0.456769067819412,-0.778831612602876,0.739691018499972
1.3881561506165,1,0.201171875,-0.305297315610509,0.796803466476247,-0.687886843693785,0.107348717214566
1.50012287866007,1,0.205078125,-0.676075200579542,0.864415613059005,-0.19894683037892,-0.620333211023624
0.828182939395188,1,0.208984375,-0.939815477579936,0.631691604585481,0.460324441658447,-0.95527414197335
0.299657772851,1,0.212890625,-1.04462062657814,0.163393594626435,0.981480536179568,-0.658929869232631
0.64894215488822,1,0.216796875,-0.967324728853956,-0.402662612268133,1.11665489617947,0.104861393041418
0.0581804886982081,1,0.220703125,-0.717780176955772,-0.897574908341009,0.792301294955958,0.872826333242418
-0.215487942933136,1,0.224609375,-0.337135094731123,-1.17284999921182,0.143263025531383,1.17562518367843
1.12565747058948,1,0.228515625,0.109586107113992,-1.14569768235515,-0.548431257060623,0.835240508785531
1.88524820896176,1,0.232421875,0.545249413504974,-0.824289108606515,-0.982061204588778,0.0774220011055821
1.98013876519738,1,0.236328125,0.894584002006409,-0.30526373663606,-0.975230394205517,-0.612244329636114
2.03104652397776,1,0.240234375,1.09781834428947,0.255753500345985,-0.546738542631974,-0.797144376295458
1.94798613801599,1,0.244140625,1.12149806090348,0.691619121354833,0.0925836657033961,-0.367046980663292
1.50213415615055,1,0.248046875,0.964517029931222,0.874623370289859,0.636863692720069,0.392188918145248
0.316531793370105,1,0.251953125,0.658264685166654,0.755365203929587,0.825607748517388,0.980897015355016
0.375881441192896,1,0.255859375,0.260863598320776,0.377677635573175,0.56329200736803,1.00399601589013
1.37202863774674,1,0.259765625,-0.153452700201646,-0.134951860700337,-0.0366043694018665,0.423095162853951
1.14701303947458,1,0.263671875,-0.507887024522172,-0.617312627891854,-0.703281743767095,-0.417963282189081
1.27202366354993,1,0.267578125,-0.737083888080171,-0.913160877521432,-1.1323813461776,-1.01041341993206
1.8212547748211,1,0.271484375,-0.799042587788963,-0.923177605041474,-1.12520839195142,-1.00267324490176
4.38167561541543,1,0.275390625,-0.682768785459494,-0.635537916580985,-0.679722127400095,-0.422592337470955
0.613755282025612,1,0.279296875,-0.410271397302144,-0.129747315959138,0.0083389464294529,0.341353503388277
0.223842859554916,1,0.283203125,-0.032541302394796,0.447432714194122,0.634718365859611,0.787915509050649
0.938812602738985,1,0.287109375,0.37975574037639,0.926620807386902,0.925462220278707,0.622402047281693
1.54780109543862,1,0.291015625,0.749177047870766,1.16738267250936,0.761801048574726,-0.0555036083169254
1.4241825615989,1,0.294921875,1.00564299017182,1.10098026807715,0.233975000770149,-0.814832125862921
2.38112699978095,1,0.298828125,1.09924386868328,0.751247640322215,-0.400604718637507,-1.1672397880379
2.76508052615461,1,0.302734375,1.00938116269644,0.227219210311761,-0.835696750310822,-0.877656067054968
1.53788265724381,1,0.306640625,0.748577895625072,-0.310235191142088,-0.856910286785578,-0.114219325253338
0.842894584262638,1,0.310546875,0.360263360255124,-0.697574452825109,-0.4403424241801,0.657817912706624
0.60492436686788,1,0.314453125,-0.0890655583669683,-0.818529825817194,0.235975077521686,0.970821774727891
0.37905953174144,1,0.318359375,-0.52188044104306,-0.639571228596937,0.873075001030579,0.650874638269111
0.103239612235012,1,0.322265625,-0.86366458350598,-0.220062964807177,1.18745832149558,-0.0728960249875642
0.24883508842874,1,0.326171875,-1.05640782220713,0.305991382139399,1.04051008380598,-0.715184206671838
1.29232482051822,1,0.330078125,-1.06909717457904,0.771035066177408,0.501729048406473,-0.844165254831947
1.11436066163264,1,0.333984375,-0.90329447993325,1.02532010234505,-0.183150202033592,-0.357083599472396
0.396502084249311,1,0.337890625,-0.592786690143221,0.982849982751373,-0.704555365888065,0.453438430394005
1.03234969361751,1,0.341796875,-0.197373583982957,0.64786314168774,-0.830572694852878,1.08456205857964
1.13642169320092,1,0.345703125,0.208075008180358,0.113761315875205,-0.512810640623246,1.14222239541863
0.747458525524918,1,0.349609375,0.547299204442434,-0.465195525845007,0.0917939934475853,0.591239496533513
1.02200327625234,1,0.353515625,0.756574779520132,-0.920786603342082,0.69319188548475,-0.222393450410044
1.48626693578356,1,0.357421875,0.796348453146066,-1.12199922348435,1.00140472151332,-0.791206829317781
1.6482312978888,1,0.361328125,0.658463780344836,-1.01484322171866,0.859726483051397,-0.768316015367064
0.856852811744226,1,0.365234375,0.367661623387204,-0.638653370722641,0.316982629386478,-0.187181335569919
0.676507799758633,1,0.369140625,-0.0229182438293642,-0.113904416994491,-0.394232309952654,0.560569545760878
1.33682031035457,1,0.373046875,-0.441415486381823,0.3947345660857,-0.963402975414773,0.975117719323645
0.728959265618912,1,0.376953125,-0.810345335908702,0.728816367792216,-1.14362119402316,0.767301619301672
0.51979521108654,1,0.380859375,-1.06072788982129,0.784597894068205,-0.864062840712385,0.0436343512827815
1.31078167967405,1,0.384765625,-1.14467771452901,0.544775654053539,-0.261971961232692,-0.760159108653478
1.19857171404043,1,0.388671875,-1.04416106716716,0.0837785131278801,0.380465772828817,-1.15490331492291
0.671103695119293,1,0.392578125,-0.774325666925065,-0.454999340981344,0.76546727550443,-0.907826354479455
0.399745987121495,1,0.396484375,-0.380795986532412,-0.903069362247952,0.716029206177452,-0.189626770729581
0.858815736109446,1,0.400390625,0.0685743919232016,-1.11841973612041,0.25693943637835,0.534674005188219
1.30264495714688,1,0.404296875,0.495992718614833,-1.02902961091949,-0.396641684811723,0.801692392301409
1.04846651033936,1,0.408203125,0.827822784849454,-0.655029969637297,-0.937803294236948,0.444336573928116
2.00612300625505,1,0.412109375,1.00792116051809,-0.102737154533349,-1.10858223627441,-0.302123026596095
2.83483340970424,1,0.416015625,1.00778704277031,0.4676229415755,-0.818356761225332,-0.949974530385975
1.83583797782807,1,0.419921875,0.83167896498262,0.89064526695655,-0.185756197087075,-1.06967441695642
1.16498989229034,1,0.423828125,0.515767996150935,1.0460494918791,0.515103592307869,-0.563705053024941
0.880619799953264,1,0.427734375,0.121482812327617,0.895195822274974,0.97947958762891,0.270413648075244
0.322184793721082,1,0.431640625,-0.275740537235524,0.492663377957863,1.01085149579532,0.928055798689523
-0.0865887017370788,1,0.435546875,-0.600254742081274,-0.030640175597282,0.61025780997448,1.01697889668023
0.0919296480841132,1,0.439453125,-0.790030343954425,-0.507672363589742,-0.0247332690330655,0.505376352504559
1.33884316739828,1,0.443359375,-0.807999058568967,-0.786469050583092,-0.59092730049609,-0.259098699091966
1.58444489877172,1,0.447265625,-0.648845205209982,-0.776727223601828,-0.818673884041241,-0.771371613132474
0.846067980339121,1,0.451171875,-0.340008022156321,-0.477522776357637,-0.595615813314696,-0.690876118453644
1.25516131363207,1,0.455078125,0.0632882043273572,0.0223075550912327,-0.0183871321009038,-0.0587262606783255
1.09262464507213,1,0.458984375,0.488071778403786,0.57123932779535,0.651402751915773,0.727929698129501
0.254580317336288,1,0.462890625,0.85690174900335,1.00131970759626,1.10676829385706,1.1680971925095
0.54085576333894,1,0.466796875,1.10196917626652,1.17948197956097,1.13581598848881,0.975395872450772
1.3906505405246,1,0.470703125,1.17745408481544,1.04823902523842,0.718815472561963,0.260390337569037
2.08520146717205,1,0.474609375,1.06788810489018,0.643323228075208,0.0374581379069125,-0.539105997542479
1.82705467343343,1,0.478515625,0.790999885787794,0.0828819991012947,-0.607940977364662,-0.935485671167598
1.55692050155339,1,0.482421875,0.394524730169373,-0.468473266507268,-0.935428999540541,-0.700260699167544
1.78614597043122,1,0.486328125,-0.0524413178978528,-0.849785747617408,-0.809931413887975,-0.00815020214939001
0.534175980787648,1,0.490234375,-0.471969545455552,-0.952732868303271,-0.304518717499491,0.67517939468937
-0.440723808589326,1,0.494140625,-0.791428716283497,-0.754509172099706,0.333587339555038,0.890315416753827
0.307378508620051,1,0.498046875,-0.956645617718735,-0.324572345284115,0.796695230672993,0.477292935402636
0.676311428069788,1,0.501953125,-0.941700956129028,0.196802811266758,0.857981950124516,-0.321618330309666
0.838327077996995,1,0.505859375,-0.753578213485575,0.641605109854899,0.475804327710684,-1.01491518923445
1.30654835610332,1,0.509765625,-0.430820239911475,0.86563585168676,-0.186759259929902,-1.17345618209311
1.87761805486826,1,0.513671875,-0.0364393883828944,0.792772494836708,-0.836094892534799,-0.702651881129026
1.95096387948251,1,0.517578125,0.353626744989855,0.438419589491064,-1.18204138416807,0.0977156277062797
0.93868619515948,1,0.521484375,0.664410919100823,-0.0950220545044017,-1.07039245546149,0.724048462451677
1.02692407719998,1,0.525390625,0.835632056507692,-0.649288317803174,-0.55330095797993,0.788753432293735
1.71194104490369,1,0.529296875,0.832732921338781,-1.05847985916911,0.134620074709442,0.266074766240866
0.998583911574032,1,0.533203125,0.65322900003153,-1.1996552177831,0.683564200247458,-0.492277425487799
0.893264930670982,1,0.537109375,0.32721169013088,-1.03033548861845,0.850093300858064,-0.981600033518377
1.38488904443621,1,0.541015625,-0.0880866756208825,-0.601464621772134,0.568235032713241,-0.86606037796416
1.05291109468022,1,0.544921875,-0.518677169811059,-0.0418665301239815,-0.0207019921231646,-0.193334629537942
0.432986329551133,1,0.548828125,-0.887257919447269,0.481053309926319,-0.633222740772246,0.63445157498994
0.0787351664089527,1,0.552734375,-1.12726986105346,0.812357935649333,-0.973852736925061,1.11507126059684
0.696814010779584,1,0.556640625,-1.19500580340605,0.85678769038041,-0.870868548261735,0.964239196342596
0.830489103307534,1,0.560546875,-1.07756827505276,0.607709066275161,-0.355434260639335,0.295270726754187
0.166799887768288,1,0.564453125,-0.795227280805643,0.148963905006331,0.352082202638189,-0.453777972877682
0.894863905495663,1,0.568359375,-0.397748533134254,-0.370941427117313,0.942373187541335,-0.799141098052909
1.24387760508908,1,0.572265625,0.0446396447469683,-0.784416888470091,1.15818422447073,-0.519175528054188
0.407709278862261,1,0.576171875,0.453996568680019,-0.956209693973022,0.911549005926108,0.204668809082803
0.5178308599004,1,0.580078125,0.758815786885893,-0.824951041146746,0.323647081866482,0.903340288724929
1.14317792441667,1,0.583984375,0.906993109484649,-0.422130696099584,-0.330936990523779,1.11872908449668
1.59434486475726,1,0.587890625,0.875255865934439,0.13730290255096,-0.75004035331759,0.695500293562215
1.48473086847046,1,0.591796875,0.673337586197678,0.689851067240483,-0.742260416240018,-0.119292744775193
1.39865918728528,1,0.595703125,0.342139083116572,1.07322293766228,-0.314510810698716,-0.832167793799479
1.90290370775506,1,0.599609375,-0.0537881285668364,1.17574745664334,0.331262376210281,-1.0156755491213
0.887071931868552,1,0.603515625,-0.438066365428983,0.970348638390937,0.890697393547127,-0.578833086639914
-0.375059705016115,1,0.607421875,-0.736470175160417,0.522708585280662,1.09658563119284,0.176287557543258
0.152963585536939,1,0.611328125,-0.890512354310926,-0.0288726953617389,0.841527047951317,0.747721380136819
0.407202192787655,1,0.615234375,-0.868162784688131,-0.515766139184059,0.227541797665551,0.753700629833542
0.478969269750599,1,0.619140625,-0.669747341920003,-0.790531314834789,-0.480076766025983,0.176186265318831
1.25564083494792,1,0.623046875,-0.327951736106416,-0.771924745776458,-0.973574093081125,-0.626980808350284
2.08677676975558,1,0.626953125,0.0980714808121508,-0.469650130338874,-1.0429592149413,-1.14906462279761
2.31584786223804,1,0.630859375,0.533420792225693,0.0187087208846334,-0.671509052301662,-1.05631456928515
1.26265649110971,1,0.634765625,0.901037967277082,0.537632650969124,-0.0428787223986757,-0.4001764683221
0.915919249286566,1,0.638671875,1.13570072257473,0.921338385250977,0.543415718164815,0.415042568472681
1.45579472201672,1,0.642578125,1.19586880030299,1.04460901844127,0.809457011694442,0.888522074989019
0.787253489405009,1,0.646484375,1.0712271518484,0.861250830134849,0.626424561406577,0.740394616445715
0.860654486397914,1,0.650390625,0.784553188144666,0.418423044961903,0.073786586027401,0.0886026511116988
4.95412616597535,1,0.654296875,0.387568311445979,-0.157542628066115,-0.596903518711547,-0.62720792344482
1.94337727444883,1,0.658203125,-0.0484709421312432,-0.699506469627242,-1.07704869059772,-0.926332203271325
1.24587822130491,1,0.662109375,-0.445729227411785,-1.05035512187191,-1.1422568373689,-0.593763981794349
0.479049187053563,1,0.666015625,-0.733937534724731,-1.11078222734795,-0.755171953911392,0.181955334504635
0.347104896722705,1,0.669921875,-0.863152211458909,-0.869424353188728,-0.0828355479048195,0.92746537296941
0.109508967492894,1,0.673828125,-0.812805431163016,-0.406151122313385,0.579374361597047,1.18448715090086
-0.586031049501108,1,0.677734375,-0.595400025412328,0.132490918899188,0.942441180736831,0.800336865176501
0.534969773768792,1,0.681640625,-0.254176808428737,0.578175044064213,0.855435064332566,0.0244509732078128
1.79680403724798,1,0.685546875,0.144819948645234,0.792312928431268,0.374018311249579,-0.65039989179473
1.44626980475782,1,0.689453125,0.524833224755071,0.708454203832486,-0.265591273710762,-0.801278185463272
1.54010928602072,1,0.693359375,0.812437684378898,0.352612766404763,-0.755266541852221,-0.343592878485714
1.72339777231599,1,0.697265625,0.950979620900129,-0.164690316533879,-0.856499519564958,0.415682829974081
1.25789625138224,1,0.701171875,0.910964210875935,-0.682236231481501,-0.510041779418922,0.973886173029976
0.518155930702289,1,0.705078125,0.69549766557267,-1.03744055737923,0.136523434427882,0.953104840764197
0.212763054191158,1,0.708984375,0.33979221907437,-1.11613557339513,0.795908547603028,0.341477575033096
1.07677146554219,1,0.712890625,-0.0951771112649308,-0.887591826572425,1.17225132074766,-0.498058864671217
0.950181812605049,1,0.716796875,-0.533710232102929,-0.414076537204983,1.09626500988543,-1.0571938184189
0.196229974473112,1,0.720703125,-0.899105609083464,0.167975518185316,0.602584274842168,-1.00408561157616
0.907891564198023,1,0.724609375,-1.12757218300816,0.689431470751958,-0.0860757861731357,-0.393132226382049
0.933223695418214,1,0.728515625,-1.17979754021625,0.999907036451885,-0.66070027588437,0.370596926151873
0.202374022239853,1,0.732421875,-1.04806691694679,1.0134796354751,-0.867133435075824,0.789614504201031
0.414369501537246,1,0.736328125,-0.757637541774682,0.734708881041777,-0.622042379196912,0.590780056581538
1.01811348979246,1,0.740234375,-0.362118602547952,0.257021268095738,-0.0506426218103964,-0.100774219388248
1.44477705572204,1,0.744140625,0.0663016370566433,-0.266041795809291,0.571059948479346,-0.841112490929917
0.983940371282502,1,0.748046875,0.450002028887697,-0.667923791364476,0.94306893232444,-1.14985481774993
0.960375730430535,1,0.751953125,0.720054481902875,-0.820107244566708,0.879208282154843,-0.815961199836197
1.72389935147039,1,0.755859375,0.828757873397959,-0.671521301532149,0.392874435431865,-0.0325738798404755
0.970738287808,1,0.759765625,0.758298164800788,-0.264260359706973,-0.308523264779281,0.72481657757623
0.546441121685521,1,0.763671875,0.523958405521103,0.279191114687622,-0.917910803506323,0.999493262151372
1.50738294814065,1,0.767578125,0.171294747451864,0.793327046872956,-1.1685408633401,0.642594638999168
1.53949785535244,1,0.771484375,-0.23220667199877,1.12016706796769,-0.955598066031336,-0.0935147902858362
1.02023348643049,1,0.775390625,-0.609472136381689,1.15754133044449,-0.383798331470244,-0.716867572118566
0.629924245792798,1,0.779296875,-0.887933949380156,0.890361708566011,0.280781972623976,-0.809730017478929
0.55999918507584,1,0.783203125,-1.01280819839617,0.395324835436933,0.732599095222629,-0.295135178852884
0.296749958653258,1,0.787109375,-0.957138115124636,-0.182392148438959,0.766484337369928,0.513335060622589
-0.629480583179238,1,0.791015625,-0.72677329013906,-0.673327137754974,0.371454895723358,1.11019987539676
0.142249103963524,1,0.794921875,-0.359376981157765,-0.935322558719747,-0.264424097839152,1.11893922691731
1.56324761379124,1,0.798828125,0.0823589678453956,-0.896753339311808,-0.840344907297566,0.531157999162712
1.40492070227449,1,0.802734375,0.522057465846116,-0.578192752251547,-1.0807350144306,-0.287941482813291
1.70322164536499,1,0.806640625,0.883493703560249,-0.0859029264460334,-0.861768669541726,-0.831263253149997
2.19132554440887,1,0.810546875,1.1044086469139,0.420855654294215,-0.268516474515669,-0.771456157914998
1.59724444018959,1,0.814453125,1.14778458408103,0.778703213974378,0.443431326669157,-0.16809854654409
0.63478519771183,1,0.818359375,1.00853081438933,0.870270465628548,0.964329770592878,0.571206863418752
0.0866333543540044,1,0.822265625,0.71436313824197,0.660259382639877,1.07141493328109,0.951051377379527
0.828065734209777,1,0.826171875,0.320717820008274,0.206413509625394,0.730260487010941,0.704312116811227
1.07831698291392,1,0.830078125,-0.099373296231602,-0.357958285129213,0.11000376744339,-0.0368366647527479
0.591520398149586,1,0.833984375,-0.468602560840392,-0.864569985423021,-0.494505827345575,-0.823740024640544
1.49566759535914,1,0.837890625,-0.719475683622259,-1.16146274065667,-0.798001464806551,-1.1753291775363
1.59865806595832,1,0.841796875,-0.806604862325832,-1.1593550648307,-0.655623813204453,-0.88294992970171
0.317756485332166,1,0.845703125,-0.714967606486617,-0.858881240032414,-0.129411565245196,-0.142260952792839
-0.017351365993567,1,0.849609375,-0.462627667041728,-0.350397794756644,0.539970176710072,0.571592657698842
0.275551145967235,1,0.853515625,-0.0974229156608588,0.213582830303844,1.04333318074538,0.806173294094076
0.725127761311513,1,0.857421875,0.311776400473849,0.664911132218237,1.14452800781446,0.4192403735807
0.885187478841865,1,0.861328125,0.687646892365773,0.871062721271892,0.788695059312088,-0.33117773330969
1.4462133516488,1,0.865234375,0.958537791900692,0.775486453484906,0.127671445856922,-0.951359365126766
2.67374962024961,1,0.869140625,1.07157058364491,0.414716070564543,-0.549081259011809,-1.02648737129856
1.97314623081279,1,0.873046875,1.00232655931783,-0.092977890349913,-0.946441473602841,-0.48528502380369
0.779541109322848,1,0.876953125,0.759357483131908,-0.583924404219911,-0.898126272337952,0.353549321349245
0.997903319932315,1,0.880859375,0.382697024553251,-0.899270853425471,-0.442208829450554,0.982675388212742
0.518810095717722,1,0.884765625,-0.0633571753140515,-0.933737555443806,0.196875095456818,1.0273118644287
-0.138813450314908,1,0.888671875,-0.501877842508994,-0.668008122496109,0.711578768182042,0.482223268885745
0.0913598070486397,1,0.892578125,-0.85724178661787,-0.174854892437817,0.852495220377023,-0.286067754630092
0.769753817626769,1,0.896484375,-1.06882732438496,0.402877559861709,0.542964141077845,-0.773195001590221
1.15218002697642,1,0.900390625,-1.10198274235304,0.895710503461115,-0.0854166865022508,-0.658277275243768
0.380734292701188,1,0.904296875,-0.954269948682962,1.15912593062225,-0.752637958967648,-0.00840080098499069
0.526981232382708,1,0.908203125,-0.655847644412182,1.11756110242877,-1.15811612647304,0.763731083446419
1.32475010464449,1,0.912109375,-0.263925275602496,0.787366816608446,-1.1180444840309,1.16207872890901
0.567652249314986,1,0.916015625,0.147701543154556,0.27171908421675,-0.649424918027378,0.922783682588408
0.563401955647374,1,0.919921875,0.502128044977207,-0.270958970113516,0.0376626800417509,0.182381028874546
1.52893622400078,1,0.923828125,0.733375331924351,-0.675416693482263,0.636018252221759,-0.608226896252104
1.506239901401,1,0.927734375,0.798427507585506,-0.820044701210052,0.881610781752134,-0.969396894608733
1.04322233013865,1,0.931640625,0.685078925663467,-0.663975530201457,0.674024698554777,-0.696485079541858
0.686476391855321,1,0.935546875,0.414162557723498,-0.259483550235769,0.121970885130272,0.0112904780943951
1.07671796333838,1,0.939453125,0.0357536615212083,0.264101749750808,-0.506943891662285,0.678706401886741
1.00896903778387,1,0.943359375,-0.379960001920452,0.74005177403784,-0.909190440802486,0.857789819388284
0.120653746291079,1,0.947265625,-0.755478943013891,1.01534586507091,-0.884752681390877,0.413677796693199
0.862822507647728,1,0.951171875,-1.02013272442793,0.997612277644245,-0.429211921228166,-0.388655019291227
1.36497220772544,1,0.955078125,-1.12298564144376,0.683558120136917,0.263670118586915,-1.05196986497734
0.294024515738269,1,0.958984375,-1.04215692884276,0.16019780817441,0.890071494382224,-1.16217600804256
0.0906114632310617,1,0.962890625,-0.788857794846987,-0.421500933407437,1.1746367361931,-0.651148484052786
0.390799708632976,1,0.966796875,-0.405409366976614,-0.892508468067455,0.996050051492625,0.160066993409249
0.500349971521013,1,0.970703125,0.0423985788405998,-1.11714850837378,0.442218839685292,0.765116701979841
0.504573522077873,1,0.974609375,0.477217952489354,-1.03433606349968,-0.230167883647103,0.79371138801599
0.968094721044913,1,0.978515625,0.824154396613171,-0.676045660678035,-0.713195774775095,0.246279262342936
2.36062679135799,1,0.982421875,1.02433108543519,-0.157372908274152,-0.788608939802132,-0.507202853095578
2.11943467251244,1,0.986328125,1.04553595178949,0.358770151968773,-0.427565372997312,-0.963414128520983
0.97520448109506,1,0.990234375,0.888015039343011,0.711537013004432,0.196371312028545,-0.806757208853872
1.19088133607832,1,0.994140625,0.584358398869823,0.791364647229018,0.786940346798645,-0.111174910565882
0.610441318197819,1,0.998046875,0.193500472910505,0.573489780189868,1.06111435067171,0.705609600673976
-0.42297273649479,1,1.001953125,-0.210071576490853,0.125523441995813,0.879048648734683,1.14640568725953
-0.197917103434089,1,1.005859375,-0.549935734371562,-0.413230397453582,0.308579886886978,0.949491722553289
0.643269908468604,1,1.009765625,-0.761698862438333,-0.87439347706843,-0.405253350168969,0.254065851864053
1.33156453145164,1,1.013671875,-0.804763097806187,-1.112048013552,-0.9517433843963,-0.48889962904603
0.896214525051852,1,1.017578125,-0.669751914141943,-1.04744176947828,-1.09609325612953,-0.803710458238361
0.865657247817926,1,1.021484375,-0.380243211686341,-0.693203192036417,-0.786290176312157,-0.492450073249652
1.43887486457708,1,1.025390625,0.0115065423773563,-0.14966513099597,-0.176396887458096,0.239337324865456
0.341193816028521,1,1.029296875,0.434068909626416,0.425584436051068,0.444376877647506,0.913654105610867
2.93602017956712,1,1.033203125,0.809850089834806,0.865627873459607,0.784356500407485,1.08446629641469
1.18347980359516,1,1.037109375,1.06922942088664,1.04498433019487,0.683121838384329,0.62202584744796
1.67903086383598,1,1.041015625,1.16325540614024,0.917714278637352,0.185076240901711,-0.203645686434818
1.75973946094832,1,1.044921875,1.07258738002598,0.531227441567288,-0.48079951000958,-0.893219967011588
1.81347622064055,1,1.048828125,0.811054324457104,0.0115817033459226,-1.00574807713781,-1.03418776275448
1.93934545516451,1,1.052734375,0.423182254988423,-0.475230395917259,-1.14264257528526,-0.561790800820278
1.34409026525994,1,1.056640625,-0.0238604011245362,-0.774175788813225,-0.819299546255494,0.201017789286074
-0.30011219765518,1,1.060546875,-0.452433822339042,-0.788703267129714,-0.171847298195934,0.749923893863943
-0.17158094051636,1,1.064453125,-0.788499229646602,-0.51037240085172,0.517129046934303,0.720713331730139
0.595391294870289,1,1.068359375,-0.975031664084797,-0.0215342471604783,0.947381954408707,0.121491020308765
0.0719202514526493,1,1.072265625,-0.982332197294584,0.529757691630552,0.937828516763368,-0.671965937049334
0.562024498895631,1,1.076171875,-0.81336323176344,0.974943561703863,0.508830056529501,-1.15479216832726
1.49460692238115,1,1.080078125,-0.503136714698757,1.17645419462692,-0.127698865412733,-1.01393290178514
1.4604306807983,1,1.083984375,-0.112267874789566,1.06977717399071,-0.665806114349602,-0.327406733658471
0.900218505572689,1,1.087890625,0.284130646796433,0.683240154274869,-0.846007859867758,0.484725054877494
0.515909547630509,1,1.091796875,0.61019106522794,0.129465903229234,-0.574483020851709,0.926547544835123
1.22355207212874,1,1.095703125,0.803165962017078,-0.428893315674888,0.0335933540522963,0.740498919543718
1.06597473425889,1,1.099609375,0.824909690242011,-0.828677788076709,0.706417875537988,0.0699454567467781
0.247719382314507,1,1.103515625,0.668874309510402,-0.955874597182987,1.13968081435072,-0.633146989007013
1.11699285743785,1,1.107421875,0.361345453722542,-0.780240048217249,1.13566379486436,-0.896706547956878
1.22190760252788,1,1.111328125,-0.0433076183466501,-0.364318769106925,0.693679428614343,-0.529799739049305
0.134340881996777,1,1.115234375,-0.472503578263423,0.155890134668578,0.0104766860577974,0.254890045321544
0.0249447544136894,1,1.119140625,-0.848645351664295,0.612707777621473,-0.609576725378503,0.975246539996515
0.330680520501532,1,1.123046875,-1.10323888698778,0.858223467532543,-0.893449775012915,1.18533308647987
0.532535796959447,1,1.126953125,-1.18936394165641,0.809693407772108,-0.723978731210481,0.758237833884254
0.129362572238411,1,1.130859375,-1.09022634538132,0.475015835279086,-0.193013033824731,-0.0335851191996424
0.242414826583916,1,1.134765625,-0.822234481410014,-0.0495048517564726,0.441121778442201,-0.691524703604271
1.2489394327542,1,1.138671875,-0.432039538253848,-0.608426460846749,0.872364492385133,-0.807485350789587
0.531954604851002,1,1.142578125,0.011922058669781,-1.03453255364064,0.887517351006377,-0.322770142683652
-0.0762218767213395,1,1.146484375,0.431844788657945,-1.19982522404461,0.464358019867644,0.43533712592109
1.03345803523019,1,1.150390625,0.754668904460329,-1.05457163608853,-0.217643215189874,0.962506117293547
1.3421320343411,1,1.154296875,0.925325016943685,-0.642477421483657,-0.858924028561879,0.89897599580448
1.26532420269943,1,1.158203125,0.916697940916326,-0.0873521165305116,-1.17643379958717,0.259395524993463
1.59651903062465,1,1.162109375,0.734496755338958,0.444660224725672,-1.03275935835199,-0.57524683053002
1.96135298515691,1,1.166015625,0.416145520032473,0.795748437509891,-0.498710069689768,-1.09853369903971
1.65097280431398,1,1.169921875,0.0238977930602277,0.864523544107172,0.179260750440105,-0.999317068230237
0.0654253171396522,1,1.173828125,-0.366570211015837,0.636842229190322,0.691886547629551,-0.358437684652714
-0.175243922176933,1,1.177734375,-0.680009773092491,0.18995206329275,0.808546672258918,0.403511120740519
0.493329581151811,1,1.181640625,-0.855370241945026,-0.33130336792521,0.482636447286609,0.79413476142422
-0.142523654296046,1,1.185546875,-0.85698165575376,-0.758945318457512,-0.127354420587472,0.562574525413469
0.340492633037553,1,1.189453125,-0.681112275166712,-0.953398952656553,-0.730689859949236,-0.140932180331506
1.70161503690404,1,1.193359375,-0.356706041841682,-0.846360268787048,-1.03782117970207,-0.860684224709743
1.85126404050796,1,1.197265625,0.0598352847684209,-0.461889638032144,-0.893344433532939,-1.12555476441643
1.3126477035701,1,1.201171875,0.4948761800146,0.0907177097251701,-0.347634838916786,-0.749079071948833
0.722998121475252,1,1.205078125,0.870916876376272,0.650111897078448,0.365634353921888,0.0511627112600769
0.9939060926223,1,1.208984375,1.12067481420624,1.05198841464376,0.935823615239565,0.790784626790383
0.802908998537848,1,1.212890625,1.19931471857348,1.17911326022109,1.11688260411514,1.02528284180514
0.0460899485299873,1,1.216796875,1.09260092726327,0.996995329885734,0.839386917477149,0.631310900304793
1.25327122876282,1,1.220703125,0.819487869442611,0.564312122253889,0.241817606435106,-0.116164922155839
2.02193539556996,1,1.224609375,0.428677073831861,0.0149066447562333,-0.393209794943788,-0.719807133023623
1.02690301539731,1,1.228515625,-0.0102325684810828,-0.483142731642823,-0.768576072017815,-0.777067338049597
0.664317387767023,1,1.232421875,-0.419390319775893,-0.778874643252482,-0.708829890723462,-0.236939955361835
0.438343136889498,1,1.236328125,-0.726832982895447,-0.784531548616121,-0.240592007506032,0.566916358480696
-0.110021443920458,1,1.240234375,-0.879544409827323,-0.502302711765822,0.419598255449789,1.12777410170245
-0.758728634333018,1,1.244140625,-0.853058127525037,-0.0235553329941952,0.964434859630638,1.08769044479067
-0.532607237208957,1,1.248046875,-0.655855588161006,0.499208734798233,1.13662946179424,0.465072116556217
1.10832373102707,1,1.251953125,-0.327760211515106,0.899100387490259,0.846911578811215,-0.356682382493494
1.29122921102187,1,1.255859375,0.0673793440613253,1.04600985741086,0.215248099218691,-0.872261137888877
0.909042533757318,1,1.259765625,0.453383420049949,0.886556925797845,-0.483589702317716,-0.7747760640891
1.88280014963122,1,1.263671875,0.755682781726253,0.460615192572138,-0.94522442067968,-0.149805679317065
1.61079485358872,1,1.267578125,0.91496772673924,-0.110643139487015,-0.974375266497291,0.580133630299021
0.572613255095804,1,1.271484375,0.898058583740994,-0.661535537110005,-0.573627570681419,0.925341258799
0.466435832157237,1,1.275390625,0.70401720940956,-1.03225786389843,0.0583230849167648,0.641408145807678
0.854750548046516,1,1.279296875,0.364385582587786,-1.11748608441574,0.618128161201164,-0.114241594457833
1.12815720087113,1,1.283203125,-0.0624930889405723,-0.898349160130631,0.837082554448396,-0.881292516253256
0.392198181863912,1,1.287109375,-0.502037879980471,-0.448010917798142,0.604512449712497,-1.18813343813045
0.494499424494138,1,1.291015625,-0.87695598988817,0.0908396375927128,0.0187873999511231,-0.850827342013665
1.27258629088552,1,1.294921875,-1.12126917956002,0.549709027196624,-0.65739540405352,-0.0894799214009392
0.202333505075542,1,1.298828125,-1.19228780988768,0.785871453670958,-1.11700727611219,0.611926392388379
-0.159460612681388,1,1.302734375,-1.07835303653354,0.726035109164571,-1.14907223323001,0.813136067178114
0.868491997094842,1,1.306640625,-0.800938061632824,0.388761363835157,-0.735215379360889,0.397161707608493
0.954060128023714,1,1.310546875,-0.410726232781735,-0.12121274626358,-0.0582029126289358,-0.355888813606533
0.719848741775032,1,1.314453125,0.0216197483508743,-0.645014125999626,0.581438164671396,-0.947595411848621
0.690872964637957,1,1.318359375,0.418316821650896,-1.01824643875554,0.902582005358899,-0.978955549254175
1.18181613357954,1,1.322265625,0.708607659333159,-1.12132340523596,0.77170678898967,-0.405079097268561
1.11210779800689,1,1.326171875,0.841618560198999,-0.916143416718294,0.263499586752742,0.435078252668472
0.0660579514514081,1,1.330078125,0.795588548147469,-0.457898110028477,-0.373846625604214,1.03289832292612
0.82261506117846,1,1.333984375,0.581789910477132,0.121596809916689,-0.832747728122259,1.03213458164576
1.65373960115435,1,1.337890625,0.242427068967076,0.653961123608861,-0.887526260826793,0.454184744591824
0.706159976287619,1,1.341796875,-0.157102843303925,0.985467576192913,-0.498226682842192,-0.316516785638201
0.558977093334464,1,1.345703125,-0.540177660508827,1.02377651052717,0.170568594046334,-0.77765410237126
0.685970436941864,1,1.349609375,-0.832966152595509,0.76591651224986,0.82455017614579,-0.62888259522952
0.0641521249193181,1,1.353515625,-0.977939312257373,0.298969094665281,1.17391056803553,0.0369345304227277
-0.718095985176042,1,1.357421875,-0.944415817049903,-0.226746042828998,1.06559529659835,0.792664718089054
-0.799142239053112,1,1.361328125,-0.734220467881667,-0.643788131831441,0.553082504890201,1.14856464685521
0.63857091376417,1,1.365234375,-0.381424159708022,-0.818921513148578,-0.128224920851425,0.863995045528495
1.09696082348012,1,1.369140625,0.0537884910489898,-0.693966789660327,-0.668731311170597,0.101057099202227
0.842325789192989,1,1.373046875,0.496008546391794,-0.303693537416125,-0.826214832819795,-0.677527900189781
2.07326591713047,1,1.376953125,0.868267710272319,0.234714518057233,-0.536463641541181,-1.00143588792331
2.03432748770398,1,1.380859375,1.10599198701844,0.757405799857238,0.0576287934195382,-0.690476472276479
0.686226283961658,1,1.384765625,1.16870452293104,1.10389985528579,0.671810382494649,0.0321232062781265
0.359409826058286,1,1.388671875,1.04734782437066,1.16613302225492,1.01096610917045,0.682825964149822
0.595135716092171,1,1.392578125,0.765893006018643,0.921527312366672,0.904643776095513,0.826270886948574
0.928183593564336,1,1.396484375,0.37694374817587,0.439978860605686,0.385587401375417,0.353021220967133
0.654074993447246,1,1.400390625,-0.0478641217340782,-0.137371285618176,-0.324671190671429,-0.45000159707312
0.996257733626228,1,1.404296875,-0.430919102425617,-0.641101882005853,-0.916591218025678,-1.08120510671329
1.99475378755774,1,1.408203125,-0.702769140605562,-0.925090320007952,-1.13368575164838,-1.14269372749909
3.8066775071406,1,1.412109375,-0.814761764829426,-0.910953307959988,-0.889351087783107,-0.592996653835024
-0.279058756428984,1,1.416015625,-0.747887943789448,-0.611778292103407,-0.306030864465401,0.226459789678462
0.333477466532877,1,1.419921875,-0.51621972106716,-0.127901374440969,0.341186497424968,0.807965595278496
0.248517346974826,1,1.423828125,-0.164316134747987,0.383972747431459,0.750718601299544,0.799574447443175
0.208774311411119,1,1.427734375,0.240929737660896,0.758869441045436,0.732662489163366,0.227935819314373
0.929497145120046,1,1.431640625,0.622517534989656,0.874161952911308,0.295768132155793,-0.519669862073331
1.99406329793262,1,1.435546875,0.907413257881357,0.687239537176311,-0.356582356453373,-0.94262576111739
2.28339822579774,1,1.439453125,1.03990651998723,0.24871338524997,-0.919549610064023,-0.746377262859823
0.977652423379192,1,1.443359375,0.991818456592039,-0.312878742639021,-1.12653321194242,-0.0308792782014541
0.826350897531994,1,1.447265625,0.767700658436445,-0.830200841525166,-0.87146881693459,0.7717367061692
1.04545776104465,1,1.451171875,0.40407741347085,-1.14813018020833,-0.25776257553568,1.17071721809935
-0.348481225843957,1,1.455078125,-0.0371319768015908,-1.17107127359036,0.448539754309078,0.927655872158136
-0.439783437317643,1,1.458984375,-0.479814436507068,-0.892120275451436,0.939940716020829,0.207283147332283
0.498671163891702,1,1.462890625,-0.847449737691766,-0.395171365360396,1.00761073042682,-0.527723468787117
0.561297570164251,1,1.466796875,-1.07697359717399,0.170678281807141,0.636353778064653,-0.811030937985301
0.228930473827866,1,1.470703125,-1.13019437622655,0.63660678658576,0.0109923448670924,-0.468993318269927
0.0140225481913167,1,1.474609375,-1.00068586404761,0.865537735079782,-0.568729112360881,0.269295344597664
0.720947709149669,1,1.478515625,-0.714902210837937,0.793881253701247,-0.825770446600904,0.918167930502604
0.591362679562117,1,1.482421875,-0.327312945790616,0.450797949334086,-0.632969062393994,1.04484626315494
-0.250143282531603,1,1.486328125,0.089555341284707,-0.0508950805506298,-0.0715620446501716,0.545479092823305
0.929876389238699,1,1.490234375,0.458356864440474,-0.549393302514259,0.605729555145042,-0.287729353126901
1.53725123625562,1,1.494140625,0.711033296158032,-0.88355259850544,1.09017407232303,-0.951018546991445
0.634265360882423,1,1.498046875,0.801220422384036,-0.942343428329351,1.15823558877317,-1.04799720731553
0.685647057993908,1,1.501953125,0.71269567744335,-0.698997781656713,0.773911733835381,-0.540359597334768
0.963430824699614,1,1.505859375,0.462328426341359,-0.21941153605854,0.105380107259307,0.228893588177944
0.873825514513581,1,1.509765625,0.0969958972773431,0.357770361261219,-0.551668847315136,0.75443374626895
0.303541413830399,1,1.513671875,-0.314973509970825,0.863307624742174,-0.908946611370456,0.690561508586553
0.325118269752705,1,1.517578125,-0.696271267455057,1.14888487238442,-0.817017592582742,0.0714820345589146
1.42592852776768,1,1.521484375,-0.974723013770932,1.13226409311328,-0.333162432120329,-0.710126339046957
0.692018554610895,1,1.525390625,-1.09647567601151,0.822279716792673,0.305376222046829,-1.15264408192572
-0.313249891977889,1,1.529296875,-1.03585567563709,0.316043813248647,0.79050548495997,-0.964552960183674
0.444614728068597,1,1.533203125,-0.800102450711927,-0.230782344896034,0.884811478902252,-0.250207858963801
0.290507765599113,1,1.537109375,-0.428114470607603,-0.651567045945289,0.530734625110545,0.555754624340101
-0.133558708893961,1,1.541015625,0.0165650271727803,-0.81960174345025,-0.122577614222244,0.963718992659037
0.543900647392627,1,1.544921875,0.457246647949811,-0.686762298075419,-0.787044558675935,0.739179289452274
1.64828994647532,1,1.548828125,0.817985455392894,-0.298128441506821,-1.16706227296991,0.0505866691985984
2.25096876695041,1,1.552734375,1.03733576497639,0.221902540454396,-1.094442574872,-0.638951967237809
1.32838676332149,1,1.556640625,1.07946702236777,0.707762842071559,-0.60515629085315,-0.867232698169899
1.12282159892348,1,1.560546875,0.940618121161693,1.00346465769626,0.077222542934322,-0.467866899972781
1.37331858967588,1,1.564453125,0.64971620148799,1.01044604794382,0.643793566258406,0.322942284227493
-0.239357606641428,1,1.568359375,0.26304837925812,0.717890793963114,0.841535937234024,1.01567142331055
-0.686034451670011,1,1.572265625,-0.146042444956797,0.206254464875518,0.588844599486589,1.17796654051463
0.451167234760308,1,1.576171875,-0.500560682364775,-0.37708614574447,0.0125462293564643,0.70904740597461
0.739948044576871,1,1.580078125,-0.733918937887306,-0.862627185108713,-0.610528745827365,-0.096354957158977
0.696608011668068,1,1.583984375,-0.802095918168611,-1.11029717137562,-0.980672258918732,-0.735158018212971
0.668975664364545,1,1.587890625,-0.691677212346814,-1.0520364876923,-0.912944575094826,-0.815241594742546
1.06500558803116,1,1.591796875,-0.422314535764615,-0.712394727773913,-0.422347022996557,-0.303993917374231
0.64192836164323,1,1.595703125,-0.0431554005620277,-0.20085857469051,0.282465921524984,0.45184318911656
-0.671942280363913,1,1.599609375,0.376106871074772,0.321741626679402,0.894079133583788,0.947600272204167
0.2581834589389,1,1.603515625,0.757933250419161,0.692480415845915,1.14642030948251,0.842597721921323
1.37776118126296,1,1.607421875,1.03107674557944,0.796192977564622,0.935995440526204,0.177901208134905
0.958129470620813,1,1.611328125,1.14358340393319,0.600705553931574,0.368807900846424,-0.648540516712442
1.50015804289725,1,1.615234375,1.07228900833096,0.166676731909695,-0.288489222178109,-1.13363374036422
2.03437926694299,1,1.619140625,0.82708178466951,-0.370957126626582,-0.730846749604817,-0.987816706647875
1.45791372989581,1,1.623046875,0.449154252691364,-0.844263467992696,-0.754537703090096,-0.318189281616263
0.224471872387201,1,1.626953125,0.00356162222505802,-1.10370951101707,-0.350412425618108,0.440250524975482
-0.536763344705682,1,1.630859375,-0.432559366645194,-1.0639692422825,0.291976172333397,0.801526513246461
0.222224990643735,1,1.634765625,-0.783967250391677,-0.730144648138116,0.871262386088103,0.537740275615368
-0.0282680723766808,1,1.638671875,-0.990944696423956,-0.196386905411263,1.1124137061393,-0.176168830737681
-0.484758395962439,1,1.642578125,-1.02009920544233,0.382665849988732,0.892920458712138,-0.873959038717657
1.02662580967348,1,1.646484375,-0.870370408203756,0.838913815695029,0.299283371565986,-1.09501277726691
1.34944144692397,1,1.650390625,-0.573151439453402,1.04192362477513,-0.412060225702511,-0.677911498511562
0.501967255385734,1,1.654296875,-0.186503500438742,0.938545883669907,-0.931513022849085,0.135964791680968
0.535429146151276,1,1.658203125,0.215481867176945,0.568925231015735,-1.03739057017004,0.854705394028646
0.860749977834332,1,1.662109375,0.556234877034677,0.0540177950355692,-0.696768919911387,1.04728427343606
1.02899580276584,1,1.666015625,0.770705501286658,-0.44156507286271,-0.0799891547297169,0.616259438306278
0.374653544243775,1,1.669921875,0.817257822928891,-0.76003068152923,0.517797035055576,-0.141499923297848
0.595328255158763,1,1.673828125,0.685294293198578,-0.798772473270258,0.812128413436719,-0.724596158647338
1.62063218615407,1,1.677734375,0.397221019966238,-0.541851143541177,0.659772282870464,-0.746724593678888
0.492182500574685,1,1.681640625,0.00439566569845046,-0.0649687761360481,0.124563167207642,-0.182949866783917
-0.236789663442075,1,1.685546875,-0.422204746336774,0.487586231779293,-0.551590735121446,0.613922152813717
0.595955618189514,1,1.689453125,-0.804897329929749,0.946982182304939,-1.05927615236748,1.13730742137672
0.38599446829335,1,1.693359375,-1.07343715162371,1.17142124683284,-1.16313620575147,1.0488131255265
-0.00997287196442526,1,1.697265625,-1.17781621739907,1.08949447449781,-0.809659154304637,0.393583045366055
0.142764159668639,1,1.701171875,-1.0973871760708,0.722069176312267,-0.151876209868204,-0.427858867726303
0.768543754226683,1,1.705078125,-0.844650282742441,0.176020456234528,0.520338790736547,-0.913397463044285
0.788494255344782,1,1.708984375,-0.463013667560697,-0.388280872648884,0.912490654391125,-0.777487382398566
-0.390355985396621,1,1.712890625,-0.0189340838433451,-0.805795381574289,0.859727093203713,-0.131522818277749
0.227375425429249,1,1.716796875,0.410131684790245,-0.957045154766649,0.401735912076369,0.588165785344529
1.27732802313014,1,1.720703125,0.749771951228809,-0.804406958102926,-0.235972076638841,0.898867717244872
0.613827910143506,1,1.724609375,0.942105577676742,-0.40338652099136,-0.745811054875773,0.579502387248152
1.0895733294348,1,1.728515625,0.95625353425616,0.114564646036822,-0.87941288390735,-0.187733027134923
2.01986123573655,1,1.732421875,0.7938911493107,0.582434819032287,-0.561801438039312,-0.932158779082913
1.63224635295657,1,1.736328125,0.48887134029936,0.84889679902423,0.0738066575881678,-1.19293991897587
0.569117361540493,1,1.740234375,0.100988633843087,0.824751345882543,0.746514444033342,-0.811380978236867
-0.317671131264728,1,1.744140625,-0.294979427210887,0.510375833300992,1.15590095268303,-0.0314464267974137
0.076155096700876,1,1.748046875,-0.622957061838297,-0.00421224723643596,1.1192017196043,0.655363262117904
-0.214878088701664,1,1.751953125,-0.819488463232352,-0.566700900529686,0.654761830267498,0.822186349371097
-0.825234884572128,1,1.755859375,-0.845354243247602,-1.00888848333468,-0.0264130662749106,0.377630090186586
0.845186628692469,1,1.759765625,-0.69277005469212,-1.19797478324862,-0.61714028120784,-0.376849295708285
1.64724220838739,1,1.763671875,-0.386855770160341,-1.07707179122275,-0.854438082921568,-0.939451216339189
0.794382006148731,1,1.767578125,0.0188931495615755,-0.682560030990121,-0.639579892475072,-0.928028154639813
0.743013211860404,1,1.771484375,0.45230833419601,-0.13298883578613,-0.0829083576140027,-0.324147380137868
0.788260956331556,1,1.775390625,0.835659304730285,0.40708893722896,0.547080745270046,0.513955468045755
0.570943919140348,1,1.779296875,1.09978581819546,0.777300915331976,0.947074659792925,1.07782337786424
-0.0149712047811648,1,1.783203125,1.1966790379351,0.870329416469418,0.918254683180859,1.0307648413068
0.373188767675878,1,1.787109375,1.1082210756634,0.664548295124409,0.457826632151928,0.420795656943631
4.96169194274289,1,1.791015625,0.849491732858502,0.230455975754561,-0.23912566743139,-0.350750743583455
1.4283376305987,1,1.794921875,0.466040252280273,-0.2910561191811,-0.868332553182566,-0.78495242330497
0.554020804519196,1,1.798828125,0.0256185156239991,-0.731955991536945,-1.15501914886049,-0.602805186061326
1.08659785937639,1,1.802734375,-0.394119631888952,-0.948625763548893,-0.97914584870558,0.0773074527288433
0.265687717429637,1,1.806640625,-0.719713951883317,-0.865963527607243,-0.429927103315913,0.814980030273385
-0.842312075714403,1,1.810546875,-0.895222640239454,-0.500553859646795,0.235299864924119,1.12808126787026
-0.724372986849414,1,1.814453125,-0.892351223463685,0.044177174212604,0.709027190377377,0.799817287741072
0.235936104859814,1,1.818359375,-0.715542321917894,0.609348078227532,0.774377440874466,0.0173746578711103
1.0618960802606,1,1.822265625,-0.401100636777657,1.02896628705216,0.404331932817424,-0.7460137364094
0.629121638415207,1,1.826171875,-0.0105135894232192,1.18046703012237,-0.226011646111335,-1.0306758945315
1.26598869589359,1,1.830078125,0.380815114049984,1.02201194094934,-0.819756536540011,-0.681419242654162
2.09766985602497,1,1.833984375,0.697366523318467,0.605156737695567,-1.09434581274571,0.0550757031552835
0.647905216972588,1,1.837890625,0.877328132715157,0.0590210278387546,-0.911227236332383,0.688226052169134
0.196059016219497,1,1.841796875,0.883918508124619,-0.449201745075751,-0.339707216495717,0.796424732021244
0.96420802224771,1,1.845703125,0.712151803995492,-0.765329246945337,0.374236562372885,0.295921771430652
0.775650407586075,1,1.849609375,0.389809421190303,-0.795263930839727,0.919934120935716,-0.505225490120207
0.383727345820619,1,1.853515625,-0.0275591808773928,-0.53367562079791,1.06358257209723,-1.10245654833891
0.230829793592293,1,1.857421875,-0.466697317697373,-0.0655323814096058,0.754642048157075,-1.11516253713535
0.817182415103628,1,1.861328125,-0.849932691835809,0.459985502560439,0.148411725698827,-0.528634931214238
0.476904526474966,1,1.865234375,-1.10928057830042,0.875216124861399,-0.465523098504886,0.296266588026352
-0.811074269938252,1,1.869140625,-1.1987914869073,1.04541687972417,-0.796218768503247,0.851887002430085
0.118396217439719,1,1.873046875,-1.10289569118256,0.910128603552508,-0.684844514256309,0.805618911217111
0.815892344182323,1,1.876953125,-0.839225709521155,0.501861462565708,-0.177619986141351,0.21030445288443
-0.059561080948788,1,1.880859375,-0.455403060855654,-0.0636112849943772,0.495160185062517,-0.530478656426214
0.273514343489467,1,1.884765625,-0.020374374659811,-0.622392250684144,1.02442450534879,-0.920129787239681
0.839916269225581,1,1.888671875,0.388125832753792,-1.0123028473666,1.16377296987356,-0.685886918013176
0.700521239672655,1,1.892578125,0.697703348524211,-1.12220945875473,0.842360257882362,0.0466066597671739
0.0899841448888687,1,1.896484375,0.85445154050611,-0.925769768439006,0.197563293874356,0.832036009765682
0.0859559048783359,1,1.900390625,0.832724580596177,-0.489295297396186,-0.487521681870091,1.1874627960825
1.41050532691841,1,1.904296875,0.639757917967483,0.0486670548065205,-0.913169473969975,0.89847720582114
1.06342749609925,1,1.908203125,0.31429558354627,0.519792722697702,-0.899659274658354,0.154914126496772
0.21933204618287,1,1.912109375,-0.0805248155861419,0.777502645407079,-0.468957900721763,-0.570095181117451
1.09370787332856,1,1.916015625,-0.4687329650627,0.741809494173112,0.165898355091681,-0.820851955386997
0.564918458863091,1,1.919921875,-0.775426599927934,0.423785160207265,0.69884492182432,-0.448467547853373
-0.780051444682165,1,1.923828125,-0.940480095526353,-0.0778258864849166,0.871377858483339,0.295014539302624
-0.814225622743087,1,1.927734375,-0.92956378759965,-0.606812673433841,0.591349702016336,0.917547810528136
-0.108145055490297,1,1.931640625,-0.740466529716709,-0.99729455120928,-0.0243968041373114,1.00074766241518
0.685833064988897,1,1.935546875,-0.403569130905754,-1.12450538579682,-0.703079486567761,0.466894539054547
0.570171949363215,1,1.939453125,0.0236187203980831,-0.94304827280802,-1.14045547253378,-0.370473339265768
1.32916811751328,1,1.943359375,0.466864544876645,-0.500930774659303,-1.13978942699253,-1.00458999093279
2.49431542819113,1,1.947265625,0.848668642832237,0.0749112055024699,-0.70174032896936,-1.05631480381678
1.08324795024361,1,1.951171875,1.10232032075517,0.617183450390979,-0.024047233118564,-0.513947232318447
0.183833544719166,1,1.955078125,1.18399648963983,0.969119909912157,0.588841758032336,0.260357505321512
0.852331690070257,1,1.958984375,1.08070065993639,1.03214596225432,0.8648553068493,0.761600072887028
0.592498653847025,1,1.962890625,0.812597564058262,0.795763618708484,0.688473827149585,0.663514253661601
0.377790830370626,1,1.966796875,0.429318879001327,0.340534880538894,0.153193389461262,0.0262989877759554
0.732084541734232,1,1.970703125,0.000913047333269273,-0.186742423342129,-0.48171017294855,-0.741538350036809
1.52902455221373,1,1.974609375,-0.394912817795953,-0.618077341360272,-0.910319610020442,-1.14298161137885
1.31568245778591,1,1.978515625,-0.686936020789824,-0.815781916551802,-0.920591681317607,-0.908822648202136
-0.38957737150715,1,1.982421875,-0.823371437226108,-0.714684667400842,-0.491942729652829,-0.169436734923619
-0.235616606441866,1,1.986328125,-0.781276612287965,-0.342161782435971,0.194762438541354,0.627189223756155
0.210526736841104,1,1.990234375,-0.570696825752002,0.19013641246041,0.839408934591346,0.999120769111897
-0.79054497873276,1,1.994140625,-0.232795978367776,0.720338523569408,1.15943076498737,0.735598365387761
-0.091927276337507,1,1.998046875,0.167685715493186,1.08578323510788,1.0186419932143,0.0297519956535306
