5.10703184060593,1,-1.99951171875,0.2,0.2,0.2,0.2,0.2,0.2
2.09656977270948,1,-1.99853515625,0.615183181172168,0.728631654596009,0.832938029245422,0.926325319593017,1.0071979891315,1.0741688945471
1.39441142351369,1,-1.99755859375,0.95112055852218,1.08994752579299,1.16758645748766,1.17855671396317,1.12181660006549,1.00083448298137
1.31652349508788,1,-1.99658203125,1.14581687617754,1.17144218675393,1.04634425803153,0.788029076295365,0.433815786117309,0.0352439714231529
2.21537664826297,1,-1.99560546875,1.16245360194023,0.944735076661278,0.517366241573236,-0.0105356384315112,-0.503797429769091,-0.836861669467845
3.28023597645641,1,-1.99462890625,0.996115550508309,0.474329492025338,-0.187204894815653,-0.727557886779295,-0.936228316496324,-0.738771058975939
2.55861608448458,1,-1.99365234375,0.674717615158077,-0.101971083172889,-0.757090502758523,-0.928891039610664,-0.536538102264097,0.17374916465257
2.41076804251008,1,-1.99267578125,0.253962342047946,-0.615009799475463,-0.945396581919191,-0.510707152580936,0.322994642362902,0.881207372762786
2.75605836115317,1,-1.99169921875,-0.192754260969012,-0.915775941298783,-0.681071874610411,0.235677627198437,0.884690304722058,0.582595773333342
0.865497760127717,1,-1.99072265625,-0.587651648184473,-0.92072903384498,-0.100870900491738,0.810182223592377,0.64176643232294,-0.453542697986469
-0.0371024562051445,1,-1.98974609375,-0.862666171024538,-0.637106542332579,0.513781851015499,0.823030333228703,-0.235379843571196,-1.16938069820022
1.12125949510805,1,-1.98876953125,-0.971778608832657,-0.160489362885126,0.866120937360592,0.243663752925388,-1.03968990444778,-0.833354601204528
2.03235343854707,1,-1.98779296875,-0.899324432554701,0.354625466912818,0.78037243504022,-0.578756690247626,-1.11732702498476,0.188294000278128
2.31656228343207,1,-1.98681640625,-0.662774918187546,0.742249269582109,0.282696522459227,-1.13634416202125,-0.413512220576636,0.819614004312353
2.05388148197288,1,-1.98583984375,-0.309483953424235,0.875829936145439,-0.410310584882485,-1.08456329529039,0.482278424738443,0.41226092332004
2.58510592163157,1,-1.98486328125,0.0920059395947007,0.707120164980031,-0.99031182191162,-0.460727745347574,0.82952922966485,-0.570474150666609
2.57337409443188,1,-1.98388671875,0.464514245433872,0.281106571514303,-1.19798212100143,0.339927078798423,0.355669964681076,-1.04605981883391
1.35768770816287,1,-1.98291015625,0.736343482299712,-0.277565876604754,-0.941434663956432,0.815378716351554,-0.516998815028203,-0.460715409933277
2.28483805153983,1,-1.98193359375,0.854398458020835,-0.802531178543157,-0.338147396180486,0.675552125163936,-1.0262241649678,0.621086376749982
3.19924062721867,1,-1.98095703125,0.793914048051675,-1.13641549805719,0.338787864560589,0.0260957040842952,-0.709526197155326,1.10922081053934
1.98847505598471,1,-1.97998046875,0.563019347200323,-1.17883668431027,0.785502127061221,-0.699573256343634,0.206609646755598,0.53636366735699
1.44843418562937,1,-1.97900390625,0.201306275207363,-0.917028708977116,0.806161727120607,-1.01672567206668,0.993825799895236,-0.451687747270807
1.68989077567373,1,-1.97802734375,-0.22733757314558,-0.429736621757907,0.402256361896463,-0.698527920953689,1.0288914835506,-0.781966660392367
1.97974447907728,1,-1.97705078125,-0.646327618008282,0.13680771870957,-0.228476264377667,0.078574426212623,0.312918843247256,-0.0910319627450559
1.58884737208511,1,-1.97607421875,-0.980301329195817,0.61349077557894,-0.782983026477731,0.845754841293237,-0.531460698714172,0.889641968742562
1.12922241938416,1,-1.97509765625,-1.16882380313679,0.859878631522148,-0.992066040781622,1.13856374913705,-0.782479805983523,1.10715637927316
2.0290104853519,1,-1.97412109375,-1.1773847908843,0.806985588212591,-0.744100949529693,0.790997620192469,-0.224043390927623,0.301708979594063
1.48670246644705,1,-1.97314453125,-1.00368507050525,0.478188083057166,-0.136680638544151,0.0400351688798192,0.673100652042478,-0.716383595794221
0.414672901826662,1,-1.97216796875,-0.678067560408733,-0.018100964331552,0.567463707820586,-0.625751424446518,1.1454252247465,-0.920250426379027
1.72860569376285,1,-1.97119140625,-0.258014470546857,-0.521754753308993,1.06011828180309,-0.777256615121869,0.776221541529811,-0.148357875751835
2.38705387020651,1,-1.97021484375,0.182287978297667,-0.870067236893615,1.12809528146995,-0.317850071998916,-0.154428576619795,0.728901754484446
1.71499369499537,1,-1.96923828125,0.565417844582598,-0.947684104341278,0.750328731276079,0.455192790080019,-0.902187579565872,0.733738133635628
1.41238622691476,1,-1.96826171875,0.824767266894369,-0.722070934868385,0.107151193194417,1.03988175425904,-0.879069052641049,-0.181265030172897
1.73644455268242,1,-1.96728515625,0.916616530771114,-0.253677524663061,-0.502479802860521,1.0490701758358,-0.143028377592234,-1.07971978202713
2.48172771440177,1,-1.96630859375,0.828034990793731,0.322312468605666,-0.797926324346933,0.457258227535749,0.65292550902926,-1.02909628080917
2.10936170857009,1,-1.96533203125,0.579171335628202,0.837076795770186,-0.645326280443395,-0.38225277683297,0.809373165323571,-0.0853681574284431
2.30679710586016,1,-1.96435546875,0.219517290943746,1.13954577477842,-0.118789352843403,-0.960803225563453,0.167725316579727,0.766361438447386
3.22676172144206,1,-1.96337890625,-0.181173832640907,1.14239452156434,0.533663319937097,-0.936457474253489,-0.755373749824534,0.652459606619217
1.56264494090422,1,-1.96240234375,-0.545659109307328,0.848590133282221,1.00382727651418,-0.350081562464297,-1.19903357379208,-0.267604585234145
0.0995172855696079,1,-1.96142578125,-0.803341895510122,0.350387243427485,1.06466992581809,0.401853575636142,-0.793995080595657,-0.972914106261724
0.848921332353162,1,-1.96044921875,-0.903196731781521,-0.198918699369798,0.674629103932842,0.82039927455181,0.128554272894095,-0.664309664650498
1.51608678701395,1,-1.95947265625,-0.823128825118143,-0.631849712607502,-0.00287787891542217,0.622254492122313,0.813585530672684,0.38646492237009
2.00418472242217,1,-1.95849609375,-0.574062874600733,-0.81789967775309,-0.67367802644807,-0.0793465426140103,0.712866018067782,1.11983982739469
2.38336916904703,1,-1.95751953125,-0.198015679057904,-0.70335792396073,-1.04686077392067,-0.845989085057815,-0.057918053980338,0.804740096611136
3.17275634675352,1,-1.95654296875,0.239497596232836,-0.327637441834144,-0.96729653489117,-1.19235448517449,-0.817902182529238,-0.191871866157357
3.25681596626794,1,-1.95556640625,0.661341862652055,0.188878335431929,-0.486048093761924,-0.894575253685725,-0.892916178814725,-0.795633699378314
1.63574760834235,1,-1.95458984375,0.992763411343313,0.681754613964753,0.163518715261701,-0.132695660448062,-0.181901654468949,-0.362357523722099
1.82112606363529,1,-1.95361328125,1.17496559841938,0.992908124612027,0.672976495643958,0.623312721843487,0.75615785771599,0.640390240968574
2.7182459252533,1,-1.95263671875,1.17578779171284,1.01909190955787,0.800349019907556,0.911558248047275,1.16767088249152,1.12840272866386
1.7804002400858,1,-1.95166015625,0.995543719211307,0.743645499659024,0.481137435284304,0.570891554975565,0.732976957074892,0.549077550193385
1.7530290754046,1,-1.95068359375,0.666956528239798,0.241805781546143,-0.141946953134351,-0.157737529207099,-0.167745693298475,-0.53144160521005
2.6175669940794,1,-1.94970703125,0.249202511053673,-0.342049513408282,-0.784154370693342,-0.78559544125461,-0.773575918773816,-1.023258987949
2.87276853854424,1,-1.94873046875,-0.182852079870961,-0.838279630606216,-1.14896048044995,-0.88801956206261,-0.579918759998497,-0.461025011104854
2.15493668132295,1,-1.94775390625,-0.552261674810693,-1.10358152517432,-1.06382614337766,-0.375550913254715,0.239474051358006,0.508287709879878
1.00642978128696,1,-1.94677734375,-0.793981758616738,-1.06455570099719,-0.559338349565285,0.448035111263711,0.978600082038728,0.813545545877364
1.22729136521911,1,-1.94580078125,-0.866674075335989,-0.73993364725806,0.144482589045536,1.07773846244645,0.991144479259101,0.0956111761793106
0.789567674885017,1,-1.94482421875,-0.760187940098545,-0.234681608369605,0.738455848822273,1.12740232439647,0.232945824044168,-0.910091764857723
-0.0374103973769763,1,-1.94384765625,-0.497356307853504,0.292213631021745,0.965231270890393,0.57446044055894,-0.698963721363702,-1.14932954851722
1.81793181352388,1,-1.94287109375,-0.129780469839006,0.676432049284947,0.736510927557597,-0.226154479656216,-1.06353642543088,-0.36303342316509
3.23078224753895,1,-1.94189453125,0.271628167009033,0.798604279589566,0.172889927992984,-0.76775995824238,-0.593293420771022,0.638299703345736
2.68930212475059,1,-1.94091796875,0.629626106232572,0.620828683367616,-0.451891004480631,-0.713845787461357,0.284227172676067,0.829953767115174
2.25065607562878,1,-1.93994140625,0.874771568199515,0.19826471119464,-0.836755626980423,-0.111573922754715,0.806284323309715,0.0538190887505007
2.05041210504445,1,-1.93896484375,0.958139571004605,-0.337739480165878,-0.791585252250105,0.638817327820004,0.514845849898967,-0.817900170637343
2.09755247082141,1,-1.93798828125,0.860302056467326,-0.81983025881087,-0.324704886387349,1.03922945037852,-0.358884426592686,-0.808921437239824
1.45722007815624,1,-1.93701171875,0.594936840842103,-1.09586555623464,0.360481363513114,0.811295078187291,-1.08711475341945,0.124599581762773
1.4356343235772,1,-1.93603515625,0.206407103747404,-1.0755170759592,0.958182270133713,0.0744477368763378,-1.05416164658306,1.04355598821287
2.69743396224509,1,-1.93505859375,-0.238249063629098,-0.758017997011877,1.19984474475367,-0.728759091720941,-0.271950765874083,1.01511363803654
1.78563619412858,1,-1.93408203125,-0.661461725505256,-0.232575615536888,0.97684266298064,-1.11267864853752,0.628987825812106,0.0960135292021294
0.628837722310092,1,-1.93310546875,-0.989194967712368,0.348681690191811,0.390104488995995,-0.856030087835254,0.925556824165212,-0.729500032176817
1.59699114822307,1,-1.93212890625,-1.16437557687465,0.816963826234373,-0.296022826938422,-0.141439874123588,0.405153153836488,-0.591332466493806
2.00124174922916,1,-1.93115234375,-1.15724045256003,1.03815839167156,-0.774567463855626,0.561568407697043,-0.458669357118195,0.346687141410182
1.74134823523553,1,-1.93017578125,-0.970719554139747,0.953572193251533,-0.836125115297814,0.795723775680772,-0.904764135049298,1.06141126204966
1.55581983441151,1,-1.92919921875,-0.639874924435117,0.597634585662563,-0.46431999678514,0.407134538477646,-0.523583054270436,0.754633029817243
1.88343420324736,1,-1.92822265625,-0.225498390759696,0.0871602424204806,0.157127346368282,-0.356660153913582,0.397922917053268,-0.299624956534327
2.2205584801927,1,-1.92724609375,0.196966085682575,-0.414542923886274,0.728943740103439,-1.00404309018709,1.11438960721485,-1.04092507782574
1.29534936778805,1,-1.92626953125,0.55115836261408,-0.747750756169138,0.973761535494566,-1.11206803501665,1.04404490102323,-0.739433846319308
1.87052937741805,1,-1.92529296875,0.773695487652133,-0.805281947266527,0.76358364057902,-0.595820635990741,0.254341691072174,0.23659764821345
3.16730163826426,1,-1.92431640625,0.825693100939959,-0.565378516415701,0.178918750597641,0.236829883599177,-0.595010208102682,0.81405483176733
2.02666996330612,1,-1.92333984375,0.699817499450718,-0.0984595011470261,-0.52748877708165,0.879923879664105,-0.803918509678708,0.352812472778632
1.33684510198295,1,-1.92236328125,0.421584869177096,0.454318048796344,-1.045760804098,0.949857600888819,-0.216976236930325,-0.675131216616854
1.9567795947677,1,-1.92138671875,0.0446717435629572,0.924143250532345,-1.15017812017565,0.427974573862078,0.647724049260859,-1.18349637760303
2.21710734862141,1,-1.92041015625,-0.358908754035352,1.16611993087397,-0.802038679903685,-0.328820364194343,1.03372502683771,-0.620244732297244
2.04313411405727,1,-1.91943359375,-0.711975427182616,1.10356590742444,-0.16703766426926,-0.816110284060248,0.581135404723918,0.447595367524472
1.50087388668932,1,-1.91845703125,-0.946293745135255,0.751509136774471,0.460770400914509,-0.703681623612803,-0.369975490415786,0.931251000555882
1.77413478162908,1,-1.91748046875,-1.01506589989822,0.212201095105597,0.793631218236451,-0.0463827415859033,-1.06169234398896,0.368272418429711
1.25924009982471,1,-1.91650390625,-0.901521009991363,-0.355984656001136,0.681759574434072,0.74993485344671,-0.950000209282984,-0.592310739955
-0.130244057725319,1,-1.91552734375,-0.62204028749567,-0.7867710058122,0.181777244948136,1.18578487771454,-0.157768409745465,-0.88042451440335
1.25094508607887,1,-1.91455078125,-0.223246963576192,-0.956586825897902,-0.469387699386853,0.985179479667917,0.629875528547275,-0.140623902875428
2.99753513587816,1,-1.91357421875,0.226410416936027,-0.822111564607869,-0.963191861890969,0.270986246325888,0.740134462103625,0.888122223177636
2.86926819271353,1,-1.91259765625,0.649050128643159,-0.433290654668401,-1.06102018188686,-0.512938096926413,0.0762862072918874,1.15040584135091
2.90844697642,1,-1.91162109375,0.97146979382308,0.082148756402913,-0.703811165132833,-0.883359531194752,-0.801117124108206,0.387790212006669
2.84834473478324,1,-1.91064453125,1.13841099440151,0.557945682213271,-0.0395928202919306,-0.62406695271048,-1.14354644389183,-0.589404871971869
2.40637457728655,1,-1.90966796875,1.12256196681077,0.840321116740175,0.643687138555326,0.0776393870702632,-0.641639726863763,-0.759198742018145
1.36282772933671,1,-1.90869140625,0.929478184966809,0.835171243319777,1.04932605203154,0.751072827358855,0.314553056736987,0.0323420134187971
0.935955960908711,1,-1.90771484375,0.596525826249886,0.537015490648942,1.00703776032332,0.942500014037531,0.960042253509367,0.910336819351913
2.31581212329343,1,-1.90673828125,0.186041242448641,0.030850983800385,0.550309320508014,0.504754777296444,0.792739013075014,0.899096117992038
2.14204622438887,1,-1.90576171875,-0.226047489556046,-0.533657728673717,-0.0994285029405028,-0.307999909967115,-0.00883969862372873,-0.0425519745895818
4.2763508762018,1,-1.90478515625,-0.564064791371448,-0.987772868816155,-0.63455653111929,-1.00064783698312,-0.737320997980094,-0.973596278024381
2.29921858710774,1,-1.90380859375,-0.766376644485425,-1.19513622334202,-0.802378231093737,-1.15076108453911,-0.75057278982543,-0.96155898602501
2.37303131536878,1,-1.90283203125,-0.796613751410824,-1.0933646586327,-0.521013690059608,-0.676219737842579,-0.0109638365882302,-0.0643980228549082
1.33060671426952,1,-1.90185546875,-0.650285386338555,-0.713082898151583,0.0829561098541466,0.113236617154158,0.881502277108816,0.734297332155071
0.767933977448324,1,-1.90087890625,-0.355579893953188,-0.168579872575336,0.732323878570409,0.713258686096425,1.19000289360805,0.56802268183573
1.01470495881902,1,-1.89990234375,0.0317936202721687,0.377057271573275,1.12611246165777,0.745556027446865,0.656734943397754,-0.394734614405129
1.8267956542205,1,-1.89892578125,0.438782802117747,0.761681529786643,1.07741415844746,0.198174994352036,-0.281416876890936,-1.12807411043068
1.73556878903601,1,-1.89794921875,0.788335174067291,0.873504326810617,0.599145293876776,-0.567317305120422,-0.857816545730249,-0.834029296366412
2.63184315911742,1,-1.89697265625,1.01347679251584,0.68509991404395,-0.101526095095542,-1.04628892804049,-0.616335425255147,0.211949539834368
4.14205691861386,1,-1.89599609375,1.06956231581561,0.261611607590268,-0.717542210060017,-0.912639111977124,0.208658289131925,0.949479182890782
2.77482507773256,1,-1.89501953125,0.942465182814274,-0.259342659842328,-0.981950817500826,-0.227099498433741,0.890390480860618,0.65088271488052
1.30680509696066,1,-1.89404296875,0.651215687634728,-0.709921873210375,-0.789502467523269,0.600197252357399,0.819997822824477,-0.313467726836007
1.47726790078038,1,-1.89306640625,0.244605525315138,-0.943557762283579,-0.24423718373549,1.0691479132202,0.0183173666760309,-0.871018324637957
1.43323064682124,1,-1.89208984375,-0.207624156987098,-0.879957798904681,0.388690302592717,0.906284628288221,-0.879180312326145,-0.385211817924745
1.37940453726525,1,-1.89111328125,-0.627408031267156,-0.529861587198298,0.804885717113831,0.237394732230538,-1.1518560886364,0.667789454217936
1.39592772073342,1,-1.89013671875,-0.942497739960057,0.00801799778340173,0.800511619947296,-0.493498274014693,-0.59493331249754,1.19964960818412
2.08197186975609,1,-1.88916015625,-1.09954548556862,0.576940142624384,0.366027835243576,-0.807248566679114,0.310631103427535,0.658652878636014
2.10843288032127,1,-1.88818359375,-1.07374913987959,1.00982528214653,-0.309028451121493,-0.494817579835174,0.801465155813762,-0.387772402306327
0.739660026088594,1,-1.88720703125,-0.873303947148895,1.18012452482256,-0.922424809079742,0.249405627807937,0.470801856717355,-0.852662751454257
1.50535103971555,1,-1.88623046875,-0.537851386124402,1.040333613008,-1.19726936267822,0.950948373012641,-0.391447072474729,-0.277296773236181
2.77168142534701,1,-1.88525390625,-0.131208600679749,0.636389511969615,-1.00855635537474,1.15688021060845,-1.0420660687562,0.686335747751263
1.99194219172521,1,-1.88427734375,0.270296963070099,0.0935545668110571,-0.440330724781362,0.724016623863687,-0.907692222036273,0.968309195302558
1.73739470554172,1,-1.88330078125,0.591763037159239,-0.421897417657343,0.252680605930287,-0.0894859036207738,-0.0663152120968143,0.21601586424636
2.05155402506945,1,-1.88232421875,0.773380265267778,-0.753487448359856,0.761419700008944,-0.787385966040206,0.815830678658836,-0.828764425597295
2.12529244194998,1,-1.88134765625,0.781343212714163,-0.802308880855765,0.863606134412489,-0.949745219527523,1.03931730575542,-1.11000128693376
1.81333081920069,1,-1.88037109375,0.614017737015433,-0.557181316200869,0.525055170006758,-0.498684905997458,0.454287635357081,-0.370210225273137
1.58829547889849,1,-1.87939453125,0.302241624729762,-0.0979707106230299,-0.0851347406730537,0.253337777560204,-0.416476699704495,0.580404035441537
2.58616216167827,1,-1.87841796875,-0.096296294419254,0.428936124830149,-0.672457235592361,0.803357063626975,-0.817004245768059,0.722792309292517
2.05511161650161,1,-1.87744140625,-0.507575063614932,0.855507093920567,-0.952289147263818,0.778768031150791,-0.392312378906259,-0.0923697549142999
0.571054456227125,1,-1.87646484375,-0.854743118714662,1.04357744391236,-0.780680799511621,0.175248941799722,0.513365703114141,-0.986890296066264
1.48791524885567,1,-1.87548828125,-1.07214379450348,0.927258259829775,-0.220787273186452,-0.639530379539835,1.1438893163102,-0.984879978106806
2.13554171594683,1,-1.87451171875,-1.11731065328409,0.533280339019791,0.485472820933639,-1.15881736662706,0.963724909116577,-0.0469444556022586
1.53820692757694,1,-1.87353515625,-0.978747967020798,-0.0269469043502513,1.02758461822348,-1.05831271802525,0.106489950679689,0.88492832831861
1.34403951742289,1,-1.87255859375,-0.678078950759755,-0.591141326266584,1.16804636108339,-0.402004702165988,-0.735771886886818,0.879499183786269
1.38617203412207,1,-1.87158203125,-0.266169689724774,-0.995497216823145,0.850649761456706,0.398504460235033,-0.890014284021911,-0.00329431678078475
1.63635886221008,1,-1.87060546875,0.186066555767117,-1.12450785879207,0.225905861979892,0.845329450489627,-0.263315707599229,-0.779933792432374
1.29237611863291,1,-1.86962890625,0.600511525141586,-0.946046777868125,-0.418005705180488,0.670211961625326,0.581625237035899,-0.587139044926131
2.02333698270168,1,-1.86865234375,0.905993619342897,-0.520995954761218,-0.78716593237769,0.00425628923975716,0.899648858722763,0.402068858060365
4.00772924168533,1,-1.86767578125,1.05117367951091,0.0155155672982579,-0.716362406755293,-0.706349798766136,0.388938598810144,1.15890898833605
3.32894133973915,1,-1.86669921875,1.01382000877256,0.495527113099749,-0.244542809056022,-0.985018646776657,-0.554246437819508,0.885279242712828
1.86183883653508,1,-1.86572265625,0.804785166668708,0.769660407556809,0.403239867337877,-0.628864644907257,-1.16516667970825,-0.142542272943475
1.82475955511667,1,-1.86474609375,0.465961683695351,0.752823097459325,0.919121680307341,0.161107771602171,-0.948894433997282,-0.865002173921381
1.25298546103701,1,-1.86376953125,0.0625900498791046,0.450238016346939,1.05369178417497,0.906531922963782,-0.0933805893794195,-0.557464326753384
0.745155665380097,1,-1.86279296875,-0.328679457714546,-0.0441543611371262,0.730581834952972,1.15456569307888,0.688227315195934,0.406658313124666
0.950655575806668,1,-1.86181640625,-0.633796531910472,-0.576432189858795,0.0819378431639464,0.764690423976003,0.754066519638959,0.954486739468793
1.97421619209853,1,-1.86083984375,-0.794840527405238,-0.979787631493081,-0.611473354793967,-0.00280670891046431,0.0698134999040318,0.452242057910597
2.59011422866837,1,-1.85986328125,-0.780605956061842,-1.1255922962135,-1.04814155093314,-0.652862700593869,-0.763890553578493,-0.620384888043132
1.4362374050273,1,-1.85888671875,-0.592315825714503,-0.962830035968802,-1.04319030821716,-0.77063042686162,-1.01570806691242,-1.17343146992646
1.64057462257584,1,-1.85791015625,-0.263422066750056,-0.533847245364975,-0.612423031454976,-0.285219786521254,-0.437570376766034,-0.655687387590996
2.49080466876167,1,-1.85693359375,0.146471007304034,0.0383951107043291,0.0353944758659098,0.485438356247377,0.525454930773318,0.365099991785073
1.32423272571902,1,-1.85595703125,0.562454095089487,0.587678180657443,0.594466639835047,1.03710985081342,1.10512128905161,0.804111743349688
1.03327300417198,1,-1.85498046875,0.907956268482073,0.955083814637823,0.802210849080863,1.00042301337558,0.850415566775194,0.206911474407512
2.02607407030159,1,-1.85400390625,1.118700193178,1.03731553484451,0.55963592969783,0.376529577319836,0.00277972825917627,-0.77081881121441
2.72262518647316,1,-1.85302734375,1.15442816532402,0.818026121540682,-0.0232265616313674,-0.462558840134216,-0.707650130471686,-1.05844741379105
2.95013580933029,1,-1.85205078125,1.00626363145144,0.372587392842117,-0.677628517322139,-1.00922410412808,-0.67420447526748,-0.305287220200521
2.73733546607724,1,-1.85107421875,0.698367353138528,-0.155149215217417,-1.09913468178691,-0.941624651204914,0.0779946682729639,0.744980733779814
3.12520113695358,1,-1.85009765625,0.283586005532787,-0.596996393831452,-1.08708564574726,-0.327010493354187,0.912873846245319,1.03653115200227
2.1489317427803,1,-1.84912109375,-0.166115338949477,-0.811988495502415,-0.636682470290438,0.422188778467883,1.11598893344195,0.313506172567916
0.0839027014218485,1,-1.84814453125,-0.572695813065474,-0.729598009554776,0.0584466347894891,0.811537953188284,0.493245316601154,-0.613537291109495
0.757092902032501,1,-1.84716796875,-0.866182808332352,-0.371404881388749,0.694385211539365,0.579719241615557,-0.465213732548199,-0.72825290342261
1.88214384597328,1,-1.84619140625,-0.997343385526699,0.155404244766358,0.995464891775962,-0.134716906459499,-0.993158453162037,0.11405297423153
1.71440557010686,1,-1.84521484375,-0.946577131675977,0.690723287112121,0.839835972453583,-0.880985172887599,-0.687109814932918,1.03160784381482
2.04710748670316,1,-1.84423828125,-0.727412551102311,1.07041632761997,0.314642481188911,-1.18240728701454,0.15847245056077,1.04782121961478
2.34561579041651,1,-1.84326171875,-0.383971626757825,1.17647482078904,-0.324420707914698,-0.839483331947536,0.79993291141841,0.124376057045638
2.30582594897573,1,-1.84228515625,0.0171346040742299,0.973119502785698,-0.770645114471253,-0.057067638917374,0.668839251889209,-0.796607758384063
1.56417968124117,1,-1.84130859375,0.39900269772855,0.517816921045529,-0.807146055871081,0.685196759027241,-0.150473045909042,-0.786047599582004
1.48193356093775,1,-1.84033203125,0.688503887981202,-0.0561570581876757,-0.406547414858697,0.936869174219097,-0.989882981599726,0.0932253261397153
2.9212205551128,1,-1.83935546875,0.829659329366485,-0.580283132813736,0.256109299825198,0.561964957391898,-1.1553783347894,0.856924311437842
2.34332246254872,1,-1.83837890625,0.793887263442004,-0.902105170052665,0.883151428288929,-0.175773790613011,-0.507175788614777,0.644288308033227
1.04947494703518,1,-1.83740234375,0.585255490544587,-0.931608343476416,1.19026488994869,-0.781729241671502,0.42324928074319,-0.367649089645316
1.67515635790724,1,-1.83642578125,0.239782016624409,-0.668505753155165,1.03647790622124,-0.846006866518809,0.877139547998711,-1.14752216286693
1.74477083246841,1,-1.83544921875,-0.181089491059686,-0.202103160743615,0.488673446032051,-0.305141290826333,0.502034933290666,-0.89713419224874
1.29497874462225,1,-1.83447265625,-0.601652085675341,0.31621114411396,-0.208885166101335,0.516477731096018,-0.355043504540661,0.106630637290269
1.2788934393659,1,-1.83349609375,-0.945703856603238,0.719441453615455,-0.746077704747453,1.11184036390248,-0.939987079683103,0.805514296256278
1.57666997526016,1,-1.83251953125,-1.15041566482666,0.876221244409689,-0.888484932373771,1.11281905967168,-0.724815768246267,0.47858811285285
1.68273608542298,1,-1.83154296875,-1.17777352531092,0.731153365997522,-0.584228742291279,0.523640244022885,0.148196106858403,-0.496882585797241
0.557896004886991,1,-1.83056640625,-1.02151228538275,0.321924959241386,0.012770957687456,-0.282035540438379,0.983204568041766,-1.04679811197312
0.945541001474925,1,-1.82958984375,-0.708277983239067,-0.232036223590207,0.613745635064261,-0.798558029882499,1.11081460612755,-0.539241761681844
2.53870950319679,1,-1.82861328125,-0.292806891980371,-0.765903045253148,0.927754816136036,-0.709348438287718,0.446303088644139,0.543436462416691
1.86933959106215,1,-1.82763671875,0.152001520457738,-1.11968952936733,0.79536916775929,-0.0875394583810268,-0.440869326488841,1.1103991221903
1.35919890075851,1,-1.82666015625,0.548310967470912,-1.18704562530392,0.262178189045755,0.651297020063341,-0.804328089704289,0.611510791139062
2.03117205648297,1,-1.82568359375,0.827466731289583,-0.947701916377689,-0.441528267052016,1.01425202714549,-0.345484113929149,-0.384822904098779
2.21785250750249,1,-1.82470703125,0.942436445120926,-0.473653872349885,-1.00562817879403,0.745476454194475,0.53699801268995,-0.795841546452204
2.3646592032871,1,-1.82373046875,0.876309192413722,0.0928033792251032,-1.18162489801319,-0.00999876759326659,1.08165526570711,-0.171561029904923
2.59468842222892,1,-1.82275390625,0.645306585287324,0.582480341897584,-0.89599142028237,-0.797194897438996,0.802731173870602,0.828239568568518
3.37694070910058,1,-1.82177734375,0.295758744924162,0.850880272983085,-0.283557890378827,-1.139137287823,-0.10155379676589,1.13160761135955
2.87413458756561,1,-1.82080078125,-0.104403046319535,0.822211318560311,0.374323648272051,-0.838875430419424,-0.912655548833171,0.388993141659155
0.616222840114896,1,-1.81982421875,-0.478086884366733,0.512381728013163,0.778541763632013,-0.103674235529466,-0.990501289346258,-0.654914721037232
0.590658280130716,1,-1.81884765625,-0.753147722356094,0.0239573920927567,0.749004028858007,0.587506821958131,-0.306600942180433,-0.945424577543665
1.45043666038972,1,-1.81787109375,-0.875592055354628,-0.485373208937806,0.306856522949456,0.788983874344625,0.534395082917183,-0.229190995794749
1.17835308133218,1,-1.81689453125,-0.819474483432176,-0.851187845271859,-0.335465368158008,0.371914864458346,0.80258608891784,0.682104643805144
1.88396985068336,1,-1.81591796875,-0.591683186080683,-0.952785335981479,-0.871793125412045,-0.393775739355849,0.255115595109059,0.774215342083222
2.79983647714937,1,-1.81494140625,-0.230741983671455,-0.750287120538732,-1.04274237092564,-1.01118343054354,-0.659497794284554,-0.0933157138680785
2.88715923359936,1,-1.81396484375,0.200153855314039,-0.297045613042305,-0.754887535044796,-1.07272987157084,-1.17601470631395,-1.03528985292174
2.03018760869183,1,-1.81298828125,0.624600941266564,0.276437055961175,-0.124052407578729,-0.519934160890102,-0.852702805888204,-1.07431313837052
1.34772546634986,1,-1.81201171875,0.966863831815787,0.802172802599441,0.577108908289296,0.318485714258122,0.0584983092069146,-0.172788838188299
2.29232436976984,1,-1.81103515625,1.16563803023614,1.12582217703338,1.04327906859693,0.934441904674114,0.821604694298321,0.727615330593357
4.98818982475405,1,-1.81005859375,1.18519454486438,1.15368338308023,1.07560583421013,0.962201443588757,0.830698321963197,0.700733378563612
1.05933382107103,1,-1.80908203125,1.02187722418659,0.881185154871742,0.672159401572849,0.409589680286879,0.11483649985186,-0.186838593736228
2.31823476395588,1,-1.80810546875,0.704770038983179,0.394182581621752,0.0283524539643784,-0.34821087400883,-0.688538129153018,-0.949130568839767
2.91314969648127,1,-1.80712890625,0.290412793265938,-0.157337409563779,-0.552852584880976,-0.80826591634152,-0.869299172213784,-0.727007247166562
2.21395763880741,1,-1.80615234375,-0.147472818806547,-0.605106503628247,-0.799854165068491,-0.660560237415491,-0.241114651720231,0.29929269683786
1.71717482399276,1,-1.80517578125,-0.531376589086777,-0.81397374516722,-0.596876478089575,0.0141202064900997,0.700478939214545,1.09647631054727
1.29162827702716,1,-1.80419921875,-0.794074582538337,-0.723150932265525,-0.0370375306914022,0.794901439752747,1.19079248437902,0.866702509889429
0.935410332369525,1,-1.80322265625,-0.89082339073098,-0.364705679222784,0.620262230708655,1.18792912352167,0.834314023574902,-0.112335363344415
-0.0100117342938403,1,-1.80224609375,-0.807454423525546,0.146345323609935,1.06813537196548,0.940126838691317,-0.0653065977539731,-0.783732873430428
0.617024086779754,1,-1.80126953125,-0.562895402202806,0.647313624512441,1.09283289794791,0.200199062734561,-0.759637696550516,-0.430577451339422
2.86263741443264,1,-1.80029296875,-0.205660951097516,0.977706441432762,0.671854411170258,-0.575455455553579,-0.681366547551203,0.565482537356123
2.77182859916544,1,-1.79931640625,0.195047691843435,1.02844593313452,-0.015354632935277,-0.912142876323124,0.0819124492991865,1.12841307490989
2.14244734357791,1,-1.79833984375,0.562012247379432,0.775399463237215,-0.669027163421842,-0.617688385136814,0.862356905896756,0.627312107724338
2.57054879063746,1,-1.79736328125,0.824128335311974,0.286972388265017,-1.0056935263299,0.0964769717578737,0.972435056225937,-0.45373045302008
2.14631104588753,1,-1.79638671875,0.929423769913695,-0.296561782564875,-0.88730997609926,0.750863710739429,0.28228844612004,-1.0239188396274
1.63484310727655,1,-1.79541015625,0.854592766617925,-0.805685237316852,-0.383839508005554,0.903900960231737,-0.669276149791755,-0.535028275301295
1.63062299856295,1,-1.79443359375,0.609308971079938,-1.09319840194749,0.25932549273179,0.43381762263267,-1.12317115921076,0.443190672265147
2.35867103935322,1,-1.79345703125,0.234530866256434,-1.07897504978174,0.734173918286301,-0.38278371306162,-0.732804603193032,0.829548545732494
2.44902162424691,1,-1.79248046875,-0.204893035696288,-0.77424318888948,0.811488646154533,-1.04565530207902,0.148010559036976,0.178256545060108
0.879673349789096,1,-1.79150390625,-0.631973908857261,-0.277979193235689,0.446146024770546,-1.14793667455708,0.76276066965341,-0.846818296856661
1.12142310369445,1,-1.79052734375,-0.971548947812728,0.253478774740354,-0.2018887231596,-0.634042168587075,0.586374538455539,-1.17215897115814
2.21339478340772,1,-1.78955078125,-1.16392235032175,0.654311421671996,-0.840488376021261,0.16546527471232,-0.234815829645103,-0.448869185395559
1.51833917729941,1,-1.78857421875,-1.17569809423565,0.799962919851206,-1.1788575440592,0.744156469436475,-1.00542452901337,0.57804186986644
1.47163485206782,1,-1.78759765625,-1.00583280789043,0.645245226602859,-1.06052460394898,0.741518761972437,-1.06331429999556,0.85585116750162
1.97356512445388,1,-1.78662109375,-0.685807160917859,0.238160272364123,-0.534988640601558,0.171731701336058,-0.334646043212937,0.134635312169279
1.87086251612894,1,-1.78564453125,-0.27388488407108,-0.294782971928349,0.164759807567431,-0.585947595605856,0.602765235791382,-0.771887459892406
1.50469932815402,1,-1.78466796875,0.155495172627417,-0.787270581208494,0.728565771250893,-1.02904967603412,1.0008919930185,-0.850720461460191
1.46544851942844,1,-1.78369140625,0.525262572161942,-1.08408042247449,0.910648826406622,-0.852249504369249,0.565065909266782,0.0350819631835727
2.75204524903155,1,-1.78271484375,0.769728721878422,-1.08862283771871,0.641611749447263,-0.142560958294665,-0.30188127262936,0.997441627977939
2.66161967039526,1,-1.78173828125,0.846519114520161,-0.792598956728621,0.059689757812688,0.674743366345374,-0.839015803761913,1.05848089372763
1.18765661672651,1,-1.78076171875,0.744252359198236,-0.27871246692829,-0.553038425410087,1.10517487669122,-0.566139295288305,0.181385392106813
1.81074859233452,1,-1.77978515625,0.484568500725747,0.304398087748315,-0.90027411312305,0.898101982813196,0.312545236090684,-0.69283003253978
2.34455690524933,1,-1.77880859375,0.118138074673319,0.787353595934977,-0.807632473545283,0.204935446137197,1.07777842656827,-0.641358184561589
1.76919199975478,1,-1.77783203125,-0.284620616236671,1.03155431051634,-0.302983631666668,-0.518056532947239,1.09601406835021,0.26479634397197
1.82863531541629,1,-1.77685546875,-0.646424947252718,0.971292323800585,0.395775748113447,-0.800490860822707,0.349050352211664,1.03718489452186
1.78813464946165,1,-1.77587890625,-0.897265414097274,0.633597488300374,0.979944601264573,-0.457349568103469,-0.550558761637006,0.817406834068533
1.27380491716364,1,-1.77490234375,-0.98722196406322,0.12975986043091,1.19085522440877,0.293164780295116,-0.871217104089399,-0.212016714955968
0.00399136052150773,1,-1.77392578125,-0.895624587462988,-0.378875900654891,0.937906492694397,0.968314996990492,-0.373055780061908,-1.01674682466305
-0.0308136063320162,1,-1.77294921875,-0.634889103879085,-0.730389413678774,0.339802528432249,1.12791335186692,0.493150469121205,-0.800063087264617
2.07316867162701,1,-1.77197265625,-0.248328545044603,-0.811916596143128,-0.32986256592508,0.654620860369958,0.965230374666661,0.158947551396597
2.51731075038545,1,-1.77099609375,0.197662601020038,-0.594268484407001,-0.767774634356754,-0.170710330753456,0.609604342152583,0.804374227478436
2.27412713171427,1,-1.77001953125,0.62562946608411,-0.14095758100034,-0.779557870385047,-0.846572844076347,-0.313566892917637,0.42320653850842
3.12575208819881,1,-1.76904296875,0.961095673942199,0.411128522772619,-0.368488339923615,-0.968430334376666,-1.06571817217702,-0.598387412522552
2.65590725167653,1,-1.76806640625,1.14606503929557,0.893504180749698,0.266316783227965,-0.484617867494325,-1.04568753680249,-1.18206028654191
1.59141739038352,1,-1.76708984375,1.14952883977059,1.15755196589375,0.821394602915865,0.272064887762661,-0.290920709111236,-0.697326418757456
1.2774357545018,1,-1.76611328125,0.973066495484469,1.11995587532895,1.02824232556295,0.797087035769448,0.555143508470029,0.370759125105824
1.88083251928177,1,-1.76513671875,0.65052070879704,0.788221266696983,0.776683114570561,0.735983276113038,0.782140466402586,0.932330253091657
2.47627826540974,1,-1.76416015625,0.241806840509258,0.258483715460387,0.165832264301711,0.110638884364602,0.207251360341805,0.44199837854008
1.63453232048072,1,-1.76318359375,-0.178015871606552,-0.313726432287206,-0.540673870566474,-0.693802579662265,-0.672285477405761,-0.528253282252326
2.02410602876241,1,-1.76220703125,-0.532421126187507,-0.760836078479663,-1.03472376259713,-1.17312731735618,-1.09619236613086,-0.898022040014195
3.1055572046087,1,-1.76123046875,-0.757350102876098,-0.954236516111978,-1.10414997535779,-1.02416810504362,-0.6787450761847,-0.225088265055147
1.87708469034126,1,-1.76025390625,-0.812866670910685,-0.843368254741246,-0.729298458234938,-0.337413600927515,0.266585490729379,0.823015069310902
1.0303713626099,1,-1.75927734375,-0.690411348423336,-0.470948720456813,-0.091584609976784,0.460300742030392,0.987169056393124,1.17138761803941
1.32018929052191,1,-1.75830078125,-0.414333584415034,0.0403035149298426,0.509862670424849,0.876606653581971,0.918512763922643,0.471706240837093
1.30590097663058,1,-1.75732421875,-0.0374238241028739,0.525386589067025,0.795320086968876,0.665826429229275,0.154149225577277,-0.531037694597823
1.51102811507935,1,-1.75634765625,0.368740587150072,0.827647030084826,0.632609574748648,-0.0157962357281945,-0.634860076886126,-0.786654009180184
2.13219259587066,1,-1.75537109375,0.726877235280874,0.846852047109859,0.0976276495146295,-0.710472156515393,-0.763320337231366,-0.0493821058539514
3.61439282793072,1,-1.75439453125,0.968125573606931,0.570011312558981,-0.560430226597284,-0.951002867945071,-0.10672010930136,0.864165058965918
3.61632050436216,1,-1.75341796875,1.04464594430382,0.0755273445427708,-1.03323824833134,-0.558950634199813,0.793538912473481,0.941328031594781
1.61760860646273,1,-1.75244140625,0.938395759321354,-0.490598058525588,-1.09466304604825,0.240721653249027,1.18260367171637,0.0477690074689969
1.44447435229488,1,-1.75146484375,0.664483859353416,-0.959236666130619,-0.704574938973157,0.96146035626214,0.723808925288076,-0.926378339556744
1.65308196440109,1,-1.75048828125,0.268491157016371,-1.18970324683579,-0.0276404665749985,1.16330865881931,-0.218963321654941,-1.00342790324161
0.83018734091576,1,-1.74951171875,-0.181755815717221,-1.11267013941171,0.641517114912163,0.731651265045549,-0.884478717527639,-0.147815653605865
1.13675146531345,1,-1.74853515625,-0.60846189971268,-0.751318618871893,1.01256758033139,-0.0505999883629031,-0.749313858828019,0.699872382603815
1.71674906042693,1,-1.74755859375,-0.937956803418527,-0.214266234460615,0.931732932243693,-0.683225951287723,0.0363047282803422,0.620219440480028
1.68246320245512,1,-1.74658203125,-1.11404030937711,0.337569483871414,0.451566896007352,-0.766765426434678,0.776494554530763,-0.311082093418491
0.875180658564986,1,-1.74560546875,-1.10815059552456,0.740049307673768,-0.193649260800815,-0.256269994696253,0.814316415255043,-1.10259926924143
0.637335222274885,1,-1.74462890625,-0.924505419805181,0.875841720649028,-0.695617805093569,0.510521341775643,0.0837341702288252,-0.895967534788986
2.16885146643353,1,-1.74365234375,-0.599281116418895,0.710122882221315,-0.81354492044576,1.02847537842126,-0.832998792100498,0.124851842945664
2.16137141885947,1,-1.74267578125,-0.193979778462245,0.30104483879132,-0.484706714327103,0.9469636688835,-1.1906708179484,0.925393299314388
1.2767887982025,1,-1.74169921875,0.215806965460733,-0.218221603165612,0.146538408744735,0.293740554702871,-0.703228445385519,0.710975660900766
2.10316253930254,1,-1.74072265625,0.554191166392718,-0.680378711797702,0.79457576233011,-0.541536933975441,0.217721501784539,-0.237079067059826
2.19087829285039,1,-1.73974609375,0.758826939566619,-0.935330982727657,1.16309074085966,-1.05372914274327,0.807512123750179,-0.863153073945569
1.66421813511519,1,-1.73876953125,0.792274120233934,-0.896265422638616,1.08062907938335,-0.942018945392013,0.587800093238036,-0.457626719556144
1.91976666086577,1,-1.73779296875,0.64881801715914,-0.566400092798492,0.579141328195405,-0.299907177311108,-0.234174701047873,0.589098925436398
2.45752931049065,1,-1.73681640625,0.355503549527693,-0.038223679971283,-0.120426880084348,0.445297268455433,-0.940429281929646,1.19640067985068
2.57483659668322,1,-1.73583984375,-0.0328044096900066,0.534547289808387,-0.708913685901165,0.804982864107586,-0.904809777076953,0.733988037804912
1.25213557195445,1,-1.73486328125,-0.443434864287245,0.98373221450671,-0.92999284765998,0.540498861722468,-0.119046303891112,-0.312585294980645
1.08317471238822,1,-1.73388671875,-0.799175079909886,1.17789028774708,-0.696980347694208,-0.184683960117012,0.797961136108456,-0.855055454356986
2.38778678327598,1,-1.73291015625,-1.03236993524295,1.0623266537237,-0.131972531122045,-0.908645487552913,1.11554181721616,-0.351689698134393
1.76306301488484,1,-1.73193359375,-1.09728849382678,0.675683146229255,0.490571499632818,-1.16464249802592,0.600286952296529,0.622396458736486
1.19405725563935,1,-1.73095703125,-0.978505411353071,0.138048324473453,0.869971663262052,-0.778070165553708,-0.290680254559367,0.986674048679072
1.65720116415356,1,-1.72998046875,-0.693770255866901,-0.385778753301994,0.817461302964976,0.0219926849027991,-0.793768603246716,0.301630747272253
1.24210956085521,1,-1.72900390625,-0.290841301115213,-0.736647189303257,0.343096077852184,0.747575668182621,-0.478895334992479,-0.762280775877274
0.916148541504522,1,-1.72802734375,0.16114084468096,-0.809650919498674,-0.348343842583245,0.960961160736924,0.39012119156272,-1.12934533562761
1.42078487436429,1,-1.72705078125,0.584170347028571,-0.586118183467497,-0.950601596571084,0.551749507609356,1.07630478266197,-0.452152948726598
3.04647233571216,1,-1.72607421875,0.905506221117518,-0.139222823027284,-1.19569570373927,-0.194191329347914,0.98671786708183,0.524239899074182
3.79071032661959,1,-1.72509765625,1.07084395443102,0.38849441581894,-0.976251767486498,-0.777654551503019,0.169705320888794,0.752351966700157
2.30423508854338,1,-1.72412109375,1.05413175722229,0.828824376113984,-0.394455865514342,-0.804580028024841,-0.723898223457068,-0.0089994649500626
1.979831694768,1,-1.72314453125,0.86224540721749,1.03945440769002,0.284760774198184,-0.237622278210314,-0.983245160778402,-0.939686449792201
1.98599683257991,1,-1.72216796875,0.533671700331493,0.947642588167825,0.754885111016931,0.579139001287828,-0.429907797312963,-1.02660468032738
0.664428084817994,1,-1.72119140625,0.131441301217966,0.572654131478928,0.807902063042083,1.1380978429297,0.435239903456432,-0.137135087351109
0.775952221656272,1,-1.72021484375,-0.268401289883282,0.0201004110901319,0.429208585080749,1.09018081692621,0.853428922063708,0.837460894345555
1.80689238541843,1,-1.71923828125,-0.590690484566768,-0.550095762627746,-0.196052734815441,0.46640552958592,0.444980476061213,0.92057743006982
2.24084344356213,1,-1.71826171875,-0.77486483566187,-0.972328167009212,-0.768125727216118,-0.341860018940483,-0.471188570660576,0.0786754870668214
1.90397647882671,1,-1.71728515625,-0.786025142581394,-1.12567892190301,-1.01027435065331,-0.831389592990153,-1.14296444283008,-0.747487676226355
1.50867066349283,1,-1.71630859375,-0.621311563741875,-0.970651519410564,-0.795931800227485,-0.706423117501137,-1.0133859334155,-0.641501336222032
5.36622495279493,1,-1.71533203125,-0.310438275470011,-0.56104882955964,-0.207173843582067,-0.0658986063415008,-0.186301807663703,0.316398669134052
1.93933316184124,1,-1.71435546875,0.0897119029418895,-0.0273722693592031,0.502256076687401,0.660369347244059,0.660229005403576,1.1316877005204
0.628875706615196,1,-1.71337890625,0.505448847835253,0.46318227572129,1.02247437410661,0.985956926811401,0.84035973702372,0.945680532730518
1.6032951223112,1,-1.71240234375,0.859705879573841,0.757907435192887,1.12870294808095,0.678178791497607,0.232866308355915,-0.0568049294137757
2.42268525774182,1,-1.71142578125,1.08609436657765,0.765307646916702,0.783630935428713,-0.0927854351735346,-0.619265390513926,-0.841940202950111
2.34549819181445,1,-1.71044921875,1.14102289297255,0.48308741338607,0.154078399261721,-0.860824206912991,-0.965279598060955,-0.617961579422933
2.88581900937761,1,-1.70947265625,1.01167393300609,-0.00114655805234262,-0.465647190878606,-1.1589836160471,-0.477110650434222,0.330654303916553
3.15873026642696,1,-1.70849609375,0.718385055174635,-0.536683850413694,-0.78862507675875,-0.81522255768941,0.473747565894015,0.947691677737391
2.60870285437203,1,-1.70751953125,0.311000311561817,-0.955821893446494,-0.666711805394394,-0.0609132729070875,1.12475016079549,0.526122224279771
0.779846885097298,1,-1.70654296875,-0.140144805566509,-1.12520215666792,-0.158331662147112,0.616830508429555,0.958221844153382,-0.540069918573831
0.0377493810681758,1,-1.70556640625,-0.55696449685203,-0.986685620402297,0.498348210755619,0.78511389791794,0.132784376071549,-1.16843313353685
1.39074650355657,1,-1.70458984375,-0.867771212262815,-0.575277017099757,0.994581983022441,0.340494104528524,-0.650551652022621,-0.729075635672668
1.34933453128006,1,-1.70361328125,-1.02025677885517,-0.00861799720202595,1.09259788794764,-0.425444962704188,-0.735523957207678,0.292010160204521
1.20153026673606,1,-1.70263671875,-0.990943842220781,0.548745820724915,0.734767280736423,-1.01184502274844,-0.0597255493968343,0.808478448339703
2.25590634054847,1,-1.70166015625,-0.789388030800449,0.935413110981734,0.0704303756380041,-1.02757546106157,0.793723381379463,0.28279291027977
2.04943301036493,1,-1.70068359375,-0.456366981836525,1.04220676860938,-0.611910888977616,-0.440708241740703,1.08513555416724,-0.706078667953392
1.40081239720952,1,-1.69970703125,-0.0563871517976216,0.845297874613947,-1.01602916788788,0.40013282815709,0.53869959693879,-1.07663426559391
1.45864995410379,1,-1.69873046875,0.334126152731314,0.413260503513489,-0.97292404350657,0.986168129459549,-0.424776847525983,-0.391154703047515
2.3671478311271,1,-1.69775390625,0.640804197037332,-0.114092058743579,-0.517569269459497,0.970585803335249,-1.03766839128352,0.677900672050007
2.8620322258631,1,-1.69677734375,0.804930183265855,-0.568618872492946,0.12763697260967,0.387724327121731,-0.825362528983933,1.05483858070847
1.57713827050495,1,-1.69580078125,0.794178339777792,-0.80539652566022,0.655127405242281,-0.369929457637014,-0.00096432504489688,0.393851036727537
1.56914136665089,1,-1.69482421875,0.608540664627377,-0.747146818498564,0.813325721109998,-0.802251006769133,0.715200639303067,-0.559455150125533
2.39735123048508,1,-1.69384765625,0.280361553908561,-0.407970787040911,0.522113490193457,-0.620232247249826,0.700137952359034,-0.760059392045007
1.53059337360062,1,-1.69287109375,-0.131526549569499,0.110864663273297,-0.0902363936833699,0.0696505725242174,-0.0491160114723543,0.0286414983792655
1.46850640106208,1,-1.69189453125,-0.55249918784073,0.651802783803816,-0.745567101297195,0.832664838235724,-0.912046829967627,0.98275457582423
2.10990819070286,1,-1.69091796875,-0.905720450779394,1.04910489052757,-1.14302491880022,1.18193948881022,-1.16341139461183,1.08824683564702
1.78397019356039,1,-1.68994140625,-1.12613558242861,1.17949429422754,-1.09673945976373,0.887992723292854,-0.580205131278285,0.213531832157965
1.06811065267904,1,-1.68896484375,-1.17232796367751,0.99986473185888,-0.621005903838492,0.124942325014182,0.370974927898818,-0.749836997566135
0.766895221922744,1,-1.68798828125,-1.03408147624994,0.560532515650478,0.0760075118268983,-0.639543900067444,0.922974616544666,-0.827249050422656
1.9608563073675,1,-1.68701171875,-0.734271013480283,-0.010018132416605,0.687156788886037,-0.940644253932449,0.648129355012697,0.0118926742445114
2.25007575259197,1,-1.68603515625,-0.324736421070228,-0.544239391226573,0.946420267459407,-0.610789225060236,-0.186060916840812,0.825812179766598
1.04406707012462,1,-1.68505859375,0.123109560509065,-0.886531566519612,0.750116746594555,0.114985579168412,-0.843066230604473,0.700387122107036
1.60099618030344,1,-1.68408203125,0.531230136259293,-0.940583075969978,0.203802965889565,0.749642203478669,-0.735933562119182,-0.280140672999171
2.08796653723459,1,-1.68310546875,0.829113400927277,-0.698581770980554,-0.426586178099385,0.864923077374043,0.0793305174665001,-1.11846981121569
1.59359335076713,1,-1.68212890625,0.966546307588546,-0.243379222059305,-0.8369805426385,0.364733512396709,0.948526240770008,-0.955656283485444
2.30686203370433,1,-1.68115234375,0.922689003789376,0.277047521906928,-0.824852954962024,-0.452684209223872,1.16485299278429,0.0228265186976509
3.16965715589889,1,-1.68017578125,0.7097985299956,0.695029206348691,-0.382408548147888,-1.08335341214412,0.558974366013872,0.784234609645316
3.05545777785269,1,-1.67919921875,0.370925103315723,0.874647456121596,0.299368778103576,-1.13712015046638,-0.360033606344666,0.540374357719882
1.49752345214276,1,-1.67822265625,-0.0279983626377584,0.753466669333548,0.917681344670131,-0.585104031367204,-0.830728062592381,-0.420320745374621
0.290532857271802,1,-1.67724609375,-0.410232030793469,0.361800682761963,1.19612177003066,0.222201707807379,-0.475886184006858,-1.0401458853232
1.08778652502003,1,-1.67626953125,-0.70227038259956,-0.186376496553946,1.01089848548592,0.777672214327045,0.382928057475897,-0.613747130282125
0.986877231490619,1,-1.67529296875,-0.847291290950173,-0.728103590861462,0.447341897703969,0.739570550863182,0.995930376478082,0.462183970170004
0.883246266294535,1,-1.67431640625,-0.815563157124382,-1.10110006994729,-0.239156161422336,0.148196646573707,0.814355360386156,1.10413118299225
2.49792721774409,1,-1.67333984375,-0.609914260049437,-1.19325915360173,-0.739898421257921,-0.600500965581963,-0.0481953069967018,0.683187432610654
2.80871300490059,1,-1.67236328125,-0.26526757387237,-0.976848287724714,-0.833919961377843,-1.00754198958265,-0.908413918807537,-0.313857423135406
2.02975841729018,1,-1.67138671875,0.157675090820469,-0.516970398838836,-0.488788861047711,-0.789160537245663,-1.08258182495645,-0.802469159085918
1.72061312745117,1,-1.67041015625,0.583450420685845,0.0482986249538926,0.124936861507401,-0.058363090535943,-0.456355179912043,-0.249455400644845
1.96476522921278,1,-1.66943359375,0.935547081923071,0.550029088077201,0.712196474983532,0.745650535880893,0.421521620466216,0.761977003422793
2.20491474053563,1,-1.66845703125,1.15031899698022,0.839947879677713,0.988932997867453,1.13540611246876,0.799857371672822,1.14875354171105
1.2815436603035,1,-1.66748046875,1.18856553359105,0.835606655522076,0.812605118137713,0.883839023541655,0.354526205188587,0.474176249397519
1.65976761134887,1,-1.66650390625,1.04267034939462,0.545412654852716,0.247974401920084,0.167611591436258,-0.53988537913317,-0.588175806124607
3.16023109006939,1,-1.66552734375,0.737999105651754,0.0658794865128761,-0.461951019534484,-0.545974737117819,-1.12359505719985,-0.96356012562229
2.54208941092367,1,-1.66455078125,0.328301384481024,-0.448057638054719,-1.00654339921934,-0.796559539524723,-0.887998496999006,-0.30866270169308
1.9801432809276,1,-1.66357421875,-0.114046365337482,-0.830588701355464,-1.14916008785454,-0.423638468339115,-0.00244418232932292,0.629575776905908
2.0949540966263,1,-1.66259765625,-0.511180892043586,-0.955907136150583,-0.834959080587342,0.331367061000524,0.825723300893137,0.807976760956261
1.11951570367213,1,-1.66162109375,-0.793883453673629,-0.77687100681246,-0.215615133840225,0.978759599041973,0.940866307138451,-0.00589521340694932
0.146698170189484,1,-1.66064453125,-0.914130274671968,-0.339630681327758,0.420357887962894,1.09227131270682,0.285267650489373,-0.984556565836071
0.134138569699651,1,-1.65966796875,-0.853777982702193,0.23025139106547,0.779790087743274,0.580695782658429,-0.554982160832086,-1.11296397215918
1.74142703585954,1,-1.65869140625,-0.627803663058287,0.765954105678706,0.699062539703575,-0.253226122106956,-0.842665509715714,-0.260226243656163
2.81864524383344,1,-1.65771484375,-0.281510686790855,1.11017407711446,0.218934588774888,-0.904135954454368,-0.30834750364676,0.682378816639254
2.01279730810354,1,-1.65673828125,0.117789820722025,1.16301804501337,-0.434241572674639,-0.984053975059423,0.622418191084085,0.742984172346365
2.39915951950909,1,-1.65576171875,0.493106143258217,0.912384813125113,-0.952319614027114,-0.467723220159976,1.18378673719426,-0.105200252155917
2.67997338472104,1,-1.65478515625,0.771856167247101,0.437558783976397,-1.0866736588308,0.292569186854951,0.909553921755196,-0.918465796847484
1.52217708715554,1,-1.65380859375,0.899154002578109,-0.115080061224643,-0.762364144127042,0.792053939278072,0.0229835096384542,-0.784081021636391
1.66804120122051,1,-1.65283203125,0.847872745496882,-0.57680761058464,-0.11290812826537,0.695328796388448,-0.749599234341101,0.210522918420399
2.43178010230229,1,-1.65185546875,0.623650093963072,-0.808096522540026,0.580271096608942,0.050391347508047,-0.785517737331767,1.06593962186993
2.45180707824087,1,-1.65087890625,0.263924325607262,-0.74120142765789,1.01603204830108,-0.741216569033118,-0.0852233276423775,0.9234348184883
1.56201625684099,1,-1.64990234375,-0.168824897165543,-0.400780083007586,1.01071405087742,-1.17920916751876,0.729978826092922,-0.0306389734368024
0.880818696034309,1,-1.64892578125,-0.598401222687691,0.103747173119748,0.581598267124138,-0.982380882837276,0.939936576611297,-0.76465980264973
1.88154441291342,1,-1.64794921875,-0.948720794535294,0.611762802522355,-0.0615329783081057,-0.267465412374673,0.330524959013473,-0.494293680569414
1.80788361900469,1,-1.64697265625,-1.15762880482924,0.960684863294202,-0.612857674009041,0.524652179199216,-0.624817916872014,0.487554748506599
0.957005545763948,1,-1.64599609375,-1.18818846338734,1.03582287001935,-0.810847067581388,0.908493266809348,-1.15892101466279,1.12099090013612
1.8175835797169,1,-1.64501953125,-1.03538748052005,0.805621440877036,-0.558251634693587,0.661669634048868,-0.850725714577511,0.701496259205171
1.8162745662629,1,-1.64404296875,-0.727041337141946,0.331519872986645,0.0331665041804003,-0.0348155470881664,0.0240458078439435,-0.372446355480141
0.969326133048829,1,-1.64306640625,-0.318729042280717,-0.250589966556668,0.693628793911739,-0.712768966686489,0.724680495006902,-1.01717568805842
1.22707405535699,1,-1.64208984375,0.116316584335901,-0.771648807208133,1.1187372921482,-0.915601993873172,0.665730229229891,-0.605614283966277
2.01994116161436,1,-1.64111328125,0.500523603332219,-1.08085183753195,1.10881945760787,-0.489758407021688,-0.0932276453658415,0.37394990213351
2.4900023936762,1,-1.64013671875,0.766076750101161,-1.09150413301458,0.660466437762026,0.316503810929627,-0.898072509193298,0.838289448689692
1.49728211680437,1,-1.63916015625,0.867228398421225,-0.807306748852904,-0.0316213530002376,1.00981539776191,-1.04859060415606,0.258279789354258
1.17805668966668,1,-1.63818359375,0.788583863141382,-0.321048411249759,-0.663336025057402,1.16434175371861,-0.385967155294937,-0.778662372642782
2.33081260809118,1,-1.63720703125,0.547853290146305,0.21389297908383,-0.95984310245089,0.691711682785519,0.572299109699025,-1.18766652637005
1.89559242823188,1,-1.63623046875,0.192569961762686,0.630529136451099,-0.800810125410604,-0.103291923062547,1.06306022309202,-0.532590569358692
1.63056453990334,1,-1.63525390625,-0.208626523271034,0.799365780207616,-0.274908251443333,-0.716651229793299,0.713596281659825,0.512540307000845
2.41343937430669,1,-1.63427734375,-0.578554082043395,0.66801842742559,0.361328214063907,-0.765385430558285,-0.148908890642932,0.874759715258529
1.6909881217483,1,-1.63330078125,-0.845610387780973,0.277235922259703,0.801441652445267,-0.230627169821045,-0.773265142015027,0.214153955460541
0.416181865835551,1,-1.63232421875,-0.956881124912915,-0.251563848785359,0.829811281676164,0.530969738379523,-0.614586790132602,-0.720087716309167
-0.00373707763612147,1,-1.63134765625,-0.887846448066905,-0.753437937187266,0.42081481536264,1.0147134287255,0.208436897637378,-0.885772457012923
1.13457516195701,1,-1.63037109375,-0.646917182234914,-1.07039357221126,-0.248994097735561,0.889630316235909,1.0119665783643,-0.0538949360726156
2.44791277346366,1,-1.62939453125,-0.273973651399917,-1.09977277163638,-0.881280306843986,0.209951971548919,1.11884186071194,0.945033451103247
2.21862116981271,1,-1.62841796875,0.166828015382366,-0.825762268414026,-1.19212605750809,-0.618134217471434,0.425421266558534,1.09529830073003
2.92410276329615,1,-1.62744140625,0.598673490422267,-0.324398987449923,-1.04173277634822,-1.09339743987016,-0.51082329922186,0.266786808637352
3.50153349874069,1,-1.62646484375,0.946017632810175,0.259462511894639,-0.498293082979278,-0.936916213457038,-0.936297060944089,-0.6496791023436
1.98275356400027,1,-1.62548828125,1.14828689486488,0.756189422226006,0.193185795969747,-0.268233791528708,-0.529918703086035,-0.685400175607568
1.48113042032148,1,-1.62451171875,1.17086285031303,1.0229687418457,0.722844468901328,0.471586919420891,0.330421086325536,0.181977447568568
2.05621558496427,1,-1.62353515625,1.01134784923716,0.987207015329351,0.857500658085446,0.801059215537117,0.886372234763355,1.00602723174664
2.16128138464488,1,-1.62255859375,0.699972650366946,0.668479412585832,0.547002959295117,0.504829263591997,0.635984122089685,0.87452295686533
1.88609187172903,1,-1.62158203125,0.2940723015078,0.172328738171157,-0.0532367695465767,-0.229167064954764,-0.244056072959906,-0.122837590556693
4.72785555319373,1,-1.62060546875,-0.132363625346524,-0.342185644937824,-0.653826299563532,-0.929132098427251,-1.0442067467714,-0.985430344798291
2.72095169136297,1,-1.61962890625,-0.502163687938212,-0.71127017042915,-0.964324156608614,-1.13951647653592,-1.11403644517254,-0.855507648594784
2.46296026134066,1,-1.61865234375,-0.749017145771342,-0.816603303770439,-0.826682788991876,-0.711061893727798,-0.405215385003949,0.0790981121140639
0.844297711040266,1,-1.61767578125,-0.829529873810015,-0.621623849197204,-0.288132169627204,0.103587211764787,0.488677692885874,0.787508063664481
1.04109558827425,1,-1.61669921875,-0.731098905708885,-0.182811986929567,0.419861712545946,0.80950588427519,0.828798085194718,0.489113974790931
1.06716615154927,1,-1.61572265625,-0.474172341779034,0.367486061147902,0.986957206087508,0.982941367514959,0.34861699253304,-0.518591475896879
0.447671044972215,1,-1.61474609375,-0.108483749158201,0.861444860831271,1.16543232804126,0.539432114201677,-0.52421233063034,-1.17316361947318
1.36652316462153,1,-1.61376953125,0.296052629015529,1.14702143992702,0.883097410724635,-0.213754122775766,-1.02725517772189,-0.770337275693263
2.76783117465865,1,-1.61279296875,0.662127318114287,1.13443207603549,0.275981821778768,-0.774130669383859,-0.703175854150897,0.290376242406667
3.40919821525239,1,-1.61181640625,0.919172933994945,0.823645267923724,-0.374147417725014,-0.764498113267798,0.215372096333731,0.92605233196411
2.36931337536604,1,-1.61083984375,1.01627838012926,0.304490409285977,-0.768840501986471,-0.173690865111307,0.99799907942762,0.512368555695471
1.37613470965509,1,-1.60986328125,0.931527535874884,-0.270653564117825,-0.729544374616558,0.635493114256616,1.02527929557388,-0.459995750318062
1.90165976112491,1,-1.60888671875,0.676060984023162,-0.733249551279081,-0.279219393819398,1.15625939104449,0.304785645327365,-0.908325403515449
1.23410340088633,1,-1.60791015625,0.292120058459133,-0.949905652701539,0.368344526683725,1.05955311727689,-0.537135919537486,-0.306923136668139
0.763205667409427,1,-1.60693359375,-0.154571892541251,-0.862922547666852,0.906617896590177,0.403099679964282,-0.780853238024297,0.753024265311471
1.9685309221745,1,-1.60595703125,-0.586705111839119,-0.507703245280578,1.07694074501517,-0.405102963111171,-0.216464846561127,1.18505154634927
1.8929186031812,1,-1.60498046875,-0.92939128327195,-0.00171224660860964,0.787307755807223,-0.865646221905751,0.680216349310912,0.553512992747199
1.02046037372482,1,-1.60400390625,-1.12373438216014,0.491637256437693,0.154968238897745,-0.704426833843346,1.14596972173874,-0.467438280127715
0.858602277686872,1,-1.60302734375,-1.13749478136008,0.813130214269262,-0.546667129450628,-0.0459587290079261,0.769513054876412,-0.807160084666001
1.59705350843339,1,-1.60205078125,-0.970906010842102,0.85660547242939,-1.01254197577922,0.666825651844518,-0.163060791023034,-0.129867861935037
2.31832776382984,1,-1.60107421875,-0.656586017567374,0.601589962941845,-1.04494598028438,0.955262468128706,-0.905844248623813,0.812149782115167
1.52698231310916,1,-1.60009765625,-0.253559862491233,0.119736735485012,-0.643413533710372,0.610411294074432,-0.875032985518859,0.976774705432974
1.66973559296364,1,-1.59912109375,0.163517215251599,-0.446904617482583,-0.00441993760460527,-0.172916087096992,-0.135016489210026,0.13752513189873
2.52644026079049,1,-1.59814453125,0.517973714554513,-0.9291510582309,0.568967260129037,-0.918795465434333,0.65789304700679,-0.872892674086339
1.6211951807105,1,-1.59716796875,0.745093739965605,-1.18226965165217,0.806130016877484,-1.17161052748614,0.80686595668536,-1.03878268221776
1.61012548161096,1,-1.59619140625,0.803902774438675,-1.13012587508531,0.593008034304013,-0.7847346965319,0.159626419867662,-0.231296628811778
2.63647464291026,1,-1.59521484375,0.684621487817745,-0.788411521829741,0.0244822389238165,-0.0130433897906952,-0.762429911663734,0.658955221507225
2.50446553882662,1,-1.59423828125,0.410430584659729,-0.259857088223585,-0.638939553357356,0.649507521234956,-1.19920300520909,0.66645274914931
1.71501986060646,1,-1.59326171875,0.03322563248254,0.297108943954133,-1.09032153425878,0.783987907121122,-0.78710980281432,-0.226461474977307
1.11902380023657,1,-1.59228515625,-0.375864800736956,0.716680743995506,-1.11684839459721,0.312643521066007,0.136844054500797,-1.07015436688996
1.88301249305471,1,-1.59130859375,-0.739470789106142,0.876216210651065,-0.697416931371761,-0.452058639835437,0.816531724627571,-0.95222013627881
2.1869919512646,1,-1.59033203125,-0.988116404339608,0.733561542770575,-0.0126136656844326,-1.00664297456426,0.708256675467689,0.0362098870820551
1.10873102891909,1,-1.58935546875,-1.07292435891231,0.3397606379309,0.637497983927176,-0.977454837655804,-0.0659238745746112,0.894209953786383
1.4856397694138,1,-1.58837890625,-0.974575888848314,-0.176728976677887,0.970182595917558,-0.359160777904259,-0.82227284622552,0.765940541683429
1.5438375263482,1,-1.58740234375,-0.706893536492558,-0.649486938331263,0.848857528746882,0.480710406321865,-0.889651125472687,-0.158435952904832
0.343721347371769,1,-1.58642578125,-0.314393416924878,-0.925190431542851,0.345018264364255,1.0341273977641,-0.173399785590279,-0.848070031036551
0.812844501115625,1,-1.58544921875,0.135748539839989,-0.910680097599644,-0.295046787862023,0.974197986304608,0.763084492175373,-0.525551310877012
2.28914495523624,1,-1.58447265625,0.56585487862984,-0.601647508681038,-0.763503073198945,0.361730663272458,1.16747756693303,0.507345209888176
3.27809446874193,1,-1.58349609375,0.901817019954073,-0.0841746459138148,-0.832346515644046,-0.394507891526358,0.726009641860831,1.18568270390321
2.91686177565314,1,-1.58251953125,1.08651721386897,0.49135061767493,-0.45820962131101,-0.798527979520525,-0.175551279278719,0.805248547929568
2.07094887233203,1,-1.58154296875,1.09015952810783,0.955979908177425,0.197370289498506,-0.583087162578494,-0.775666929838669,-0.233865545251642
2.26595733174825,1,-1.58056640625,0.91563007653008,1.17364088783875,0.841508976916413,0.11995734051196,-0.574608960488514,-0.85012973961741
1.26084023296884,1,-1.57958984375,0.597911650555147,1.08255608413516,1.18371845864688,0.863207214541008,0.247597453207632,-0.422786979122846
0.240822240369289,1,-1.57861328125,0.1976603416121,0.713994810726487,1.06865603108686,1.16809806466984,0.982523253747063,0.554196263674366
1.50963905890724,1,-1.57763671875,-0.209885437450017,0.182632737455546,0.547150853626454,0.82935285888061,0.987308497893097,0.997702685284753
2.02878784099091,1,-1.57666015625,-0.548643413963139,-0.348533590443142,-0.14698555077808,0.0460017260246052,0.224241393187988,0.384594018768549
1.55438980677852,1,-1.57568359375,-0.755571385307302,-0.717997668254863,-0.703757846257658,-0.704329243050025,-0.70559492248143,-0.690930669638091
1.63927709898061,1,-1.57470703125,-0.792168255021623,-0.815062219389207,-0.878539491388116,-0.968001273699301,-1.0628881998664,-1.1413961139715
1.98853916817435,1,-1.57373046875,-0.651497809984658,-0.61360064255365,-0.603627773161936,-0.602556196556821,-0.58622948966692,-0.532012582180333
2.07585873971072,1,-1.57275390625,-0.359456194824937,-0.179948357715422,-0.0187770354607229,0.133954122895795,0.29151577111501,0.462835060185009
0.928929857401859,1,-1.57177734375,0.0299477613776125,0.3474843739588,0.593243210202151,0.748217837312661,0.807476344106375,0.774984785907681
0.84059975765663,1,-1.57080078125,0.444439981234433,0.800646954637544,0.93656450412199,0.826406798210296,0.50879229590038,0.073178327201732
2.22769486240739,1,-1.56982421875,0.806663191647352,1.03336309917102,0.838152597918822,0.298317532846819,-0.367189582104687,-0.886590966966504
2.12102091585777,1,-1.56884765625,1.04829316445077,0.966183911227736,0.327546499778145,-0.51702172504255,-1.09070830195174,-1.06150862079219
2.47773945261611,1,-1.56787109375,1.12251848367552,0.61087217922934,-0.376098520346617,-1.11331150445952,-1.0499377224974,-0.226733487559033
3.73493722647855,1,-1.56689453125,1.01261099056364,0.0670327367650152,-0.963756096589443,-1.11819013883864,-0.263265497677732,0.78376073480333
3.24388387999956,1,-1.56591796875,0.735025695616082,-0.508087438419103,-1.17744661553633,-0.529572179403943,0.635113114496575,0.955191104886588
1.79657037413311,1,-1.56494140625,0.336464845947544,-0.947409459292228,-0.927873414795257,0.283075120069286,0.9242946544257,0.160760108921206
0.703540318919064,1,-1.56396484375,-0.114560323878349,-1.12484336184598,-0.334971925152172,0.813326167597533,0.397890248577405,-0.708517934776245
1.05283760121497,1,-1.56298828125,-0.540134911045708,-0.993599911581144,0.327168829448954,0.739174785355919,-0.465512816829812,-0.689899400298624
1.62987192821753,1,-1.56201171875,-0.867055270494899,-0.600294816749015,0.755806068077154,0.126964655169128,-0.905127225729829,0.229740756779872
1.05990551924182,1,-1.56103515625,-1.04008486124787,-0.070541494181879,0.758043581481141,-0.611702230989166,-0.516855740475364,1.09747568431436
1.81847629040641,1,-1.56005859375,-1.03193875998088,0.429562093348899,0.338967797612639,-0.982647301021192,0.406370364587728,1.00038260400137
2.42499316597633,1,-1.55908203125,-0.848180196926626,0.744283585933102,-0.300899211840357,-0.724385646488513,1.11768351879703,0.0304595444688241
1.16406971371763,1,-1.55810546875,-0.526138810559386,0.775906378429439,-0.857656599125505,0.024445041658255,1.03954690607008,-0.811817647989553
1.11764582051927,1,-1.55712890625,-0.128048734844824,0.514621212273309,-1.06346334314784,0.811967360394366,0.245848767113852,-0.673389362723793
2.03705604702407,1,-1.55615234375,0.270343039725733,0.0415266053360964,-0.809549863031216,1.15909908778685,-0.60044451693836,0.252333063838767
2.33814641259324,1,-1.55517578125,0.59362294723266,-0.496178577929991,-0.196506853288919,0.863004316185298,-0.801882097902994,0.93363382661286
1.83574262477377,1,-1.55419921875,0.78048986736151,-0.930231165467529,0.511175129695288,0.125149961780649,-0.20938139671601,0.59549148542504
1.21595270132696,1,-1.55322265625,0.794957340722491,-1.12280853165023,1.00553700633603,-0.577378304902449,0.654253483712687,-0.456700481846072
1.90064173903591,1,-1.55224609375,0.632938712401762,-1.00876544985272,1.07547584267278,-0.795483708115919,1.03341217376992,-1.15597835330085
1.72534812747095,1,-1.55126953125,0.32301569720615,-0.615696607820243,0.702783676480008,-0.393610543617916,0.573903000940567,-0.798406106226638
0.880187611659093,1,-1.55029296875,-0.078749978626026,-0.0556917716223708,0.0699814958429469,0.364250009722196,-0.378419370754922,0.215383012980455
1.86912443797383,1,-1.54931640625,-0.499017483736769,0.508702416088032,-0.523617874506715,0.982754972183375,-1.06460854365384,0.805550272961237
1.96880687063546,1,-1.54833984375,-0.860523176359647,0.913920894028188,-0.799200521227107,1.05068794681858,-0.945236470587055,0.355428215736453
0.808029524212492,1,-1.54736328125,-1.09616047220803,1.04512151874202,-0.626271517500506,0.503184338470251,-0.149542148672364,-0.637022011737824
0.765651074121184,1,-1.54638671875,-1.16121957259082,0.871039586006925,-0.0825162468166725,-0.335997926916123,0.634520074300636,-1.08744223773032
1.44098306732452,1,-1.54541015625,-1.04155821703993,0.453313676347177,0.581689774745123,-0.959078059046032,0.737229744887109,-0.474342015158513
2.05257271083849,1,-1.54443359375,-0.756215308933202,-0.072560372937806,1.05788739229397,-0.995743834804208,0.0682658377169134,0.60598313036533
1.47238721569324,1,-1.54345703125,-0.353990901000207,-0.538823482728856,1.12082116094764,-0.447267899458852,-0.8074546311223,1.0658934979868
1.18331828955205,1,-1.54248046875,0.0953855649295202,-0.796883642227811,0.731761529171886,0.31548575437764,-1.14273103307012,0.472158272823317
2.13800689212778,1,-1.54150390625,0.513891676271422,-0.762866440534874,0.0565815597431767,0.788841024913168,-0.634116673946713,-0.500102985380368
1.70865312176189,1,-1.54052734375,0.829353430045917,-0.443366582367411,-0.609694927676389,0.657336052241624,0.322780946917977,-0.784940551588158
1.76391578382398,1,-1.53955078125,0.988517956143336,0.0664697256324915,-0.977369672600966,-0.00507797394661783,0.962418688951259,-0.0556040933432387
3.4526803746867,1,-1.53857421875,0.966678598082467,0.611948184557913,-0.894064737393849,-0.781572945176132,0.787619071650395,0.927977718470738
3.56668606713435,1,-1.53759765625,0.772101118523212,1.02605696752845,-0.413866659538237,-1.1771608849955,-0.0168347154268318,1.12182795647577
2.3682993801618,1,-1.53662109375,0.444446373679698,1.18049667278889,0.227993494193614,-0.933358689757372,-0.741190904036287,0.302074452647768
1.22090152730002,1,-1.53564453125,0.0474778596174412,1.02492029268608,0.723319402265847,-0.192809555734037,-0.746814461011202,-0.696867905331426
0.942293471127521,1,-1.53466796875,-0.342616937461668,0.602394618794948,0.832475085330011,0.590781719435713,-0.00251854604449303,-0.862040742549903
1.12765319376666,1,-1.53369140625,-0.651163902749737,0.0363577151209435,0.494488901822611,0.940186857113192,0.887697001538987,-0.0696169210247688
0.601203726044891,1,-1.53271484375,-0.818659697491821,-0.506946092596152,-0.144654379841971,0.656958009447334,1.18880947592515,0.788129780166965
1.57302317162708,1,-1.53173828125,-0.811661584000348,-0.869081664674566,-0.798491571804829,-0.0535857733633385,0.649111222700618,0.750502271975941
2.87920823494819,1,-1.53076171875,-0.628926029459479,-0.947630785823367,-1.17092611024954,-0.714070732904492,-0.289216481777708,-0.191645580541492
1.90473681755662,1,-1.52978515625,-0.301677602795036,-0.727270142206807,-1.09158520912858,-0.879709752605196,-0.859465994571232,-1.08242713576927
1.50750754383495,1,-1.52880859375,0.112041510088521,-0.284230890846136,-0.59376608440349,-0.422195836083745,-0.610717239570907,-1.00848536141011
2.01675439057005,1,-1.52783203125,0.537913180077799,0.23721687201025,0.100689745431813,0.387641058436679,0.216534427139193,-0.0625045292953953
1.80398970900016,1,-1.52685546875,0.898857329333548,0.669065172510951,0.682677843086244,1.05100053025766,0.893598229768211,0.755918457711945
4.33992772560944,1,-1.52587890625,1.12905806059917,0.871115404420807,0.896938542036081,1.15736176999972,0.81550994016474,0.597142089051247
1.23206254771328,1,-1.52490234375,1.18594833536865,0.774018916900007,0.658444208633853,0.644858948906354,0.0095597614781581,-0.341380854068524
2.46201158858384,1,-1.52392578125,1.057971140237,0.400657086295812,0.0908322318956839,-0.16067583769941,-0.885174367371305,-1.02618197872074
2.94896159735755,1,-1.52294921875,0.766703891039509,-0.140675496866705,-0.5306828202444,-0.752802790037967,-1.1503119741175,-0.683711514862551
2.04093424242877,1,-1.52197265625,0.362958946195646,-0.689206683817977,-0.905780920033275,-0.766079777895505,-0.587314735285258,0.377900093325755
2.42989830112563,1,-1.52099609375,-0.0824302878325672,-1.08068352135145,-0.847010240627206,-0.207796970237114,0.317857381556387,1.09043750940026
2.02418809460697,1,-1.52001953125,-0.49146073077008,-1.19746509750411,-0.366118019123771,0.547414678952918,0.802245399795941,0.750843561618037
0.220459309237135,1,-1.51904296875,-0.793109414103576,-1.00441079184498,0.330778956865291,0.99663792216155,0.464560614255485,-0.239328884196111
0.030597257844816,1,-1.51806640625,-0.936206327316416,-0.55960171009146,0.936994311482527,0.829407758456881,-0.399330335826858,-0.801805303118555
1.04508040215309,1,-1.51708984375,-0.898687567152104,0.00337963653047915,1.18514626116374,0.126232911245498,-1.04476742558388,-0.324135495554425
2.10629918354808,1,-1.51611328125,-0.691545151121168,0.516198614420987,0.969128199454495,-0.691329582524925,-0.902666619964573,0.691356155359847
2.16333341543736,1,-1.51513671875,-0.356755494874777,0.827099726068771,0.392386082045163,-1.12737609393654,-0.0574434709697329,1.15848684110565
1.96775755134452,1,-1.51416015625,0.04043510244679,0.847141051237412,-0.279575058272514,-0.925689041345617,0.82146856153627,0.556653875114496
2.66123855884616,1,-1.51318359375,0.423462180842158,0.577210922853569,-0.740720839313125,-0.231569704061705,1.03734423195662,-0.516631072626551
1.86481909362152,1,-1.51220703125,0.718454795544826,0.107577457658143,-0.784450555222319,0.501334260791883,0.446670310212947,-0.974492300524504
1.08947426775034,1,-1.51123046875,0.867754851709594,-0.409886869597039,-0.397961105174521,0.7999503432447,-0.423092824478592,-0.386155619177407
2.33125251131745,1,-1.51025390625,0.840481475366561,-0.808315404993451,0.232154754280541,0.472796445814375,-0.816871726942842,0.57173024278909
2.48015052477014,1,-1.50927734375,0.638215856695286,-0.957047829788284,0.80562774682618,-0.268239539150282,-0.38540347879956,0.834794410102464
1.5472972477061,1,-1.50830078125,0.294770481502789,-0.80177404263895,1.04631906686427,-0.942757711536245,0.521327192416821,0.0803649508434462
1.1314836564339,1,-1.50732421875,-0.1299161973242,-0.381352027153237,0.829051699539576,-1.10762248311414,1.14621328261612,-0.927888285167898
1.3585904685803,1,-1.50634765625,-0.560648918703265,0.183843772669602,0.237421892580416,-0.639296865232751,0.958353913558726,-1.14476497308009
1.76658575413676,1,-1.50537109375,-0.920630409371148,0.728489713713232,-0.473877936214269,0.186738529336023,0.0977275845367177,-0.347044340826852
1.09187825507385,1,-1.50439453125,-1.14541631452072,1.09263018703387,-0.995007759766752,0.870000703207925,-0.740849721086756,0.630968376043118
1.26836710189169,1,-1.50341796875,-1.19462997273994,1.17037821122415,-1.10217328425491,1.00190852965695,-0.887463457868713,0.778875551236247
2.11201914905198,1,-1.50244140625,-1.05930445615908,0.942126047215369,-0.759487182930711,0.524222097868997,-0.255604746863848,-0.0233214810068091
1.04688015939171,1,-1.50146484375,-0.763515278143031,0.480429314946771,-0.134914842270032,-0.235176284782242,0.58770119706229,-0.881177028543395
0.821888184062528,1,-1.50048828125,-0.360006501987267,-0.0722302216807885,0.476973661796798,-0.771840844679497,0.898674494319995,-0.83513939643581
2.08611252429496,1,-1.49951171875,0.0793935618967915,-0.547008114920701,0.790089283693708,-0.726417761741413,0.381429681096394,0.120784101570371
2.35911795728871,1,-1.49853515625,0.476822386750663,-0.800277808127064,0.657933201045762,-0.113916047592999,-0.562255938268723,1.02843259739966
1.946527936478,1,-1.49755859375,0.762523455148613,-0.757470978915621,0.140738019492025,0.68516342420539,-1.16715738211292,0.974501329344621
1.51533122172944,1,-1.49658203125,0.887502798925898,-0.435785796075282,-0.522080851598999,1.16623493060312,-0.943304588443163,0.052604911598619
2.07194983699456,1,-1.49560546875,0.832398237388358,0.0611722209935821,-1.02156023509098,1.02116329683625,-0.0849062396250475,-0.738555469692127
2.45732090464362,1,-1.49462890625,0.610947365926846,0.575176888337865,-1.12074811101684,0.334216586992884,0.692562406323795,-0.553026718093111
1.78238117464484,1,-1.49365234375,0.267423849790015,0.941881600547272,-0.763414686727878,-0.471108677160951,0.750783073971252,0.407199254223663
2.52471814779378,1,-1.49267578125,-0.131490151687088,1.04121261903864,-0.10016850303544,-0.900612568459281,0.0618784283119166,1.10621396808798
2.68830955925992,1,-1.49169921875,-0.508914528614585,0.834255992032772,0.579984806054914,-0.702634379338487,-0.769560039563036,0.771109312183095
0.754629558811132,1,-1.49072265625,-0.791840398142357,0.375364276571857,0.981345364423587,-0.0269700620754332,-1.01404894164662,-0.288159865210719
0.0174796505765785,1,-1.48974609375,-0.924495151496239,-0.204221009331179,0.936247110363905,0.671487172903372,-0.429629578990059,-1.00304881590626
0.586933796780222,1,-1.48876953125,-0.878568794049838,-0.736233819619798,0.481191945960543,0.92308545348412,0.533375191764434,-0.672232819811371
1.37397664498741,1,-1.48779296875,-0.658438470547152,-1.06656255880181,-0.160421326910732,0.543145955191055,1.10671495256259,0.301101339346703
1.85053516647651,1,-1.48681640625,-0.300438769849752,-1.10211468838,-0.681051077865731,-0.249468855765159,0.844628669817273,0.83972154197915
2.15775305763126,1,-1.48583984375,0.133690471110524,-0.839055792877909,-0.830219420448745,-0.970364959244482,-0.00532518198507581,0.335099670958322
3.11493374275502,1,-1.48486328125,0.567986982038363,-0.363801462224666,-0.529550019969345,-1.17654390449811,-0.711143237632605,-0.706125914465106
2.4135098512235,1,-1.48388671875,0.926044434249145,0.17353643422094,0.0910094918788069,-0.747222442231855,-0.670095675040082,-1.1957442496928
1.03294487123367,1,-1.48291015625,1.14487864475359,0.605133239640115,0.752365662115161,0.0398971249764892,0.0862499394208598,-0.613593408508248
1.79225801074972,1,-1.48193359375,1.18635776958539,0.796814066064064,1.15379330748851,0.685356242989472,0.918266657484106,0.442257610276323
2.0377653471329,1,-1.48095703125,1.04411603672134,0.689102281939039,1.11045307898715,0.78533615410133,1.11382712816952,0.886512837534047
1.41640970835359,1,-1.47998046875,0.74469273290359,0.315412519407765,0.637999515229499,0.287999088730977,0.485090342535662,0.291757294792201
1.71183641490992,1,-1.47900390625,0.342689408598771,-0.208170176875694,-0.0544308064666447,-0.474130098289016,-0.472837814157318,-0.662914555462342
2.35516487109624,1,-1.47802734375,-0.0891727957573678,-0.718402361169642,-0.659648451474728,-0.996295041604161,-0.994204648229325,-0.913847428673362
2.66329545203526,1,-1.47705078125,-0.473285430033471,-1.05483554455462,-0.912607117417909,-0.923291992183416,-0.681046700860282,-0.141698638123809
1.6073246431807,1,-1.47607421875,-0.741265573909272,-1.10894850936435,-0.711238088885101,-0.276347258219277,0.166237498288288,0.886699454398604
0.935730090507788,1,-1.47509765625,-0.846380022604636,-0.857446172997915,-0.162655775886972,0.559159949366203,0.802598526773531,1.12528164623908
1.37637346201876,1,-1.47412109375,-0.772019207952,-0.369548790034951,0.466387368571057,1.07738491957196,0.663919286146894,0.351582718444557
0.462901696821516,1,-1.47314453125,-0.534678606708616,0.213959698141312,0.872109868381381,0.972297647245534,-0.159053610927741,-0.600361406284696
0.498982996520206,1,-1.47216796875,-0.18090553568961,0.723528617985479,0.853259147426545,0.331057812171049,-0.995059916440349,-0.723119868251364
2.46786150467161,1,-1.47119140625,0.221231931754115,1.01241418317452,0.403748781494774,-0.422362186614668,-1.15285121277004,0.0988628545121771
3.21396427995864,1,-1.47021484375,0.594599736477418,1.00128024594866,-0.284027450683645,-0.797427997127957,-0.499003954973085,0.968194413772061
2.8000065230909,1,-1.46923828125,0.867107628489877,0.702206930513468,-0.906739978240848,-0.54936978363605,0.430366211411506,0.925588624414379
2.10259243985768,1,-1.46826171875,0.984903921173156,0.214778574356408,-1.18849122304995,0.164944228247795,0.877458284360346,-0.0327160525787224
1.91547606142562,1,-1.46728515625,0.922251684601544,-0.304548265052971,-1.00671707565656,0.886668602266396,0.495560421733721,-0.94717746636815
1.79849609276861,1,-1.46630859375,0.686287027648817,-0.690433612904617,-0.448032789984671,1.14683755728617,-0.362579105741418,-0.905331410612841
0.880486373951613,1,-1.46533203125,0.315791913790983,-0.819334672049219,0.231518433196307,0.764914715130593,-0.94193972558612,-0.00233958578002638
1.55394906915915,1,-1.46435546875,-0.125796274185787,-0.647391440347468,0.723623112301457,-0.0357336873452664,-0.719209268796,0.763594791450712
2.37131378635523,1,-1.46337890625,-0.561866872924902,-0.223939988797541,0.808660263639252,-0.768867281388772,0.156995441887947,0.550053236749248
1.06003265792102,1,-1.46240234375,-0.916520389284992,0.323477692739194,0.45598104874692,-0.993315027868261,0.988120769486198,-0.43633618793449
0.674497716430364,1,-1.46142578125,-1.1283284210634,0.828030025549541,-0.162366295905029,-0.592170412019292,1.10796426765156,-1.15688341385403
1.42201977737298,1,-1.46044921875,-1.16146479498551,1.13455099323852,-0.750734816389945,0.15414867597132,0.438230077044881,-0.838756345651899
1.73943820302978,1,-1.45947265625,-1.01218218745479,1.14696809656747,-1.02559850323345,0.747349316120873,-0.44733205314922,0.207016164344946
1.63544043955232,1,-1.45849609375,-0.70945581906321,0.857713684137105,-0.845783916959553,0.789112598589228,-0.803780065532956,0.912434818414602
1.4003061346434,1,-1.45751953125,-0.309677677368666,0.350133210022443,-0.277613191218492,0.235275273761397,-0.338475175356569,0.578832113742201
2.08570521299578,1,-1.45654296875,0.11363220576948,-0.226847742756705,0.434865005982509,-0.575252572144708,0.54443341779698,-0.388072809591033
1.92861784553606,1,-1.45556640625,0.483223806844632,-0.704061982676436,0.98095763476311,-1.13525360883244,1.08305730412613,-0.911285648643998
1.10824028782241,1,-1.45458984375,0.732184921218368,-0.943598323070702,1.12492218379629,-1.09118730935812,0.796634009413632,-0.38554578196681
2.30895596547218,1,-1.45361328125,0.816117375454334,-0.880730923654079,0.813313295660073,-0.467770952978001,-0.110377427535394,0.678651741669791
2.81717143579397,1,-1.45263671875,0.72120484462806,-0.54347651257534,0.198987444452847,0.347571063716902,-0.917166953753366,1.1912891292386
1.67975017406831,1,-1.45166015625,0.466703644025314,-0.0438104718294976,-0.429200577463197,0.850513892775341,-0.987263274159934,0.632606790961352
1.38528327626813,1,-1.45068359375,0.101403417798015,0.456769067819412,-0.778831612602876,0.739691018499972,-0.298632518057035,-0.399067264901016
1.6739412413235,1,-1.44970703125,-0.305297315610509,0.796803466476247,-0.687886843693785,0.107348717214566,0.5401637791719,-0.820548183921807
1.9963756829858,1,-1.44873046875,-0.676075200579542,0.864415613059005,-0.19894683037892,-0.620333211023624,0.801128163837765,-0.208496727530209
1.54219397234375,1,-1.44775390625,-0.939815477579936,0.631691604585481,0.460324441658447,-0.95527414197335,0.247525540432561,0.754703598188559
1.18289153563407,1,-1.44677734375,-1.04462062657814,0.163393594626435,0.981480536179568,-0.658929869232631,-0.666912002503264,1.0052045759068
1.65226898860563,1,-1.44580078125,-0.967324728853956,-0.402662612268133,1.11665489617947,0.104861393041418,-1.17700645497212,0.226083353289002
0.509051001760855,1,-1.44482421875,-0.717780176955772,-0.897574908341009,0.792301294955958,0.872826333242418,-0.846315685683225,-0.813506611737172
-0.17897324701407,1,-1.44384765625,-0.337135094731123,-1.17284999921182,0.143263025531383,1.17562518367843,0.0671224631319618,-1.06733852373593
1.58074354569534,1,-1.44287109375,0.109586107113992,-1.14569768235515,-0.548431257060623,0.835240508785531,0.825515085753335,-0.314206806983097
2.64980762913101,1,-1.44189453125,0.545249413504974,-0.824289108606515,-0.982061204588778,0.0774220011055821,0.826934021879915,0.611857623329446
2.71364179038243,1,-1.44091796875,0.894584002006409,-0.30526373663606,-0.975230394205517,-0.612244329636114,0.10688434579989,0.706381704846236
2.59690392226519,1,-1.43994140625,1.09781834428947,0.255753500345985,-0.546738542631974,-0.797144376295458,-0.693681723122058,-0.141505948362102
2.37010162296352,1,-1.43896484375,1.12149806090348,0.691619121354833,0.0925836657033961,-0.367046980663292,-0.867003001459759,-1.03099483863722
1.91499495442462,1,-1.43798828125,0.964517029931222,0.874623370289859,0.636863692720069,0.392188918145248,-0.233007730680139,-1.00239359746231
0.654687579673442,1,-1.43701171875,0.658264685166654,0.755365203929587,0.825607748517388,0.980897015355016,0.707852107987148,-0.0533483778718931
1.01389750726764,1,-1.43603515625,0.260863598320776,0.377677635573175,0.56329200736803,1.00399601589013,1.19143246335118,0.856129511543004
2.31396639304249,1,-1.43505859375,-0.153452700201646,-0.134951860700337,-0.0366043694018665,0.423095162853951,0.827775252245062,0.81534041168803
1.66961519759196,1,-1.43408203125,-0.507887024522172,-0.617312627891854,-0.703281743767095,-0.417963282189081,-0.0735486194002156,-0.0781484750781
1.57524493873431,1,-1.43310546875,-0.737083888080171,-0.913160877521432,-1.1323813461776,-1.01041341993206,-0.76276770383128,-0.825905325387041
2.40547914290476,1,-1.43212890625,-0.799042587788963,-0.923177605041474,-1.12520839195142,-1.00267324490176,-0.676926400016123,-0.588502084743157
5.16820801689728,1,-1.43115234375,-0.682768785459494,-0.635537916580985,-0.679722127400095,-0.422592337470955,0.0899771853783422,0.423121531314311
1.42911434358314,1,-1.43017578125,-0.410271397302144,-0.129747315959138,0.0083389464294529,0.341353503388277,0.867012301033951,1.16757216348092
0.875364746929046,1,-1.42919921875,-0.032541302394796,0.447432714194122,0.634718365859611,0.787915509050649,0.969461466549858,0.871913476417222
1.5399327361165,1,-1.42822265625,0.37975574037639,0.926620807386902,0.925462220278707,0.622402047281693,0.273831003574049,-0.152181108294437
2.07058954760539,1,-1.42724609375,0.749177047870766,1.16738267250936,0.761801048574726,-0.0555036083169254,-0.676480921590158,-0.8379010460118
1.84304416628509,1,-1.42626953125,1.00564299017182,1.10098026807715,0.233975000770149,-0.814832125862921,-1.12341025499204,-0.490036695584433
3.25204298205809,1,-1.42529296875,1.09924386868328,0.751247640322215,-0.400604718637507,-1.1672397880379,-0.726148659803272,0.48226901080392
3.83664726772478,1,-1.42431640625,1.00938116269644,0.227219210311761,-0.835696750310822,-0.877656067054968,0.155783188913459,1.00134432183424
2.10162922615313,1,-1.42333984375,0.748577895625072,-0.310235191142088,-0.856910286785578,-0.114219325253338,0.76501132497209,0.464321788340765
1.09232597350548,1,-1.42236328125,0.360263360255124,-0.697574452825109,-0.4403424241801,0.657817912706624,0.581166822550163,-0.615215806307043
0.92751576148873,1,-1.42138671875,-0.0890655583669683,-0.818529825817194,0.235975077521686,0.970821774727891,-0.243092672580411,-1.14604447838787
1.00193658152534,1,-1.42041015625,-0.52188044104306,-0.639571228596937,0.873075001030579,0.650874638269111,-1.00972981188411,-0.609185958244489
0.936530150088576,1,-1.41943359375,-0.86366458350598,-0.220062964807177,1.18745832149558,-0.0728960249875642,-1.05985358209459,0.396648047907383
1.05438513250196,1,-1.41845703125,-1.05640782220713,0.305991382139399,1.04051008380598,-0.715184206671838,-0.326057656082727,0.790519508539736
2.01145689511488,1,-1.41748046875,-1.06909717457904,0.771035066177408,0.501729048406473,-0.844165254831947,0.609601525369326,0.153543933954844
1.35822850955799,1,-1.41650390625,-0.90329447993325,1.02532010234505,-0.183150202033592,-0.357083599472396,1.00059182983323,-0.828015878277282
0.397456002349786,1,-1.41552734375,-0.592786690143221,0.982849982751373,-0.704555365888065,0.453438430394005,0.558224247471164,-1.08935913486995
1.65316959593712,1,-1.41455078125,-0.197373583982957,0.64786314168774,-0.830572694852878,1.08456205857964,-0.309209305812506,-0.315106512705255
2.20841881345898,1,-1.41357421875,0.208075008180358,0.113761315875205,-0.512810640623246,1.14222239541863,-0.840401422287727,0.724194082001961
1.69122721005506,1,-1.41259765625,0.547299204442434,-0.465195525845007,0.0917939934475853,0.591239496533513,-0.560177116453606,0.983054465550795
1.61708778546924,1,-1.41162109375,0.756574779520132,-0.920786603342082,0.69319188548475,-0.222393450410044,0.321046097938069,0.242326069253403
1.77724527097903,1,-1.41064453125,0.796348453146066,-1.12199922348435,1.00140472151332,-0.791206829317781,1.08180669552206,-0.663334092876715
1.97221836386509,1,-1.40966796875,0.658463780344836,-1.01484322171866,0.859726483051397,-0.768316015367064,1.09221590821374,-0.731990017703414
1.37936242729972,1,-1.40869140625,0.367661623387204,-0.638653370722641,0.316982629386478,-0.187181335569919,0.340534282735782,0.142729210721538
1.64226861612625,1,-1.40771484375,-0.0229182438293642,-0.113904416994491,-0.394232309952654,0.560569545760878,-0.556818258131546,1.05652790728476
2.59659089653141,1,-1.40673828125,-0.441415486381823,0.3947345660857,-0.963402975414773,0.975117719323645,-0.870205322506624,1.04899156736225
1.41583076064223,1,-1.40576171875,-0.810345335908702,0.728816367792216,-1.14362119402316,0.767301619301672,-0.365899449011609,0.118624139526341
0.688075860003943,1,-1.40478515625,-1.06072788982129,0.784597894068205,-0.864062840712385,0.0436343512827815,0.500143270422209,-0.774832949060553
1.64567936651364,1,-1.40380859375,-1.14467771452901,0.544775654053539,-0.261971961232692,-0.760159108653478,0.965867717750983,-0.723309439194967
1.85737254885091,1,-1.40283203125,-1.04416106716716,0.0837785131278801,0.380465772828817,-1.15490331492291,0.603012059786929,0.172304126635043
1.59725098887571,1,-1.40185546875,-0.774325666925065,-0.454999340981344,0.76546727550443,-0.907826354479455,-0.322192650585208,0.912447369929162
1.3208392189774,1,-1.40087890625,-0.380795986532412,-0.903069362247952,0.716029206177452,-0.189626770729581,-1.06943836773766,0.659864659309351
1.5729579498489,1,-1.39990234375,0.0685743919232016,-1.11841973612041,0.25693943637835,0.534674005188219,-1.04160842143397,-0.370870070695082
1.69754021563674,1,-1.39892578125,0.495992718614833,-1.02902961091949,-0.396641684811723,0.801692392301409,-0.282601233465318,-1.13614301559096
1.17567172506603,1,-1.39794921875,0.827822784849454,-0.655029969637297,-0.937803294236948,0.444336573928116,0.560678324298812,-0.863157983840961
2.55566810692348,1,-1.39697265625,1.00792116051809,-0.102737154533349,-1.10858223627441,-0.302123026596095,0.78028092286252,0.135784798783001
3.85652306078752,1,-1.39599609375,1.00778704277031,0.4676229415755,-0.818356761225332,-0.949974530385975,0.199658408607895,0.795340192623196
2.63478508417957,1,-1.39501953125,0.83167896498262,0.89064526695655,-0.185756197087075,-1.06967441695642,-0.679076383823362,0.424263985733183
1.69055394337619,1,-1.39404296875,0.515767996150935,1.0460494918791,0.515103592307869,-0.563705053024941,-1.0962504267351,-0.564182324817634
1.31467319835129,1,-1.39306640625,0.121482812327617,0.895195822274974,0.97947958762891,0.270413648075244,-0.671721551947717,-1.09081919043706
0.794862362766507,1,-1.39208984375,-0.275740537235524,0.492663377957863,1.01085149579532,0.928055798689523,0.275146847784432,-0.554264564427163
0.548315399566396,1,-1.39111328125,-0.600254742081274,-0.030640175597282,0.61025780997448,1.01697889668023,0.990449428728508,0.529729180549992
0.863498957235557,1,-1.39013671875,-0.790030343954425,-0.507672363589742,-0.0247332690330655,0.505376352504559,0.914101739614639,1.06958580747845
2.24365632197072,1,-1.38916015625,-0.807999058568967,-0.786469050583092,-0.59092730049609,-0.259098699091966,0.146040660313617,0.54782503008652
2.23207368194361,1,-1.38818359375,-0.648845205209982,-0.776727223601828,-0.818673884041241,-0.771371613132474,-0.639628321202519,-0.435937286712278
1.17521063000686,1,-1.38720703125,-0.340008022156321,-0.477522776357637,-0.595615813314696,-0.690876118453644,-0.76057029590292,-0.802722590389063
1.90918923349182,1,-1.38623046875,0.0632882043273572,0.0223075550912327,-0.0183871321009038,-0.0587262606783255,-0.0986408732502648,-0.138062769812323
2.01741485874023,1,-1.38525390625,0.488071778403786,0.57123932779535,0.651402751915773,0.727929698129501,0.800215720072652,0.867689020234716
1.04094998286672,1,-1.38427734375,0.85690174900335,1.00131970759626,1.10676829385706,1.1680971925095,1.18223407438119,1.14833120557728
1.16674080477692,1,-1.38330078125,1.10196917626652,1.17948197956097,1.13581598848881,0.975395872450772,0.716562136858948,0.389371126968111
1.89982885371508,1,-1.38232421875,1.17745408481544,1.04823902523842,0.718815472561963,0.260390337569037,-0.227237762279182,-0.638065144007937
2.64014424875388,1,-1.38134765625,1.06788810489018,0.643323228075208,0.0374581379069125,-0.539105997542479,-0.887131602194516,-0.890135534528163
2.46589686496415,1,-1.38037109375,0.790999885787794,0.0828819991012947,-0.607940977364662,-0.935485671167598,-0.744442259594488,-0.150670237431277
2.36495495967868,1,-1.37939453125,0.394524730169373,-0.468473266507268,-0.935428999540541,-0.700260699167544,0.0442850877558794,0.744184714131088
2.72955489209491,1,-1.37841796875,-0.0524413178978528,-0.849785747617408,-0.809931413887975,-0.00815020214939001,0.780564780991915,0.79428844625208
1.03979894148416,1,-1.37744140625,-0.471969545455552,-0.952732868303271,-0.304518717499491,0.67517939468937,0.81074796906619,-0.102798699316535
-0.267798928638389,1,-1.37646484375,-0.791428716283497,-0.754509172099706,0.333587339555038,0.890315416753827,0.0752283858893584,-1.03964866652701
0.803112860899915,1,-1.37548828125,-0.956645617718735,-0.324572345284115,0.796695230672993,0.477292935402636,-0.839553066797369,-1.05522731363699
1.51087687189549,1,-1.37451171875,-0.941700956129028,0.196802811266758,0.857981950124516,-0.321618330309666,-1.1899465276388,-0.148736718192522
1.780959902097,1,-1.37353515625,-0.753578213485575,0.641605109854899,0.475804327710684,-1.01491518923445,-0.695907393115782,0.72076198345705
2.09309617836078,1,-1.37255859375,-0.430820239911475,0.86563585168676,-0.186759259929902,-1.17345618209311,0.225523789240416,0.648451343976685
2.37995875045822,1,-1.37158203125,-0.0364393883828944,0.792772494836708,-0.836094892534799,-0.702651881129026,0.809362260940987,-0.260672352722854
2.28476922391632,1,-1.37060546875,0.353626744989855,0.438419589491064,-1.18204138416807,0.0977156277062797,0.582323362504352,-1.00503909253718
1.28190068768044,1,-1.36962890625,0.664410919100823,-0.0950220545044017,-1.07039245546149,0.724048462451677,-0.242154981137841,-0.748648483612652
1.87951787276324,1,-1.36865234375,0.835632056507692,-0.649288317803174,-0.55330095797993,0.788753432293735,-0.943942110914863,0.291178241779587
2.99210231058691,1,-1.36767578125,0.832732921338781,-1.05847985916911,0.134620074709442,0.266074766240866,-0.900586953477331,1.06939314305863
1.89692758923635,1,-1.36669921875,0.65322900003153,-1.1996552177831,0.683564200247458,-0.492277425487799,-0.110277184266945,0.813958355805173
1.3112644860002,1,-1.36572265625,0.32721169013088,-1.03033548861845,0.850093300858064,-0.981600033518377,0.804276597308765,-0.161801823209925
1.69654242725755,1,-1.36474609375,-0.0880866756208825,-0.601464621772134,0.568235032713241,-0.86606037796416,1.11442853890593,-0.793860357893099
1.55136768707318,1,-1.36376953125,-0.518677169811059,-0.0418665301239815,-0.0207019921231646,-0.193334629537942,0.592937857653381,-0.395046176411296
1.31323367407184,1,-1.36279296875,-0.887257919447269,0.481053309926319,-0.633222740772246,0.63445157498994,-0.29791853782353,0.616910489411502
1.16968152608364,1,-1.36181640625,-1.12726986105346,0.812357935649333,-0.973852736925061,1.11507126059684,-0.794717864830217,1.16075443815376
1.71398899598855,1,-1.36083984375,-1.19500580340605,0.85678769038041,-0.870868548261735,0.964239196342596,-0.472722293036845,0.635841192530134
1.36675279131688,1,-1.35986328125,-1.07756827505276,0.607709066275161,-0.355434260639335,0.295270726754187,0.398205307793629,-0.44078049446561
0.238024873652697,1,-1.35888671875,-0.795227280805643,0.148963905006331,0.352082202638189,-0.453777972877682,1.07940702412752,-0.978109619689765
1.29722114073032,1,-1.35791015625,-0.397748533134254,-0.370941427117313,0.942373187541335,-0.799141098052909,0.982038491189409,-0.461066850640278
2.16920934687436,1,-1.35693359375,0.0446396447469683,-0.784416888470091,1.15818422447073,-0.519175528054188,0.160892853374966,0.509022760831467
1.40264220683893,1,-1.35595703125,0.453996568680019,-0.956209693973022,0.911549005926108,0.204668809082803,-0.729782905193188,0.854492120598886
1.33977727649433,1,-1.35498046875,0.758815786885893,-0.824951041146746,0.323647081866482,0.903340288724929,-0.981616802156459,0.164842434247658
1.63486899825654,1,-1.35400390625,0.906993109484649,-0.422130696099584,-0.330936990523779,1.11872908449668,-0.422471926127083,-0.865696579247436
1.88062157013148,1,-1.35302734375,0.875255865934439,0.13730290255096,-0.75004035331759,0.695500293562215,0.441935217034337,-1.16948228139399
1.86016970072476,1,-1.35205078125,0.673337586197678,0.689851067240483,-0.742260416240018,-0.119292744775193,0.853491731791771,-0.432611026211456
2.13371583111669,1,-1.35107421875,0.342139083116572,1.07322293766228,-0.314510810698716,-0.832167793799479,0.438122418063263,0.57374668764124
3.02288207958212,1,-1.35009765625,-0.0537881285668364,1.17574745664334,0.331262376210281,-1.0156755491213,-0.479396361080697,0.8081185185077
1.76841830127277,1,-1.34912109375,-0.438066365428983,0.970348638390937,0.890697393547127,-0.578833086639914,-1.14574197625985,0.0581642890106317
0.0563710024794654,1,-1.34814453125,-0.736470175160417,0.522708585280662,1.09658563119284,0.176287557543258,-1.00841133016662,-0.837570384640497
0.626541361773598,1,-1.34716796875,-0.890512354310926,-0.0288726953617389,0.841527047951317,0.747721380136819,-0.177653742795033,-0.879835354932301
1.07313431227678,1,-1.34619140625,-0.868162784688131,-0.515766139184059,0.227541797665551,0.753700629833542,0.665478483736214,0.0307116319844796
1.32317932733851,1,-1.34521484375,-0.669747341920003,-0.790531314834789,-0.480076766025983,0.176186265318831,0.838051774295561,0.984209146003697
2.20856179092843,1,-1.34423828125,-0.327951736106416,-0.771924745776458,-0.973574093081125,-0.626980808350284,0.22522019293919,1.01950765421616
2.93882497105322,1,-1.34326171875,0.0980714808121508,-0.469650130338874,-1.0429592149413,-1.14906462279761,-0.625526888429767,0.136771803966963
2.97604696264946,1,-1.34228515625,0.533420792225693,0.0187087208846334,-0.671509052301662,-1.05631456928515,-0.964574978270743,-0.705613517868505
1.74694367313598,1,-1.34130859375,0.901037967277082,0.537632650969124,-0.0428787223986757,-0.4001764683221,-0.469690675621022,-0.606334567272716
1.60117495903468,1,-1.34033203125,1.13570072257473,0.921338385250977,0.543415718164815,0.415042568472681,0.481988605111106,0.325025795140154
2.46475005466994,1,-1.33935546875,1.19586880030299,1.04460901844127,0.809457011694442,0.888522074989019,1.12718631613288,1.0842139457936
1.59569931737376,1,-1.33837890625,1.0712271518484,0.861250830134849,0.626424561406577,0.740394616445715,0.953022290415726,0.835664058376377
1.39047721180765,1,-1.33740234375,0.784553188144666,0.418423044961903,0.073786586027401,0.0886026511116988,0.124432249738479,-0.201463852465604
5.47560980854711,1,-1.33642578125,0.387568311445979,-0.157542628066115,-0.596903518711547,-0.62720792344482,-0.655018266564526,-0.981612019122099
2.53889224923673,1,-1.33544921875,-0.0484709421312432,-0.699506469627242,-1.07704869059772,-0.926332203271325,-0.73240346153525,-0.734362739979868
1.99535374087738,1,-1.33447265625,-0.445729227411785,-1.05035512187191,-1.1422568373689,-0.593763981794349,-0.0517475173095271,0.225208011965794
1.28996599497888,1,-1.33349609375,-0.733937534724731,-1.11078222734795,-0.755171953911392,0.181955334504635,0.799689247854744,0.833852692520031
1.07656090205074,1,-1.33251953125,-0.863152211458909,-0.869424353188728,-0.0828355479048195,0.92746537296941,1.0838389746444,0.408159274433057
0.59092768863188,1,-1.33154296875,-0.812805431163016,-0.406151122313385,0.579374361597047,1.18448715090086,0.530918380338136,-0.629742541774899
-0.315010832593098,1,-1.33056640625,-0.595400025412328,0.132490918899188,0.942441180736831,0.800336865176501,-0.432868459353628,-1.19633842719889
1.15413196867921,1,-1.32958984375,-0.254176808428737,0.578175044064213,0.855435064332566,0.0244509732078128,-1.03964442549167,-0.691293026101638
2.83432788080894,1,-1.32861328125,0.144819948645234,0.792312928431268,0.374018311249579,-0.65039989179473,-0.819900095654857,0.367692210782245
2.39338776847913,1,-1.32763671875,0.524833224755071,0.708454203832486,-0.265591273710762,-0.801278185463272,0.0070701465044902,0.890997197070437
2.22123086792059,1,-1.32666015625,0.812437684378898,0.352612766404763,-0.755266541852221,-0.343592878485714,0.718841246904247,0.366841929464291
2.17539116627094,1,-1.32568359375,0.950979620900129,-0.164690316533879,-0.856499519564958,0.415682829974081,0.696162400551957,-0.60082133839033
1.7043228146117,1,-1.32470703125,0.910964210875935,-0.682236231481501,-0.510041779418922,0.973886173029976,-0.0574795598904191,-0.93476716890339
1.25272291910649,1,-1.32373046875,0.69549766557267,-1.03744055737923,0.136523434427882,0.953104840764197,-0.917814456032444,-0.227705722560586
1.29723166622932,1,-1.32275390625,0.33979221907437,-1.11613557339513,0.795908547603028,0.341477575033096,-1.1616855785428,0.822850911476046
2.31933590802841,1,-1.32177734375,-0.0951771112649308,-0.887591826572425,1.17225132074766,-0.498058864671217,-0.572276667782534,1.14819660730236
1.78344228244464,1,-1.32080078125,-0.533710232102929,-0.414076537204983,1.09626500988543,-1.0571938184189,0.378697334275405,0.435141857703814
0.502028574902957,1,-1.31982421875,-0.899105609083464,0.167975518185316,0.602584274842168,-1.00408561157616,0.924312131062309,-0.54523737211297
1.31897549310937,1,-1.31884765625,-1.12757218300816,0.689431470751958,-0.0860757861731357,-0.393132226382049,0.642284901982758,-0.754226049915033
1.74354354568844,1,-1.31787109375,-1.17979754021625,0.999907036451885,-0.66070027588437,0.370596926151873,-0.193855809885278,0.0160866311649479
1.29556565406484,1,-1.31689453125,-1.04806691694679,1.0134796354751,-0.867133435075824,0.789614504201031,-0.845949561006928,0.923991544923174
1.52379212460941,1,-1.31591796875,-0.757637541774682,0.734708881041777,-0.622042379196912,0.590780056581538,-0.731175008201594,0.970255582109672
1.7686357601209,1,-1.31494140625,-0.362118602547952,0.257021268095738,-0.0506426218103964,-0.100774219388248,0.0880255433836011,0.0577124463059193
1.78317235838402,1,-1.31396484375,0.0663016370566433,-0.266041795809291,0.571059948479346,-0.841112490929917,0.954099520536362,-0.902241118465763
1.18386978715499,1,-1.31298828125,0.450002028887697,-0.667923791364476,0.94306893232444,-1.14985481774993,1.16278519580285,-0.949139453067694
1.53145751733859,1,-1.31201171875,0.720054481902875,-0.820107244566708,0.879208282154843,-0.815961199836197,0.551057154185864,-0.0847422190954891
2.82884698762218,1,-1.31103515625,0.828757873397959,-0.671521301532149,0.392874435431865,-0.0325738798404755,-0.367200378091371,0.732825563666087
2.00145543148864,1,-1.31005859375,0.758298164800788,-0.264260359706973,-0.308523264779281,0.72481657757623,-0.831256518914986,0.605580176748215
1.14587264025875,1,-1.30908203125,0.523958405521103,0.279191114687622,-0.917910803506323,0.999493262151372,-0.469519704387164,-0.352231826262549
1.85220521770864,1,-1.30810546875,0.171294747451864,0.793327046872956,-1.1685408633401,0.642594638999168,0.390611675061358,-1.13335064575559
1.86457137506565,1,-1.30712890625,-0.23220667199877,1.12016706796769,-0.955598066031336,-0.0935147902858362,0.998201119944551,-0.902096065583858
1.64656453733995,1,-1.30615234375,-0.609472136381689,1.15754133044449,-0.383798331470244,-0.716867572118566,0.808980313640643,0.1212707562842
1.62640441418957,1,-1.30517578125,-0.887933949380156,0.890361708566011,0.280781972623976,-0.809730017478929,-0.0570631181922379,0.891549793705165
1.65726203942764,1,-1.30419921875,-1.01280819839617,0.395324835436933,0.732599095222629,-0.295135178852884,-0.913688705360117,0.64086715354134
1.12610636712335,1,-1.30322265625,-0.957138115124636,-0.182392148438959,0.766484337369928,0.513335060622589,-1.08015252091912,-0.313046352043852
-0.201287030853865,1,-1.30224609375,-0.72677329013906,-0.673327137754974,0.371454895723358,1.11019987539676,-0.448506122468011,-0.906908412118474
0.64936554052376,1,-1.30126953125,-0.359376981157765,-0.935322558719747,-0.264424097839152,1.11893922691731,0.428037506625902,-0.460397679035711
2.46518574127939,1,-1.30029296875,0.0823589678453956,-0.896753339311808,-0.840344907297566,0.531157999162712,0.799479872682135,0.600431229649776
2.44860169021641,1,-1.29931640625,0.522057465846116,-0.578192752251547,-1.0807350144306,-0.287941482813291,0.347546445830646,1.19004610230257
2.70496609507156,1,-1.29833984375,0.883493703560249,-0.0859029264460334,-0.861768669541726,-0.831263253149997,-0.547566964312788,0.708403327510639
3.01458400527225,1,-1.29736328125,1.1044086469139,0.420855654294215,-0.268516474515669,-0.771456157914998,-1.12540901543781,-0.32642121135588
2.21261633763352,1,-1.29638671875,1.14778458408103,0.778703213974378,0.443431326669157,-0.16809854654409,-0.882211460976051,-0.826702710965703
1.25977422881722,1,-1.29541015625,1.00853081438933,0.870270465628548,0.964329770592878,0.571206863418752,0.00637752190879948,-0.284664347385539
0.896485568015413,1,-1.29443359375,0.71436313824197,0.660259382639877,1.07141493328109,0.951051377379527,0.830516879673265,0.692278977267223
1.82237557468078,1,-1.29345703125,0.320717820008274,0.206413509625394,0.730260487010941,0.704312116811227,0.937961715531584,1.02643784650694
1.91769983909313,1,-1.29248046875,-0.099373296231602,-0.357958285129213,0.11000376744339,-0.0368366647527479,0.277436910032878,0.312819571278582
1.09168646456425,1,-1.29150390625,-0.468602560840392,-0.864569985423021,-0.494505827345575,-0.823740024640544,-0.560865389400394,-0.74863082397856
2.0164539412668,1,-1.29052734375,-0.719475683622259,-1.16146274065667,-0.798001464806551,-1.1753291775363,-0.841396696243281,-1.08886044902024
2.31263077261793,1,-1.28955078125,-0.806604862325832,-1.1593550648307,-0.655623813204453,-0.88294992970171,-0.300763094156179,-0.395915699746752
1.12292307585311,1,-1.28857421875,-0.714967606486617,-0.858881240032414,-0.129411565245196,-0.142260952792839,0.630126578654459,0.558937699353661
0.784054176195676,1,-1.28759765625,-0.462627667041728,-0.350397794756644,0.539970176710072,0.571592657698842,1.18524287018944,0.739712691431211
0.900927186055061,1,-1.28662109375,-0.0974229156608588,0.213582830303844,1.04333318074538,0.806173294094076,0.903526994294897,-0.0568505127757619
1.18019131459565,1,-1.28564453125,0.311776400473849,0.664911132218237,1.14452800781446,0.4192403735807,0.0144186571006729,-0.985425159751806
1.37016985969341,1,-1.28466796875,0.687646892365773,0.871062721271892,0.788695059312088,-0.33117773330969,-0.753712159652203,-1.0461388749259
2.22190077128629,1,-1.28369140625,0.958537791900692,0.775486453484906,0.127671445856922,-0.951359365126766,-0.781981183070502,-0.143187906197928
3.76558500014846,1,-1.28271484375,1.07157058364491,0.414716070564543,-0.549081259011809,-1.02648737129856,-0.0772920846904042,0.811403463942597
2.91087131148286,1,-1.28173828125,1.00232655931783,-0.092977890349913,-0.946441473602841,-0.48528502380369,0.735339094981782,0.858779413844044
1.34216923838218,1,-1.28076171875,0.759357483131908,-0.583924404219911,-0.898126272337952,0.353549321349245,0.937897570912108,0.00316088531329949
1.4787808309059,1,-1.27978515625,0.382697024553251,-0.899270853425471,-0.442208829450554,0.982675388212742,0.322456630685438,-0.796847838223202
1.18228840092152,1,-1.27880859375,-0.0633571753140515,-0.933737555443806,0.196875095456818,1.0273118644287,-0.632472623835286,-0.646032841868614
0.866470518693456,1,-1.27783203125,-0.501877842508994,-0.668008122496109,0.711578768182042,0.482223268885745,-1.1600174431351,0.337038734934078
1.32279885337246,1,-1.27685546875,-0.85724178661787,-0.174854892437817,0.852495220377023,-0.286067754630092,-0.844542185976309,1.14219950553773
1.84971625379537,1,-1.27587890625,-1.06882732438496,0.402877559861709,0.542964141077845,-0.773195001590221,0.032216376208088,0.93349518672007
1.82449803218938,1,-1.27490234375,-1.10198274235304,0.895710503461115,-0.0854166865022508,-0.658277275243768,0.727966257732733,-0.0681224687209534
0.739335433716936,1,-1.27392578125,-0.954269948682962,1.15912593062225,-0.752637958967648,-0.00840080098499069,0.66143187385698,-0.81843930249369
1.1030959341479,1,-1.27294921875,-0.655847644412182,1.11756110242877,-1.15811612647304,0.763731083446419,-0.101381650360111,-0.552915727227616
2.40948762412615,1,-1.27197265625,-0.263925275602496,0.787366816608446,-1.1180444840309,1.16207872890901,-0.903053504176996,0.407175915080494
1.78829052147689,1,-1.27099609375,0.147701543154556,0.27171908421675,-0.649424918027378,0.922783682588408,-1.04596300700336,0.997602785762357
1.52158946224687,1,-1.27001953125,0.502128044977207,-0.270958970113516,0.0376626800417509,0.182381028874546,-0.377616101827436,0.540254277620319
2.06784955767648,1,-1.26904296875,0.733375331924351,-0.675416693482263,0.636018252221759,-0.608226896252104,0.579725460787341,-0.535669780451064
1.76784795374241,1,-1.26806640625,0.798427507585506,-0.820044701210052,0.881610781752134,-0.969396894608733,1.0636917112009,-1.14323548956559
1.47439665411126,1,-1.26708984375,0.685078925663467,-0.663975530201457,0.674024698554777,-0.696485079541858,0.707230594596242,-0.683089146736419
1.55995932022277,1,-1.26611328125,0.414162557723498,-0.259483550235769,0.121970885130272,0.0112904780943951,-0.156657225296033,0.326173417798497
2.24480010877007,1,-1.26513671875,0.0357536615212083,0.264101749750808,-0.506943891662285,0.678706401886741,-0.775680015411722,0.798838026199606
1.96996329508277,1,-1.26416015625,-0.379960001920452,0.74005177403784,-0.909190440802486,0.857789819388284,-0.609483959466571,0.231491695405709
0.562835947582317,1,-1.26318359375,-0.755478943013891,1.01534586507091,-0.884752681390877,0.413677796693199,0.216872208584367,-0.764413185734643
1.13409563354488,1,-1.26220703125,-1.02013272442793,0.997612277644245,-0.429211921228166,-0.388655019291227,1.01667595770767,-1.1099753025574
1.89690367778577,1,-1.26123046875,-1.12298564144376,0.683558120136917,0.263670118586915,-1.05196986497734,1.11579908578903,-0.401629853219584
1.20351709292075,1,-1.26025390625,-1.04215692884276,0.16019780817441,0.890071494382224,-1.16217600804256,0.417006137267953,0.659170569675392
1.2512673882529,1,-1.25927734375,-0.788857794846987,-0.421500933407437,1.1746367361931,-0.651148484052786,-0.51780566735828,1.00393151341062
1.42368447633027,1,-1.25830078125,-0.405409366976614,-0.892508468067455,0.996050051492625,0.160066993409249,-0.936294998867555,0.322743389559537
1.16936959167576,1,-1.25732421875,0.0423985788405998,-1.11714850837378,0.442218839685292,0.765116701979841,-0.523260670491136,-0.612292095579998
0.971270261420745,1,-1.25634765625,0.477217952489354,-1.03433606349968,-0.230167883647103,0.79371138801599,0.337821616248312,-0.767477194084752
1.61812077424337,1,-1.25537109375,0.824154396613171,-0.676045660678035,-0.713195774775095,0.246279262342936,0.887985521653776,0.0560000662823962
3.42242793506249,1,-1.25439453125,1.02433108543519,-0.157372908274152,-0.788608939802132,-0.507202853095578,0.63014818810269,1.00914844334024
3.30669063817595,1,-1.25341796875,1.04553595178949,0.358770151968773,-0.427565372997312,-0.963414128520983,-0.252725562243959,1.0911579268114
1.93139782515976,1,-1.25244140625,0.888015039343011,0.711537013004432,0.196371312028545,-0.806757208853872,-1.04866151133453,0.207054633454096
1.90903304261912,1,-1.25146484375,0.584358398869823,0.791364647229018,0.786940346798645,-0.111174910565882,-1.11067967982021,-0.731235699340555
1.22475226144857,1,-1.25048828125,0.193500472910505,0.573489780189868,1.06111435067171,0.705609600673976,-0.396902872939545,-0.767324547880576
0.306671754544309,1,-1.24951171875,-0.210071576490853,0.125523441995813,0.879048648734683,1.14640568725953,0.495029771963127,0.0911895710358166
0.753892716922795,1,-1.24853515625,-0.549935734371562,-0.413230397453582,0.308579886886978,0.949491722553289,0.827997080582053,0.884319299172677
1.63222461810847,1,-1.24755859375,-0.761698862438333,-0.87439347706843,-0.405253350168969,0.254065851864053,0.34153056216767,0.71879379042218
2.12378746288306,1,-1.24658203125,-0.804763097806187,-1.112048013552,-0.9517433843963,-0.48889962904603,-0.531394412385855,-0.283189914635443
1.44625416220718,1,-1.24560546875,-0.669751914141943,-1.04744176947828,-1.09609325612953,-0.803710458238361,-1.02821582405359,-1.10905698502928
1.43663664938837,1,-1.24462890625,-0.380243211686341,-0.693203192036417,-0.786290176312157,-0.492450073249652,-0.696774923763415,-0.922843640267599
2.25545204739371,1,-1.24365234375,0.0115065423773563,-0.14966513099597,-0.176396887458096,0.239337324865456,0.224123000731313,0.0538044139712166
1.2454484401102,1,-1.24267578125,0.434068909626416,0.425584436051068,0.444376877647506,0.913654105610867,1.00210812206371,0.777915670480685
3.7228916958899,1,-1.24169921875,0.809850089834806,0.865627873459607,0.784356500407485,1.08446629641469,1.02160352924181,0.488775484178217
1.7966150459068,1,-1.24072265625,1.06922942088664,1.04498433019487,0.683121838384329,0.62202584744796,0.29664217703328,-0.48812059336325
2.20728452184358,1,-1.23974609375,1.16325540614024,0.917714278637352,0.185076240901711,-0.203645686434818,-0.54276016871069,-1.08676761216446
2.45054680491009,1,-1.23876953125,1.07258738002598,0.531227441567288,-0.48079951000958,-0.893219967011588,-0.779157834691604,-0.630361771803529
2.77803871778642,1,-1.23779296875,0.811054324457104,0.0115817033459226,-1.00574807713781,-1.03418776275448,-0.208857956371185,0.449671878090884
3.00625945720138,1,-1.23681640625,0.423182254988423,-0.475230395917259,-1.14264257528526,-0.561790800820278,0.687295442385502,1.06585958051742
2.20654062410078,1,-1.23583984375,-0.0238604011245362,-0.774175788813225,-0.819299546255494,0.201017789286074,1.14644260765761,0.62026755375883
0.250897587805528,1,-1.23486328125,-0.452433822339042,-0.788703267129714,-0.171847298195934,0.749923893863943,0.762757287923158,-0.367450680836425
0.386970677855437,1,-1.23388671875,-0.788499229646602,-0.51037240085172,0.517129046934303,0.720713331730139,-0.171676830946508,-0.813284838256954
1.48228760512531,1,-1.23291015625,-0.975031664084797,-0.0215342471604783,0.947381954408707,0.121491020308765,-0.909435083651881,-0.21812739280995
1.25118706939315,1,-1.23193359375,-0.982332197294584,0.529757691630552,0.937828516763368,-0.671965937049334,-0.870936581367362,0.802340303133983
1.75834182380308,1,-1.23095703125,-0.81336323176344,0.974943561703863,0.508830056529501,-1.15479216832726,-0.127000128011765,1.16757492224253
2.37714459063472,1,-1.22998046875,-0.503136714698757,1.17645419462692,-0.127698865412733,-1.01393290178514,0.66280574761317,0.474797782941908
1.97659342645256,1,-1.22900390625,-0.112267874789566,1.06977717399071,-0.665806114349602,-0.327406733658471,0.804290940360179,-0.573836837713111
1.38382531767911,1,-1.22802734375,0.284130646796433,0.683240154274869,-0.846007859867758,0.484725054877494,0.151504072698226,-0.911295949881219
1.34703763910291,1,-1.22705078125,0.61019106522794,0.129465903229234,-0.574483020851709,0.926547544835123,-0.769444850814336,-0.230637396556712
2.44610233382966,1,-1.22607421875,0.803165962017078,-0.428893315674888,0.0335933540522963,0.740498919543718,-1.19930027678993,0.694331093988918
2.26909049402681,1,-1.22509765625,0.824909690242011,-0.828677788076709,0.706417875537988,0.0699454567467781,-0.780181038059597,0.831447505784977
1.01719147429859,1,-1.22412109375,0.668874309510402,-0.955874597182987,1.13968081435072,-0.633146989007013,0.145112990609763,-0.0142369874090304
1.49847305541351,1,-1.22314453125,0.361345453722542,-0.780240048217249,1.13566379486436,-0.896706547956878,0.819410820484791,-0.990438095391702
1.5932475284669,1,-1.22216796875,-0.0433076183466501,-0.364318769106925,0.693679428614343,-0.529799739049305,0.703590635508091,-1.09553234397028
0.876069361745577,1,-1.22119140625,-0.472503578263423,0.155890134668578,0.0104766860577974,0.254890045321544,-0.073928195216238,-0.235236920564465
1.17714590235454,1,-1.22021484375,-0.848645351664295,0.612707777621473,-0.609576725378503,0.975246539996515,-0.826584883562525,0.679012516306547
1.50689213241479,1,-1.21923828125,-1.10323888698778,0.858223467532543,-0.893449775012915,1.18533308647987,-0.886319373235033,0.693903027944011
1.32443373199212,1,-1.21826171875,-1.18936394165641,0.809693407772108,-0.723978731210481,0.758237833884254,-0.164879141671838,-0.178817380478815
0.516292186931114,1,-1.21728515625,-1.09022634538132,0.475015835279086,-0.193013033824731,-0.0335851191996424,0.769965899432162,-0.976902792101148
0.629765036097092,1,-1.21630859375,-0.822234481410014,-0.0495048517564726,0.441121778442201,-0.691524703604271,1.16721233630966,-0.808108754205811
2.05085795475212,1,-1.21533203125,-0.432039538253848,-0.608426460846749,0.872364492385133,-0.807485350789587,0.719003244988123,0.20262967023963
1.72415287779937,1,-1.21435546875,0.011922058669781,-1.03453255364064,0.887517351006377,-0.322770142683652,-0.183331142739001,1.04112710910869
1.13492591530376,1,-1.21337890625,0.431844788657945,-1.19982522404461,0.464358019867644,0.43533712592109,-0.77768969660223,0.872044060831183
1.91835563188493,1,-1.21240234375,0.754668904460329,-1.05457163608853,-0.217643215189874,0.962506117293547,-0.569246240874218,-0.0818635523935509
1.88249644372954,1,-1.21142578125,0.925325016943685,-0.642477421483657,-0.858924028561879,0.89897599580448,0.255713483968833,-0.778699197825902
1.80155178346649,1,-1.21044921875,0.916697940916326,-0.0873521165305116,-1.17643379958717,0.259395524993463,0.986384339111139,-0.461660851310467
2.46365182626841,1,-1.20947265625,0.734496755338958,0.444660224725672,-1.03275935835199,-0.57524683053002,0.983407205522463,0.539201104523731
3.14408636649296,1,-1.20849609375,0.416145520032473,0.795748437509891,-0.498710069689768,-1.09853369903971,0.215522781308811,1.15555790221768
2.81966202139219,1,-1.20751953125,0.0238977930602277,0.864523544107172,0.179260750440105,-0.999317068230237,-0.712177413054956,0.711177287467082
0.92421577147205,1,-1.20654296875,-0.366570211015837,0.636842229190322,0.691886547629551,-0.358437684652714,-1.06216903741371,-0.361156116465094
0.418610525446532,1,-1.20556640625,-0.680009773092491,0.18995206329275,0.808546672258918,0.403511120740519,-0.579131470912364,-0.974354727415657
1.11556607592308,1,-1.20458984375,-0.855370241945026,-0.33130336792521,0.482636447286609,0.79413476142422,0.298773529706212,-0.532812446709333
0.724732933439122,1,-1.20361328125,-0.85698165575376,-0.758945318457512,-0.127354420587472,0.562574525413469,0.808598980444367,0.441944306009583
1.39096323609138,1,-1.20263671875,-0.681112275166712,-0.953398952656553,-0.730689859949236,-0.140932180331506,0.502689547913665,0.86694682602336
2.6741222166356,1,-1.20166015625,-0.356706041841682,-0.846360268787048,-1.03782117970207,-0.860684224709743,-0.375481836247568,0.246928660677066
2.5813041849101,1,-1.20068359375,0.0598352847684209,-0.461889638032144,-0.893344433532939,-1.12555476441643,-1.09423688458923,-0.798433181661969
1.90920825787024,1,-1.19970703125,0.4948761800146,0.0907177097251701,-0.347634838916786,-0.749079071948833,-1.04565038984095,-1.18693371480718
1.43080926751845,1,-1.19873046875,0.870916876376272,0.650111897078448,0.365634353921888,0.0511627112600769,-0.254570774687943,-0.516302793551305
1.91358738301908,1,-1.19775390625,1.12067481420624,1.05198841464376,0.935823615239565,0.790784626790383,0.641186529166072,0.511119957347748
1.78893076070956,1,-1.19677734375,1.19931471857348,1.17911326022109,1.11688260411514,1.02528284180514,0.922963065180002,0.83047366548337
0.884895191991424,1,-1.19580078125,1.09260092726327,0.996995329885734,0.839386917477149,0.631310900304793,0.390598665522232,0.138626813345045
1.90519027467592,1,-1.19482421875,0.819487869442611,0.564312122253889,0.241817606435106,-0.116164922155839,-0.472320199549396,-0.787998590305851
2.68921087180365,1,-1.19384765625,0.428677073831861,0.0149066447562333,-0.393209794943788,-0.719807133023623,-0.905419837088359,-0.917869005518484
1.92941362853235,1,-1.19287109375,-0.0102325684810828,-0.483142731642823,-0.768576072017815,-0.777067338049597,-0.510082858608075,-0.0590569162711586
1.76389907430056,1,-1.19189453125,-0.419390319775893,-0.778874643252482,-0.708829890723462,-0.236939955361835,0.414799839639215,0.933572384088293
1.47626090356794,1,-1.19091796875,-0.726832982895447,-0.784531548616121,-0.240592007506032,0.566916358480696,1.12091032232395,1.05810363340679
0.665484506353957,1,-1.18994140625,-0.879544409827323,-0.502302711765822,0.419598255449789,1.12777410170245,1.03498809432232,0.221229740812271
-0.155824237394486,1,-1.18896484375,-0.853058127525037,-0.0235553329941952,0.964434859630638,1.08769044479067,0.237351438985506,-0.666078819393952
0.195345414089826,1,-1.18798828125,-0.655855588161006,0.499208734798233,1.13662946179424,0.465072116556217,-0.605823887398309,-0.653815999293063
2.14401972393918,1,-1.18701171875,-0.327760211515106,0.899100387490259,0.846911578811215,-0.356682382493494,-0.799778071071209,0.24165695767924
2.51919931888255,1,-1.18603515625,0.0673793440613253,1.04600985741086,0.215248099218691,-0.872261137888877,-0.201763440494328,1.05517541912599
1.97836852702503,1,-1.18505859375,0.453383420049949,0.886556925797845,-0.483589702317716,-0.7747760640891,0.660741722400233,0.894710361514536
2.55199914686993,1,-1.18408203125,0.755682781726253,0.460615192572138,-0.94522442067968,-0.149805679317065,1.03302796885763,-0.11296913763235
2.06913863634497,1,-1.18310546875,0.91496772673924,-0.110643139487015,-0.974375266497291,0.580133630299021,0.566628656810962,-0.952993076671258
1.23218640700081,1,-1.18212890625,0.898058583740994,-0.661535537110005,-0.573627570681419,0.925341258799,-0.386840628782069,-0.791515842606507
1.52820337170714,1,-1.18115234375,0.70401720940956,-1.03225786389843,0.0583230849167648,0.641408145807678,-1.06745623613911,0.146855862148137
2.11195654293338,1,-1.18017578125,0.364385582587786,-1.11748608441574,0.618128161201164,-0.114241594457833,-0.94041523558293,0.82074527959435
2.15741319800091,1,-1.17919921875,-0.0624930889405723,-0.898349160130631,0.837082554448396,-0.881292516253256,-0.141316941044369,0.476930118289823
0.996435405782427,1,-1.17822265625,-0.502037879980471,-0.448010917798142,0.604512449712497,-1.18813343813045,0.639106572371103,-0.550073627984655
0.872171872822754,1,-1.17724609375,-0.87695598988817,0.0908396375927128,0.0187873999511231,-0.850827342013665,0.734259292349242,-1.18944998956601
1.85788350367993,1,-1.17626953125,-1.12126917956002,0.549709027196624,-0.65739540405352,-0.0894799214009392,0.0602278051663955,-0.765128550127097
1.28246321752214,1,-1.17529296875,-1.19228780988768,0.785871453670958,-1.11700727611219,0.611926392388379,-0.813746213562272,0.289374701252914
1.17428783169529,1,-1.17431640625,-1.07835303653354,0.726035109164571,-1.14907223323001,0.813136067178114,-1.14184386611564,0.888153543147488
1.9563420947276,1,-1.17333984375,-0.800938061632824,0.388761363835157,-0.735215379360889,0.397161707608493,-0.626555513997685,0.438823257044427
1.59428410243251,1,-1.17236328125,-0.410726232781735,-0.12121274626358,-0.0582029126289358,-0.355888813606533,0.330981818854005,-0.534297805065661
1.15096367659715,1,-1.17138671875,0.0216197483508743,-0.645014125999626,0.581438164671396,-0.947595411848621,0.964725818002784,-0.948406560585481
1.3606329412505,1,-1.17041015625,0.418316821650896,-1.01824643875554,0.902582005358899,-0.978955549254175,0.782445565340995,-0.311306422035067
2.29424970938244,1,-1.16943359375,0.708607659333159,-1.12132340523596,0.77170678898967,-0.405079097268561,-0.0248228858412692,0.753939342520307
2.45800390142831,1,-1.16845703125,0.841618560198999,-0.916143416718294,0.263499586752742,0.435078252668472,-0.744999605804595,1.16386048924361
1.23844319839831,1,-1.16748046875,0.795588548147469,-0.457898110028477,-0.373846625604214,1.03289832292612,-0.742992261833218,0.516841427635201
1.53788253423262,1,-1.16650390625,0.581789910477132,0.121596809916689,-0.832747728122259,1.03213458164576,0.00593922802627958,-0.484711028399406
2.12310035947993,1,-1.16552734375,0.242427068967076,0.653961123608861,-0.887526260826793,0.454184744591824,0.893841669502698,-0.778477025627843
1.41097626979579,1,-1.16455078125,-0.157102843303925,0.985467576192913,-0.498226682842192,-0.316516785638201,1.18754458357243,-0.0657201888694166
1.64766773465717,1,-1.16357421875,-0.540177660508827,1.02377651052717,0.170568594046334,-0.77765410237126,0.641453649062574,0.873770425818913
1.92506355305442,1,-1.16259765625,-0.832966152595509,0.76591651224986,0.82455017614579,-0.62888259522952,-0.296984707465384,1.00822265430531
1.10326358297969,1,-1.16162109375,-0.977939312257373,0.298969094665281,1.17391056803553,0.0369345304227277,-0.861045706711854,0.147810151992192
-0.0218968355555967,1,-1.16064453125,-0.944415817049903,-0.226746042828998,1.06559529659835,0.792664718089054,-0.605049796485065,-0.850923476319524
-0.254153111994921,1,-1.15966796875,-0.734220467881667,-0.643788131831441,0.553082504890201,1.14856464685521,0.224397799779672,-0.986580987642852
1.31688624350616,1,-1.15869140625,-0.381424159708022,-0.818921513148578,-0.128224920851425,0.863995045528495,0.896741717781062,-0.167478843523624
2.08683839847789,1,-1.15771484375,0.0537884910489898,-0.693966789660327,-0.668731311170597,0.101057099202227,0.81096010108166,0.69544281468804
1.97913772594514,1,-1.15673828125,0.496008546391794,-0.303693537416125,-0.826214832819795,-0.677527900189781,0.000794563876933913,0.655291324397247
2.98310440898492,1,-1.15576171875,0.868267710272319,0.234714518057233,-0.536463641541181,-1.00143588792331,-0.891114900452521,-0.266901652646183
2.69625638511921,1,-1.15478515625,1.10599198701844,0.757405799857238,0.0576287934195382,-0.690476472276479,-1.14869745445342,-1.10274925640066
1.36018690721668,1,-1.15380859375,1.16870452293104,1.10389985528579,0.671810382494649,0.0321232062781265,-0.57966711117597,-0.959905861869014
1.2257351385412,1,-1.15283203125,1.04734782437066,1.16613302225492,1.01096610917045,0.682825964149822,0.325047782257481,0.0337499410564116
1.6455626102474,1,-1.15185546875,0.765893006018643,0.921527312366672,0.904643776095513,0.826270886948574,0.802955621746328,0.863523320501329
1.96624535805122,1,-1.15087890625,0.37694374817587,0.439978860605686,0.385587401375417,0.353021220967133,0.458274531852654,0.697984586063614
1.54726457572296,1,-1.14990234375,-0.0478641217340782,-0.137371285618176,-0.324671190671429,-0.45000159707312,-0.407195064331304,-0.23550132764031
1.76200768728763,1,-1.14892578125,-0.430919102425617,-0.641101882005853,-0.916591218025678,-1.08120510671329,-1.04740180953715,-0.895253868291845
2.79853783402495,1,-1.14794921875,-0.702769140605562,-0.925090320007952,-1.13368575164838,-1.14269372749909,-0.897581212060679,-0.530948637126821
4.88482502529295,1,-1.14697265625,-0.814761764829426,-0.910953307959988,-0.889351087783107,-0.592996653835024,-0.0485688698774754,0.518924323912195
0.928016003138073,1,-1.14599609375,-0.747887943789448,-0.611778292103407,-0.306030864465401,0.226459789678462,0.827050036615763,1.18132283895117
1.31813931041358,1,-1.14501953125,-0.51621972106716,-0.127901374440969,0.341186497424968,0.807965595278496,1.03530255580096,0.780341982267064
0.986921158376299,1,-1.14404296875,-0.164316134747987,0.383972747431459,0.750718601299544,0.799574447443175,0.439029280850961,-0.250028941828215
0.914956703348567,1,-1.14306640625,0.240929737660896,0.758869441045436,0.732662489163366,0.227935819314373,-0.429668390023052,-0.825562121142088
1.84360697883576,1,-1.14208984375,0.622517534989656,0.874161952911308,0.295768132155793,-0.519669862073331,-0.816668920192484,-0.357785017185821
3.13737908515513,1,-1.14111328125,0.907413257881357,0.687239537176311,-0.356582356453373,-0.94262576111739,-0.378454066542888,0.625364891627415
3.42719005242226,1,-1.14013671875,1.03990651998723,0.24871338524997,-0.919549610064023,-0.746377262859823,0.529264770831407,1.04034780177985
1.89249944432411,1,-1.13916015625,0.991818456592039,-0.312878742639021,-1.12653321194242,-0.0308792782014541,1.14846815885707,0.397123228736954
1.38348174631128,1,-1.13818359375,0.767700658436445,-0.830200841525166,-0.87146881693459,0.7717367061692,0.952925730982061,-0.678716302012681
1.52522369171794,1,-1.13720703125,0.40407741347085,-1.14813018020833,-0.25776257553568,1.17071721809935,0.0889671429071716,-1.10316504857994
0.530100040784069,1,-1.13623046875,-0.0371319768015908,-1.17107127359036,0.448539754309078,0.927655872158136,-0.745868641157989,-0.475801141179348
0.78533748527606,1,-1.13525390625,-0.479814436507068,-0.892120275451436,0.939940716020829,0.207283147332283,-0.884846373202274,0.50059724556656
1.66758173157044,1,-1.13427734375,-0.847449737691766,-0.395171365360396,1.00761073042682,-0.527723468787117,-0.247875794782035,0.766201549270488
1.38167342503394,1,-1.13330078125,-1.07697359717399,0.170678281807141,0.636353778064653,-0.811030937985301,0.593731840933404,0.026872720059873
0.72388862758045,1,-1.13232421875,-1.13019437622655,0.63660678658576,0.0109923448670924,-0.468993318269927,0.897629619658926,-0.933796587365549
0.54636655071675,1,-1.13134765625,-1.00068586404761,0.865537735079782,-0.568729112360881,0.269295344597664,0.373884426737024,-1.08315395449105
1.60282155460478,1,-1.13037109375,-0.714902210837937,0.793881253701247,-0.825770446600904,0.918167930502604,-0.570236672162754,-0.232671237199919
1.89542659758291,1,-1.12939453125,-0.327312945790616,0.450797949334086,-0.632969062393994,1.04484626315494,-1.16907763293855,0.760332584353669
1.14986655007603,1,-1.12841796875,0.089555341284707,-0.0508950805506298,-0.0715620446501716,0.545479092823305,-0.937660820134844,0.895905720988577
1.87036948720517,1,-1.12744140625,0.458356864440474,-0.549393302514259,0.605729555145042,-0.287729353126901,-0.0764388470706274,0.084861872563059
2.06074910726739,1,-1.12646484375,0.711033296158032,-0.88355259850544,1.09017407232303,-0.951018546991445,0.696836230135781,-0.761137793861602
1.25292061251022,1,-1.12548828125,0.801220422384036,-0.942343428329351,1.15823558877317,-1.04799720731553,0.747435998546165,-0.697737979622774
1.69901993490702,1,-1.12451171875,0.71269567744335,-0.698997781656713,0.773911733835381,-0.540359597334768,0.053931185989006,0.249720777906863
2.3353487289539,1,-1.12353515625,0.462328426341359,-0.21941153605854,0.105380107259307,0.228893588177944,-0.775179607326394,1.10974817828055
2.23661924015603,1,-1.12255859375,0.0969958972773431,0.357770361261219,-0.551668847315136,0.75443374626895,-1.01231929200224,0.989542940388123
1.31690945078409,1,-1.12158203125,-0.314973509970825,0.863307624742174,-0.908946611370456,0.690561508586553,-0.42165655772237,0.0177017176611808
0.947039372002143,1,-1.12060546875,-0.696271267455057,1.14888487238442,-0.817017592582742,0.0714820345589146,0.541262321720913,-0.791868421452742
1.93547888883632,1,-1.11962890625,-0.974723013770932,1.13226409311328,-0.333162432120329,-0.710126339046957,1.10823757013534,-0.610933633926886
1.60580383118011,1,-1.11865234375,-1.09647567601151,0.822279716792673,0.305376222046829,-1.15264408192572,0.838791805328367,0.329501394990899
1.00326655207015,1,-1.11767578125,-1.03585567563709,0.316043813248647,0.79050548495997,-0.964552960183674,-0.0134177624155542,0.986536471646294
1.63769797917813,1,-1.11669921875,-0.800102450711927,-0.230782344896034,0.884811478902252,-0.250207858963801,-0.714572721819022,0.611859943450747
1.13144590963516,1,-1.11572265625,-0.428114470607603,-0.651567045945289,0.530734625110545,0.555754624340101,-0.665925936693611,-0.452854150412265
0.441967527052768,1,-1.11474609375,0.0165650271727803,-0.81960174345025,-0.122577614222244,0.963718992659037,0.0945117183797192,-1.1329688288022
1.11908679948868,1,-1.11376953125,0.457246647949811,-0.686762298075419,-0.787044558675935,0.739179289452274,0.923605372744862,-0.753161777791094
2.48562629254419,1,-1.11279296875,0.817985455392894,-0.298128441506821,-1.16706227296991,0.0505866691985984,1.11159523187875,0.25193809344582
3.34154352722322,1,-1.11181640625,1.03733576497639,0.221902540454396,-1.094442574872,-0.638951967237809,0.476907392601778,0.799876255155943
2.48084085536499,1,-1.11083984375,1.07946702236777,0.707762842071559,-0.60515629085315,-0.867232698169899,-0.480424728830472,0.306434462141238
1.99038209073537,1,-1.10986328125,0.940618121161693,1.00346465769626,0.077222542934322,-0.467866899972781,-0.995179830655828,-0.696271512014718
1.95779247139636,1,-1.10888671875,0.64971620148799,1.01044604794382,0.643793566258406,0.322942284227493,-0.674938153525469,-1.12322927343721
0.539689563619206,1,-1.10791015625,0.26304837925812,0.717890793963114,0.841535937234024,1.01567142331055,0.173984564706598,-0.485692633993884
0.384167598931431,1,-1.10693359375,-0.146042444956797,0.206254464875518,0.588844599486589,1.17796654051463,0.805198144216869,0.589140220219036
1.59009656723468,1,-1.10595703125,-0.500560682364775,-0.37708614574447,0.0125462293564643,0.70904740597461,0.658941032536571,1.0176377532828
1.81277415700859,1,-1.10498046875,-0.733918937887306,-0.862627185108713,-0.610528745827365,-0.096354957158977,-0.167635352987671,0.401390262610534
1.61904376540874,1,-1.10400390625,-0.802095918168611,-1.11029717137562,-0.980672258918732,-0.735158018212971,-1.00017921243471,-0.555791666136692
1.54473445523527,1,-1.10302734375,-0.691677212346814,-1.0520364876923,-0.912944575094826,-0.815241594742546,-1.15025509797453,-0.796114340658042
2.02764890008828,1,-1.10205078125,-0.422314535764615,-0.712394727773913,-0.422347022996557,-0.303993917374231,-0.490808742616538,-0.029813393635552
1.79940894078162,1,-1.10107421875,-0.0431554005620277,-0.20085857469051,0.282465921524984,0.45184318911656,0.437442047196015,0.955688224324349
0.59927922870273,1,-1.10009765625,0.376106871074772,0.321741626679402,0.894079133583788,0.947600272204167,0.877706436166584,1.12657915810297
1.22561117666139,1,-1.09912109375,0.757933250419161,0.692480415845915,1.14642030948251,0.842597721921323,0.48904535714112,0.295114270301203
2.07888337186417,1,-1.09814453125,1.03107674557944,0.796192977564622,0.935995440526204,0.177901208134905,-0.37009099652758,-0.681324811999539
1.82023809934594,1,-1.09716796875,1.14358340393319,0.600705553931574,0.368807900846424,-0.648540516712442,-0.943824113440255,-0.805081354930797
2.5848163968063,1,-1.09619140625,1.07228900833096,0.166676731909695,-0.288489222178109,-1.13363374036422,-0.713547139836667,0.00961940718155924
3.20551887122385,1,-1.09521484375,0.82708178466951,-0.370957126626582,-0.730846749604817,-0.987816706647875,0.165790981176535,0.849488016135719
2.49545474927991,1,-1.09423828125,0.449154252691364,-0.844263467992696,-0.754537703090096,-0.318189281616263,0.992976500270265,0.771871447204024
0.987865664832963,1,-1.09326171875,0.00356162222505802,-1.10370951101707,-0.350412425618108,0.440250524975482,1.10504680639096,-0.194284473194898
0.050451725675651,1,-1.09228515625,-0.432559366645194,-1.0639692422825,0.291976172333397,0.801526513246461,0.430138770412796,-1.07490315285829
0.84837063049144,1,-1.09130859375,-0.783967250391677,-0.730144648138116,0.871262386088103,0.537740275615368,-0.453749684362814,-0.977012243439404
1.01166266246384,1,-1.09033203125,-0.990944696423956,-0.196386905411263,1.1124137061393,-0.176168830737681,-0.803162047297375,-0.029950950785511
0.85672552127583,1,-1.08935546875,-1.02009920544233,0.382665849988732,0.892920458712138,-0.873959038717657,-0.331430639491298,0.753398162728884
2.04682712764665,1,-1.08837890625,-0.870370408203756,0.838913815695029,0.299283371565986,-1.09501277726691,0.551839578797207,0.548470530690917
1.96827984640059,1,-1.08740234375,-0.573151439453402,1.04192362477513,-0.412060225702511,-0.677911498511562,1.08438917538318,-0.409421149437914
1.04571244316896,1,-1.08642578125,-0.186503500438742,0.938545883669907,-0.931513022849085,0.135964791680968,0.790484059248254,-1.07534458753478
1.3073970081887,1,-1.08544921875,0.215481867176945,0.568925231015735,-1.03739057017004,0.854705394028646,-0.119192526557997,-0.702101200081424
2.04286979150415,1,-1.08447265625,0.556234877034677,0.0540177950355692,-0.696768919911387,1.04728427343606,-0.921615686251435,0.366372337006282
2.4297436231703,1,-1.08349609375,0.770705501286658,-0.44156507286271,-0.0799891547297169,0.616259438306278,-0.983960728686189,1.05471348379145
1.66008382422337,1,-1.08251953125,0.817257822928891,-0.76003068152923,0.517797035055576,-0.141499923297848,-0.290651362446296,0.68892551235619
1.42701550047843,1,-1.08154296875,0.685294293198578,-0.798772473270258,0.812128413436719,-0.724596158647338,0.545883247960076,-0.295168280739385
2.10768536207319,1,-1.08056640625,0.397221019966238,-0.541851143541177,0.659772282870464,-0.746724593678888,0.799600858467401,-0.816560633111685
1.34870964609941,1,-1.07958984375,0.00439566569845046,-0.0649687761360481,0.124563167207642,-0.182949866783917,0.239904710037868,-0.295209203803222
1.14507615852565,1,-1.07861328125,-0.422204746336774,0.487586231779293,-0.551590735121446,0.613922152813717,-0.674291875868525,0.732420119785275
2.05920844120134,1,-1.07763671875,-0.804897329929749,0.946982182304939,-1.05927615236748,1.13730742137672,-1.1779267265465,1.17943049732953
1.6230406079409,1,-1.07666015625,-1.07343715162371,1.17142124683284,-1.16313620575147,1.0488131255265,-0.839879036674358,0.557743670356924
0.821255601916535,1,-1.07568359375,-1.17781621739907,1.08949447449781,-0.809659154304637,0.393583045366055,0.0757333778990597,-0.504631568694621
0.731992252510445,1,-1.07470703125,-1.0973871760708,0.722069176312267,-0.151876209868204,-0.427858867726303,0.829361033950727,-0.925335947334767
1.48424372021132,1,-1.07373046875,-0.844650282742441,0.176020456234528,0.520338790736547,-0.913397463044285,0.823108316814219,-0.308896535146818
1.90356566095489,1,-1.07275390625,-0.463013667560697,-0.388280872648884,0.912490654391125,-0.777487382398566,0.098925344594331,0.638966910755829
1.05680465054612,1,-1.07177734375,-0.0189340838433451,-0.805795381574289,0.859727093203713,-0.131522818277749,-0.698771921766858,0.861730674817578
1.35584414376478,1,-1.07080078125,0.410131684790245,-0.957045154766649,0.401735912076369,0.588165785344529,-0.864638096398111,0.0734052246133141
1.87477993878384,1,-1.06982421875,0.749771951228809,-0.804406958102926,-0.235972076638841,0.898867717244872,-0.224874645832765,-0.935146037504344
1.17536891779281,1,-1.06884765625,0.942105577676742,-0.40338652099136,-0.745811054875773,0.579502387248152,0.715186428747249,-1.12909756022851
1.84898358042697,1,-1.06787109375,0.95625353425616,0.114564646036822,-0.87941288390735,-0.187733027134923,1.19200041881114,-0.321369347993482
3.03996322456591,1,-1.06689453125,0.7938911493107,0.582434819032287,-0.561801438039312,-0.932158779082913,0.821190801881741,0.630966750088325
2.83449047360196,1,-1.06591796875,0.48887134029936,0.84889679902423,0.0738066575881678,-1.19293991897587,-0.0817725225475266,0.733141874681412
1.65994751382199,1,-1.06494140625,0.100988633843087,0.824751345882543,0.746514444033342,-0.811380978236867,-0.765831695968587,-0.0964461632203999
0.506113670077815,1,-1.06396484375,-0.294979427210887,0.510375833300992,1.15590095268303,-0.0314464267974137,-0.672428246146275,-0.942010121443413
0.688478222043637,1,-1.06298828125,-0.622957061838297,-0.00421224723643596,1.1192017196043,0.655363262117904,0.098042823322689,-0.86168349962033
0.647953311098823,1,-1.06201171875,-0.819488463232352,-0.566700900529686,0.654761830267498,0.822186349371097,0.871610317955265,0.112878974639004
0.472665392162161,1,-1.06103515625,-0.845354243247602,-1.00888848333468,-0.0264130662749106,0.377630090186586,0.966419972751261,1.00582147562543
2.06192884185306,1,-1.06005859375,-0.69277005469212,-1.19797478324862,-0.61714028120784,-0.376849295708285,0.265351877769693,0.924649606399276
2.64898394204278,1,-1.05908203125,-0.386855770160341,-1.07707179122275,-0.854438082921568,-0.939451216339189,-0.683642888696742,-0.000119811759808269
1.75764686474081,1,-1.05810546875,0.0188931495615755,-0.682560030990121,-0.639579892475072,-0.928028154639813,-1.12357756143536,-0.756440709799277
1.69510393743259,1,-1.05712890625,0.45230833419601,-0.13298883578613,-0.0829083576140027,-0.324147380137868,-0.719451532042046,-0.523485368438759
1.86816986231385,1,-1.05615234375,0.835659304730285,0.40708893722896,0.547080745270046,0.513955468045755,0.16353254762573,0.458812580541759
1.78286216203213,1,-1.05517578125,1.09978581819546,0.777300915331976,0.947074659792925,1.07782337786424,0.767194424939261,1.14295342269754
1.20959546260197,1,-1.05419921875,1.1966790379351,0.870329416469418,0.918254683180859,1.0307648413068,0.575904540697959,0.782129291982998
1.36982721214578,1,-1.05322265625,1.1082210756634,0.664548295124409,0.457826632151928,0.420795656943631,-0.25136468015713,-0.278318135709371
5.66792949269885,1,-1.05224609375,0.849491732858502,0.230455975754561,-0.23912566743139,-0.350750743583455,-1.0139741849121,-0.963224834052506
2.38098165130979,1,-1.05126953125,0.466040252280273,-0.2910561191811,-0.868332553182566,-0.78495242330497,-1.05632620675769,-0.600831737821691
1.82895096827354,1,-1.05029296875,0.0256185156239991,-0.731955991536945,-1.15501914886049,-0.602805186061326,-0.317452125021226,0.371018465966979
2.21649312909514,1,-1.04931640625,-0.394119631888952,-0.948625763548893,-0.97914584870558,0.0773074527288433,0.616391451864003,0.872089460957487
1.18181712074435,1,-1.04833984375,-0.719713951883317,-0.865963527607243,-0.429927103315913,0.814980030273385,1.00022075633088,0.326033313213568
-0.10344300948062,1,-1.04736328125,-0.895222640239454,-0.500553859646795,0.235299864924119,1.12808126787026,0.551346435502121,-0.726586656008039
-0.0339215559736031,1,-1.04638671875,-0.892351223463685,0.044177174212604,0.709027190377377,0.799817287741072,-0.316508691452547,-1.19699011490217
1.11777556601992,1,-1.04541015625,-0.715542321917894,0.609348078227532,0.774377440874466,0.0173746578711103,-0.841717945372513,-0.597509338304996
2.2219242046074,1,-1.04443359375,-0.401100636777657,1.02896628705216,0.404331932817424,-0.7460137364094,-0.554163735837173,0.443534923817151
1.9626329584763,1,-1.04345703125,-0.0105135894232192,1.18046703012237,-0.226011646111335,-1.0306758945315,0.329536778331584,0.845752952800683
2.2202661723928,1,-1.04248046875,0.380815114049984,1.02201194094934,-0.819756536540011,-0.681419242654162,1.08577118760684,0.217443706237473
2.57916398210067,1,-1.04150390625,0.697366523318467,0.605156737695567,-1.09434581274571,0.0550757031552835,1.08835297086429,-0.732858352707236
1.35202098635453,1,-1.04052734375,0.877328132715157,0.0590210278387546,-0.911227236332383,0.688226052169134,0.33200588263774,-0.948989783249735
1.31489103582916,1,-1.03955078125,0.883918508124619,-0.449201745075751,-0.339707216495717,0.796424732021244,-0.563028008872875,-0.147886479672837
2.31132867642437,1,-1.03857421875,0.712151803995492,-0.765329246945337,0.374236562372885,0.295921771430652,-0.869123920086136,0.876872406783121
2.158944064298,1,-1.03759765625,0.389809421190303,-0.795263930839727,0.919934120935716,-0.505225490120207,-0.35871231117218,1.08998593283592
1.46642880719686,1,-1.03662109375,-0.0275591808773928,-0.53367562079791,1.06358257209723,-1.10245654833891,0.507102016282044,0.305343960565077
0.965123155534035,1,-1.03564453125,-0.466697317697373,-0.0655323814096058,0.754642048157075,-1.11516253713535,0.96643454577113,-0.620245664611301
1.44553849842907,1,-1.03466796875,-0.849932691835809,0.459985502560439,0.148411725698827,-0.528634931214238,0.596371899101854,-0.695113522616004
1.53074312690715,1,-1.03369140625,-1.10928057830042,0.875216124861399,-0.465523098504886,0.296266588026352,-0.330803308003547,0.157723564353331
0.825391008650068,1,-1.03271484375,-1.1987914869073,1.04541687972417,-0.796218768503247,0.851887002430085,-1.07309266626742,1.01933451742477
1.5670809876734,1,-1.03173828125,-1.10289569118256,0.910128603552508,-0.684844514256309,0.805618911217111,-1.03746715403329,0.947838471299974
1.74905900876306,1,-1.03076171875,-0.839225709521155,0.501861462565708,-0.177619986141351,0.21030445288443,-0.274274657739126,-0.0232999909748543
0.659734428337083,1,-1.02978515625,-0.455403060855654,-0.0636112849943772,0.495160185062517,-0.530478656426214,0.566159998265369,-0.917372821243262
0.955151849184041,1,-1.02880859375,-0.020374374659811,-0.622392250684144,1.02442450534879,-0.920129787239681,0.778353217969733,-0.843240489995214
1.80068240689367,1,-1.02783203125,0.388125832753792,-1.0123028473666,1.16377296987356,-0.685886918013176,0.192040028903654,0.0666494024595297
2.03322055280035,1,-1.02685546875,0.697703348524211,-1.12220945875473,0.842360257882362,0.0466066597671739,-0.685828064728883,0.800515724294812
1.49713981626218,1,-1.02587890625,0.85445154050611,-0.925769768439006,0.197563293874356,0.832036009765682,-1.09623690029297,0.540916055775046
1.12320195665205,1,-1.02490234375,0.832724580596177,-0.489295297396186,-0.487521681870091,1.1874627960825,-0.664653599259313,-0.467704152407639
1.88774927053468,1,-1.02392578125,0.639757917967483,0.0486670548065205,-0.913169473969975,0.89847720582114,0.28368849980844,-1.17513450255133
1.66065841777993,1,-1.02294921875,0.31429558354627,0.519792722697702,-0.899659274658354,0.154914126496772,0.993662455193562,-0.834567052571327
1.33133246789524,1,-1.02197265625,-0.0805248155861419,0.777502645407079,-0.468957900721763,-0.570095181117451,0.90963189004803,0.207863924159736
2.31777876932045,1,-1.02099609375,-0.4687329650627,0.741809494173112,0.165898355091681,-0.820851955386997,0.137930645432239,0.877977162540882
1.77441832283189,1,-1.02001953125,-0.775426599927934,0.423785160207265,0.69884492182432,-0.448467547853373,-0.644339942263997,0.507139809458384
0.278667039958127,1,-1.01904296875,-0.940480095526353,-0.0778258864849166,0.871377858483339,0.295014539302624,-0.757753570285505,-0.463866438947888
-0.04465219082209,1,-1.01806640625,-0.92956378759965,-0.606812673433841,0.591349702016336,0.917547810528136,-0.0905414047321413,-0.95469448721288
0.636131276758579,1,-1.01708984375,-0.740466529716709,-0.99729455120928,-0.0243968041373114,1.00074766241518,0.806848619932572,-0.391909116742609
1.70458601411963,1,-1.01611328125,-0.403569130905754,-1.12450538579682,-0.703079486567761,0.466894539054547,1.1817924112179,0.68045318681397
1.98623513433087,1,-1.01513671875,0.0236187203980831,-0.94304827280802,-1.14045547253378,-0.370473339265768,0.70927472006706,1.17214358275881
2.64664024337248,1,-1.01416015625,0.466864544876645,-0.500930774659303,-1.13978942699253,-1.00458999093279,-0.235488001120158,0.59607170078804
3.36098199373218,1,-1.01318359375,0.848668642832237,0.0749112055024699,-0.70174032896936,-1.05631480381678,-0.889716165366628,-0.419227019668433
2.00752169561669,1,-1.01220703125,1.10232032075517,0.617183450390979,-0.024047233118564,-0.513947232318447,-0.7395156769042,-0.795682410482654
1.28128670838051,1,-1.01123046875,1.18399648963983,0.969119909912157,0.588841758032336,0.260357505321512,0.0522609771902564,-0.145934278873109
1.95991595305007,1,-1.01025390625,1.08070065993639,1.03214596225432,0.8648553068493,0.761600072887028,0.784574899611998,0.817926940404455
1.81592993983835,1,-1.00927734375,0.812597564058262,0.795763618708484,0.688473827149585,0.663514253661601,0.807114327031289,1.03923795619013
1.54303066604081,1,-1.00830078125,0.429318879001327,0.340534880538894,0.153193389461262,0.0262989877759554,0.066707293660495,0.236941707966157
1.69168245242159,1,-1.00732421875,0.000913047333269273,-0.186742423342129,-0.48171017294855,-0.741538350036809,-0.846059380838852,-0.793573742523084
2.33485379979679,1,-1.00634765625,-0.394912817795953,-0.618077341360272,-0.910319610020442,-1.14298161137885,-1.18915045322448,-1.01735196438952
2.29582915179674,1,-1.00537109375,-0.686936020789824,-0.815781916551802,-0.920591681317607,-0.908822648202136,-0.688550045274271,-0.249915568431931
0.98470623008944,1,-1.00439453125,-0.823371437226108,-0.714684667400842,-0.491942729652829,-0.169436734923619,0.233297280954015,0.651738460914542
0.924353278687694,1,-1.00341796875,-0.781276612287965,-0.342161782435971,0.194762438541354,0.627189223756155,0.811143336723831,0.698826865534747
0.966983989180544,1,-1.00244140625,-0.570696825752002,0.19013641246041,0.839408934591346,0.999120769111897,0.576795743151353,-0.18097730505613
0.0330999720066414,1,-1.00146484375,-0.232795978367776,0.720338523569408,1.15943076498737,0.735598365387761,-0.250124858380419,-1.06531478750393
0.827733004403922,1,-1.00048828125,0.167685715493186,1.08578323510788,1.0186419932143,0.0297519956535306,-0.947391555022649,-1.01177547219453
2.41373663298581,1,-0.99951171875,0.554273208047233,1.17272830457949,0.489174820079201,-0.645380347384951,-0.896300573059765,-0.0549227977065228
2.94197221767968,1,-0.99853515625,0.852740393795269,0.951151367487433,-0.181799335422695,-0.838673291832363,-0.101497477587686,0.828534525094537
2.41941803539472,1,-0.99755859375,1.00468916173577,0.484009889197575,-0.685330383274616,-0.408692673826352,0.810540660635078,0.749731762915806
1.57223638167793,1,-0.99658203125,0.978250312560828,-0.0918708155754726,-0.792107740617847,0.385518997291411,1.11324454136088,-0.156041405290682
1.62400311386337,1,-0.99560546875,0.773956885528692,-0.607446068950454,-0.457333640136463,1.04839277429758,0.58555739192509,-0.876436270512577
1.06869923710235,1,-0.99462890625,0.424719349835864,-0.912917473102167,0.158927434109737,1.16235247038186,-0.305123222591378,-0.596700704342251
0.474393193401186,1,-0.99365234375,-0.0100940417968786,-0.923297972928325,0.765227961327734,0.653029132567892,-0.79559738189978,0.434716339461241
1.67008543336363,1,-0.99267578125,-0.455395176552586,-0.644161705046967,1.07241898113696,-0.163379639822557,-0.466502469952094,1.16517435203119
1.81349039927708,1,-0.99169921875,-0.833978445343883,-0.169717754245672,0.926361366768495,-0.780709616124698,0.406273346630403,0.847889967216716
0.761359709824373,1,-0.99072265625,-1.08051214640704,0.346198028007019,0.378935073211976,-0.823913736891648,1.0824430734562,-0.170447633558563
0.765716859054261,1,-0.98974609375,-1.15337263690638,0.737345608834161,-0.335158549806734,-0.286592087711275,0.977297573204568,-0.817119384039656
1.30090091554105,1,-0.98876953125,-1.04216763058433,0.876085939305541,-0.905207609775065,0.465955727857743,0.152074499695707,-0.427296024356749
1.76516227802259,1,-0.98779296875,-0.769579815080738,0.712581509585596,-1.08606727531756,0.930046840020505,-0.735613213447484,0.554483187567957
1.47125326355948,1,-0.98681640625,-0.387195942619092,0.29021160820165,-0.809751965329345,0.784958768988322,-0.979919440527736,1.04686172897555
1.50862868571182,1,-0.98583984375,0.0339185210154859,-0.267511782790012,-0.216008089526504,0.0980090753859714,-0.415010102001345,0.47840180979595
2.22885906073494,1,-0.98486328125,0.416182572282875,-0.794534683605617,0.412100813185005,-0.717028795542103,0.448591957971409,-0.604251037247337
1.46552579217112,1,-0.98388671875,0.689640072835944,-1.1328784308748,0.778108958446942,-1.16180219787007,0.853484124231402,-1.11012185006429
1.23200548997453,1,-0.98291015625,0.804702598664226,-1.18082336030092,0.708111332932128,-0.96916381785125,0.431221568058408,-0.553253895897133
2.44598681609082,1,-0.98193359375,0.741174562064939,-0.923941207027575,0.230558890615892,-0.272210463801004,-0.487582848452061,0.437278767303088
2.32540160255075,1,-0.98095703125,0.511917472855583,-0.439497213407274,-0.436629369057643,0.480821680413424,-1.1484511953783,0.785655378960812
1.51756483243736,1,-0.97998046875,0.160486406934394,0.12712271221759,-0.985745743258223,0.811691590740561,-1.00337779177688,0.109039201629664
1.20195720255976,1,-0.97900390625,-0.24683062434557,0.606759313057035,-1.16016122661372,0.516086035952592,-0.169004688363482,-0.876504556815693
1.51599088298103,1,-0.97802734375,-0.633120507102092,0.858055826655606,-0.871929820687585,-0.206815558852307,0.670670849915319,-1.11318607309085
1.79420149721861,1,-0.97705078125,-0.92489494911413,0.810509029537199,-0.242317843055008,-0.88147606889537,0.835676940692584,-0.321163194077496
1.10815878851684,1,-0.97607421875,-1.06552366242783,0.485847201675786,0.453294802758607,-1.0590075904848,0.217553809787438,0.703264719670953
1.32184378826403,1,-0.97509765625,-1.02560414580651,-0.0087916502918528,0.910947021867188,-0.603434586570818,-0.631744850282187,0.926414151850511
1.50345773779582,1,-0.97412109375,-0.808379057365137,-0.513792627436644,0.936646932075709,0.220770168849568,-0.963799384985035,0.166321129745332
0.153921427234501,1,-0.97314453125,-0.449213762654968,-0.866041993647985,0.534570870839063,0.915564761463454,-0.462231801506883,-0.719064971325844
0.334090155492936,1,-0.97216796875,-0.00922803376685247,-0.948982604385235,-0.0954208104859255,1.06462935590082,0.49020361024417,-0.743255480471716
1.88269084757873,1,-0.97119140625,0.435759825318298,-0.728449517825895,-0.649793980091479,0.596743661130662,1.1295528079244,0.16180012318339
2.67621986744838,1,-0.97021484375,0.808964717565092,-0.263332535959369,-0.860760965524956,-0.170082201532904,0.947767116787155,1.07045327716021
2.74578070722625,1,-0.96923828125,1.04654346040758,0.312197382195198,-0.619305099231165,-0.731716484244829,0.116084376111097,1.03964622670703
2.29145615558875,1,-0.96826171875,1.10914933007191,0.829473720475935,-0.0255065202162197,-0.719118956723204,-0.659425069274468,0.104669116721513
2.11992669235937,1,-0.96728515625,0.989029893460714,1.13667760145034,0.656871412782115,-0.133469989943593,-0.729218395018356,-0.758365392670816
1.22887508878181,1,-0.96630859375,0.711376949264421,1.14505842393124,1.12077147500896,0.654250585555782,-0.0437548938060308,-0.663636293805534
0.0903988544137404,1,-0.96533203125,0.329683834985743,0.855916058226291,1.15613884651573,1.1389830489459,0.805606890116445,0.249848737945128
1.09600018517598,1,-0.96435546875,-0.0840436658939853,0.36010514045765,0.745944291307998,1.00279529272284,1.08247119959512,0.968257894271803
1.77876892881184,1,-0.96337890625,-0.452439693398194,-0.189784582030945,0.0740057030894371,0.317422129154706,0.523102217823038,0.678639392268561
1.18336342444543,1,-0.96240234375,-0.706898609707434,-0.626071586597941,-0.558971500898725,-0.500611897357186,-0.440929694812496,-0.367354300410803
1.49192449252131,1,-0.96142578125,-0.800091784623392,-0.817199796359257,-0.872727935419782,-0.953798593504014,-1.04155014959671,-1.115298810841
1.8973670886545,1,-0.96044921875,-0.714601519065388,-0.707883547373757,-0.735335250412086,-0.778761451168248,-0.814386028915436,-0.818871191118537
1.71581349925395,1,-0.95947265625,-0.466099856379792,-0.335917550623925,-0.223136263119122,-0.112458342044019,0.0150947646653715,0.174497468472529
0.954351135473458,1,-0.95849609375,-0.100493391845049,0.179481398459847,0.414667819512717,0.596102531134601,0.722419296781416,0.793624611339397
3.69455773925532,1,-0.95751953125,0.314446048912351,0.674236603245068,0.870563992396559,0.872464082821222,0.692124580513978,0.377807940901143
1.698094675552,1,-0.95654296875,0.701440884139883,0.98970452407987,0.919982621867582,0.519428133275898,-0.0658522590640289,-0.62411247937409
1.74968165695629,1,-0.95556640625,0.987806788286543,1.02133037127898,0.524615473475551,-0.25657475564886,-0.923529696447608,-1.12904719954718
1.99121857406903,1,-0.95458984375,1.11872376363426,0.750797551767866,-0.14949294097635,-0.97581879213255,-1.15988892154852,-0.566701915705817
3.50871327700497,1,-0.95361328125,1.06726239349408,0.251844302380058,-0.80737796869968,-1.18952705878073,-0.564317492557245,0.514590133348961
3.26782375052883,1,-0.95263671875,0.839339048290099,-0.332035060336901,-1.15961957782604,-0.764692859139156,0.386385206629936,1.02404157224206
1.78802922203022,1,-0.95166015625,0.472696976522979,-0.831198045848154,-1.05433799262614,0.0315226715239348,0.925579194593413,0.477657662459897
0.921939217891031,1,-0.95068359375,0.0300978083814777,-1.10145510941566,-0.54634613149716,0.701449686442895,0.63639329054065,-0.494273340092382
0.787458990537884,1,-0.94970703125,-0.412037984550595,-1.06790606608264,0.12816693091925,0.83280394988315,-0.201635031834722,-0.817706089170559
1.09084229708634,1,-0.94873046875,-0.777474596067812,-0.74762563857315,0.65983035078758,0.360066780996316,-0.848767609551029,-0.114085315897544
0.898156246550476,1,-0.94775390625,-1.00396907769486,-0.244272935178907,0.807659061959133,-0.394740032974264,-0.726356470134442,0.896542445575464
1.51292164969419,1,-0.94677734375,-1.05453139392422,0.283723938635775,0.509225196800069,-0.927757414797696,0.0967246139479851,1.15500194045039
2.25118666364417,1,-0.94580078125,-0.924087461226164,0.67168506316652,-0.0909680007816389,-0.874683928368666,0.95961692738557,0.382168458963604
1.07686204803129,1,-0.94482421875,-0.640333251017583,0.799073138179024,-0.707884319024823,-0.243541391127498,1.16064765913327,-0.625446322243946
0.792167737051711,1,-0.94384765625,-0.258625628084125,0.626367975863031,-1.04673677793331,0.589184126729152,0.543113931069507,-0.836273079356139
1.83256833675421,1,-0.94287109375,0.148158734241396,0.207154954736449,-0.938306458349359,1.11663304086505,-0.374328432527413,-0.0717730955356553
1.94940304246016,1,-0.94189453125,0.502948937914466,-0.328265859034564,-0.416872269809255,1.02263161420665,-0.831714646216331,0.808241555496387
1.62841505428355,1,-0.94091796875,0.738562811387291,-0.812742138174316,0.294920215880209,0.381720246366223,-0.463110766246431,0.81873371977846
1.33338105623087,1,-0.93994140625,0.809982309601361,-1.09342424651612,0.887348092921503,-0.388934537486283,0.398273837916156,-0.104786831673977
1.56456092643597,1,-0.93896484375,0.702585662568265,-1.07858306131069,1.10473855247571,-0.795147313618026,1.00040407908451,-1.03391609362235
1.45882192450758,1,-0.93798828125,0.434836853748379,-0.76578513642147,0.861888124592116,-0.580008671418476,0.803547674716931,-1.02525309481526
0.741597775212972,1,-0.93701171875,0.0549422979635103,-0.242814077341714,0.282530907196387,0.112894906425563,-0.0659301458420394,-0.114860299457691
1.55501560974327,1,-0.93603515625,-0.36791687783096,0.338947889246244,-0.357725274208605,0.831068895187677,-0.918904799245692,0.72196222444972
1.90761521093589,1,-0.93505859375,-0.756180779845976,0.810551565361209,-0.757871256086162,1.10128103152821,-1.0776553532462,0.602893146415677
0.634149196453741,1,-0.93408203125,-1.038041589884,1.03686892114177,-0.729501686608695,0.731137096234806,-0.440636286899003,-0.328687340632098
0.56196608173131,1,-0.93310546875,-1.16053636109785,0.957644897572376,-0.283204004052653,-0.067645618585924,0.4345103443034,-1.05666136188201
1.2344521289651,1,-0.93212890625,-1.09921766320642,0.605677801735345,0.376199313683433,-0.812662550641091,0.799032239102351,-0.768982474727474
1.51490042828944,1,-0.93115234375,-0.862640888794003,0.0965801661783296,0.943381618072578,-1.05619970693119,0.340528904471872,0.280415597334174
1.35357523746253,1,-0.93017578125,-0.490850612655577,-0.406746365203351,1.15233263175517,-0.668538614986156,-0.555221617798321,1.03620080355409
1.16588611513375,1,-0.92919921875,-0.0481408474665205,-0.744064286143317,0.89829493000484,0.0808083024246188,-1.12715316588368,0.753266151990465
1.74730012977461,1,-0.92822265625,0.388593537394669,-0.806916590556099,0.286021004007787,0.695503447056437,-0.876369550463803,-0.219643794664108
1.45092312954167,1,-0.92724609375,0.743794361729273,-0.571897475679829,-0.417738951747818,0.76880334511559,0.0151937144865438,-0.812537808076046
1.304428971575,1,-0.92626953125,0.956930113269479,-0.107909995804132,-0.905796172464523,0.242842170159895,0.835249463325003,-0.368742174520817
3.01931340367368,1,-0.92529296875,0.993446972483673,0.444809216538889,-0.970532423614932,-0.554047461554017,0.934991783668899,0.658450139288041
3.45125729763797,1,-0.92431640625,0.850988225688807,0.917492316459449,-0.598322944684619,-1.11572214843261,0.269591067427737,1.18382331716205
2.3034226074794,1,-0.92333984375,0.559750918100886,1.16439499771285,0.0248057120941587,-1.079895274177,-0.56670111492415,0.63761586533305
1.49729876202957,1,-0.92236328125,0.176916033886173,1.10735423303778,0.598850737686594,-0.458646984367731,-0.840057953661957,-0.430935074428031
0.917775051790284,1,-0.92138671875,-0.223832494802447,0.759736192281791,0.847623609427241,0.368738134166512,-0.293145412480644,-0.932122310762332
0.661823535180717,1,-0.92041015625,-0.565790507882434,0.22245670818226,0.645596527060002,0.896078444441088,0.637803061397674,-0.38483841721384
0.388508426568056,1,-0.91943359375,-0.783262153834758,-0.346712652080316,0.075753922841182,0.811054680058422,1.1866278675213,0.578531077526998
1.14729827626614,1,-0.91845703125,-0.833579022716461,-0.781179672383393,-0.608033653150704,0.192606018714705,0.897448451739431,0.884940367060278
2.4876930558911,1,-0.91748046875,-0.704920591550236,-0.95623765414034,-1.09691125954893,-0.540440698945932,0.00586416070252105,0.15950091257535
1.81736457693582,1,-0.91650390625,-0.418511249922499,-0.826957201013795,-1.16819979500874,-0.896801650681173,-0.757762077794619,-0.87416744603093
1.30072864590635,1,-0.91552734375,-0.024793139217117,-0.441693301612085,-0.787237963383102,-0.626199140259204,-0.778382223309038,-1.15566921569001
1.95790698267358,1,-0.91455078125,0.405729015740695,0.0729129866928312,-0.123313739656771,0.120425724990518,-0.0693516365901272,-0.406500249026446
1.57645631750976,1,-0.91357421875,0.795304700158576,0.550850638043463,0.527606086656961,0.885830450275747,0.740647453967574,0.57696855579376
1.02845454214021,1,-0.91259765625,1.07308282926852,0.8376782331851,0.878002924470413,1.19624207612544,0.935788944513474,0.765859081916644
1.15980589693531,1,-0.91162109375,1.1880101764104,0.837919744616631,0.779978348141696,0.86185565533069,0.314359382178493,-0.0141923424331728
1.95290319488116,1,-0.91064453125,1.11813463406707,0.54443209862038,0.292472117948709,0.0971056760581277,-0.640091011176157,-0.900647836617901
2.51255864400077,1,-0.90966796875,0.874619340761527,0.040767899455469,-0.346210449092213,-0.615711603744935,-1.16104219669961,-0.909007354927607
2.0020858885825,1,-0.90869140625,0.499736535123175,-0.524193085577938,-0.827974555663621,-0.832784606288966,-0.838310964291498,0.0225594900084002
2.30682110863148,1,-0.90771484375,0.0592059490932987,-0.981597842057934,-0.91646374239827,-0.430409563808624,0.0403714704811673,0.963710021129265
2.14887392907393,1,-0.90673828125,-0.36972791037371,-1.19410752037061,-0.55576875621322,0.317075951980021,0.731187084855322,0.971363951359803
0.236035099293669,1,-0.90576171875,-0.712309561544934,-1.09779190412371,0.103438360642648,0.912547213415418,0.657074204200372,0.0828097158932909
-0.222827314851442,1,-0.90478515625,-0.909826802146524,-0.721634165200119,0.77232149591966,0.953106874522528,-0.109539019451541,-0.727256910960394
0.721283895579064,1,-0.90380859375,-0.930238566072716,-0.178688047757745,1.15556616848381,0.387327619596713,-0.907978488805882,-0.580061669711922
1.4180413649731,1,-0.90283203125,-0.773942427342423,0.368411416230765,1.0861029719327,-0.450826388352822,-1.04326640814697,0.376348651944026
1.84645009887788,1,-0.90185546875,-0.473632787118917,0.757048748909806,0.60124557851465,-1.05301789529649,-0.369240469767661,1.12305138484128
1.9807612569679,1,-0.90087890625,-0.0882767351384473,0.874189983201367,-0.0745797298671386,-1.05843997969488,0.587111536852234,0.84819631139483
2.37585294535744,1,-0.89990234375,0.307694401622162,0.690768011243157,-0.632604458043102,-0.482072950430377,1.06425170871768,-0.192850774674478
1.77377149725294,1,-0.89892578125,0.638008722643774,0.270390665764182,-0.820966577710322,0.295724746481837,0.700821768811144,-0.944771751810069
0.886250274213311,1,-0.89794921875,0.838510973745604,-0.25028431126669,-0.559815647486609,0.771633216295273,-0.164384670931397,-0.66459149377497
1.96675938158498,1,-0.89697265625,0.868910963121283,-0.703507223496246,0.0223826824256975,0.639692999391807,-0.778028009561576,0.296797556857467
2.34940945460039,1,-0.89599609375,0.72018301341933,-0.941904197179837,0.647944185613899,-0.0140717304268229,-0.604324884539002,0.869905460084468
1.34354405832635,1,-0.89501953125,0.41626816471582,-0.883726230491309,1.01741636888122,-0.766431018174965,0.225305332226135,0.401588689592547
1.13985100617468,1,-0.89404296875,0.00976821663446115,-0.538050572921475,0.9470573745762,-1.12630851177367,1.02132578452231,-0.650678788725215
1.23201545305598,1,-0.89306640625,-0.427585304709923,-0.00222984929072542,0.453428614342129,-0.847511027818938,1.11268847772141,-1.19957630195584
1.26454468961246,1,-0.89208984375,-0.817952732001295,0.567637479516467,-0.25361971907591,-0.0860406549593482,0.408570977196901,-0.675638064876592
0.98499349441025,1,-0.89111328125,-1.0915282228983,1.00419972893046,-0.866381322574996,0.698032102017118,-0.524744061910881,0.371475564202143
1.10693646620728,1,-0.89013671875,-1.19922780993252,1.17980412111866,-1.11950414038726,1.03181810911434,-0.936222158368087,0.853821111730347
1.82253228034916,1,-0.88916015625,-1.12161380097715,1.04534747477036,-0.910851486015419,0.72893181850139,-0.516564507828118,0.294005055127211
0.973131687276417,1,-0.88818359375,-0.872430884704076,0.645160693468526,-0.347738421393387,0.00670851024803074,0.34519567634531,-0.672587413501477
0.478882361417792,1,-0.88720703125,-0.49611017631529,0.103382957676871,0.302592411982819,-0.653121899734923,0.88953002382698,-0.972998286819817
1.76865953682114,1,-0.88623046875,-0.0596955281577165,-0.414009709977025,0.735582451383192,-0.811696960712065,0.624259022993818,-0.235149185463378
2.05717339580023,1,-0.88525390625,0.359338197191623,-0.749920390077655,0.748948095945774,-0.352884153550755,-0.261387711766574,0.814503712072411
1.64255778884463,1,-0.88427734375,0.687157401934155,-0.804098213862275,0.335377770253981,0.442170308800814,-1.05305389213856,1.11490029525186
1.58623187468228,1,-0.88330078125,0.866971022769006,-0.563703527883589,-0.314079901059032,1.07322206922635,-1.10725697195408,0.388481600299113
1.7738727344293,1,-0.88232421875,0.869321546647293,-0.107135474775767,-0.897488474740287,1.13861887487103,-0.388575272877085,-0.56845558557583
1.99102219417747,1,-0.88134765625,0.697392927121941,0.420044874913646,-1.14033493521478,0.590601793568861,0.501334220173974,-0.729916028796685
1.64528400996223,1,-0.88037109375,0.386369931338775,0.849737365305336,-0.921395084676429,-0.234042580021659,0.827126289749525,0.0738600034808521
2.25031760892351,1,-0.87939453125,-0.0030334109030797,1.04283577954871,-0.328558814263037,-0.827474567364616,0.334411200406472,0.976977157349437
2.68231461842826,1,-0.87841796875,-0.395696884830582,0.931923631910038,0.380938359534681,-0.8327785022603,-0.538544522617852,0.994682039002008
0.897702963952214,1,-0.87744140625,-0.715842369168082,0.542084483689841,0.897699007472712,-0.269827300004807,-1.02910600678943,0.0669104671212107
-0.0823737853040617,1,-0.87646484375,-0.900902984461153,-0.0165360549495919,1.00116839153853,0.478468397845385,-0.690323832280088,-0.874983817806797
0.403675324999343,1,-0.87548828125,-0.912986755397514,-0.582150146769959,0.659968924242209,0.910733030228037,0.232861765152486,-0.889124961626404
0.733448551203149,1,-0.87451171875,-0.745846396777648,-0.99052579697671,0.0456812228682823,0.727022393831841,1.00615266050118,-0.0147927652815863
1.32881583552996,1,-0.87353515625,-0.426085048959767,-1.1249394481794,-0.546212508416989,0.0206709549631463,1.01786446692614,0.773333619229269
2.03002163386793,1,-0.87255859375,-0.00837728366227788,-0.951628677900264,-0.832033684307939,-0.779898411492801,0.288489032976943,0.599656936322401
2.77339010125612,1,-0.87158203125,0.434425605766048,-0.52991980274031,-0.670156212429053,-1.18247342582464,-0.548333037711236,-0.383238378041816
2.3574385714251,1,-0.87060546875,0.82450552396877,0.00605872686617762,-0.126192449916478,-0.94308165633199,-0.777393715804283,-1.15350175393892
1.05162745070444,1,-0.86962890625,1.09319850425605,0.488486605868036,0.556720920907136,-0.220476026578526,-0.20122326832403,-0.899107482431502
1.51138240523702,1,-0.86865234375,1.19345647178724,0.767223398638588,1.06895359236086,0.525080236309961,0.694337413969816,0.12374285072637
1.85985025730893,1,-0.86767578125,1.10838161609702,0.75574550595678,1.1759389006261,0.824385868633635,1.14684382943238,0.860517927155645
1.07156043706147,1,-0.86669921875,0.854280065842645,0.457613297609269,0.82549772293974,0.497282191756808,0.755954697344016,0.5712574179728
1.46051980022599,1,-0.86572265625,0.477679273989209,-0.0346179234061489,0.171827184442207,-0.233330967663493,-0.18027611064155,-0.390078589498547
2.1760858377278,1,-0.86474609375,0.0468523862353619,-0.567710400539199,-0.494825037230219,-0.883884348146226,-0.912959858291632,-0.953614343815417
2.24037723250198,1,-0.86376953125,-0.360607186722753,-0.974629708960255,-0.880634187451729,-1.01840198941316,-0.866780160910328,-0.468944694576202
4.65623772894399,1,-0.86279296875,-0.671898797823732,-1.12567884795122,-0.822223434079412,-0.526674245791741,-0.118979891798553,0.602914202607856
1.04264914048366,1,-0.86181640625,-0.832245896321581,-0.96825697006645,-0.360937360076635,0.304506203175769,0.667663237672912,1.17297012964967
1.14890078815641,1,-0.86083984375,-0.814837050043526,-0.54309334612446,0.276599751983777,0.972377365027204,0.80164828135975,0.672240531035852
0.324089633718174,1,-0.85986328125,-0.625667251295397,0.0280069578900769,0.782727163589405,1.07651285181124,0.143358841270691,-0.349267320956291
0.0187415886546211,1,-0.85888671875,-0.302398735722811,0.57916692546138,0.910080152269719,0.572156855494999,-0.776418072897187,-0.80570454249199
1.90560017336151,1,-0.85791015625,0.0925504721804718,0.950891930937405,0.585330276053414,-0.202363911664017,-1.19932537930072,-0.223944635901713
2.84319273638893,1,-0.85693359375,0.483431011576781,1.03856689658377,-0.0567241238450686,-0.741523384817011,-0.773209270101291,0.756898117319609
2.51722322254604,1,-0.85595703125,0.795018588664006,0.824186673792052,-0.734333371816759,-0.694526922862081,0.153360508638462,1.06310074142031
2.29099384352851,1,-0.85498046875,0.966378422244034,0.381632177329464,-1.14726744973638,-0.0886533024482012,0.822222634963993,0.324478836629946
1.8863457567846,1,-0.85400390625,0.962030503978313,-0.146113803769403,-1.11382156786104,0.687957655496323,0.698868256299673,-0.730585580709534
1.4539745828905,1,-0.85302734375,0.778481633668751,-0.590845306774294,-0.653687845133699,1.13313839107383,-0.0819304175051171,-1.04119733282908
0.797966983301104,1,-0.85205078125,0.444933732499135,-0.81069683130115,0.0212120080033237,0.950263923966027,-0.830837958138727,-0.331420253675563
1.23349833714142,1,-0.85107421875,0.0180382523629441,-0.733635188926109,0.603733196377041,0.237433892293792,-0.882921130839116,0.602051735168722
2.12648520911364,1,-0.85009765625,-0.428349462793815,-0.379589332492881,0.831970464007796,-0.574001572921304,-0.156340303592552,0.735873298173549
1.04614753278313,1,-0.84912109375,-0.816551616735106,0.145545450059908,0.608916173198571,-0.9925439146195,0.77680161096698,-0.0950941281598818
0.453482317373599,1,-0.84814453125,-1.0791499650099,0.682199677320711,0.0465752763938944,-0.777754479674151,1.16687522520925,-1.02133263550425
1.24299944207655,1,-0.84716796875,-1.17120551794961,1.0658547084792,-0.585636168034764,-0.0918345673233397,0.711958274309387,-1.05733796973183
1.31744954604975,1,-0.84619140625,-1.07839204837875,1.17731622719293,-0.984587949092147,0.604701237770727,-0.191084727970626,-0.144115012701566
1.27394100842439,1,-0.84521484375,-0.819563366420277,0.979177763773316,-0.952620056712062,0.846893146059324,-0.779644080531387,0.786814287242071
1.42958087988213,1,-0.84423828125,-0.443287634794073,0.527333722719262,-0.488518493566692,0.461918468525618,-0.563830995384292,0.795695837452196
1.76833309554258,1,-0.84326171875,-0.0189802735369294,-0.045977386723323,0.21135922138162,-0.32015873916722,0.263821547193747,-0.0752844953844403
1.6533633221405,1,-0.84228515625,0.375749715962945,-0.572422421817435,0.842344302846156,-1.01190237895337,0.990183039547643,-0.850623092592003
0.958240782746853,1,-0.84130859375,0.669235913355021,-0.898823759156903,1.13028611774188,-1.17783433485366,0.97944085259963,-0.657191836785731
1.88431412901287,1,-0.84033203125,0.80879927685797,-0.933758173636356,0.956455325334585,-0.711005128195975,0.206790579929885,0.348411993533472
2.64347055481235,1,-0.83935546875,0.770326586587743,-0.675273951894558,0.411395379025543,0.0989616963815786,-0.718710753697975,1.14170989187872
1.55404144314433,1,-0.83837890625,0.562638816052434,-0.211264354574416,-0.246898253212257,0.749601042559621,-1.06137901674486,0.910546265339042
1.27382979161445,1,-0.83740234375,0.225854458323521,0.307610970843702,-0.711323541733339,0.844358097573833,-0.571999893834867,-0.0882587037684776
1.59389640765512,1,-0.83642578125,-0.17595368907013,0.714178568280041,-0.766386859247742,0.34380400213718,0.305999912703651,-0.801422043146866
1.51399927222464,1,-0.83544921875,-0.566470655855385,0.876042238472677,-0.386901560077952,-0.410307249855413,0.809652139480862,-0.492661818680763
1.3675604239612,1,-0.83447265625,-0.871087152441051,0.736238042603803,0.250489118055165,-0.913381905612255,0.496538034419115,0.480184714386596
1.23383192010221,1,-0.83349609375,-1.03054278077232,0.330828208983978,0.848236642307289,-0.819905038306562,-0.383760597354493,1.04596144057188
1.44734208094864,1,-0.83251953125,-1.01177960444051,-0.221945720720987,1.12423169949465,-0.164278004264179,-1.09770024156391,0.556085204491191
0.507736774133331,1,-0.83154296875,-0.814028902737624,-0.757641240087063,0.941182244191266,0.659840059069793,-1.04129993856886,-0.52575642838581
-0.447934249801815,1,-0.83056640625,-0.469021755814071,-1.11573736259374,0.369822406225313,1.14861513993706,-0.24586719487613,-1.10965429501079
1.0006766171965,1,-0.82958984375,-0.0352839281274613,-1.18859222278992,-0.342980599312098,1.00729264763099,0.647207662904968,-0.627682171836609
2.17144337026551,1,-0.82861328125,0.412447444804837,-0.954281788826127,-0.886647072891327,0.336764943638442,0.921562179540917,0.369462202649481
2.24839909144894,1,-0.82763671875,0.796759699960333,-0.483288939203319,-1.02841844913704,-0.431085376678593,0.383278953180176,0.797933965798515
2.6176918218473,1,-0.82666015625,1.05158977547574,0.0830003239298659,-0.71927129641545,-0.808147651590209,-0.479090991967618,0.189036566109979
2.43704230345307,1,-0.82568359375,1.13418625944076,0.575425053490906,-0.115775889971314,-0.560310289775829,-0.905641922120499,-0.813985751724836
1.68901509311164,1,-0.82470703125,1.03283155958093,0.848628340237194,0.492080596285199,0.144014560331085,-0.503264868802696,-1.13603357683
0.675445104992246,1,-0.82373046875,0.76891926812906,0.825332749970755,0.814065211209918,0.841451931187575,0.423210758629273,-0.408035566091309
0.731713667822953,1,-0.82275390625,0.393009444912351,0.519789832703426,0.692919827461296,1.06892406551619,1.12406979806217,0.640592233778226
1.85790393712362,1,-0.82177734375,-0.0244191352915996,0.0332441535173232,0.176666017441732,0.658918236904484,1.03036879315263,0.950048442237254
1.48108698910679,1,-0.82080078125,-0.405835331824862,-0.477197806604519,-0.503098738894316,-0.152943388894816,0.228850307111807,0.246906895121941
1.26785789922357,1,-0.81982421875,-0.680797446483322,-0.846778489281868,-1.03699344675857,-0.876452002204827,-0.611147948081537,-0.670966549466357
2.25544000593187,1,-0.81884765625,-0.7987952773687,-0.953646389824983,-1.17933967634425,-1.07712554192813,-0.797606596866614,-0.782269577979429
1.99573629487898,1,-0.81787109375,-0.738454000579148,-0.75630903669353,-0.860612414965724,-0.651125098368854,-0.194122933712062,0.0739130707940602
1.22447664586743,1,-0.81689453125,-0.511424015132766,-0.306534477509785,-0.219406694417133,0.109891973761196,0.667188276517163,1.02459980942268
0.966541903245434,1,-0.81591796875,-0.160248563895178,0.266245772720712,0.460710693576691,0.705145046037097,1.03257241043722,1.08343779531078
1.17924777071455,1,-0.81494140625,0.249402441272052,0.794273138899702,0.880582909835604,0.743829954596381,0.559312860877967,0.192148310300013
1.53964768645626,1,-0.81396484375,0.640718070219938,1.12252607929277,0.861897725284351,0.194099466716288,-0.395238692789679,-0.71815898466762
1.54009023530762,1,-0.81298828125,0.939768798357926,1.15591701808971,0.428270728021089,-0.596345963874348,-1.07023524327992,-0.710609272663424
2.77220943852385,1,-0.81201171875,1.08901202786564,0.888208038289524,-0.206101279654009,-1.12116063570413,-0.935536867291778,0.168835626296497
3.70699491236599,1,-0.81103515625,1.05782101205593,0.403815273369302,-0.735006015356069,-1.03735692704683,-0.133093386212121,0.942932841654136
2.22370435849297,1,-0.81005859375,0.848119315977125,-0.148046639555029,-0.900885494134559,-0.383748624749558,0.643634689310092,0.740129056752849
1.15972029118308,1,-0.80908203125,0.49409397166442,-0.598979721092479,-0.613231602069063,0.443020990850056,0.731223316317418,-0.279775126698705
0.984367007636718,1,-0.80810546875,0.0560384838906476,-0.812841652327061,0.00947963457914483,0.939664346414152,0.0521726895010811,-1.09033399310261
0.560484145761383,1,-0.80712890625,-0.390554456118164,-0.727294653541957,0.693519281642054,0.815049000847892,-0.819991409104528,-0.879716380732441
0.574430032292773,1,-0.80615234375,-0.768665861491958,-0.372772533856954,1.13473676952426,0.174047424431719,-1.14088498586858,0.0944312977600175
0.956471446190229,1,-0.80517578125,-1.0137007565727,0.136926373653068,1.13739436869204,-0.550353028201744,-0.618956760349828,0.780128082137508
1.64972180164363,1,-0.80419921875,-1.08517721061448,0.639543823099416,0.703498392470605,-0.873472274191667,0.339155116753041,0.445074870966562
1.25987600494724,1,-0.80322265625,-0.974027103120928,0.974097225113768,0.0317653212996532,-0.568150116116427,0.966963505791935,-0.548486844905822
0.26736646995687,1,-0.80224609375,-0.704180558014304,1.03024819172453,-0.573299971171289,0.189829533498535,0.777218891340736,-1.12740976927133
1.22490859516482,1,-0.80126953125,-0.328146694784421,0.782217617092369,-0.840616187591263,0.932578941571463,-0.0328036145778607,-0.644087063685601
1.93217649315905,1,-0.80029296875,0.0826036455251227,0.296881274484204,-0.656340837323858,1.1968084161152,-0.748746809472506,0.436040900652085
1.36713112370998,1,-0.79931640625,0.450701234596003,-0.286432821410211,-0.115649709750098,0.817850809660644,-0.73910644707544,1.02306522756678
1.53967976291509,1,-0.79833984375,0.707008573305172,-0.798279392141925,0.521197976393823,0.0341595408907496,0.0144088944064092,0.55095386012308
1.71291304472186,1,-0.79736328125,0.803243405172489,-1.0906361424108,0.948394124553999,-0.664126786751574,0.899935847353189,-0.428215197467929
1.52050354533743,1,-0.79638671875,0.720796679253004,-1.08190996840769,0.955011306830375,-0.8463128317101,1.18620830305891,-0.832109727953134
1.22858609628382,1,-0.79541015625,0.474139028724596,-0.781665634465956,0.522060956472852,-0.414246437748273,0.633762756975927,-0.196201899231318
1.4513705755983,1,-0.79443359375,0.108195242933226,-0.287527597196534,-0.168244745173973,0.336150239314301,-0.304721018038642,0.832147644630533
2.27430373926034,1,-0.79345703125,-0.309835395052522,0.244794059756899,-0.81528535029346,0.903983990923166,-0.862555592192618,1.17622402484313
1.43574539227868,1,-0.79248046875,-0.702723641885701,0.649192957768876,-1.13702132731863,0.902892650451303,-0.599333525960579,0.467589455960067
0.51313822575187,1,-0.79150390625,-0.997290191503841,0.799999315031322,-0.998525991673,0.307828336769828,0.232247818415984,-0.563990840808736
1.38190103951278,1,-0.79052734375,-1.13775711226158,0.650425193403901,-0.473273920051654,-0.52778230372703,0.899820691723197,-0.860641774516765
1.55760847812008,1,-0.78955078125,-1.09593947849544,0.246876080382821,0.190838195205726,-1.09546699494992,0.806348601369496,-0.152356104669512
1.2288904507683,1,-0.78857421875,-0.87642101006294,-0.285243704443726,0.685179422910665,-1.05378149912047,-0.00797762721468716,0.760915440469901
1.37464624232067,1,-0.78759765625,-0.515770655488843,-0.779895010513389,0.781758259663584,-0.444384223409329,-0.897001509163197,0.859062895837536
1.40327368145827,1,-0.78662109375,-0.0759418912999674,-1.08121606861769,0.437596296547408,0.335171121030222,-1.14701265922946,-0.0153340333560577
1.28034961868036,1,-0.78564453125,0.366944450680147,-1.09125803073234,-0.185652264460267,0.784597736603309,-0.571990992487346,-0.986380340084658
0.94338338553901,1,-0.78466796875,0.736392590775461,-0.800058017628911,-0.795809765715655,0.619069855220219,0.332201793022321,-1.06719867037923
2.00509456809185,1,-0.78369140625,0.969389407999416,-0.288858816550324,-1.10410195439077,-0.0497931654240107,0.803595777783116,-0.200293421996319
3.4799779172198,1,-0.78271484375,1.02780539111259,0.294512855347777,-0.957620827161042,-0.785176696558734,0.451944070581958,0.683834222619418
2.65510723189467,1,-0.78173828125,0.905264391054947,0.780592868073542,-0.409708187247901,-1.10325634736039,-0.415040678490763,0.651626931935147
1.74730547874933,1,-0.78076171875,0.628232631581585,1.02982571691685,0.303956490237759,-0.781488998462769,-1.04996900865119,-0.246537059374199
1.49373215868716,1,-0.77978515625,0.251129916718975,0.974969003815409,0.872641606253094,-0.00103443944098218,-0.892436332636157,-1.03088250559889
0.557730490869479,1,-0.77880859375,-0.153645686354879,0.641408058364681,1.05215783010487,0.76725691146619,-0.0396920113091441,-0.830540967777332
0.165933492921293,1,-0.77783203125,-0.508962364144548,0.139180594461537,0.776001208736025,1.06088307612311,0.832574735604933,0.192406315778774
0.670721482069108,1,-0.77685546875,-0.747055799020588,-0.370846581726229,0.185216846239821,0.718393879068867,1.03319244964439,1.010429066202
1.72460712585148,1,-0.77587890625,-0.821918766438478,-0.726310831715987,-0.436659475828319,-0.0192113061299828,0.431365114520206,0.812788247035304
1.97067914152834,1,-0.77490234375,-0.717722456782053,-0.81312124990318,-0.793797966265359,-0.662777054178577,-0.436202910116765,-0.141455423451039
1.1474657792719,1,-0.77392578125,-0.451735507399302,-0.600452774250525,-0.713826606637884,-0.786860018940334,-0.816395828155896,-0.80125877542386
1.64434262946197,1,-0.77294921875,-0.0712086548627346,-0.150272910102649,-0.227015866729137,-0.300914219214255,-0.371464632107392,-0.438187189169752
1.90683660503788,1,-0.77197265625,0.355208270660297,0.40151205916752,0.447342915823332,0.492598542293124,0.537177870706359,0.58098128864641
0.820549328863741,1,-0.77099609375,0.749954649207675,0.886533692815674,1.00114167488312,1.09013279511362,1.15065377476576,1.18073330860028
0.930568295993618,1,-0.77001953125,1.04067912627992,1.15539121760355,1.17840252296744,1.10705406085199,0.947440731515987,0.713843643172824
1.66164425615269,1,-0.76904296875,1.17342062404139,1.12332339916311,0.892483632295882,0.522330830255925,0.0802092275940673,-0.353266669882471
5.02869979314224,1,-0.76806640625,1.12245032467977,0.796169366288433,0.26591808335275,-0.307603294323653,-0.75082831585293,-0.931575648551966
2.22554718289148,1,-0.76708984375,0.894982417613953,0.268685906747651,-0.425348090865212,-0.874651362025436,-0.882163244962239,-0.457870952798997
2.35347202383708,1,-0.76611328125,0.529895487353139,-0.304267298843449,-0.87781784779732,-0.841044020183654,-0.240129431005141,0.513500170283203
2.59724390614651,1,-0.76513671875,0.0906967486197689,-0.754875272427001,-0.898836100572216,-0.252920875958667,0.599716710937405,0.900931633192381
1.2383598516789,1,-0.76416015625,-0.345990602413422,-0.953449153605641,-0.494214353698231,0.490188413330658,0.896514283540068,0.243434983307947
-0.314742420095298,1,-0.76318359375,-0.704321674133045,-0.847841293461603,0.134983366708236,0.89052921407846,0.366303351691147,-0.807938699509626
0.425673438306613,1,-0.76220703125,-0.922977042472826,-0.479158318028942,0.685002840957725,0.669701235173165,-0.578188086831341,-1.17504458759147
1.06756447862495,1,-0.76123046875,-0.966260908524591,0.0310224624605319,0.888941582540683,-0.0532470292345814,-1.17092730429423,-0.490002592408999
1.22029081341776,1,-0.76025390625,-0.830530742687709,0.518022270606355,0.639408234589847,-0.836453685141601,-0.931963532450542,0.517406445290425
1.97622025427882,1,-0.75927734375,-0.544788951512851,0.824593951859048,0.038162011489844,-1.19522306336474,-0.0679790087918006,0.791794603367269
2.27076541009538,1,-0.75830078125,-0.165330050381874,0.849175836966124,-0.649996503673909,-0.909447337977196,0.701048495062554,0.0673117209832141
1.9601105559755,1,-0.75732421875,0.23458085484778,0.577119785447439,-1.11800394655153,-0.163116385032802,0.744025550506487,-0.853150271666714
1.23575030208784,1,-0.75634765625,0.57811783775916,0.0853484020685805,-1.15673828679441,0.572732284854206,0.0459723625688325,-0.949761102830588
1.54849325814583,1,-0.75537109375,0.798949486341228,-0.480985964161517,-0.750514042180358,0.839225971002192,-0.780748829426633,-0.0676913761750877
2.62543188190365,1,-0.75439453125,0.853379625816789,-0.952714039182941,-0.0841852406498155,0.480872530970736,-1.01051921191905,0.915076520016171
1.86637627267499,1,-0.75341796875,0.728361908378033,-1.18823101120267,0.541390894350498,-0.25628449281241,-0.413651851373706,1.01181913315701
1.18311714387434,1,-0.75244140625,0.443928071609068,-1.11669140550271,0.846854788754501,-0.881922350121137,0.549115786531231,0.166295993356
1.64084748616006,1,-0.75146484375,0.0495868629757073,-0.759623487593526,0.701907333732776,-0.974119117424364,1.10968905723574,-0.691371673449436
1.26938505044366,1,-0.75048828125,-0.38465150473384,-0.224360934985471,0.1845825364698,-0.44868042518133,0.832905407700601,-0.630971177266414
0.951188556039364,1,-0.74951171875,-0.780991851781119,0.328701878257132,-0.454875458874387,0.386116217052721,-0.0214974242278709,0.292427740307197
1.17548707116151,1,-0.74853515625,-1.06799671878849,0.735028948316373,-0.9089892480234,1.02421215171062,-0.717938333158974,1.09601554521876
1.45957654921222,1,-0.74755859375,-1.19358066566864,0.876093822803059,-0.954258533156073,1.08221583749541,-0.661695558669894,0.908913115172596
1.16335569460943,1,-0.74658203125,-1.13449053574225,0.715445106842065,-0.553979783460284,0.542002259413353,0.102779408172507,-0.105357976627782
0.194677417417424,1,-0.74560546875,-0.900545675734579,0.309672306511075,0.124386013458764,-0.238670928030278,0.928889596474333,-0.919101526904304
0.857800493069313,1,-0.74462890625,-0.532865990569327,-0.209073608765327,0.785264110497801,-0.754234148851467,1.10929338226573,-0.723589880497279
1.84919640896228,1,-0.74365234375,-0.0964101809033749,-0.67366023262429,1.13966174038632,-0.673077940791271,0.468697023765122,0.219858526682843
1.18451521101365,1,-0.74267578125,0.331817704521703,-0.93325220817861,1.03690361092976,-0.0484997610502064,-0.487973964834348,0.860434854198609
1.16821404334752,1,-0.74169921875,0.67674675149038,-0.899617469217294,0.533154429048681,0.715252433936552,-0.996083960438399,0.473053890190667
1.57662468041631,1,-0.74072265625,0.878858357370935,-0.574309339178924,-0.134606296324215,1.12025458203538,-0.668784636427926,-0.571260736670352
1.39545009491752,1,-0.73974609375,0.904967304240731,-0.0484148074867621,-0.657238581925284,0.89196924396513,0.181713072242566,-1.19467163108762
1.49617089389446,1,-0.73876953125,0.754202769028792,0.525059809290124,-0.795006774225715,0.154555961872286,0.807731556820059,-0.750118463266447
1.98764112881454,1,-0.73779296875,0.458101346114175,0.977735333869318,-0.487283096131806,-0.647030397997588,0.653904829157725,0.295459524350676
2.72052768950827,1,-0.73681640625,0.0747962517402776,1.17712384414133,0.119801123123331,-1.02869096253266,-0.176217670887664,0.854596655182123
1.90290954458707,1,-0.73583984375,-0.321638162875574,1.06695422007826,0.740404081077438,-0.773633302148969,-1.00524050770352,0.367717942700643
0.185517755995679,1,-0.73486328125,-0.654745358627019,0.684243864077001,1.08003978986484,-0.0689130252332525,-1.14759017045821,-0.607661298057323
0.378141965184427,1,-0.73388671875,-0.859679137790883,0.147904386622123,0.970687660097421,0.614653635632081,-0.482590723169099,-0.989747737302635
0.715600167914161,1,-0.73291015625,-0.895080938165972,-0.377635702426779,0.448117996262832,0.822825797682865,0.444476302463859,-0.32022897859632
0.703010132500115,1,-0.73193359375,-0.750678215364228,-0.732677097450496,-0.263959993455623,0.407588382088362,0.877884009029736,0.746902296906412
1.86022701040484,1,-0.73095703125,-0.449219334690232,-0.811014544569193,-0.855693732273972,-0.378018493119451,0.482490230333437,1.13264342894132
2.74564407523854,1,-0.72998046875,-0.0423915997936432,-0.592323823852853,-1.07227399709813,-1.04019722638928,-0.377578613063844,0.470016379372532
2.64757886015954,1,-0.72900390625,0.398535392520477,-0.14827844660458,-0.829939411285234,-1.15796437701469,-0.945640079793448,-0.511094830088663
1.82182978502979,1,-0.72802734375,0.795638432021598,0.379470166915686,-0.253746342306071,-0.65071618577068,-0.707829756737542,-0.757961095101847
1.50131928544775,1,-0.72705078125,1.07848830170806,0.8227190234814,0.380155971980618,0.170265628183267,0.174582122983022,-0.00930046715349922
2.11502600621422,1,-0.72607421875,1.19694114877615,1.03827618938793,0.771317101769917,0.79911606934126,0.997771434310335,0.928436918950653
1.47615960096523,1,-0.72509765625,1.13024524696916,0.951903306579181,0.73281946562739,0.856125957761866,1.10206244360306,1.0349208123982
1.08613540795054,1,-0.72412109375,0.890805481423245,0.581208923360992,0.277081043213658,0.328106733081821,0.422029751453206,0.157024931406971
2.20894599343001,1,-0.72314453125,0.521920393961334,0.0304934875324664,-0.389638973539292,-0.424338318683345,-0.460121763871854,-0.826108659769747
2.28650537046674,1,-0.72216796875,0.0899038761290014,-0.540884924075159,-0.961524611969872,-0.897204149647813,-0.802474086872617,-0.928800512200871
1.75007070787827,1,-0.72119140625,-0.327974182766157,-0.966966029253356,-1.17314466191879,-0.764651048041653,-0.324351022486824,-0.0968425354978168
1.49612209926161,1,-0.72021484375,-0.657532906126752,-1.12566707537086,-0.921025940787435,-0.0873144288131954,0.559215947934394,0.739420464920505
1.04990359024207,1,-0.71923828125,-0.841154339998258,-0.975871448164254,-0.311232634519124,0.725094355619536,1.08565075957216,0.652732000609878
0.366600353722178,1,-0.71826171875,-0.848233629455389,-0.569801236693816,0.388824834443236,1.17318170869373,0.784281733081872,-0.297295387146085
-0.457446609078285,1,-0.71728515625,-0.680703492564586,-0.0368988684720102,0.872315609220467,0.984448633399619,-0.127998495668209,-1.1247149400153
0.533529425497613,1,-0.71630859375,-0.372627964328492,0.455853973242584,0.932881838370071,0.285887273590616,-0.926001458455382,-0.958284363405116
2.28003037750459,1,-0.71533203125,0.0160597054135363,0.755054466105407,0.558514814186101,-0.477069338033655,-0.98059391452851,0.0376142813233654
2.14268589340947,1,-0.71435546875,0.41053385408808,0.767815005888409,-0.0635160445205733,-0.823715860458954,-0.282658066034117,0.835879937976183
2.08697790463268,1,-0.71337890625,0.734768284249567,0.490177352795285,-0.632916075372846,-0.543388228275242,0.551553064997538,0.63067317627891
2.27857110422008,1,-0.71240234375,0.925449201819769,0.00832336663108704,-0.874318021872406,0.17111237130157,0.798004270880997,-0.313510381329268
1.46709430292137,1,-0.71142578125,0.943574909319693,-0.527787575562555,-0.663799661393511,0.846761325518261,0.232253642919449,-0.945204144851173
0.971093980782978,1,-0.71044921875,0.781629096107574,-0.950300088304788,-0.0860643362180038,1.03185693715908,-0.681636885202932,-0.54187074473374
1.1971472759663,1,-0.70947265625,0.465020475110781,-1.12484508124528,0.603893621511519,0.584177254040742,-1.1787754446232,0.521873620944589
1.9192608091247,1,-0.70849609375,0.0475254527521997,-0.991723427182651,1.09711523741835,-0.237444662907302,-0.83339329976987,1.16631889005198
1.68105503205485,1,-0.70751953125,-0.398437582695709,-0.584306349035004,1.17178686239527,-0.936385513612433,0.084330463158707,0.744777733944988
0.520377756622699,1,-0.70654296875,-0.79493271023605,-0.0190272339262067,0.794583507284015,-1.09263211336052,0.83314229169946,-0.275347676084234
0.998238068692208,1,-0.70556640625,-1.07264113766202,0.539982488317606,0.135885134634173,-0.628557203264711,0.819221508009045,-0.808459505396313
1.48168109272522,1,-0.70458984375,-1.18343352726963,0.930815263697119,-0.508094581838219,0.142788872116259,0.0909600922173094,-0.299157106301665
0.930066807021561,1,-0.70361328125,-1.10909177881097,1.04302207688511,-0.850643158451874,0.717512391770746,-0.703808334677335,0.691158887331392
1.3409952637865,1,-0.70263671875,-0.864593000566415,0.851124956669146,-0.745437733683587,0.721788162172267,-0.862204600436751,1.07966287186012
1.71753344677507,1,-0.70166015625,-0.495358317276001,0.422175434292555,-0.25311478123855,0.149859363803254,-0.216715955861938,0.409804968330779
1.39281619877099,1,-0.70068359375,-0.068967830982232,-0.104944334417031,0.386921603551476,-0.632157147745939,0.72248139377834,-0.662394220632421
1.01814058753363,1,-0.69970703125,0.337149562635927,-0.562148987072607,0.866538712583684,-1.11908563664836,1.19249631795147,-1.05791294100519
1.29118335740533,1,-0.69873046875,0.649810104908598,-0.803678554687478,0.950399459667516,-0.988153073263131,0.814561141595129,-0.411367193701314
2.36836467981966,1,-0.69775390625,0.813386848900433,-0.750782178704389,0.584203542052319,-0.304771202615911,-0.0899777286624879,0.546766671047649
1.95574096924017,1,-0.69677734375,0.799915657280282,-0.41590255305102,-0.079896272916555,0.518178169754921,-0.768829468626497,0.766165745777434
1.05133836580579,1,-0.69580078125,0.614155909328462,0.10103024929758,-0.75235152962199,0.981719499588263,-0.667872425963003,-0.00988647675330004
1.65646645411504,1,-0.69482421875,0.292685039534114,0.643065792494774,-1.13817476120443,0.816751565798359,0.106108764367683,-0.971135937595839
1.61858784336007,1,-0.69384765625,-0.102807579254798,1.04415532277109,-1.07144273177596,0.153847274082693,0.876150601514945,-1.09627246726296
1.23035052237479,1,-0.69287109375,-0.496805650436996,1.17988977848525,-0.590826346148562,-0.560973081872619,0.963310762032778,-0.233189956564018
1.61183048535829,1,-0.69189453125,-0.813774320441635,1.0055535200782,0.0783945852748628,-0.850904377872446,0.256851643327744,0.738643547300846
1.62192232982692,1,-0.69091796875,-0.991976829508479,0.569867527384917,0.62759279295714,-0.512478176534178,-0.690761568148027,0.835506831619287
0.951348908967657,1,-0.68994140625,-0.994782787249556,0.000221537059725302,0.806081283971049,0.254195806568239,-1.1236730897477,0.00614183299128362
-0.174880439850824,1,-0.68896484375,-0.81740804536884,-0.53609640950999,0.535783923803705,0.971888856272062,-0.71271371457875,-0.818033776730135
0.175449663133368,1,-0.68798828125,-0.487857857012449,-0.882832755786835,-0.0531730952971311,1.18907576516219,0.171258071930696,-0.711999302065474
1.80962892975894,1,-0.68701171875,-0.0619003860838673,-0.942308504323247,-0.68222763748556,0.766682876017912,0.769309809632073,0.260630944347305
2.06489321222552,1,-0.68603515625,0.387015489416102,-0.705048519382361,-1.05215388924996,-0.033472521582144,0.570588070353036,1.11109214377015
2.40732863571011,1,-0.68505859375,0.781063635053808,-0.252453989563757,-0.980371877613942,-0.714762183916409,-0.2596312534981,0.967845334974723
3.06510026403657,1,-0.68408203125,1.05214440704415,0.26829268608027,-0.484959237500338,-0.860808320185477,-1.0181573294133,-0.00406351522480894
2.15746741977037,1,-0.68310546875,1.15422195349351,0.689418466304499,0.223088099902554,-0.399314437808827,-1.05273240306804,-0.778571871800327
1.11272640579834,1,-0.68212890625,1.07164987372906,0.874034613117023,0.835824625132185,0.352975446247488,-0.308830036489866,-0.553377981887597
0.902265017494711,1,-0.68115234375,0.821970340796958,0.758165273766582,1.08866720635369,0.892715703084168,0.623134560581233,0.403045239129203
1.39374760125734,1,-0.68017578125,0.452677892055237,0.370485020495499,0.88087716066723,0.851080057648629,0.999778828343892,1.0376833938209
1.58393762935438,1,-0.67919921875,0.0325378140633049,-0.176269213425085,0.321111333684067,0.229415147677556,0.544432991312584,0.629629907757193
1.00110257146544,1,-0.67822265625,-0.360959649786731,-0.719592622406406,-0.322778442985484,-0.600404660765712,-0.323778884445026,-0.443783441684898
1.67804331414677,1,-0.67724609375,-0.655724639889248,-1.09674054291553,-0.746712762070918,-1.13120506788283,-0.84296525827954,-1.10174031726113
2.16912219732993,1,-0.67626953125,-0.798200506049675,-1.19436264298019,-0.749845121854511,-1.04187541479376,-0.548099566273607,-0.69851600436251
1.02156635703111,1,-0.67529296875,-0.763112917113459,-0.983082660411777,-0.326698897259732,-0.400669975793706,0.338016681377239,0.297661368827281
0.70808977777415,1,-0.67431640625,-0.558060280376477,-0.52646114990957,0.33018152713892,0.378724964516437,1.08967162192063,0.802950814464079
3.86462264948675,1,-0.67333984375,-0.222109889687979,0.0383964973401569,0.918283614635444,0.800409670089699,1.08442552532724,0.266269159463836
0.65646487312171,1,-0.67236328125,0.181344255910427,0.542663351467211,1.16359999841149,0.601470274709107,0.323465746139277,-0.746714869479497
0.924798430226901,1,-0.67138671875,0.576161102996599,0.837270527375604,0.946167048889033,-0.0811697304639891,-0.569187590844534,-1.1515474014984
1.86214387077976,1,-0.67041015625,0.887360739818114,0.838319002273248,0.355227384340607,-0.798277741394255,-0.867972997828106,-0.492671739415741
3.25616622735446,1,-0.66943359375,1.05482812853916,0.552554070674804,-0.351230976118202,-1.07456641122748,-0.351494905676706,0.572749121848221
2.94627791045394,1,-0.66845703125,1.04431647388385,0.0751242322467481,-0.8640609150904,-0.711707280945265,0.51402618207527,0.966603154626434
1.49158000758939,1,-0.66748046875,0.853745877228098,-0.439686239862528,-0.963887330462711,0.0845243091621829,0.966930789212451,0.325993686853767
1.42187758511251,1,-0.66650390625,0.513649419825867,-0.825805026185717,-0.620924169642646,0.833833761119598,0.589684305532359,-0.617224601518293
1.04130937261479,1,-0.66552734375,0.0816843200222872,-0.956330032943005,-0.00803004875702082,1.08542050298355,-0.339398275881861,-0.814513080665066
0.418458517539765,1,-0.66455078125,-0.367793676052418,-0.782525233138308,0.57895001532654,0.703261917152845,-1.07668082627396,-0.0133049389214655
1.10415273934125,1,-0.66357421875,-0.757195709566343,-0.348935407530931,0.857091805898256,-0.0485873618111578,-1.03326404187204,0.972520590048098
1.68174561841885,1,-0.66259765625,-1.01975462415407,0.220003396429527,0.686349410418894,-0.67483791594746,-0.265941580177015,1.12059636935115
1.4983993272123,1,-0.66162109375,-1.11161145160027,0.757772899771482,0.134087811062507,-0.764591472108897,0.571588141979437,0.279503457966811
0.746270958756394,1,-0.66064453125,-1.01973417615663,1.10645608191138,-0.555350185706588,-0.253111297189763,0.776357498021436,-0.671528063031118
0.822457253307069,1,-0.65966796875,-0.764228143435467,1.16481659230567,-1.07213323502383,0.536663029588678,0.184396779294613,-0.751480899834383
1.92373596911567,1,-0.65869140625,-0.394618512763883,0.91909046935447,-1.18249049741863,1.09925937265022,-0.692540018090441,0.0870895570649635
1.61774467732343,1,-0.65771484375,0.0192174367722367,0.447087058574743,-0.835567868693574,1.06809961647617,-1.09615176205439,0.910779134283389
1.30876462051247,1,-0.65673828125,0.399816349150345,-0.105651006120854,-0.186707266788336,0.448915772337302,-0.657541692839756,0.795904607570709
1.98371482433753,1,-0.65576171875,0.676268153163509,-0.570344086323978,0.473501956177049,-0.383214712012339,0.292209868138263,-0.190736579643528
1.55895704150326,1,-0.65478515625,0.797153807814297,-0.80653404708201,0.851944307992708,-0.921362907375077,0.99680793561579,-1.05823638419407
1.0959061702617,1,-0.65380859375,0.739925415480006,-0.744954441471084,0.786759228252202,-0.847873410053222,0.905103559366028,-0.935231705987586
1.47927694635046,1,-0.65283203125,0.515020570446682,-0.40861694803496,0.320987606368663,-0.235077944483774,0.129819779976151,0.012339408259005
1.9554488511604,1,-0.65185546875,0.163961696194375,0.0943257459234545,-0.317595511459175,0.501910864613359,-0.648994588557203,0.759485894456282
1.76968954033134,1,-0.65087890625,-0.248213572597757,0.603757558379867,-0.821218206313243,0.870263728949253,-0.754870351410318,0.507729000401808
0.656079819873667,1,-0.64990234375,-0.644812610754796,0.956678174857825,-0.943481802049412,0.613833761972806,-0.0824222780469046,-0.46997042070939
0.823163743491153,1,-0.64892578125,-0.951478934182919,1.03718635296933,-0.612665630074176,-0.12298510787705,0.813437134830742,-1.11835233831183
1.57153474630537,1,-0.64794921875,-1.10976642847277,0.812093168505543,0.0348920992871372,-0.886133042523302,1.18127870163086,-0.71730395203946
0.962874006992491,1,-0.64697265625,-1.08782462322961,0.341280442718987,0.716629780094364,-1.19977946256513,0.70194717540307,0.354042772523224
1.04717700106062,1,-0.64599609375,-0.886248816388052,-0.240365651359549,1.13254346979362,-0.868297589510813,-0.243713474273455,1.01468543652972
1.44878642483769,1,-0.64501953125,-0.538029061811897,-0.763932500991555,1.10201291146013,-0.100417515119903,-0.892232250156693,0.620708811543016
0.853811141889794,1,-0.64404296875,-0.102606339699583,-1.07785798640107,0.646088934184045,0.623339997748547,-0.734534490582046,-0.358129317187326
0.603427836099851,1,-0.64306640625,0.344882962853437,-1.09401703214077,-0.0223923918117185,0.855700050690625,0.0602317994972582,-0.839236248446991
1.28789422690644,1,-0.64208984375,0.727217147346929,-0.814444276777328,-0.596336817436466,0.466289651822111,0.78852459727327,-0.275565926908543
2.77161195897114,1,-0.64111328125,0.979077084951506,-0.330534432812041,-0.814935284299598,-0.276336939325467,0.803415723558169,0.76297847466893
3.1239757281792,1,-0.64013671875,1.05886634162981,0.205030832193296,-0.58292225934525,-0.876395181577115,0.0581714807611405,1.19009572516973
2.07134863949548,1,-0.63916015625,0.956212697203655,0.625049534786654,-0.0139896954039129,-0.927117283680421,-0.852517284364385,0.550760997881325
1.9200974360037,1,-0.63818359375,0.693786481120727,0.798969638510021,0.621499468664255,-0.370500787078961,-1.18828265780334,-0.497390677717821
1.26535216144729,1,-0.63720703125,0.323105846594616,0.672828604043438,1.02056700521409,0.464585496203347,-0.681156924757393,-0.877980248477055
0.0148730925048176,1,-0.63623046875,-0.0849061558085621,0.285759640147865,0.986674775381053,1.07021658088279,0.241041431652595,-0.231503910233006
0.451938539281051,1,-0.63525390625,-0.452892380903359,-0.241978378288019,0.520144991935424,1.08112682418307,0.812855239174781,0.707890187391596
1.3481569477013,1,-0.63427734375,-0.711197715369773,-0.745790196914151,-0.181440709148116,0.505910152230757,0.571217649386244,0.892589794909424
1.62959445824096,1,-0.63330078125,-0.810595909988794,-1.06711260848788,-0.81306563571355,-0.279190404372275,-0.258083740169108,0.073437617328685
1.37297654316614,1,-0.63232421875,-0.731289205804257,-1.10197277637832,-1.10125102541379,-0.769920675083291,-0.950777340495661,-0.932628289128233
1.33012252473513,1,-0.63134765625,-0.486541580051953,-0.832899346581004,-0.928617082032808,-0.654752317633551,-0.891950911574861,-1.10252734281374
1.92216564029379,1,-0.63037109375,-0.120283627910567,-0.334434036906996,-0.387064466923126,-0.0128597132235442,-0.0927077801040698,-0.285615554124168
1.20182699764492,1,-0.62939453125,0.30087517906346,0.249444482592021,0.264735969811517,0.736488094554261,0.816752906521841,0.63929066578869
0.510658230887103,1,-0.62841796875,0.699772721182125,0.749092641232452,0.720079696119584,1.10094218809508,1.11198993120304,0.694298152311739
1.4812279514125,1,-0.62744140625,1.00275116259602,1.02080345163058,0.764854216795366,0.828765737438898,0.578146097430826,-0.163598164970258
1.80843063827176,1,-0.62646484375,1.1530851250769,0.990479393983852,0.375705605486486,0.0697964284810442,-0.312293785542873,-0.998224684474962
1.9076790371504,1,-0.62548828125,1.12133596246777,0.676040908692185,-0.269173620025587,-0.718668253730246,-0.796407088561666,-0.886351217575318
2.67399453445674,1,-0.62451171875,0.910746503549867,0.181730744550323,-0.871574534959765,-1.06130134988606,-0.460236312588737,0.102964311362552
2.92529098800225,1,-0.62353515625,0.556693461726185,-0.333940224954587,-1.14981891590437,-0.765600979845397,0.414324722562039,0.977559258014911
2.1694772953353,1,-0.62255859375,0.120296487717366,-0.706808150494789,-0.967847921681699,-0.0430186548745213,1.08541269697708,0.867025817926772
0.513615366820029,1,-0.62158203125,-0.322653388987142,-0.817375992885153,-0.397785376872941,0.626563968743023,0.972495427803498,-0.0612015765671666
0.147006157170104,1,-0.62060546875,-0.695431099752742,-0.62746143834467,0.312658890222373,0.800822420516208,0.143250860921684,-0.782820206766604
1.00933590345798,1,-0.61962890625,-0.934280563949277,-0.191973731876125,0.853046839370889,0.356920302385954,-0.74138876209185,-0.503036027375514
0.874693576367636,1,-0.61865234375,-0.999953217374112,0.357781147997412,0.991714768164804,-0.429838542422032,-0.978153226086779,0.500589678252993
1.3758293767363,1,-0.61767578125,-0.884782411355784,0.854168902672775,0.681200982815295,-1.06065264342791,-0.407522884103418,1.17019508125773
2.31152002563813,1,-0.61669921875,-0.61400686442571,1.1444295539952,0.0793847570881569,-1.13018071309584,0.455209627556275,0.785882687373073
1.77766102645795,1,-0.61572265625,-0.241103429594049,1.13737263101629,-0.523313962489982,-0.5843725687266,0.853406079796053,-0.272175421391114
1.14637916292438,1,-0.61474609375,0.16201985065646,0.831299270784697,-0.837346901212702,0.244703509062311,0.424278403131522,-0.923670994999535
1.2575119152981,1,-0.61376953125,0.518183676202162,0.314619673102595,-0.707005099661653,0.849194687658737,-0.495747457345647,-0.527423589981335
1.98502735956284,1,-0.61279296875,0.759053255646788,-0.261025232314187,-0.18209021162634,0.867313898292311,-1.15109190741103,0.444384890204458
2.0597173093216,1,-0.61181640625,0.837638793311488,-0.726930173278651,0.504516325360151,0.312196466759107,-0.998285669402272,0.909613219095894
1.08383430318084,1,-0.61083984375,0.736903758354849,-0.948680663266882,1.04313669828475,-0.437636452628019,-0.160355246080859,0.324608810819851
1.29053348791924,1,-0.60986328125,0.472912748492675,-0.867013068355705,1.18881661853923,-0.880089320358709,0.675805754278152,-0.736934383282731
1.43404124310411,1,-0.60888671875,0.0919450443725638,-0.515702445081003,0.873340995993209,-0.70983368734335,0.833235429988822,-1.1870734787902
0.577421735775159,1,-0.60791015625,-0.337901262812479,-0.0110191306534857,0.236499226304097,-0.0135249149720993,0.209867732569809,-0.5712607009842
0.936166141178314,1,-0.60693359375,-0.739086454999741,0.484019250690253,-0.437706054424253,0.784233385724827,-0.637918804065225,0.452710704730163
1.4543811103814,1,-0.60595703125,-1.03873454698204,0.809673879023738,-0.850727629712617,1.18988456607116,-0.962952844448089,0.810739080052623
1.01872840497231,1,-0.60498046875,-1.18189888604407,0.858500698179653,-0.825704862959893,0.9539535448707,-0.454734532298798,0.147439633233492
0.419822071941579,1,-0.60400390625,-1.1415727912955,0.608376815606902,-0.38794334982719,0.229200577202591,0.49839201941572,-0.799896853009749
0.443989789978733,1,-0.60302734375,-0.923622499482378,0.129442920691716,0.247161345382554,-0.526602261529163,1.13184948538527,-0.983674018108048
1.49127745923666,1,-0.60205078125,-0.56574401523632,-0.437163819222648,0.77321293165084,-0.841474197745276,0.942456708707813,-0.157236840679251
1.52422212732241,1,-0.60107421875,-0.130633370133227,-0.92229359359115,0.933562912195543,-0.528792980920911,0.107741353730232,0.860252658573148
0.989237749335927,1,-0.60009765625,0.305386794335057,-1.18035676730896,0.639304307244749,0.194746553591279,-0.663771749515672,1.04569299907198
1.70530407215932,1,-0.59912109375,0.666214280191304,-1.13373328724268,0.010506815281195,0.847720676111308,-0.725968994635339,0.249705286818831
1.65966678911501,1,-0.59814453125,0.889767735716695,-0.796453761782672,-0.678192139755479,0.990989179550247,-0.0357482646261519,-0.649059065485487
1.29145439006494,1,-0.59716796875,0.939228723991366,-0.269918678948913,-1.12276680140947,0.507957822154568,0.811475864677533,-0.675837887772633
2.19018466315315,1,-0.59619140625,0.80967965994757,0.288036640435764,-1.12849923889285,-0.320088214509908,1.0810323001009,0.207678378531406
2.93630752820086,1,-0.59521484375,0.528930162766888,0.711282080844259,-0.698751999106273,-0.991517948447998,0.515251637089294,1.06206181295911
2.65187037673882,1,-0.59423828125,0.152382535082674,0.876033439857932,-0.0332142987498023,-1.10198220127005,-0.448960009424076,0.963853564425309
1.23741091857738,1,-0.59326171875,-0.24712759382207,0.738526405902577,0.563568109241978,-0.600321806936162,-1.04338545617226,-0.0164589551119957
0.401789120645685,1,-0.59228515625,-0.592664541093457,0.348218388395135,0.821527094641343,0.179835965746708,-0.808820746640258,-0.886373670755635
0.74107252150324,1,-0.59130859375,-0.817270972170997,-0.167510539386701,0.628523772261545,0.732829862219679,0.0231089373291206,-0.777360184783476
0.381425787496126,1,-0.59033203125,-0.876227002453732,-0.642479017233477,0.0814413268407022,0.702815154587273,0.725934519170685,0.140798676417301
0.875929776106669,1,-0.58935546875,-0.755256850195517,-0.922691598829346,-0.558448717993176,0.110134849678105,0.688024771385914,0.843771962422284
2.39725456614394,1,-0.58837890625,-0.473187777936822,-0.913610075197154,-0.985415381145292,-0.661670535826535,-0.0742335140072056,0.539918807608821
2.36024431511016,1,-0.58740234375,-0.0785762042797267,-0.609262208472482,-0.989609617355468,-1.10995565323587,-0.929192138105484,-0.488908957911604
1.71713645015811,1,-0.58642578125,0.359085645917302,-0.0942896239448083,-0.553594107194777,-0.933014563435333,-1.15802153837883,-1.18231014562614
1.51517005138788,1,-0.58544921875,0.761982358220654,0.481696457448077,0.139120498539188,-0.222641836472962,-0.556328152964066,-0.820406322798138
1.62513008989744,1,-0.58447265625,1.05811152243448,0.949623022793874,0.787458382286493,0.593212185273111,0.39403802182013,0.216034299830428
1.50022326342685,1,-0.58349609375,1.19437028024566,1.1724294679775,1.10995280118172,1.02129409007412,0.926775744501458,0.848052490919389
0.813687216607293,1,-0.58251953125,1.14620996375922,1.08678784622209,0.972973985332057,0.815320259127734,0.630454969370754,0.438010843151796
1.48857116232327,1,-0.58154296875,0.922101250892912,0.722327896076078,0.451365036535131,0.131261219705968,-0.209397999753894,-0.538589785453553
2.36994619714236,1,-0.58056640625,0.561996947463414,0.192496890628573,-0.206237555440554,-0.572994737103683,-0.851520148432745,-0.999145047885118
1.72265278781395,1,-0.57958984375,0.130072190109666,-0.34015120689188,-0.691516868473778,-0.829770887168566,-0.72147826739973,-0.402526161207308
4.6703442084559,1,-0.57861328125,-0.296936391757091,-0.71363209705265,-0.777801439899993,-0.459805594021744,0.105427128323527,0.674542446752467
1.65013160002608,1,-0.57763671875,-0.643669879134478,-0.815996935161913,-0.423936710981319,0.31304215411413,0.965078080743708,1.14306451997157
0.529797980625885,1,-0.57666015625,-0.849827283981154,-0.619476744876313,0.206826016221308,1.00352449729808,1.15844054016082,0.549333234729622
-0.32067659114391,1,-0.57568359375,-0.881096729411224,-0.188876085390995,0.821567132432812,1.17312125681963,0.535145260034809,-0.448591504851343
-0.0898533310432262,1,-0.57470703125,-0.735348171451161,0.338345921733383,1.13186800304987,0.708729281898639,-0.381417271510355,-0.77903692690675
1.38939084332507,1,-0.57373046875,-0.44296108069375,0.794219050889062,0.986022839721897,-0.105197791957583,-0.832102427808162,-0.0911304079765794
2.13839255351074,1,-0.57275390625,-0.0612284381464912,1.03175166019804,0.438795889121406,-0.766920693382163,-0.456659847394911,0.874092569664677
1.8633641226371,1,-0.57177734375,0.336143004057002,0.970032526670827,-0.273203148887559,-0.875548727740825,0.40591397472601,1.06828299014725
2.41684599514566,1,-0.57080078125,0.672523369405099,0.619161636696739,-0.839275025499843,-0.384880593103799,1.00253906854917,0.246406608055143
2.0532078719743,1,-0.56982421875,0.882383791704768,0.0773883829324671,-1.01623679752981,0.368332943301007,0.798057800944229,-0.771077895331258
0.944038307301306,1,-0.56884765625,0.923299465274932,-0.498674293781815,-0.739111315642641,0.87961399701019,-0.07479578719676,-0.961944112106328
1.30911801535188,1,-0.56787109375,0.78374501300568,-0.94166637501839,-0.150279489650633,0.79862442816537,-0.924061854933016,-0.178866954782427
1.91774144415744,1,-0.56689453125,0.485261680610165,-1.12438730630286,0.466221356973469,0.153049811421702,-1.07509052122043,0.699048022245662
1.81798579994413,1,-0.56591796875,0.0786006184124403,-0.998446807480583,0.815173816865231,-0.667849640001306,-0.432746249335454,0.699762984126988
1.07126038427824,1,-0.56494140625,-0.365456663836488,-0.608857829166763,0.725718484860711,-1.15962213797116,0.440939663445033,-0.210504507608425
0.760292246245887,1,-0.56396484375,-0.768930386472573,-0.0801185042527434,0.229926994100331,-1.02239963623299,0.798514500752482,-1.08898945758662
1.42603960660129,1,-0.56298828125,-1.06079174255031,0.421960816566948,-0.451552310555454,-0.350869919435091,0.333474085974492,-1.01167122892329
1.0815227245411,1,-0.56201171875,-1.18985397933003,0.741020416974109,-1.0102203135254,0.426263268954561,-0.56284878237356,-0.04990360098017
0.897421274044789,1,-0.56103515625,-1.13405895112173,0.777993625633082,-1.19074976891788,0.818838115058703,-1.12882736586026,0.804220767958317
1.80450573116402,1,-0.56005859375,-0.904468910676179,0.521411473421931,-0.90778991130396,0.586579972349236,-0.870473157759379,0.684919172370521
1.44482580105058,1,-0.55908203125,-0.543237169778176,0.0509107919813188,-0.285114343421705,-0.108635162292567,0.0240037949817379,-0.234758440228909
0.80245123972959,1,-0.55810546875,-0.115927365215434,-0.487126048233715,0.400801841343915,-0.806349695045024,0.83992074406681,-0.929556228274228
1.21097581320412,1,-0.55712890625,0.300420149841555,-0.9243571313211,0.846969146977243,-1.04106876865283,0.931956752230861,-0.610175553780824
1.90567783732708,1,-0.55615234375,0.63130211328373,-1.12200932874551,0.862114261246999,-0.639172314360485,0.261730708769364,0.43790808185988
2.12060945595194,1,-0.55517578125,0.818295103679176,-1.01340499727784,0.453726565061627,0.169561139311215,-0.572488897827169,1.1522233069628
1.33115382036663,1,-0.55419921875,0.829661894332969,-0.624492174901916,-0.175887258949723,0.896755501567737,-0.838649358069618,0.813139305134976
1.32549182454767,1,-0.55322265625,0.666090847091962,-0.0661024005260185,-0.722716793168508,1.10459320523595,-0.285494987832967,-0.198013785970547
1.83070858187612,1,-0.55224609375,0.360524040489789,0.499703403295424,-0.920709393555192,0.682899383457306,0.645447098988951,-0.803917753862026
1.16439748334008,1,-0.55126953125,-0.0278937898493067,0.908925201590938,-0.664062716144754,-0.0818922155483338,1.18794162945124,-0.370998786400107
1.36168329437398,1,-0.55029296875,-0.424642890943839,1.04549815896805,-0.0561778931922916,-0.6896724544459,0.891318718446865,0.621218560808236
1.96534917574974,1,-0.54931640625,-0.753460340336717,0.876520673717484,0.637142824013927,-0.745181763885179,-0.00267938565055337,1.08882989857316
1.0433222799408,1,-0.54833984375,-0.950293089444679,0.462080169052453,1.10885966142753,-0.209653252824937,-0.761748721327138,0.492319783884354
-0.0797661901930418,1,-0.54736328125,-0.975030645658337,-0.0633192816125637,1.15080279276241,0.574380583144218,-0.774721139617592,-0.589473256047475
-0.345398260065117,1,-0.54638671875,-0.818880049227452,-0.532048299720025,0.74863656097191,1.10089175120278,-0.0614025768906381,-1.06734705844051
0.621447314851062,1,-0.54541015625,-0.506039176840591,-0.794743279961888,0.0882434649608043,1.02233928425019,0.745903495733932,-0.489141754313993
1.53570872714402,1,-0.54443359375,-0.089362494481842,-0.766093103184342,-0.529386525887579,0.371174001643629,0.93361081880142,0.486309255816945
1.72323165535546,1,-0.54345703125,0.359192815923921,-0.451030083593914,-0.825820066422061,-0.459943529047839,0.306233763680933,0.789489910770997
2.71002171287883,1,-0.54248046875,0.761602065525023,0.0566792186990158,-0.672417002555329,-0.966679809233068,-0.647672558697179,0.074016973150473
2.70661575930695,1,-0.54150390625,1.04791741485961,0.603015320264533,-0.148933026229985,-0.852409791616288,-1.16199521908714,-0.915103105188529
1.26397952752709,1,-0.54052734375,1.16894717330465,1.02072958983452,0.493313720649914,-0.215513080381694,-0.832032503297653,-1.12830648127171
1.09195442926384,1,-0.53955078125,1.10516248566781,1.18044589906056,0.946848120848829,0.514393467293443,0.0485105070737834,-0.321511277494247
1.48433715727957,1,-0.53857421875,0.870210615413143,1.03022888916242,0.989201398987467,0.850699038205966,0.734342751395322,0.684351243164123
1.48280500930374,1,-0.53759765625,0.508395880280924,0.611529998280044,0.585231266744106,0.560162947277187,0.652657541867267,0.868840385856089
1.37264644686246,1,-0.53662109375,0.0865874618941652,0.0466378497197812,-0.0962327819535046,-0.187907518351537,-0.117699154169849,0.087605006268385
1.59046018803817,1,-0.53564453125,-0.317972142779379,-0.498536117108979,-0.759054803207618,-0.928521916417139,-0.912847089469141,-0.778938097163925
2.39066755475055,1,-0.53466796875,-0.631738048018895,-0.864971830908725,-1.11471407572989,-1.19603104066873,-1.04050097273649,-0.760742791996309
1.86227131527286,1,-0.53369140625,-0.798251284897463,-0.948927365310781,-1.01377563217182,-0.819830182655941,-0.360840826401612,0.172003219683731
0.902447687622395,1,-0.53271484375,-0.78840692916046,-0.733421553174763,-0.513779908745377,-0.0328165569985193,0.594456841412147,1.07353603070301
1.22623107700948,1,-0.53173828125,-0.605732739013649,-0.293200172869878,0.147491337293566,0.676331413814474,1.06474020364755,1.01936055229993
0.8152588293384,1,-0.53076171875,-0.285717574309171,0.228325757187033,0.661127070465488,0.873182341379864,0.694370285225838,0.0815210659675951
0.387045898690768,1,-0.52978515625,0.110687634902832,0.663118645439405,0.78864565395459,0.452873594801414,-0.172090657488143,-0.748724127965163
1.45785041650244,1,-0.52880859375,0.50821246652744,0.870070766907619,0.47122768062435,-0.294218490126519,-0.780308943345366,-0.608974966875496
2.69321372044013,1,-0.52783203125,0.831023653725831,0.778322822106836,-0.143356452480745,-0.868150065868186,-0.599109925507167,0.323661177314546
3.08281834776475,1,-0.52685546875,1.0165902670191,0.409105833029666,-0.768444426121384,-0.878363973345844,0.233735668038462,1.02211840644031
2.14059599293511,1,-0.52587890625,1.02713203384242,-0.130571083785931,-1.10982971463954,-0.293154545063467,1.02591572034517,0.69852302174257
1.42406465581743,1,-0.52490234375,0.856565347101208,-0.680463181836733,-1.00065940326354,0.5389661671871,1.10951024370576,-0.358908552757287
1.34794878999456,1,-0.52392578125,0.531681175725669,-1.07592517034331,-0.478154627368052,1.10963879903009,0.400116366675247,-1.08641251876251
0.363435080148074,1,-0.52294921875,0.107339230799001,-1.19812331711097,0.23296039591966,1.07276005803741,-0.531638013777798,-0.765211479288618
0.408904110779683,1,-0.52197265625,-0.343447836145303,-1.01028746471999,0.822755877692635,0.463651476203412,-0.936078572606137,0.222420157829481
1.49607820850324,1,-0.52099609375,-0.742736069746843,-0.5689296290575,1.03733714030066,-0.323962277339793,-0.509830721164771,0.800673786274401
1.18443782557395,1,-0.52001953125,-1.02177164827738,-0.00660237853646478,0.794429698530469,-0.788506302551302,0.352542712726658,0.340162444663459
0.520242126049177,1,-0.51904296875,-1.13344222929274,0.508536434773303,0.220448293485643,-0.639383454388441,0.891005604640892,-0.675201106019862
0.500918830791615,1,-0.51806640625,-1.06079232891488,0.824001517177215,-0.407888904965627,0.0185584625616295,0.618317023225732,-1.15963216459947
1.10950637572374,1,-0.51708984375,-0.820053403698644,0.849438059084208,-0.79066916246359,0.752149016380694,-0.270041922341201,-0.574471242451587
1.50211192638706,1,-0.51611328125,-0.457637914187531,0.584070510392581,-0.742445505528345,1.07592348215108,-1.05738358756543,0.500207816803057
1.08461813208663,1,-0.51513671875,-0.0416455121146906,0.116760811447712,-0.277451692888734,0.761590406370937,-1.10376856923035,0.975925212040659
1.60038816020914,1,-0.51416015625,0.350571457764861,-0.401337144634589,0.396628066740451,-0.015790731886031,-0.380233174319574,0.402966941377051
1.89431295582883,1,-0.51318359375,0.646518608348465,-0.803167949354573,0.973494388204117,-0.787878401251144,0.507590599174182,-0.5582632576241
0.987928324732343,1,-0.51220703125,0.791776748897255,-0.957032732828462,1.18829162840547,-1.0894667643539,0.826185791641354,-0.839769336545178
1.36978098036956,1,-0.51123046875,0.759918960208467,-0.807050292145309,0.938815095329873,-0.752921530193959,0.327259436458092,-0.0992240154231532
2.19221799915508,1,-0.51025390625,0.557321766433946,-0.390454996603575,0.332412072634779,-0.0135622291373576,-0.545662125896346,0.914593784629028
1.93518100969704,1,-0.50927734375,0.221994446404222,0.173558656315055,-0.362886027829607,0.640929725426387,-1.02992563375877,1.15084901917107
1.29135212666489,1,-0.50830078125,-0.183360205897672,0.72004256159596,-0.84065175185013,0.781317552575612,-0.683823009561844,0.366098991786225
0.93712296694228,1,-0.50732421875,-0.582789935019426,1.08849714896502,-0.89583433343107,0.310253451319228,0.241587795647066,-0.618799538158397
1.46805540815595,1,-0.50634765625,-0.900957820184062,1.17173770337531,-0.518085058123184,-0.475459683847835,1.01013243199602,-0.785925027732376
1.38727520045902,1,-0.50537109375,-1.07690285893025,0.948500908558753,0.104044310681062,-1.07337896115539,1.01406239545837,0.0052431892334598
0.877276561674052,1,-0.50439453125,-1.07519022511936,0.489834155058475,0.669931557567596,-1.09490120729263,0.280326808402842,0.872064999772013
1.48916563158687,1,-0.50341796875,-0.892420226832674,-0.0626815370633217,0.904996689698045,-0.512656793934159,-0.553854121737213,0.845584075008527
1.10235214205893,1,-0.50244140625,-0.557909919389596,-0.540220445971471,0.686888893528188,0.321435411250959,-0.775561006138346,-0.100869094688618
0.0973841170813731,1,-0.50146484375,-0.128422216164582,-0.798287646611213,0.101995920841492,0.898958744391152,-0.193561332428838,-1.01922025754154
0.749566462175891,1,-0.50048828125,0.32209896762661,-0.760825267785521,-0.593596770770881,0.877080908341283,0.701341749351646,-0.98499034149054
1.99185464927358,1,-0.49951171875,0.715919810542,-0.443376403053924,-1.09085297462949,0.295276254890533,1.14717333904512,-0.0711627389029692
2.77546633605086,1,-0.49853515625,0.985597034300395,0.0517678490402375,-1.16884103272436,-0.450995030234737,0.749105743109459,0.731850781502497
2.54784562347961,1,-0.49755859375,1.08618532299301,0.566953011113067,-0.795575473043467,-0.862863028759006,-0.188858045575269,0.565298832754479
2.07601426184798,1,-0.49658203125,1.00335033862454,0.937486369414064,-0.142517640536193,-0.656293124242297,-0.916418350893908,-0.389159809136498
1.86475591490302,1,-0.49560546875,0.755911391611257,1.04213562373269,0.493894046461894,0.0563201738439117,-0.862564049134519,-1.10196465678
0.537777817583249,1,-0.49462890625,0.392351959453254,0.840369453816213,0.827782788243669,0.836675695388198,-0.110956378622021,-0.785838971959845
0.0615888354184499,1,-0.49365234375,-0.0180655572722168,0.384958144487295,0.714434044520425,1.19842717775937,0.672465147980604,0.269171605814953
1.26027059277618,1,-0.49267578125,-0.397962140905951,-0.193920680033843,0.216214138172681,0.915820848991063,0.798938149562469,0.998933563666839
1.475742592289,1,-0.49169921875,-0.675975243355547,-0.728221463383261,-0.426341046811539,0.166974410664296,0.135191293473382,0.686378385399067
1.26926004359236,1,-0.49072265625,-0.799788707367575,-1.06314221894053,-0.905026509656645,-0.579254956895978,-0.783349086438361,-0.284557979964468
1.53086727708253,1,-0.48974609375,-0.745686558941785,-1.10419982499145,-0.9854865682803,-0.860915143395216,-1.19927830858023,-0.839050994473875
1.76747423339414,1,-0.48876953125,-0.522890742419812,-0.845893587269502,-0.614987039253835,-0.515962407610693,-0.766194985708781,-0.351601176509246
1.55715826720657,1,-0.48779296875,-0.17189269911943,-0.373205754276174,0.0528853575074158,0.215568415052833,0.161586037584009,0.689544196544046
0.652267562531977,1,-0.48681640625,0.242917622467096,0.164514811329815,0.727917170406393,0.845122418931119,0.824966989618672,1.19652102112514
0.901285884461442,1,-0.48583984375,0.644983320544448,0.599303571229489,1.11549094749267,0.947268247031567,0.694089899994962,0.631082849273455
1.68119605755996,1,-0.48486328125,0.959536573608658,0.795986187155,1.05086344986863,0.431304458537846,-0.0899299431747933,-0.426116657565573
4.41472958676744,1,-0.48388671875,1.12723790544824,0.693532952102308,0.574084408289988,-0.39985166409304,-0.835031737750813,-0.888133609021585
2.15657819346115,1,-0.48291015625,1.11501495549115,0.323726886963404,-0.0887038159432828,-1.04098000667662,-0.879456611772424,-0.308601564886288
3.14316419001531,1,-0.48193359375,0.922126766501623,-0.198558026910615,-0.629016533167297,-1.10454405793295,-0.147783853558697,0.64958847768379
2.43353493944954,1,-0.48095703125,0.580348750667235,-0.710498262401128,-0.797350021607455,-0.566031591094203,0.783591161468372,0.919095743758331
1.12154622696355,1,-0.47998046875,0.148243812737575,-1.051145224406,-0.517414477604685,0.221232209388939,1.16646627328158,0.160897245977459
0.20332276841002,1,-0.47900390625,-0.299438274003607,-1.11070978761835,0.0789888529673722,0.75117685537888,0.704875240361118,-0.873037754114869
0.378748953023402,1,-0.47802734375,-0.685304242769069,-0.864247998637618,0.712401989687541,0.686899177907029,-0.198811481201086,-1.13096576472147
0.607324534686274,1,-0.47705078125,-0.943338754593515,-0.379453568819734,1.08380196834023,0.0747891666140917,-0.78152994802538,-0.370192071129084
0.581232545442103,1,-0.47607421875,-1.03085217892588,0.20382777231171,1.01173848267641,-0.685220491428326,-0.558363622046155,0.588656162780928
1.7062665188135,1,-0.47509765625,-0.93618062620165,0.716108865584244,0.515763894820211,-1.09436017382454,0.271921046950896,0.730578506448445
1.88154724937243,1,-0.47412109375,-0.680737520921311,1.00981548869355,-0.192029218633849,-0.87277887450799,0.993919060875887,-0.0805038322208999
0.817268678386593,1,-0.47314453125,-0.315044404396378,1.00414084564898,-0.803508725308944,-0.138361018892257,0.97540969418425,-0.958955045121741
1.06777656453042,1,-0.47216796875,0.0905351774877594,0.709503413620337,-1.05491117741895,0.667089895205739,0.198045381533522,-0.936030059085895
1.77846712644498,1,-0.47119140625,0.458670491287836,0.224142344316678,-0.846940067992292,1.05743959788866,-0.725194508515342,0.0127199990053037
1.9653174668171,1,-0.47021484375,0.719201961931333,-0.296103842506696,-0.289628911108301,0.809946827144243,-1.06051822155295,0.937804649818693
1.64506169706796,1,-0.46923828125,0.821967906856722,-0.685597602280382,0.348535704345283,0.105606302783524,-0.564835290113126,0.915551588610347
1.39575474241568,1,-0.46826171875,0.745983421607922,-0.819674292223052,0.763935197018896,-0.587026244292834,0.313194386644987,0.0205035615024136
1.76368789093997,1,-0.46728515625,0.503299454244842,-0.652870999524004,0.757146329813737,-0.810636033928709,0.810635733377867,-0.757372311845635
1.20261522091922,1,-0.46630859375,0.136838804897189,-0.232930049399786,0.324516338558859,-0.410623754543454,0.490338187432893,-0.56281511840823
0.874834840041694,1,-0.46533203125,-0.287397461155578,0.313703674618096,-0.339922642415173,0.366035955678593,-0.392025274653589,0.417872341557058
1.85308264107724,1,-0.46435546875,-0.692334579705295,0.820463275360751,-0.933084477950242,1.02741132762621,-1.10109811768874,1.15229766581635
1.54476304992117,1,-0.46337890625,-1.00385418479137,1.13153349218307,-1.18146096232378,1.1491834343704,-1.03688666307377,0.853219103693066
0.599554227949998,1,-0.46240234375,-1.16429554515034,1.14947635327978,-0.966330734956276,0.64451700549869,-0.237155356798816,-0.188236100407343
0.660766645573208,1,-0.46142578125,-1.14296967839958,0.865059024125107,-0.37825834301607,-0.180295601463177,0.653176112552062,-0.908438009275971
1.11830695283742,1,-0.46044921875,-0.941771785425369,0.360170177067498,0.324056894408664,-0.819804161530901,0.920092125572287,-0.592951547663208
1.44631062835324,1,-0.45947265625,-0.594869736614104,-0.217068487116617,0.831765428742979,-0.889738705109215,0.37593166206453,0.371726273653234
1.06131998988947,1,-0.45849609375,-0.162524760699049,-0.69739565143892,0.926719967795164,-0.370166285749247,-0.485824683394854,0.910948227007346
1.16758600850708,1,-0.45751953125,0.279831307604638,-0.941937143758825,0.580770917569559,0.383022207684236,-0.905793438872589,0.402444650500436
1.59843514352047,1,-0.45654296875,0.655274357599802,-0.88442976755228,-0.0319053677131832,0.865538759952721,-0.496402234448228,-0.661663788805051
0.906859283162055,1,-0.45556640625,0.899332452674487,-0.551248383464154,-0.615065989799962,0.746436033039365,0.431602539246018,-1.19165933149028
1.35305173421729,1,-0.45458984375,0.9716585848955,-0.0531236817588268,-0.886508648539505,0.0796138907096033,1.12716173100989,-0.649674802001088
2.77388062978636,1,-0.45361328125,0.863307599506609,0.448913471335509,-0.707735772938995,-0.729386352877023,1.02568933417482,0.383350218839729
2.64956113331347,1,-0.45263671875,0.598293554969923,0.792951620657324,-0.147833316590946,-1.18024644319523,0.220345972123934,0.822535396648806
1.70925061637683,1,-0.45166015625,0.229145175124932,0.865879282830028,0.547679378091567,-0.995184703533444,-0.616416331584469,0.225575609823898
0.792192599080452,1,-0.45068359375,-0.172730173477881,0.638144001496798,1.0687936681705,-0.295079726890919,-0.795367847826021,-0.741309280639793
0.416756324591127,1,-0.44970703125,-0.530118344461242,0.172966133050446,1.18254812201014,0.4775121372221,-0.186460443461692,-1.01052585364091
0.270129368257017,1,-0.44873046875,-0.774124944895438,-0.392812101157348,0.839413986801748,0.839511102720625,0.673592660198491,-0.245445436534294
0.163766978450461,1,-0.44775390625,-0.856783390098445,-0.890396021443605,0.195864475626389,0.57395589143741,1.03204550191403,0.799615596976898
1.53545565848882,1,-0.44677734375,-0.759847860869519,-1.17050021316492,-0.457194496981831,-0.132736845347636,0.551956104641177,1.07271159906529
2.40190990142056,1,-0.44580078125,-0.498169234210344,-1.14888417588943,-0.827389287125704,-0.810101430949586,-0.403612992699645,0.332403858692849
1.58225416444314,1,-0.44482421875,-0.117038426556142,-0.832052998907626,-0.754411230633903,-1.00365900976587,-1.07294539176519,-0.600641321074505
1.56524228204485,1,-0.44384765625,0.316019953866308,-0.3152726363425,-0.283033108807007,-0.564920732048848,-0.930601732753598,-0.71433115169476
1.81471707063559,1,-0.44287109375,0.723510198153857,0.246493969181042,0.357784510032765,0.253011157582059,-0.124872083351116,0.12273456064802
1.4216885366493,1,-0.44189453125,1.03205223156053,0.685852190866542,0.860123290245915,0.955063514643235,0.648104095888564,1.02145664576421
1.06305578097938,1,-0.44091796875,1.18572812601107,0.874005280538447,0.978512706734741,1.11764576253985,0.728122033349166,1.01263375064711
1.19503270961796,1,-0.43994140625,1.15625864176989,0.759961933490509,0.642797909109586,0.656776462531511,0.0441010718609063,0.0732163695990003
2.12367908832105,1,-0.43896484375,0.948157044021104,0.385947883796689,-0.00918834361286501,-0.119474363558432,-0.826189758671055,-0.846799995914054
2.15962237677819,1,-0.43798828125,0.597921761345511,-0.125682321176796,-0.694118062557753,-0.707512312136576,-1.13985444022723,-0.825474279452924
1.71522074393336,1,-0.43701171875,0.167414634842822,-0.610030227655796,-1.11225437569969,-0.728775572268549,-0.61132092897832,0.060231230550741
2.1790879773079,1,-0.43603515625,-0.267370025817014,-0.910247974974224,-1.08409318951901,-0.17056557872086,0.347300286805523,0.820064682911323
1.32177258950541,1,-0.43505859375,-0.630101320838488,-0.925680672777539,-0.632063164672404,0.605921627962036,0.969131622394049,0.601707888359069
-0.236561756956582,1,-0.43408203125,-0.857961458303952,-0.642843854020405,0.0300791031348447,1.09546583125343,0.771939450615939,-0.404220955814758
-0.222556109306591,1,-0.43310546875,-0.913028483903452,-0.139766873615566,0.595294543703215,0.970484041272644,-0.040776306904913,-1.16258032656041
0.618995767895104,1,-0.43212890625,-0.789120524112581,0.437630334144985,0.803882132694086,0.290021296653753,-0.752432225647177,-0.885987751770811
1.53043288512075,1,-0.43115234375,-0.512856436834049,0.9199159451435,0.562334147074751,-0.536793047887013,-0.735157276103688,0.133773196002816
1.82318579210676,1,-0.43017578125,-0.138740853253619,1.16572821310515,-0.0139525094594778,-1.00964529109239,0.0228898609709351,0.834216132443795
2.08418977379067,1,-0.42919921875,0.260830373963623,1.10480749153608,-0.653647192152651,-0.853802017277664,0.905979104973495,0.504337860150365
2.38541874661302,1,-0.42822265625,0.608823425282596,0.759336363968853,-1.05389767929321,-0.193475724900658,1.18480072591087,-0.465913125350019
1.30045531450048,1,-0.42724609375,0.837664252204093,0.237071845051391,-1.01925411611145,0.528332456373716,0.626039083244355,-1.0011514966908
0.994655214655706,1,-0.42626953125,0.901612824217679,-0.301629974227221,-0.55153273102705,0.832509913918343,-0.312424879907021,-0.481461811063776
2.06655879791365,1,-0.42529296875,0.785159723614549,-0.692821755239968,0.150510016992886,0.509317757128541,-0.863995566067096,0.597933242313582
1.9428876911844,1,-0.42431640625,0.505915172055044,-0.819033295309895,0.781561958613077,-0.247516675821392,-0.593568861464675,1.14606635678024
1.30088891501172,1,-0.42333984375,0.111463386978891,-0.645105491758293,1.06886649203754,-0.963361667044741,0.240083895348914,0.625832873596284
1.05798055320251,1,-0.42236328125,-0.329246032616348,-0.228844304594734,0.896436668466453,-1.18402935190109,0.902834903014651,-0.381412408862295
1.12283431285425,1,-0.42138671875,-0.738403261280881,0.296757741916392,0.357563818573178,-0.764401006286892,0.801675741231721,-0.792983925513039
1.15994986417156,1,-0.42041015625,-1.04346396498367,0.76429831995472,-0.288382372048264,0.0391068065297394,-0.0167562123517349,-0.171012841988245
0.744627135348147,1,-0.41943359375,-1.19032442540951,1.02327963371635,-0.735079370769224,0.731014111078391,-0.902833794888908,0.814365254540232
1.28430574235427,1,-0.41845703125,-1.15314785101368,0.986279863739194,-0.76978539862209,0.890951075427199,-1.14525772297712,1.09454721819855
1.60864009075637,1,-0.41748046875,-0.939053222731947,0.655871811197238,-0.370971895106913,0.439893171294415,-0.564286933502931,0.334423907263574
0.507090185913238,1,-0.41650390625,-0.5868132400954,0.124059951468398,0.281623631714868,-0.310704809792452,0.339318903998064,-0.710267599348152
0.627409695946773,1,-0.41552734375,-0.159798530517243,-0.455597825735298,0.88913094819121,-0.858050807408337,0.804165829076161,-0.98828085004431
1.56070499931483,1,-0.41455078125,0.265547300022924,-0.914673094880896,1.17029349925053,-0.82880978357349,0.445569694733626,-0.260232913841968
1.62178491703676,1,-0.41357421875,0.6136036614413,-1.12109906083343,0.990264912041441,-0.217607187573519,-0.422866600120417,0.652536293101099
1.37140211991802,1,-0.41259765625,0.823310367194543,-1.01930675514113,0.422525875154842,0.608400266112576,-1.0524688157076,0.740416906316544
1.15909582476404,1,-0.41162109375,0.859245788304308,-0.647009400103013,-0.284414119600905,1.141847173427,-0.887232320214769,-0.123500663912615
1.47346395604576,1,-0.41064453125,0.718029448749171,-0.123512378050553,-0.820307462363683,1.05677048490993,-0.0308134979085794,-1.04659131046937
1.38056017091116,1,-0.40966796875,0.428884137162143,0.386875691404058,-0.954634700475145,0.415147600438745,0.838042294243111,-1.05888376914266
1.10572317387852,1,-0.40869140625,0.0482560926245437,0.725149587926128,-0.641541532635063,-0.372874959702472,1.03101409068835,-0.13818179084465
2.0606988816401,1,-0.40771484375,-0.350526240570264,0.786260815660593,-0.0402559960467775,-0.809766965595627,0.423678380077179,0.76575030945438
1.84228367809794,1,-0.40673828125,-0.690670991337525,0.551252509162667,0.558334969283062,-0.62666434443108,-0.442695901511954,0.73356596162745
0.256639245800617,1,-0.40576171875,-0.905974889320249,0.0930579193551323,0.865337064721114,0.0461767105503728,-0.816052458535534,-0.154435467672088
-0.115457606308583,1,-0.40478515625,-0.952948917674331,-0.445809086621591,0.726561179582515,0.762834328139078,-0.364435668377718,-0.906816557972756
0.287706149690344,1,-0.40380859375,-0.818808674543583,-0.896855443087463,0.19356041722125,1.04601178523042,0.545065926068093,-0.673381874641618
0.955013156883271,1,-0.40283203125,-0.523873428565915,-1.11718077603198,-0.499526194824939,0.691438872738512,1.15276996494388,0.351615382997083
1.64123636832081,1,-0.40185546875,-0.117935870696316,-1.03326255205027,-1.04274458780103,-0.101131498529276,0.941899289280633,1.1307712668459
2.39685522331581,1,-0.40087890625,0.328737652497913,-0.6635752357421,-1.1918751801056,-0.853643792760662,0.0714544401768342,0.876811445444481
3.08991654938602,1,-0.39990234375,0.738138962417957,-0.11312947822511,-0.88001026093281,-1.11233431488999,-0.755728418172153,-0.117837275159883
2.07804098778223,1,-0.39892578125,1.03866490215118,0.458405114650693,-0.248117266352427,-0.734943086077889,-0.879414292804838,-0.792104336444855
1.16609829704554,1,-0.39794921875,1.17810446858482,0.885260637565574,0.419393283713836,0.0199396229419361,-0.232366236423216,-0.438922265830303
1.76847039791312,1,-0.39697265625,1.13310251141536,1.04598571834299,0.824619224591637,0.658125490611337,0.605655352638149,0.54761705127692
1.58034735261433,1,-0.39599609375,0.913377671090073,0.900319074123474,0.792189812556546,0.76460824857411,0.89532853981247,1.09056174608046
1.18113939391166,1,-0.39501953125,0.559927180886297,0.501263136207731,0.349138481954069,0.267777307136409,0.358686974513159,0.571443637018793
1.59232134149979,1,-0.39404296875,0.137545816509909,-0.021324857614435,-0.287904145076422,-0.514879920324169,-0.586109631636282,-0.512331159054653
2.02678726325008,1,-0.39306640625,-0.276978660556142,-0.500606001048115,-0.812321896639579,-1.07864259605691,-1.17270627325126,-1.06940151173361
2.00488025226698,1,-0.39208984375,-0.608844201972223,-0.78391106377489,-0.968338172356162,-1.052687372341,-0.926213132513553,-0.564144927821552
1.13710562361019,1,-0.39111328125,-0.79884226561391,-0.779539135229027,-0.668606289092776,-0.436371496522246,-0.059527321262285,0.42114427289863
0.853148985981091,1,-0.39013671875,-0.814117343074903,-0.48490297937572,-0.0347459971634902,0.399532505457409,0.705198913976224,0.805683653844584
3.82400566067617,1,-0.38916015625,-0.654119596237818,0.0125803811051538,0.657740297016535,0.947475105480041,0.740551991556473,0.155997870911686
-0.194068279056931,1,-0.38818359375,-0.350667310049525,0.562128475502829,1.10499042614267,0.884563512874503,0.0380025485478733,-0.853655023029614
0.276071304692847,1,-0.38720703125,0.0378915737004941,0.995625397274092,1.11333552515476,0.276556334511058,-0.786267281981866,-1.1532179385278
1.9693299197752,1,-0.38623046875,0.437355075324456,1.178985487486,0.687510914496657,-0.465172277034941,-1.00864880034272,-0.408447712191773
2.49743314162305,1,-0.38525390625,0.771235372396697,1.05315745616906,0.0281818080103329,-0.846287331759876,-0.405616000618504,0.624311892242076
2.31030677450852,1,-0.38427734375,0.974748245423215,0.652241520490877,-0.560073066356873,-0.604776396300788,0.556935054456896,0.895420171715392
1.80736088822849,1,-0.38330078125,1.00667566628784,0.0931829776025935,-0.808214131909277,0.121572347494025,1.11106933435517,0.168472137632546
1.42914450389662,1,-0.38232421875,0.856940587944037,-0.459812111171019,-0.605825412761889,0.881985321007583,0.826969914802464,-0.733654151639058
0.868642170169594,1,-0.38134765625,0.548513618603243,-0.845272089043661,-0.0515187697571031,1.19867247005508,-0.0295635795963612,-0.803087221497362
0.298302805406604,1,-0.38037109375,0.133303220674512,-0.953597006696813,0.592398387555718,0.870225414186578,-0.721239826391854,0.0831645690861751
1.2729614390498,1,-0.37939453125,-0.317223522456706,-0.760331985583361,1.02024423491601,0.0996306005457425,-0.657404843792768,1.02930713035225
1.67752311876483,1,-0.37841796875,-0.724983118273902,-0.333417290375276,1.02321335568809,-0.634462583460536,0.111052411338767,1.06470736645863
0.617304204241722,1,-0.37744140625,-1.01942566264749,0.187794076047205,0.585377023644045,-0.881415597222123,0.934118936942823,0.16786722750925
0.599732169979533,1,-0.37646484375,-1.15031747724975,0.635335537098023,-0.108504869375146,-0.504240066848894,1.10692172196128,-0.71208641335351
1.08069226340858,1,-0.37548828125,-1.09683012225512,0.864162328558219,-0.756953134351468,0.23430060481906,0.460459794910871,-0.659021578914132
1.23202767728951,1,-0.37451171875,-0.871281922640846,0.796673867922405,-1.07912336912658,0.839803477361082,-0.495485013135511,0.242645171199743
1.29610961569159,1,-0.37353515625,-0.516851649233502,0.446616545376353,-0.942724914268938,0.901653598094589,-0.996917002633182,0.999410970559922
1.42503805255733,1,-0.37255859375,-0.0996813559538223,-0.084940144294003,-0.424001239598614,0.355236322505117,-0.662586616253619,0.762286031871153
1.88053632422421,1,-0.37158203125,0.303193200203496,-0.640329361863591,0.227650176914014,-0.475776512251715,0.189422444674769,-0.271729499908512
1.33499300519673,1,-0.37060546875,0.617886607163961,-1.05333200046386,0.704213862175483,-1.08400066190685,0.810198562411783,-1.06375794144903
0.94880059429312,1,-0.36962890625,0.787125026763105,-1.19986687818602,0.780331469338945,-1.09981005103875,0.648811018289518,-0.827254763593637
2.10688384939039,1,-0.36865234375,0.780673586685098,-1.03584295996502,0.416668715390729,-0.52543905657248,-0.184799963323337,0.144308509433217
2.18043213829149,1,-0.36767578125,0.600831441974589,-0.61061150373516,-0.22192655371727,0.267029629907135,-1.01024344443145,0.791125334293335
1.33361483238592,1,-0.36669921875,0.281994193162923,-0.0519090774625672,-0.841788471950192,0.772484191226736,-1.14485661511078,0.410167250479727
1.22379304385393,1,-0.36572265625,-0.115636348836645,0.473109292147903,-1.15484173855329,0.673881341340354,-0.474350469818563,-0.599984385927922
1.2839502818115,1,-0.36474609375,-0.517049326886174,0.808844278829474,-1.01055973331622,0.0435430234735118,0.451468494594133,-1.16024686082544
1.33604015771074,1,-0.36376953125,-0.846126080857718,0.858663938152784,-0.465094464370802,-0.703273728960702,0.8779910136266,-0.652854172009924
1.06579839938315,1,-0.36279296875,-1.03955016040061,0.614272251895888,0.244058612831793,-1.07300230791947,0.475895535009274,0.423475711534234
1.18947273794274,1,-0.36181640625,-1.0583926679723,0.15806661610703,0.806282628285607,-0.80836864791378,-0.385041393232847,0.977915044858004
1.36692692806614,1,-0.36083984375,-0.895262637200581,-0.362231397661322,0.979451360856882,-0.0529782142302986,-0.947387466070686,0.477227571154409
0.119747531585186,1,-0.35986328125,-0.575719530576875,-0.778916915097845,0.700160595177595,0.738768443229014,-0.702057498823195,-0.494545556301366
-0.0784228419399454,1,-0.35888671875,-0.153689557211894,-0.95575764022154,0.112166602564814,1.089234845103,0.183368265842277,-0.857873823842439
1.40259318279181,1,-0.35791015625,0.298280824683118,-0.829839783177343,-0.499958590225285,0.799881749374731,1.00250524980211,-0.183224466757236
2.13100280341288,1,-0.35693359375,0.702160901548562,-0.431014698143997,-0.841581202679281,0.0762835964768848,1.0990114052499,0.851240117350152
2.41701810123992,1,-0.35595703125,0.988570766135474,0.127000319574504,-0.743327818376669,-0.603570677545308,0.413903604068741,1.17397317893393
2.45892109887504,1,-0.35498046875,1.10934311054152,0.681154083808651,-0.23904578267848,-0.793939678327947,-0.466447838727076,0.451304309389344
2.05100991514033,1,-0.35400390625,1.04622582686517,1.06868252542928,0.44928256459884,-0.365282111113316,-0.801716241175978,-0.560345957573514
1.15193314676711,1,-0.35302734375,0.814142079245636,1.1766647871173,1.012784347217,0.413000073005557,-0.31723684305082,-0.813663454680922
0.0753089917336981,1,-0.35205078125,0.458415355105257,0.976379782130073,1.19679046446778,1.04363584659474,0.566561979526453,-0.0760703469882519
0.674192216929143,1,-0.35107421875,0.046465703665848,0.531971205922139,0.91723581262206,1.11765615668258,1.08684194175665,0.827107074928015
1.4534864590337,1,-0.35009765625,-0.344510110971553,-0.0192232877406168,0.299115451082152,0.574710840730067,0.778027444331063,0.8888306574205
0.914658416314997,1,-0.34912109375,-0.641630730415939,-0.508667579811684,-0.380597134910982,-0.257933953045641,-0.13679473735315,-0.0108089459600337
1.23760516288165,1,-0.34814453125,-0.789628240196516,-0.788117026257664,-0.819458086328374,-0.872533866851662,-0.930323986962295,-0.973550578909678
1.80076127838814,1,-0.34716796875,-0.760930488402683,-0.774873096101248,-0.827616636200324,-0.90253314295167,-0.977163097837199,-1.02860744037782
1.41252460323092,1,-0.34619140625,-0.560691678436084,-0.476978710294096,-0.414279903032921,-0.354372203456661,-0.274653220328559,-0.155448602208084
0.885424829715796,1,-0.34521484375,-0.225855144971988,0.00934089442693091,0.216965159610234,0.397835161356697,0.557172809588357,0.697427853705935
0.665334319040405,1,-0.34423828125,0.181581068045713,0.529207378424834,0.761815650024016,0.851312772158626,0.79633850414608,0.617351116516224
1.19208186128687,1,-0.34326171875,0.585869562797203,0.916564308681736,0.955031707034322,0.695356186130011,0.224572880289321,-0.306667984644859
1.3615627364317,1,-0.34228515625,0.911331232529363,1.04509071537814,0.692360516305845,0.00988755458642121,-0.688946503746349,-1.07839019442917
1.57992085297253,1,-0.34130859375,1.09616899211385,0.866994898183406,0.0788034469201376,-0.784414101636893,-1.17955253782158,-0.849212814600113
3.09655333484474,1,-0.34033203125,1.10376195920322,0.427832158662846,-0.618876819767383,-1.19275672651626,-0.826858919319555,0.182024622150497
3.250033796834,1,-0.33935546875,0.929383047728853,-0.147185772219428,-1.09370045661558,-0.960220461034984,0.0929131295870086,0.975895404132654
1.82679901269839,1,-0.33837890625,0.601116066329617,-0.691213057536271,-1.1384765913116,-0.233551889787755,0.836858616441666,0.747448399500607
1.08543498400138,1,-0.33740234375,0.174804394398477,-1.04651423681598,-0.740233256714713,0.53205155701324,0.815273901069682,-0.208069647727181
0.687726947455038,1,-0.33642578125,-0.27605012111741,-1.11243469999526,-0.0858817478827963,0.86192559080155,0.0829891850920768,-0.831573909454929
0.562317436308497,1,-0.33544921875,-0.673600072945507,-0.87594818375913,0.52346636982797,0.563040910919516,-0.708790575292647,-0.423756674174763
0.672972258600009,1,-0.33447265625,-0.949754515971417,-0.415454488727462,0.810322846288149,-0.154116951775573,-0.859702661901451,0.612384915337151
1.24909729076254,1,-0.33349609375,-1.0585037781832,0.123328105373888,0.647729282237928,-0.810312821866111,-0.208532221321756,1.19545826475277
1.95369461666418,1,-0.33251953125,-0.98422432215518,0.572007088872733,0.117187538968371,-0.963273360579818,0.729736498108741,0.707975232340231
1.06516378188862,1,-0.33154296875,-0.744452819331698,0.791054983519663,-0.528884056887636,-0.489993122012673,1.19292013303131,-0.350674649859309
0.542363040857618,1,-0.33056640625,-0.386625554996829,0.712496418831263,-0.982982912502197,0.333845182737853,0.807886743648279,-0.891000421906605
1.52724986580155,1,-0.32958984375,0.020622041571079,0.360700952200547,-1.02363606369363,1.00787229438055,-0.0981636606059159,-0.38304944449008
1.63872787192112,1,-0.32861328125,0.400010583281356,-0.155071051955376,-0.617219593243776,1.12392620333626,-0.771760822240937,0.586472018119198
1.34730643675831,1,-0.32763671875,0.679739730886258,-0.674092084366846,0.0661173942990011,0.624487854014681,-0.663259283641219,0.938414178323619
1.40162968318263,1,-0.32666015625,0.806606771512176,-1.03334893887553,0.729729049668669,-0.16154502847618,0.114174409691297,0.246424059052659
1.3455637917996,1,-0.32568359375,0.75573151386126,-1.11745545156184,1.08561524892359,-0.728444578972514,0.880632800656286,-0.808029181790358
1.12739190496094,1,-0.32470703125,0.535116255675421,-0.894045790556321,0.985622207804861,-0.715368854085048,0.960134026412619,-1.15229089527487
0.655000579036846,1,-0.32373046875,0.18421008958279,-0.423832329844638,0.488696131475602,-0.135723920591902,0.248330876382764,-0.45339318096618
1.22705023385589,1,-0.32275390625,-0.233261416984602,0.157748824610985,-0.166560181656226,0.631602110276714,-0.697836480035728,0.532301025495929
1.73045925628242,1,-0.32177734375,-0.64089588286713,0.68170247069237,-0.6714551122296,1.08354998563967,-1.12369685620553,0.760187560293431
0.591040594892478,1,-0.32080078125,-0.963531228880341,0.996879089568792,-0.788757659433009,0.913353799307673,-0.705935704927255,0.00211213900034959
0.337243813907641,1,-0.31982421875,-1.14094626755253,1.01592179311316,-0.461457013433662,0.20644969170513,0.178959200341875,-0.91338922742586
1.01990138605785,1,-0.31884765625,-1.13885005201072,0.741724932854366,0.161034190526556,-0.612727874442068,0.771357324012938,-0.979239441643681
1.05895284047516,1,-0.31787109375,-0.955158748384576,0.26632736094877,0.791225465689938,-1.04930105826832,0.565217792892211,-0.077690255226309
1.09815179679757,1,-0.31689453125,-0.620416644425641,-0.257415874380301,1.13517468872898,-0.851230403255092,-0.267891794051627,0.891429235251848
1.18609975037787,1,-0.31591796875,-0.192283939748171,-0.662723991770562,1.0271714015715,-0.168274669124496,-1.02227893100876,0.957980158068655
1.40296914669685,1,-0.31494140625,0.25490590851526,-0.820013564449976,0.505851230048724,0.544340306082427,-1.0490724047948,0.103034581725909
1.17367958141008,1,-0.31396484375,0.643618942037144,-0.676632225944679,-0.203092351533031,0.816264252821646,-0.300191978099143,-0.725117721264121
0.974860602364743,1,-0.31298828125,0.90717162492374,-0.273060990158231,-0.789703364480791,0.461797965119355,0.629830400174353,-0.617089038940766
2.46260597796431,1,-0.31201171875,1.00180281058636,0.269367460472069,-1.0010526892507,-0.301463477413282,0.999266106747127,0.333442820406507
3.24144127738823,1,-0.31103515625,0.914569991484719,0.785484748186563,-0.75639908096163,-0.990554280425426,0.537484435373962,1.12718385037644
2.27036057735766,1,-0.31005859375,0.665633376268215,1.11673030829654,-0.183554768355982,-1.1639877932497,-0.331019341796285,0.91537320960771
1.6677809551184,1,-0.30908203125,0.304513156738376,1.15961280764474,0.440161250105879,-0.702516851218747,-0.84414325124498,-0.102044947045949
1.02261556952136,1,-0.30810546875,-0.0989973832124135,0.897384423067334,0.81534730296004,0.114642965598703,-0.541985024269074,-0.885960770490201
0.282794491709197,1,-0.30712890625,-0.467607284813747,0.405250311176757,0.758003256080562,0.786592387993831,0.346485211885794,-0.653939857831757
0.132288554612114,1,-0.30615234375,-0.730664704778461,-0.172480550651276,0.284156518810635,0.908209266150237,1.09350772205669,0.296091677846701
0.798569478992887,1,-0.30517578125,-0.837080125370506,-0.666326167077739,-0.397103223845963,0.426569385653057,1.08043384515655,0.904954374705922
1.97851913961928,1,-0.30419921875,-0.764682066602746,-0.933227497117142,-0.97900711071247,-0.326591920092796,0.314914468239102,0.476389898730858
1.71492666259635,1,-0.30322265625,-0.524301010099786,-0.900052127623851,-1.19727948056462,-0.846951954963207,-0.575296584651386,-0.582667156698512
1.16118415738872,1,-0.30224609375,-0.157837184246927,-0.585720814180692,-0.950975909763781,-0.779363010158041,-0.866752661719566,-1.18875994479668
1.78439614420531,1,-0.30126953125,0.269336663472894,-0.0952029410067542,-0.348705072117696,-0.144746784074462,-0.344247773835989,-0.724665460199418
1.44208136722027,1,-0.30029296875,0.680254822436089,0.412779041010782,0.340913851308999,0.672140363936031,0.520915245630458,0.309829009568512
0.738605393249183,1,-0.29931640625,1.00035799432867,0.774464397279647,0.811897364099438,1.16634664350231,0.967356383594053,0.827079851376431
1.03723748857763,1,-0.29833984375,1.17106387325182,0.871300454162088,0.860544807781276,1.03296495831235,0.582949727914723,0.301119039119267
1.56280122640761,1,-0.29736328125,1.1604382282104,0.666365163291185,0.478209126450618,0.360475945489162,-0.347976966007581,-0.677848396968422
1.98610760783441,1,-0.29638671875,0.969023534095186,0.21583390377434,-0.145236864301757,-0.42566535217083,-1.08020261092304,-1.03014845334954
1.92183832190269,1,-0.29541015625,0.629763697812116,-0.348017258186349,-0.708806920160249,-0.83333664424519,-1.02899939656553,-0.33169566570298
5.17379583898444,1,-0.29443359375,0.20203818807448,-0.857083718000826,-0.938672010723146,-0.616158148647035,-0.257602599422115,0.733585195292184
2.14782887322148,1,-0.29345703125,-0.239108777134149,-1.15868065552622,-0.714014832455869,0.0705319800150511,0.576962370926847,1.09265122252835
0.400290181380134,1,-0.29248046875,-0.616583640155546,-1.16211439892594,-0.122868034327151,0.769238361232306,0.774293914219014,0.413762660742622
-0.410273182787012,1,-0.29150390625,-0.865225379423554,-0.866351600571941,0.57763055282681,1.01208845278332,0.176729219671627,-0.546486453351091
0.385713980734182,1,-0.29052734375,-0.943609110863278,-0.360334515012329,1.07840124062717,0.619339987548152,-0.699211744659279,-0.746168116955535
0.831950991781269,1,-0.28955078125,-0.841523366321527,0.204153924995202,1.15941845661173,-0.185158197866426,-1.09599499233564,0.0382310515881417
1.38544789582296,1,-0.28857421875,-0.581760767222639,0.65878671277774,0.790047357858203,-0.914992964073215,-0.650386310521786,0.974515072560036
1.95156026635498,1,-0.28759765625,-0.215897224422217,0.870009740268626,0.1428280478078,-1.12913051828419,0.300710375555237,1.0549148225304
2.13445827670958,1,-0.28662109375,0.185170663084936,0.779705015784507,-0.485590661883846,-0.711118831704112,0.999885674615746,0.16303201334361
1.62568639413527,1,-0.28564453125,0.544205949622228,0.422781408898267,-0.81018991187453,0.0578473658568543,0.900517095844401,-0.800643065309272
0.809944622019629,1,-0.28466796875,0.791764892932229,-0.0836766883580626,-0.687889658438487,0.678390376654071,0.121708663004813,-0.867545803310757
1.55320340188297,1,-0.28369140625,0.87890923815,-0.576383032964594,-0.182813618578677,0.75084646333955,-0.653591912679633,-0.0212192101957652
2.13190774591382,1,-0.28271484375,0.786181568658928,-0.895950694353095,0.463341905911292,0.229529350483566,-0.751920835104118,0.789513387298523
1.22710025603582,1,-0.28173828125,0.527208494216076,-0.935809724996553,0.942268242456335,-0.548251050652597,-0.0742840689586822,0.657983638858097
1.06015580670936,1,-0.28076171875,0.146274626496903,-0.674991701418818,1.02055466048973,-1.07685691950945,0.819980790639852,-0.317810867882403
1.16848770361125,1,-0.27978515625,-0.289691882686888,-0.184759956046097,0.6469902519868,-1.00422985116222,1.1806929700939,-1.13562443992667
0.838363792185922,1,-0.27880859375,-0.703263875775006,0.392945705476708,-0.0234526074327721,-0.356420296889938,0.694580006163215,-0.946382973329648
0.770596286942375,1,-0.27783203125,-1.02057935077073,0.888670373638974,-0.699945782997198,0.477999678333373,-0.251913619637221,0.0492710970090363
1.00332137540408,1,-0.27685546875,-1.1847651636893,1.15703123767963,-1.08828913165441,0.993780457352603,-0.894679704577906,0.81316950598605
1.48098793082671,1,-0.27587890625,-1.16627664787097,1.12097584481762,-1.02495871034482,0.888901483457996,-0.72949908435004,0.566182775180994
0.898136048013497,1,-0.27490234375,-0.968270887501274,0.795194922278139,-0.551411138634869,0.255279611207065,0.0681969579579288,-0.39019802970639
0.269627566844944,1,-0.27392578125,-0.626035440710893,0.28154060085567,0.105332397509565,-0.48086701952744,0.792413565181953,-0.995782997728599
1.34581219977988,1,-0.27294921875,-0.200576464232616,-0.262147875162606,0.636923358150661,-0.831038696075927,0.799652397716288,-0.556482046336185
1.77396755793161,1,-0.27197265625,0.232466577175837,-0.670286004670667,0.795041490131072,-0.555918597937015,0.0496215355069227,0.517614809227202
1.34777120777034,1,-0.27099609375,0.596561705737831,-0.820115456544493,0.505187352166238,0.181719541956969,-0.858926330901275,1.14160605879585
1.55409153866415,1,-0.27001953125,0.828179483408387,-0.669156343328422,-0.0991558864100735,0.919881155345762,-1.18734320951542,0.698936209909905
1.60669044163568,1,-0.26904296875,0.888313129287334,-0.268100310377,-0.737623465366116,1.19064637931014,-0.673728556942887,-0.310059580460921
1.51564328801347,1,-0.26806640625,0.769527037486374,0.254792118568968,-1.11137753791205,0.817501054617723,0.248755698215021,-0.799695869795826
1.4680304477911,1,-0.26708984375,0.497251283363374,0.733020502314827,-1.04007022857894,0.0277350554259511,0.814497861350826,-0.248345821469433
1.99362367195641,1,-0.26611328125,0.125087429792348,1.01288140705602,-0.544690831106832,-0.691537948472787,0.565589499056166,0.749715373470315
2.51119976204372,1,-0.26513671875,-0.275018618633015,1.00061762352206,0.161618222003049,-0.902254489306258,-0.266031034646493,1.11354421348582
1.10745673900758,1,-0.26416015625,-0.625946352356393,0.691271106787817,0.770589922190262,-0.492896303259729,-0.954099198089824,0.420455097494109
-0.0947246502267945,1,-0.26318359375,-0.85951399798023,0.170419968679229,1.01933192368583,0.251713389320998,-0.887538249275649,-0.644096608654781
0.206811897519845,1,-0.26220703125,-0.928964651690638,-0.411736790942064,0.810036205901659,0.832619819353158,-0.0839086887912678,-1.00758598004837
0.247115747004518,1,-0.26123046875,-0.817550651888572,-0.886035787912353,0.254151394455124,0.855090627622182,0.822912919063216,-0.340311840759713
0.7307218950978,1,-0.26025390625,-0.54165204198975,-1.11580521544093,-0.379170730362463,0.280721824537105,1.1106648200388,0.600251144222603
1.81300776753893,1,-0.25927734375,-0.147860181017221,-1.03840665742685,-0.786748074347963,-0.54699143556537,0.570704518630899,0.774408524675557
2.4604461345888,1,-0.25830078125,0.295443627516972,-0.684177519312829,-0.770559898356384,-1.1199270193525,-0.319429705848269,-0.0369196870706516
2.19512746645157,1,-0.25732421875,0.710482259035423,-0.166992286853437,-0.328758617659503,-1.08741202092233,-0.797146923956985,-0.997835142232689
1.15793447925391,1,-0.25634765625,1.0241940085119,0.350669580635203,0.343151854744744,-0.478446715140028,-0.453924271160771,-1.09958266663304
1.25496526121091,1,-0.25537109375,1.18149257163716,0.707474026744808,0.941522309612723,0.317128582384153,0.422358851203226,-0.226585101359015
1.61640632631072,1,-0.25439453125,1.15526225472795,0.792599886154834,1.19334501984535,0.796534835087539,1.08831566569571,0.720729234684306
0.853584795724018,1,-0.25341796875,0.951269178862981,0.579640137441576,0.981129902974077,0.66346169622613,0.967632373980067,0.776225755421005
1.13948259461199,1,-0.25244140625,0.607094736550845,0.134679245960528,0.396739201659578,0.0159858418353222,0.134422538472041,-0.0731656965277665
1.97222453524819,1,-0.25146484375,0.185285766950833,-0.403921211176774,-0.300452065621097,-0.716413223351885,-0.747109168908166,-0.877183629742516
1.87093481889705,1,-0.25048828125,-0.238031287519513,-0.867852682619706,-0.801934728552807,-1.04667843193886,-0.976318313925378,-0.73105044066064
1.56309223890479,1,-0.24951171875,-0.586999272928467,-1.1103725323585,-0.890834347752867,-0.740768006431148,-0.400010833388255,0.263610072053735
1.19636174355455,1,-0.24853515625,-0.799821008273225,-1.05126055892815,-0.540681022121024,0.032433880274701,0.461787729894264,1.10210445808198
0.953556484514683,1,-0.24755859375,-0.839981259575581,-0.70148211367203,0.0729915859402027,0.807221586955533,0.853257583961359,0.935314363150443
0.199419335676122,1,-0.24658203125,-0.702857330883782,-0.160019485425314,0.653506256288858,1.11581146725079,0.417293403437406,-0.0354114663829029
-0.290518172224419,1,-0.24560546875,-0.416515327731713,0.416165097305433,0.919347284951344,0.784457610272506,-0.503889613826606,-0.77309871466844
1.25348396836797,1,-0.24462890625,-0.036547884469212,0.859863987535329,0.733529349639713,0.0427985069299007,-1.15366392439536,-0.502409682125757
2.41490645733557,1,-0.24365234375,0.364105874346044,1.04447926969079,0.166822249946084,-0.623009454444422,-0.993135318306083,0.470920872984983
2.23329267493506,1,-0.24267578125,0.708503689047177,0.922468559435503,-0.534114198726594,-0.779985289043743,-0.151706017628726,1.08487299483418
2.33202200379564,1,-0.24169921875,0.929776361198237,0.53964249348365,-1.05912502825121,-0.323981220122579,0.680882851300468,0.646621824060195
1.96013871499917,1,-0.24072265625,0.983372821172135,0.020951951365895,-1.17607953124566,0.453914244493675,0.830727440740568,-0.431507536660168
1.16188470093432,1,-0.23974609375,0.855243439597001,-0.467887561003343,-0.836782604569913,1.05244112222227,0.20216253637817,-1.06403242439428
0.68178909577636,1,-0.23876953125,0.564470444927331,-0.771205785925379,-0.198833187618906,1.07907835318721,-0.644048280901124,-0.635797772885624
0.986552769718469,1,-0.23779296875,0.15986530873764,-0.79109521117096,0.446563732543264,0.500097916263679,-0.962035387966442,0.35177185729769
1.75766968368636,1,-0.23681640625,-0.288848601618623,-0.517454848359714,0.80780189887483,-0.337189296560834,-0.447199374964435,0.814638187381938
1.05312045620678,1,-0.23583984375,-0.703663917780334,-0.0311788013185162,0.726153954924991,-0.924173416978028,0.506553272600623,0.235452761191244
0.321921714480001,1,-0.23486328125,-1.01242969355578,0.52048707719416,0.248155019467315,-0.913061983445504,1.13407620264861,-0.787251934693976
0.98689779010632,1,-0.23388671875,-1.16193088159714,0.968893913019946,-0.396017922675837,-0.336703947475845,0.937091455489691,-1.17083681033444
0.997008556020737,1,-0.23291015625,-1.12752646376188,1.17551339817976,-0.89826732022874,0.413530791407966,0.0994037807262386,-0.493377741417389
0.871401687080801,1,-0.23193359375,-0.917592290055385,1.0742962304814,-1.01401382601375,0.837697570639845,-0.668058000996354,0.558942836355487
1.36596083160206,1,-0.23095703125,-0.571960459487074,0.691924326881977,-0.674625837070405,0.646135440237258,-0.722655502005803,0.915019949363071
1.5491505990424,1,-0.22998046875,-0.154639983907833,0.139768054962207,-0.0193832267663023,-0.0554687353750332,-0.0277282165604086,0.248114720596404
1.32671878831102,1,-0.22900390625,0.257855468899071,-0.419997300086818,0.667668700679249,-0.832476100182487,0.81729573147285,-0.682545995561089
0.862503248333354,1,-0.22802734375,0.590447294868524,-0.823768310187257,1.08710593114255,-1.19699050875541,1.07952235227737,-0.838745193002648
1.48433170198472,1,-0.22705078125,0.783161000458166,-0.956303564393008,1.06057806187324,-0.917658439332884,0.507367168269297,-0.00524822596599733
2.32907530164139,1,-0.22607421875,0.802035880536103,-0.78572165774388,0.611917509908837,-0.166692228575037,-0.456958860908725,0.978719717902396
1.50879973505095,1,-0.22509765625,0.645289183842829,-0.373020771164446,-0.0441849549942237,0.589324368926377,-1.04515024278663,1.10354614403053
1.13902466957362,1,-0.22412109375,0.343612786468458,0.146782675435242,-0.600742168470379,0.885461302015809,-0.803204670316648,0.254340849297551
1.49574620625655,1,-0.22314453125,-0.0454511705454934,0.606128548698705,-0.799164930276454,0.553181874343532,0.0311120731773837,-0.668917145310049
1.15326588502774,1,-0.22216796875,-0.448031046995116,0.85632482809741,-0.547711145035696,-0.173490933427232,0.729386648836966,-0.703128173093232
1.0736492096339,1,-0.22119140625,-0.787426627479016,0.813185225456648,0.0365068104764017,-0.807810561671259,0.683863256784388,0.160621548281372
1.26511895464041,1,-0.22021484375,-0.998131246070997,0.482945311721661,0.681176445132225,-0.920862846760933,-0.0826227290596416,0.96975817000076
1.26244511767323,1,-0.21923828125,-1.03782115525728,-0.0394650207912634,1.08355125821397,-0.415407796798116,-0.934801371593387,0.820478328742196
0.468429421957538,1,-0.21826171875,-0.89512819510719,-0.5992695464119,1.04924059044819,0.411094926441635,-1.15608354876009,-0.182860880395673
-0.535322724465212,1,-0.21728515625,-0.591779476314963,-1.02900526501476,0.58151564777936,1.05439213913444,-0.548309198462983,-1.03391743688257
0.415384283261939,1,-0.21630859375,-0.178713328595793,-1.19958991060363,-0.119739863546159,1.12290498588448,0.401655259236584,-0.884165914029989
1.64042854098678,1,-0.21533203125,0.27312253333315,-1.05969912536399,-0.748970494546477,0.585767177475906,0.927901723192635,0.0639181913625474
1.81210233657276,1,-0.21435546875,0.68561648442774,-0.651425409110967,-1.03419335275886,-0.208168828439973,0.624470390489677,0.774382334564018
2.4584555908942,1,-0.21337890625,0.987644561219164,-0.0974357090469217,-0.860860352979216,-0.752407766755156,-0.217144131874489,0.475763832428417
2.52358398641871,1,-0.21240234375,1.12795275839292,0.436449544527708,-0.323691042994939,-0.704810217259199,-0.854206954536694,-0.521631365686661
1.53291050883132,1,-0.21142578125,1.08442572263933,0.79182557648515,0.317217273328464,-0.104860861379761,-0.71654072376632,-1.15340515584393
0.660224583337358,1,-0.21044921875,0.868055370559513,0.865974454628012,0.755902174374017,0.651871417945559,0.114132485378746,-0.72726546765313
0.571256659634203,1,-0.20947265625,0.520887847302878,0.643095034165944,0.780974962579096,1.06582805936921,0.97048260398254,0.343091422585314
1.34653496897361,1,-0.20849609375,0.108323493602937,0.198955044907272,0.372717314743811,0.851856231242132,1.15616400116014,0.972527342074502
1.2693314686566,1,-0.20751953125,-0.292827490045747,-0.322451373440846,-0.287600594187709,0.121503259528752,0.52715170619854,0.548196408098985
1.03427776620439,1,-0.20654296875,-0.608358370441512,-0.753104791551736,-0.900454293267694,-0.686699791389837,-0.388466399751409,-0.426570008139035
1.97412358507176,1,-0.20556640625,-0.780196331699853,-0.952511850510492,-1.18500712557229,-1.08471338748656,-0.832419852065107,-0.868715356109321
1.86700910300555,1,-0.20458984375,-0.776986246342171,-0.850852747814118,-1.00761149657756,-0.843931736035725,-0.450167428675377,-0.264701372656832
1.03598757152733,1,-0.20361328125,-0.59980061822853,-0.470537903928511,-0.443078331109402,-0.139300907221523,0.413531515713281,0.782919764705104
0.984375872462344,1,-0.20263671875,-0.281936076978915,0.080417341691347,0.259321011170711,0.562925905027222,1.00460590781243,1.18979829130458
0.9674834240931,1,-0.20166015625,0.11716638516265,0.64118168419483,0.789574191533646,0.802407061912871,0.792511053726562,0.534498430662578
1.00589060838713,1,-0.20068359375,0.522770205400604,1.04704909589439,0.918352829506305,0.417962709965794,-0.083659439590178,-0.496582760614225
4.23408178802441,1,-0.19970703125,0.858485401552085,1.17958618961191,0.601454576734527,-0.349553461713384,-0.929159531062749,-0.834467993109522
2.30314385779549,1,-0.19873046875,1.06021968600894,1.00267050401663,-0.000503568289239231,-1.01016272012629,-1.07245822889702,-0.156222144247208
3.38440103554684,1,-0.19775390625,1.08789776003444,0.573414008159508,-0.59613149153285,-1.13627597993555,-0.424836587291215,0.776268050028591
2.37401160302542,1,-0.19677734375,0.932814228424648,0.0246376555222405,-0.897154748283289,-0.634824101607307,0.447324997157206,0.92535519574093
1.2506209405554,1,-0.19580078125,0.619280447471144,-0.475747167027633,-0.75087000279339,0.192968650484757,0.797926692507496,0.0788064431443826
1.02434419756125,1,-0.19482421875,0.200264422958326,-0.776040642035396,-0.210547275202776,0.842187480111752,0.326382497918211,-0.921541059425964
0.291369882394501,1,-0.19384765625,-0.252183522283992,-0.787067565103393,0.48845000190565,0.924107772777041,-0.570447902719693,-1.06574298757305
0.153404097553651,1,-0.19287109375,-0.659977299361348,-0.509354026653875,1.03591954325548,0.412100288765496,-1.13043147761938,-0.239885195769057
0.810043940926523,1,-0.19189453125,-0.95313966422984,-0.0328672048148309,1.18839490653291,-0.342670558019074,-0.864522678999623,0.656473082127627
1.32163254594526,1,-0.19091796875,-1.08247082238966,0.490599698394856,0.880281201006427,-0.835673389593125,0.03280716343287,0.663494051546081
1.07447871133743,1,-0.18994140625,-1.02843568937648,0.893957911149027,0.253715411182221,-0.73086559110534,0.844530418490768,-0.22311975491892
0.254380934053781,1,-0.18896484375,-0.804652906165953,1.04605029168998,-0.406504606816967,-0.0753625262017075,0.928856866525307,-1.04782506902258
0.80624696395644,1,-0.18798828125,-0.455351512343955,0.891921205909399,-0.803150434519131,0.729567181738299,0.253856421163803,-0.906984000555344
1.57546594088196,1,-0.18701171875,-0.0472594134688545,0.469821868320872,-0.762373712294684,1.18279143701288,-0.578228301983724,0.0932160082428783
1.12104108448592,1,-0.18603515625,0.342598510167732,-0.100249353663393,-0.312968884362886,1.0013093734853,-0.83717099058648,0.945710564735236
1.35382643316608,1,-0.18505859375,0.640970181574088,-0.652976616812839,0.327165398729196,0.299871302265686,-0.277812351814897,0.803438435919049
1.66457638750734,1,-0.18408203125,0.79175155263606,-1.02800320617691,0.851159070226697,-0.481923181958714,0.653058153349208,-0.129254749300439
1.17290613780235,1,-0.18310546875,0.766231423109223,-1.11870184308325,1.00407015694416,-0.858716960062264,1.18918406124661,-0.816879379754785
0.990557182391921,1,-0.18212890625,0.568340087248512,-0.9045454105816,0.70007021996842,-0.607312546575329,0.885138222357055,-0.491510761902071
1.3091112939314,1,-0.18115234375,0.233945836376706,-0.457194351682093,0.0622827494187722,0.0922576733422085,-0.0112113888894169,0.532067589248379
1.89742258708924,1,-0.18017578125,-0.175672801840763,0.0815542118457273,-0.632972428211909,0.772128564648222,-0.765671827359409,1.18692048539929
1.40158477899061,1,-0.17919921875,-0.584990633798152,0.543215250687117,-1.08204077512885,0.975078148952232,-0.770998218022229,0.780883105725192
0.472073132030253,1,-0.17822265625,-0.91800253276039,0.784185982181405,-1.09233804673356,0.546329648312816,-0.0534454997724921,-0.271601840061193
1.05483628344343,1,-0.17724609375,-1.11208657609711,0.729680705665708,-0.669995975706943,-0.266835719552173,0.751106816686898,-0.886533473777707
1.28561214301584,1,-0.17626953125,-1.12943912446297,0.396606998733603,-0.016666705884716,-0.971024792753353,0.931363320123736,-0.454267695307089
0.891059652698911,1,-0.17529296875,-0.963999308168853,-0.111605934261098,0.563037981425843,-1.13918325605771,0.298080327429648,0.519038112599233
1.28856508687075,1,-0.17431640625,-0.64260148726018,-0.636646707228122,0.80111444039834,-0.681025123268757,-0.655216748780335,0.950431860362606
1.33037269225339,1,-0.17333984375,-0.220145032252958,-1.01376236845687,0.588881169782791,0.100384964925843,-1.16287645908124,0.32941192001289
0.901951376220377,1,-0.17236328125,0.230340079856927,-1.12220007951453,0.0266928144125371,0.701819389243368,-0.825707260071109,-0.738062554305578
0.715728522351248,1,-0.17138671875,0.630924142432857,-0.922237595505482,-0.622090081406822,0.740035667888658,0.0566329036054112,-1.1663316553116
1.53406536820413,1,-0.17041015625,0.912897249743217,-0.467486493138226,-1.05181214584672,0.195397148274386,0.737433037077089,-0.534598581974388
2.93706080910045,1,-0.16943359375,1.02920792415842,0.111294667918208,-1.05468082637635,-0.575871019277943,0.648182212724947,0.470638533539982
2.63714067928159,1,-0.16845703125,0.962957360771209,0.645937214544889,-0.616235930054496,-1.06856919292443,-0.125861455795504,0.782894825901046
1.8141283371029,1,-0.16748046875,0.730403976006617,0.982015380194844,0.0775615153627416,-0.950330470043402,-0.917658936529215,0.0836200185288432
1.60199000806531,1,-0.16650390625,0.377932444879914,1.02579439088749,0.724881321416215,-0.273785921572343,-1.03766687079507,-0.861889018730315
0.495136956149191,1,-0.16552734375,-0.0264597351279791,0.772637266024718,1.04555283157779,0.555800076781453,-0.352417740712817,-1.01568891332288
-0.193141084645931,1,-0.16455078125,-0.405606973262852,0.308198176589314,0.908669965656275,1.03690712788718,0.60176088088284,-0.167628822870257
0.434800581111493,1,-0.16357421875,-0.687284725602172,-0.217956496467474,0.391912995775681,0.88926362343237,1.06515718906502,0.83874579417382
1.26675617464585,1,-0.16259765625,-0.817413208299477,-0.638235479047358,-0.254532659433112,0.230746278441794,0.6878766277629,0.993970862482457
1.59154491294515,1,-0.16162109375,-0.769950794084198,-0.818395174725374,-0.722933680750305,-0.49869619665507,-0.179774616481879,0.185759484215119
1.15086679593701,1,-0.16064453125,-0.551675020078109,-0.698699220036155,-0.789230447152185,-0.817688534825567,-0.782522640475697,-0.686309981422005
1.39886121977968,1,-0.15966796875,-0.200980066898222,-0.312287381555562,-0.415897462638064,-0.510227343314706,-0.593839446570319,-0.665463728488765
1.70600094406903,1,-0.15869140625,0.219090880619637,0.224860782208845,0.230629500116597,0.236396842019761,0.242162615629978,0.247926628699274
0.722587263671237,1,-0.15771484375,0.632310187065642,0.749303731202892,0.855941915687085,0.950242111964548,1.03044543091358,1.09504911975104
0.668528656610857,1,-0.15673828125,0.963140130303949,1.10005101480023,1.17230298676821,1.17453703866254,1.10626459569572,0.971903071142803
1.41733010289745,1,-0.15576171875,1.15049106325916,1.16776409569917,1.03034895802163,0.758133772727391,0.391642887369387,-0.0142152747221972
1.52260627920398,1,-0.15478515625,1.15885835931072,0.928214069953912,0.487590722970232,-0.048014447256205,-0.538487057055835,-0.856377170355641
1.85102154063206,1,-0.15380859375,0.984810210571906,0.449773863315405,-0.217630299703848,-0.749688359483373,-0.935864279798778,-0.709907187412573
2.31357461396065,1,-0.15283203125,0.657644658347866,-0.127346197731207,-0.774826256490668,-0.92263331124076,-0.503059819251656,0.218070571902068
2.43146760528202,1,-0.15185546875,0.234095687702983,-0.633779256441759,-0.942975999731541,-0.481151493804278,0.35986217343908,0.891703850829177
1.373475753391,1,-0.15087890625,-0.211948441310819,-0.922564549809939,-0.660293885389528,0.268599628481027,0.892412132387741,0.54592116641875
-0.184565035558343,1,-0.14990234375,-0.602843464475588,-0.913844458680199,-0.0719521345715845,0.824420638140432,0.612322589063973,-0.500511691323121
0.0595770014561865,1,-0.14892578125,-0.871265502177361,-0.619046549050689,0.536906824887349,0.808485174091239,-0.278687595293587,-1.17838779079207
0.638124488381706,1,-0.14794921875,-0.97240371483557,-0.137168695796116,0.872200126423265,0.208654745670537,-1.06165030039906,-0.795677860898185
0.716136616140165,1,-0.14697265625,-0.892050421807943,0.375692135563173,0.766008489977973,-0.612733203686354,-1.10021472391705,0.232682514674371
1.68773048506299,1,-0.14599609375,-0.649116884366494,0.754252969301034,0.253923225158898,-1.14824104478069,-0.371877167736603,0.824322930769593
2.18684848977363,1,-0.14501953125,-0.292117905922652,0.874757005662356,-0.440769467040826,-1.06713291998349,0.513798474102469,0.373488933517255
1.67725368022698,1,-0.14404296875,0.109733487546742,0.692987240155896,-1.0088479159319,-0.42511316503902,0.825175670217682,-0.61001076647244
1.15204854788939,1,-0.14306640625,0.47919868850289,0.257963451294265,-1.19631662504415,0.371277318032149,0.320075801880395,-1.04242698012514
1.31917238687197,1,-0.14208984375,0.74514498114339,-0.302866564749904,-0.920398708948813,0.822968925509098,-0.552746689077452,-0.415380578014904
2.15866614153403,1,-0.14111328125,0.855561790499132,-0.82242183372745,-0.307299307862034,0.655209416037968,-1.03067461780066,0.662620923965995
1.80302989626714,1,-0.14013671875,0.787090757671781,-1.14492124508797,0.365533207913071,-0.00840928761876063,-0.677272889013075,1.10534006388004
1.12339037090789,1,-0.13916015625,0.549333492207203,-1.17339804369753,0.796232322779504,-0.725318975895994,0.250300499152175,0.493161992833959
1.49915375154082,1,-0.13818359375,0.183151768562883,-0.89928249703381,0.796405213067971,-1.01625541606929,1.01404717838113,-0.48700552919629
1.09568140683411,1,-0.13720703125,-0.246731168566727,-0.405016549203545,0.377012442324417,-0.670997305111116,1.01019760610869,-0.77111581894107
0.599234375914737,1,-0.13623046875,-0.663481811855992,0.161098203695137,-0.257043918199149,0.116805701329553,0.272156099144751,-0.0452013084137922
1.07171182017116,1,-0.13525390625,-0.992121141630629,0.630136377186406,-0.801133465174051,0.871465684342848,-0.559323019736028,0.921598357404916
1.28058351385011,1,-0.13427734375,-1.17316078627176,0.864051163528287,-0.990791781767113,1.13637809773282,-0.773659835418213,1.09040547995372
0.908542687207443,1,-0.13330078125,-1.17342813326248,0.797712373537103,-0.723274292560786,0.763110312504383,-0.185872700698396,0.252350615900178
0.19877557085736,1,-0.13232421875,-0.992109577822116,0.458641382233155,-0.105137668199555,0.00477815725011091,0.708307936440623,-0.748214266280453
0.500449977039051,1,-0.13134765625,-0.660911563818458,-0.0415817161434369,0.595940785150817,-0.645589391759657,1.14743109353417,-0.90323303239585
1.41130926330583,1,-0.13037109375,-0.238309878623744,-0.541608982689959,1.07308325034081,-0.768931916462268,0.742210888454058,-0.102921300364356
1.02008927385325,1,-0.12939453125,0.201066147767719,-0.879832807481157,1.12011120202893,-0.286770047153168,-0.197422052471523,0.752369427053009
0.965819034664216,1,-0.12841796875,0.579982256163337,-0.943981571704829,0.725437581521088,0.488912132289305,-0.919810344534538,0.708349849812279
1.47116822163992,1,-0.12744140625,0.832614567199284,-0.705646052379067,0.0770106228250991,1.05421810983026,-0.858288575265828,-0.230304931947843
1.06513218259603,1,-0.12646484375,0.916480626385112,-0.229183266947951,-0.523939648485494,1.03411991188129,-0.102930186740805,-1.10163748695526
1.06866444313712,1,-0.12548828125,0.820114819039782,0.347728026475385,-0.800881016934315,0.421568892299125,0.677211113327142,-1.00114986949379
1.80131863294189,1,-0.12451171875,0.565091704622102,0.855945592848313,-0.628552092560316,-0.417068915530945,0.796160719701539,-0.0368599250615974
2.39886340351218,1,-0.12353515625,0.202029968341004,1.14635361569915,-0.0902185136089444,-0.973753424268895,0.127001998843157,0.785048355024662
1.90783213648602,1,-0.12255859375,-0.198694307822013,1.13525921975428,0.560580965270823,-0.920455902402746,-0.790237402904981,0.623062876325901
0.435204683203674,1,-0.12158203125,-0.559833041367934,0.829831453493481,1.01629129926343,-0.316397572164816,-1.19915906554019,-0.312033468983247
0.179470526648932,1,-0.12060546875,-0.81140297078252,0.325814660881657,1.05640308198929,0.43081077003898,-0.759138674616642,-0.983109967971306
0.376789535835301,1,-0.11962890625,-0.903498810905979,-0.221782749564116,0.648769913263328,0.825371200704671,0.169789008063254,-0.627062105177174
0.205407619166647,1,-0.11865234375,-0.815448665090406,-0.646068265141331,-0.0351878656241103,0.599414479486461,0.827643710848814,0.434154338461412
1.37173355534559,1,-0.11767578125,-0.559643613611117,-0.819239188846521,-0.698366768996782,-0.115929153720723,0.689255932761774,1.12969540369765
2.51199549965657,1,-0.11669921875,-0.179343118985592,-0.691578763705328,-1.05333825796792,-0.873269281239961,-0.0979261741360064,0.768088651690337
2.34565747190954,1,-0.11572265625,0.259145221955472,-0.306562766761326,-0.953274403733583,-1.19294811446848,-0.839165894417328,-0.235066583545896
1.80624008143057,1,-0.11474609375,0.678488702442158,0.212536258760625,-0.458562290303658,-0.867809873428959,-0.875926034257701,-0.799120702944394
1.5004418667169,1,-0.11376953125,1.00436712794445,0.700451941538207,0.191349288628256,-0.0950521413902721,-0.139210375062425,-0.322546883281085
1.74611245158099,1,-0.11279296875,1.17896993997635,1.00058208963766,0.687971556249697,0.64864918589629,0.790334088866631,0.68063916851794
1.33581894411852,1,-0.11181640625,1.17149601831755,1.01302190025721,0.795313098031371,0.909398021714445,1.16598552523543,1.12515800290842
0.889494561795714,1,-0.11083984375,0.98374491177718,0.725293790946586,0.458163920019562,0.543650430966415,0.697754656327537,0.50389288695425
1.8396138455375,1,-0.10986328125,0.649781792043442,0.216380840100304,-0.172425976787555,-0.191623975898043,-0.206510850633025,-0.573023441266128
2.05461961845099,1,-0.10888671875,0.229737256937526,-0.36717400068672,-0.808138059196013,-0.803442822112564,-0.783347170425324,-1.01968659775397
1.50796256914999,1,-0.10791015625,-0.201129190120166,-0.855807293689169,-1.15528676085482,-0.877367230431054,-0.552844522656857,-0.418484360885166
1.55951806622176,1,-0.10693359375,-0.566110980373977,-1.10851259809915,-1.04928526545569,-0.342135297262562,0.280011387868799,0.542601591732686
1.11834940095187,1,-0.10595703125,-0.800990954297774,-1.05570533686614,-0.53015272480021,0.483876507473045,0.997592113338729,0.801502435677382
3.17318492900854,1,-0.10498046875,-0.865695573180541,-0.720285662835818,0.175489708329176,1.09394932702644,0.971313989925383,0.0486063818160544
-0.546520299322582,1,-0.10400390625,-0.751545639308828,-0.210469802750068,0.757708055552948,1.11419074376712,0.189287779518914,-0.943081909736126
0.0356867441497182,1,-0.10302734375,-0.482784163326273,0.313415753124132,0.964588377355719,0.540497590377288,-0.731628245134705,-1.13347609980387
1.59531755902518,1,-0.10205078125,-0.112104085570003,0.688029428514634,0.716969129206007,-0.259258596108992,-1.05958674054587,-0.314476850715185
1.87340209129089,1,-0.10107421875,0.289008902140723,0.796998040239598,0.144100767627675,-0.77919210012264,-0.557638193739297,0.66946708062746
1.91746437636816,1,-0.10009765625,0.643359095452339,0.606516983534066,-0.476061884949522,-0.696806579127257,0.320356420389179,0.812555301666321
2.28087219672321,1,-0.09912109375,0.882165984257196,0.175690369787085,-0.844597119714767,-0.0775767652455127,0.811549679308571,0.0084197384290725
1.38173375917513,1,-0.09814453125,0.957658985680772,-0.361548026293934,-0.778922201674536,0.667296658579441,0.484090442475543,-0.84090698888897
0.685128322354481,1,-0.09716796875,0.851847384564265,-0.837409447742661,-0.296829405128913,1.04307932559071,-0.400275278311087,-0.782783198768656
1.06085529337366,1,-0.09619140625,0.579867529319461,-1.10160160401769,0.391213034554522,0.786963310226057,-1.10443026237578,0.174518915638749
1.56391771256147,1,-0.09521484375,0.187296654987289,-1.06736715107874,0.97798855133703,0.0362524835610332,-1.03241086216527,1.06641733200123
1.46347624841445,1,-0.09423828125,-0.258078774145975,-0.738141706188682,1.199813880078,-0.75767409394338,-0.228435859554968,0.988205825130467
0.61272572104113,1,-0.09326171875,-0.678542599489345,-0.206683698804689,0.95700452873203,-1.11499871553207,0.659091478729847,0.048653005615695
0.722937318041618,1,-0.09228515625,-1.00054171458614,0.37306270355555,0.359416358116042,-0.831222850393662,0.918553036279498,-0.747034179553336
1.16142860788347,1,-0.09130859375,-1.16802713840099,0.832781106798101,-0.323770031702225,-0.106048211998398,0.368557344653595,-0.560976556605143
0.66275141017423,1,-0.09033203125,-1.15261528069297,1.04097727850242,-0.787049660029093,0.584477747442209,-0.492520765797248,0.39171894206231
1.05821600507907,1,-0.08935546875,-0.958720087048323,0.942920786852588,-0.828110092318843,0.791248061096804,-0.905874350444827,1.07183275982593
1.63244421519706,1,-0.08837890625,-0.622722262627121,0.577137965099906,-0.440043972317009,0.378023108626598,-0.48949542215485,0.717328669303657
1.1131874829142,1,-0.08740234375,-0.206327290761593,0.063423558686069,0.185918319066131,-0.391748661427657,0.439974600486574,-0.347569157224798
0.789149873931756,1,-0.08642578125,0.214678150837197,-0.433961032492259,0.748390704569213,-1.02240692909102,1.13018591091212,-1.05125055544207
1.11117857130634,1,-0.08544921875,0.56422412262542,-0.756655101499965,0.974257936135629,-1.10140994665614,1.02095005322046,-0.703545706250045
1.87934035577892,1,-0.08447265625,0.779797542965647,-0.800740080375696,0.744195931327197,-0.562093640851222,0.211839034816684,0.278723789436197
1.80923626854586,1,-0.08349609375,0.82380481093257,-0.548621983070981,0.147838925489819,0.273166406064833,-0.621628674527671,0.816298874192268
1.05657066547046,1,-0.08251953125,0.69038847781707,-0.0745116009498892,-0.556666682859791,0.896860253376653,-0.793062001327109,0.311797543430733
1.41210202743499,1,-0.08154296875,0.406457337672406,0.478174385668161,-1.06023759058019,0.937770002073593,-0.178776538441187,-0.716390037468582
1.40597070374312,1,-0.08056640625,0.0267430035879305,0.94058948338551,-1.14378536598553,0.395686560973141,0.679954390554886,-1.1810463623641
0.884577628419569,1,-0.07958984375,-0.376216242973382,1.17003843144231,-0.778044474392074,-0.359700741320193,1.0314472517622,-0.575694173770744
1.43671998989555,1,-0.07861328125,-0.725339839369071,1.09360573078058,-0.136639072777085,-0.824976050761162,0.544558882521212,0.488701169899842
1.61173523462928,1,-0.07763671875,-0.953101568859886,0.730502652205268,0.483577984734611,-0.684071075010474,-0.411962960104783,0.927465254741252
0.798169385263424,1,-0.07666015625,-1.01389081794254,0.186304100058042,0.798460236462997,-0.0101260937354019,-1.07558651314971,0.32591329020472
-0.138228660408623,1,-0.07568359375,-0.892386739997707,-0.379166789779966,0.666581000449511,0.780203713183896,-0.925610203001309,-0.626020936319982
-0.130758252239944,1,-0.07470703125,-0.606419474055891,-0.800498881368093,0.153842390457542,1.19099379911309,-0.116653631418831,-0.867479108172524
1.0945691170651,1,-0.07373046875,-0.203796269577515,-0.957037088434392,-0.496875766406865,0.961931523697146,0.652514467121067,-0.0926020492518842
1.65164118741003,1,-0.07275390625,0.246330842418168,-0.809535436010579,-0.977134037818317,0.233722798969759,0.724955664716323,0.922134449218496
2.09025303327431,1,-0.07177734375,0.665985369517508,-0.411927256425105,-1.0544330987101,-0.541099555184443,0.0360135346238621,1.13558468180552
2.9514762242207,1,-0.07080078125,0.982496296241905,0.105377559222688,-0.679043901462485,-0.885290651311571,-0.832340806461782,0.340306188785043
2.19299912474555,1,-0.06982421875,1.1416661566686,0.575559944868183,-0.00727609786510816,-0.599477457130295,-1.13875228214476,-0.619523652757285
0.997957655967779,1,-0.06884765625,1.11758081381599,0.846577665375932,0.669479382774179,0.112062387408759,-0.603648538462853,-0.740949544373796
0.877341410291144,1,-0.06787109375,0.917275870627434,0.827827408346073,1.05749000624492,0.772321505559413,0.355416777224648,0.0782216936050485
1.07426345737747,1,-0.06689453125,0.579410979229317,0.518022684056528,0.994494757755979,0.935923099264663,0.971230042840857,0.933408208897909
1.17340137883819,1,-0.06591796875,0.167194169846381,0.00576602340436214,0.523390728889408,0.473424548828885,0.766607647876984,0.872700449842074
0.925946309900253,1,-0.06494140625,-0.243154919952271,-0.557363904222907,-0.127899269939598,-0.345186834957574,-0.0487403686908466,-0.0929296221486469
1.36951306981961,1,-0.06396484375,-0.576301950808184,-1.00299258404944,-0.651149109505691,-1.02093143725943,-0.756055569376642,-0.997084638306034
1.90534063977877,1,-0.06298828125,-0.771524400535078,-1.19729295693958,-0.799214373092951,-1.14194108786831,-0.731145012846783,-0.935502435465757
0.996666574792301,1,-0.06201171875,-0.793768352413245,-1.08180926046585,-0.499381955224596,-0.644376280866305,0.0313815347294345,-0.0181415822060389
0.602497980714396,1,-0.06103515625,-0.640022440883021,-0.691291649966991,0.113184160749632,0.147630140208902,0.911971015806689,0.750575514711337
0.811085610336277,1,-0.06005859375,-0.339848599441594,-0.143093893143105,0.757209096783362,0.728358974718213,1.18332194866554,0.536465715852462
0.303412459390124,1,-0.05908203125,0.0500267259427855,0.398627311052987,1.13402932587636,0.732031790267158,0.618283166943807,-0.440731239653226
0.436673604140635,1,-0.05810546875,0.456075681190884,0.77297591659402,1.06437819349422,0.165124708681257,-0.320095761843786,-1.13917527622857
1.49982418586403,1,-0.05712890625,0.801399040613291,0.871351265792708,0.570649044869695,-0.598172248936621,-0.86536554840783,-0.797179002601118
2.70735119884206,1,-0.05615234375,1.01977726444355,0.670477363581461,-0.13300897544512,-1.05444393734842,-0.587756239938222,0.2596208229055
2.81851064305384,1,-0.05517578125,1.06778347640516,0.239340343143789,-0.738243471852051,-0.891881360629859,0.247905443858433,0.959771401457078
1.71452348711312,1,-0.05419921875,0.93275201639309,-0.282080779691052,-0.983083828015007,-0.189506179509188,0.905784107689738,0.615318499820666
1.36423749551517,1,-0.05322265625,0.635150701421627,-0.725787552806195,-0.771257534571526,0.631880902870901,0.796941825259241,-0.354866897126338
0.932319109944734,1,-0.05224609375,0.224923762910319,-0.947306388883452,-0.215668982234134,1.07590920915293,-0.025540591599492,-0.87223689286287
0.10548890321116,1,-0.05126953125,-0.227529876361151,-0.870051780483771,0.413830779586815,0.88487290293416,-0.908611362835328,-0.343069048158233
0.761126218490968,1,-0.05029296875,-0.644101621503469,-0.508950095760531,0.814466850830049,0.202336876327739,-1.14343278516465,0.710128957912981
1.50597157408996,1,-0.04931640625,-0.953122276387487,0.0338986901513373,0.789594140251313,-0.51917476457349,-0.556555490431668,1.19820706802325
1.20333786264517,1,-0.04833984375,-1.10234028183953,0.600201691824486,0.339144581084947,-0.806686861645415,0.346398608024743,0.615074583635015
0.695642426218841,1,-0.04736328125,-1.06836738197608,1.02363731163477,-0.339929713747657,-0.468070932480118,0.804665741849702,-0.427965215779175
0.663781862355673,1,-0.04638671875,-0.860873102832246,1.1804941906744,-0.943434932943358,0.285393084270561,0.4391518717823,-0.848162167824782
1.39374164346736,1,-0.04541015625,-0.52076543731798,1.02731958858517,-1.19887314360143,0.973107951290878,-0.430672252388242,-0.234592180775922
1.39880605613113,1,-0.04443359375,-0.112689968765911,0.614079680147858,-0.989982319384286,1.15068962499216,-1.05490102824966,0.719953972717777
1.14958134347516,1,-0.04345703125,0.286786002204587,0.06881434654703,-0.409905441611169,0.69275088170909,-0.881969517507894,0.954918295778019
1.78906265956505,1,-0.04248046875,0.603152253763776,-0.441523663741579,0.281335833113458,-0.126804168019576,-0.0219339324318849,0.167343197724885
1.43557001951135,1,-0.04150390625,0.777551617042591,-0.762080794219667,0.775609945665093,-0.808035566759064,0.843452352326823,-0.863551848497486
0.773226924090996,1,-0.04052734375,0.777517223317227,-0.797382049308914,0.857355941263619,-0.94169899408378,1.02876766096725,-1.09610432193015
1.29321355053699,1,-0.03955078125,0.602895751752785,-0.540434993912252,0.501823771786629,-0.46820079603285,0.41596964794418,-0.323837773310786
1.72267859573841,1,-0.03857421875,0.285878037451994,-0.0747690092817878,-0.114057631082173,0.285749160112862,-0.44914688396954,0.609291405566347
1.50129390753811,1,-0.03759765625,-0.114868578403498,0.451210692256019,-0.693140356051538,0.81602288239811,-0.815638824096917,0.703380188755534
0.75197966904554,1,-0.03662109375,-0.524897728819993,0.869716421891652,-0.954558501053129,0.762679310814113,-0.357367671117378,-0.139147134814607
0.622914734776321,1,-0.03564453125,-0.867563387364767,1.04501697079321,-0.762799940844383,0.139832525064158,0.552928372660367,-1.01051658576451
1.16572804892458,1,-0.03466796875,-1.07800832339019,0.915103455713098,-0.190276874222755,-0.672364643207591,1.15481656887423,-0.958752129869386
0.771982795818975,1,-0.03369140625,-1.11501422152761,0.510848420279502,0.515251984454928,-1.16857270160894,0.936301782359605,0.00337239073810649
0.811647806197997,1,-0.03271484375,-0.968555228883988,-0.05320023598585,1.04352280633793,-1.03891440571398,0.0627033819688781,0.908571447220003
1.37590872240436,1,-0.03173828125,-0.661678840159329,-0.613583892551137,1.16326416374772,-0.365654871533965,-0.760568625387258,0.853905406652961
0.690975530580428,1,-0.03076171875,-0.246370734236987,-1.00764200517617,0.827630639196545,0.429075884746038,-0.876599741087473,-0.0487213035101436
0.244403142756379,1,-0.02978515625,0.205844585201375,-1.12298531303744,0.195349304993209,0.851292969131624,-0.224586793122488,-0.795095675313549
0.968454400784211,1,-0.02880859375,0.616857124766609,-0.931625463640373,-0.442085327739955,0.648576788347489,0.611547314908504,-0.554374947820429
2.14784799643797,1,-0.02783203125,0.91612148272245,-0.498340018965795,-0.793852299718705,-0.0302673654289065,0.894072447370038,0.449181840329228
2.76420242253713,1,-0.02685546875,1.05342859559256,0.0392778512979972,-0.702827940320009,-0.730746181438552,0.351035816316367,1.1709752908296
2.21540812171813,1,-0.02587890625,1.00797503823202,0.512986251012237,-0.217333980646532,-0.982646069306096,-0.594000758009644,0.849280260745035
1.92054974981932,1,-0.02490234375,0.79207986177324,0.775393049924502,0.431210352022899,-0.600087014936545,-1.17441442185202,-0.189462768891841
1.29323154193724,1,-0.02392578125,0.448873445346231,0.74505111047205,0.934499263704161,0.199097088172507,-0.920410031162521,-0.874740134107852
-0.100593949785418,1,-0.02294921875,0.0443803004589295,0.431372369954579,1.04880995081546,0.930584620398622,-0.0510843803117219,-0.521700534967364
0.100335959899216,1,-0.02197265625,-0.344561611304799,-0.0682510576050328,0.706992319393666,1.15024259036454,0.709287204210495,0.447815970793379
1.0482520838369,1,-0.02099609375,-0.644344528071781,-0.598239192782998,0.0497252360368864,0.735397532699737,0.737015587943554,0.955089699811175
1.18443994236714,1,-0.02001953125,-0.798039689446491,-0.992427646460455,-0.638279912538614,-0.0380146407871798,0.0300223352423554,0.40927381691334
1.18470506184884,1,-0.01904296875,-0.775801891421323,-1.1249379256381,-1.05796131601612,-0.671413664636171,-0.791734544701324,-0.663633999246318
1.28019738761509,1,-0.01806640625,-0.580334784069719,-0.948771452005762,-1.032164618229,-0.760790381737399,-1.00670816121803,-1.17297019863647
1.57213726030509,1,-0.01708984375,-0.246421323110069,-0.510333653416108,-0.586157856530194,-0.253547609558093,-0.397549548357017,-0.61320205077441
1.10999158346837,1,-0.01611328125,0.165395517788183,0.0645530866904837,0.0644135229555348,0.518274114024019,0.564719596169284,0.404121880898552
0.419645110356322,1,-0.01513671875,0.579831460116044,0.608879557538526,0.612603454153057,1.04949300444414,1.11237832701622,0.798521470976431
1.1133331333933,1,-0.01416015625,0.92057297029481,0.965249309726647,0.800930404914082,0.983564091692576,0.820985767946747,0.163398810339741
1.45848417600037,1,-0.01318359375,1.1241860267785,1.03373456977532,0.539417663224675,0.340096351231629,-0.0376156417157163,-0.804859667088195
1.41866527084705,1,-0.01220703125,1.15168901181008,0.80217478896179,-0.0531042695345421,-0.496535309884667,-0.724476960885688,-1.04513775356715
2.39828441887757,1,-0.01123046875,0.995682271269578,0.349667763155616,-0.703334295102024,-1.02029727520942,-0.653054099247017,-0.256461511168111
5.84470572073603,1,-0.01025390625,0.681735730334107,-0.17780746061133,-1.10861796351634,-0.923872141309926,0.119330129978246,0.780113595521239
2.0930612222281,1,-0.00927734375,0.263781242525607,-0.612183483383754,-1.07560033746181,-0.292744334191681,0.93929300627286,1.02323030685926
0.770029652746788,1,-0.00830078125,-0.185652226890897,-0.814824433789568,-0.608972989364253,0.450296763316954,1.104480398521,0.268044360874776
0.077521557974142,1,-0.00732421875,-0.588583636976043,-0.719029509541819,0.0902976054295891,0.814908478921174,0.452196266804573,-0.641251672781834
0.508579991205299,1,-0.00634765625,-0.875712845655421,-0.350531908235032,0.716463245672596,0.555708236259056,-0.502957367435665,-0.707589398762827
0.529104616069753,1,-0.00537109375,-0.998969448793884,0.180272196141952,0.998366111070911,-0.171113647486324,-0.997678927358005,0.161956627879519
0.9854242030563,1,-0.00439453125,-0.940193892082444,0.711992967071155,0.822944309720799,-0.906649924139775,-0.656344562840818,1.05614020554673
2.09261209525875,1,-0.00341796875,-0.714371496830234,1.08153029857485,0.286385936559068,-1.18079233983995,0.197112107174369,1.02240776094978
1.67483290489547,1,-0.00244140625,-0.366831804859946,1.17391621414936,-0.350451135765983,-0.811139406207543,0.812598963592093,0.0746270516287272
0.92202281101173,1,-0.00146484375,0.0350756262645671,0.957489494324295,-0.781937295473467,-0.0193167986212715,0.643659946367066,-0.819877907943135
1.13978930713214,1,-0.00048828125,0.414312201910456,0.493655687580198,-0.798012830747819,0.709236910557483,-0.193381628931197,-0.760409411453962
1.59863893746841,1,0.00048828125,0.698241799979685,-0.0817513226519552,-0.380747263683629,0.932935871965671,-1.01518766889308,0.138270164373012
1.73069812999204,1,0.00146484375,0.831916090954707,-0.599815418142161,0.287076674219149,0.533666100216305,-1.14205462164324,0.871322767392812
1.16522408144744,1,0.00244140625,0.788133807886377,-0.909965027963494,0.905295361993431,-0.209306081545092,-0.466088557276029,0.610548136354691
1.12641485053757,1,0.00341796875,0.572441563448438,-0.925774716082228,1.19349822208354,-0.79805345804006,0.458418144011367,-0.415787376318328
1.2205654119607,1,0.00439453125,0.222164907282438,-0.651154676988138,1.01923035665361,-0.83368944612624,0.87802746569756,-1.16060992679762
0.397847103293437,1,0.00537109375,-0.200354653017727,-0.178932946904947,0.458613306458045,-0.271074333864643,0.469261767709315,-0.862185911431341
0.628607929509955,1,0.00634765625,-0.619085895843536,0.337730846052393,-0.238351325020261,0.551411652730524,-0.392478776675053,0.15247363375534
1.33089282257065,1,0.00732421875,-0.958135650259392,0.732361555327703,-0.761926186664856,1.12600321670099,-0.949066118585372,0.814269683594622
0.809499302461305,1,0.00830078125,-1.15556073632563,0.876245674807986,-0.88401690098621,1.09754235376901,-0.696230749347241,0.442128235334992
0.266493285246675,1,0.00927734375,-1.17464945993235,0.717960395255013,-0.562115126074234,0.488718314127646,0.192148808609211,-0.538324991433069
0.330346818223755,1,0.01025390625,-1.0106185966619,0.299273512041479,0.0417339949015161,-0.314574501420216,1.00717762924387,-1.04730074968612
0.962673106955952,1,0.01123046875,-0.691506336476339,-0.257447948268769,0.635600463627191,-0.808444119933521,1.09589392198221,-0.495912242530446
1.21630513836574,1,0.01220703125,-0.273098239669936,-0.786478144928875,0.931793506538526,-0.690932948961712,0.40576091331796,0.587218481649162
0.905116031495849,1,0.01318359375,0.171190492568891,-1.12924893051056,0.779057977881455,-0.0533543695610958,-0.472727459319214,1.11065950469084
1.44079505835276,1,0.01416015625,0.563634972405483,-1.18271300887062,0.232341461887166,0.678543742883644,-0.800888572162753,0.569996092858828
1.4657211215042,1,0.01513671875,0.83629844745029,-0.930781280379965,-0.471807326460499,1.01615595976577,-0.310088622407451,-0.422649625281723
0.906079724497847,1,0.01611328125,0.94334212308488,-0.449231673768784,-1.02297275469522,0.719686211189938,0.573877130004139,-0.788992901395983
1.78902869738699,1,0.01708984375,0.869306755233366,0.117409974378722,-1.17846742834892,-0.0482320742644037,1.08796261197824,-0.126940270075315
2.70655121396332,1,0.01806640625,0.631859279983419,0.599955110547106,-0.874022581856045,-0.824655661010343,0.77172161009297,0.863111321926996
2.44286652901942,1,0.01904296875,0.278505553102654,0.856137835799197,-0.252944242894382,-1.13934801405709,-0.145580654796264,1.118864116714
1.46223570006913,1,0.02001953125,-0.122131101357018,0.81394420878051,0.399595106400469,-0.812522114689546,-0.934582992858737,0.340538139157047
0.531868306629224,1,0.02099609375,-0.492876414479808,0.493452179647932,0.787062075076429,-0.068130848736002,-0.973668549290428,-0.689871523615742
0.39461773311902,1,0.02197265625,-0.762127578395079,0.000514355124648661,0.737156461876753,0.609250616771866,-0.266637417617842,-0.932241421284766
0.0817276399631469,1,0.02294921875,-0.876959084399064,-0.505781863800019,0.280461127736497,0.782953248833939,0.56274206465419,-0.184241631218824
0.414306564592236,1,0.02392578125,-0.812824664786062,-0.861930991183801,-0.363828864417116,0.342039123949603,0.794603666315936,0.708933262802446
1.96509318070989,1,0.02490234375,-0.578087808683965,-0.950184459975804,-0.888558770167975,-0.428165107247647,0.216862965537821,0.75245451516644
2.16930288388689,1,0.02587890625,-0.212554951239548,-0.734750202741575,-1.03958573205519,-1.02765559924422,-0.696220207193181,-0.142336863238407
1.52209239864874,1,0.02685546875,0.219722547470185,-0.272952367780984,-0.732557733930273,-1.06003844667595,-1.18025793979944,-1.06086576473588
1.5256075312146,1,0.02783203125,0.642067935874867,0.302063771748888,-0.0920544065960656,-0.485202385246223,-0.820276343083915,-1.04988724714659
1.44947261710307,1,0.02880859375,0.979105277870637,0.821803781771081,0.604837308250205,0.354246739540828,0.101480788928824,-0.123995128365231
1.17034841278917,1,0.02978515625,1.17045738708611,1.13371430739317,1.05471863364035,0.949635745666756,0.840509770270093,0.750041246728694
0.754029911423652,1,0.03076171875,1.18172195896827,1.14762762215312,1.06613079609974,0.948317554486677,0.811265805942016,0.674532539179722
1.14483919979957,1,0.03173828125,1.01072777379195,0.863176211596226,0.646631903454731,0.376557101578409,0.0750132200406307,-0.232026303910341
1.9557836173279,1,0.03271484375,0.687932037520933,0.369805855818771,-0.0011208949652336,-0.378387260597545,-0.713718260928212,-0.963256791554071
1.55391338684739,1,0.03369140625,0.270886483004437,-0.180614251771248,-0.572474968663383,-0.815539481892084,-0.857132434025087,-0.692710209956339
1.50628560515206,1,0.03466796875,-0.166220412206178,-0.620215357479266,-0.800461962458421,-0.639625225155735,-0.200324004596034,0.348141906822846
1.73014031876517,1,0.03564453125,-0.546041405933949,-0.816404209394285,-0.578138394805683,0.0504236437646403,0.736951239547238,1.11040075089069
0.537333711013818,1,0.03662109375,-0.802115249963883,-0.712325503218556,-0.00760808473608132,0.823725468615962,1.1932718413784,0.832764207654273
-0.478019006665059,1,0.03759765625,-0.890921755876038,-0.344151957888363,0.646705160359846,1.1909284932023,0.801168083424274,-0.1569945604233
-0.30494395841325,1,0.03857421875,-0.799753087114312,0.170077911519152,1.07915597442238,0.915119593861363,-0.106329742674108,-0.79126091848081
0.70789409217737,1,0.03955078125,-0.548969046642961,0.666661520538852,1.08293907669268,0.162566591104727,-0.77462556203409,-0.393057359814045
1.61436357774701,1,0.04052734375,-0.18822672907245,0.986410552544122,0.645026661164087,-0.60251949231526,-0.658589167484975,0.607665046570387
1.74164560181847,1,0.04150390625,0.212627930044036,1.02347262346776,-0.0474646817901048,-0.912338552542443,0.122239160456545,1.12932676844933
2.22786144519135,1,0.04248046875,0.576347207344925,0.757876868646335,-0.692405063033036,-0.591925628023515,0.885056568436184,0.584148898459999
2.02070055549459,1,0.04345703125,0.832417941094848,0.26185577468595,-1.01034939625344,0.130706551338932,0.956889962710994,-0.497542922231359
0.798622948963976,1,0.04443359375,0.929972178355241,-0.321993642591428,-0.871823554421374,0.770657632484545,0.239790154541461,-1.02446293352353
1.01225862171822,1,0.04541015625,0.847120275514695,-0.824043587896082,-0.35598438441531,0.895557040201572,-0.704867147540566,-0.494144888893414
1.71791702476471,1,0.04638671875,0.595005979404003,-1.09923197530131,0.286163133769845,0.401596586645247,-1.1236488821535,0.480036766492686
1.50608382278299,1,0.04736328125,0.215844010749213,-1.07116515462884,0.747142698935577,-0.419315921103169,-0.699118003411224,0.821514806991236
1.04391574898471,1,0.04833984375,-0.224703678214757,-0.755259365520011,0.804172224093603,-1.06401882288323,0.186635373169608,0.132453959650206
0.7512746551165,1,0.04931640625,-0.649425978804507,-0.253856449074063,0.42151600563697,-1.13698938086926,0.773336817940774,-0.882736214658977
1.01348021496322,1,0.05029296875,-0.983569729163057,0.275189617827419,-0.232818796446686,-0.601035630707359,0.559794093588032,-1.16032189556455
0.845702385066658,1,0.05126953125,-1.16840644751831,0.666855064558142,-0.863692633146775,0.199508748594671,-0.276145703633887,-0.401223560215166
0.669422389822642,1,0.05224609375,-1.17188935413161,0.799446399454054,-1.18371023997507,0.75780687798235,-1.02633867964661,0.612319972485821
1.54067985786173,1,0.05322265625,-0.994460974463144,0.631828734797687,-1.04466182788885,0.726548452066389,-1.04534645037647,0.842258436019851
1.34997880483916,1,0.05419921875,-0.668954399399258,0.216008157690165,-0.505394998372243,0.138322921111222,-0.291538538566134,0.0896874809801513
0.527245420598426,1,0.05517578125,-0.254606486581756,-0.318776049725443,0.194936890055871,-0.615706290960559,0.636478522675991,-0.798285370423868
0.978990145362483,1,0.05615234375,0.173726839047308,-0.805589154126992,0.746016994997671,-1.03524320538036,0.99868265745346,-0.828226237857403
1.59120431608107,1,0.05712890625,0.539189639298786,-1.09088885996383,0.907974243455094,-0.829841729350672,0.530501290639815,0.0849762780241483
1.72067551069932,1,0.05810546875,0.776899936896922,-1.08155419013356,0.620685274464117,-0.104648454941546,-0.338229522662434,1.02395567417457
1.3571757142238,1,0.05908203125,0.845734711077325,-0.77348536685207,0.0307784329216224,0.705199747986279,-0.84525181948596,1.03508443071366
1.21037882473401,1,0.06005859375,0.735780710147391,-0.253033828996265,-0.57599662682741,1.10988825524376,-0.535820529971925,0.133732708563578
1.50307226099058,1,0.06103515625,0.470095136935291,0.32917900604597,-0.906072603540219,0.875030236961434,0.354941775414836,-0.714096869907157
0.970986958372735,1,0.06201171875,0.100456387786495,0.804061199613895,-0.792948457432062,0.169533136648895,1.09727921612278,-0.61417538318805
1.04922669880847,1,0.06298828125,-0.302120633056487,1.03548216486536,-0.273922423090712,-0.542698563417701,1.07637820841523,0.310618212321382
1.86531319754587,1,0.06396484375,-0.660376791316592,0.961630766044355,0.426451901869682,-0.798349519621155,0.306352644669814,1.05156416623369
1.07099258473183,1,0.06494140625,-0.90494205008302,0.61367100202772,0.998636148528782,-0.429670544668599,-0.581354574549182,0.783071395875193
-0.137511863609102,1,0.06591796875,-0.987035484467008,0.106001951996139,1.18933155488782,0.328653165866791,-0.865463022726799,-0.261105776158262
-0.389188205500717,1,0.06689453125,-0.887418530965267,-0.398896915583752,0.917059956824107,0.988675752223241,-0.336971459100775,-1.03112123425734
0.0760033035831904,1,0.06787109375,-0.619970155479216,-0.740290385497056,0.309233152253586,1.11959700965804,0.527768687267684,-0.766862614614959
0.893430387437373,1,0.06884765625,-0.22923179213673,-0.808456347214431,-0.356241421172992,0.622106304162941,0.967711269473613,0.202559554791872
1.43325989585322,1,0.06982421875,0.217632170521905,-0.578343487102714,-0.778099141113546,-0.207723571589527,0.576168618454897,0.810665625644402
2.38278130909743,1,0.07080078125,0.642995796425919,-0.117332197107054,-0.769434162644475,-0.865638245087429,-0.356538791287872,0.384471787922283
2.63256074613681,1,0.07177734375,0.972841825411811,0.435274936975211,-0.342990876330857,-0.958568492872757,-1.08365778805485,-0.641597811799217
1.27936736955643,1,0.07275390625,1.15018003217829,0.91076952481602,0.294982761039964,-0.453239699494657,-1.02467353405045,-1.18378401084595
0.924017220083649,1,0.07373046875,1.14537163659273,1.16257331565063,0.839496499233098,0.303923316977804,-0.249258314472892,-0.654808623808094
1.33787133958431,1,0.07470703125,0.961480888192752,1.11105006313322,1.0268251939129,0.808186851544465,0.582282304496713,0.41408037398312
1.09540057683168,1,0.07568359375,0.633680224345162,0.767902883237354,0.755690846049155,0.718429093965903,0.772162622657286,0.932634703914548
1.09264717556603,1,0.07666015625,0.222817927408166,0.232702191486728,0.13415861236288,0.0749373129298323,0.169037911711865,0.401262017410024
1.45401441858377,1,0.07763671875,-0.19568011027462,-0.337397735030797,-0.56922868565552,-0.725389156035745,-0.705842748005584,-0.564526507797263
1.98756979431986,1,0.07861328125,-0.545553542423594,-0.7755057210313,-1.04774190416048,-1.18070913309128,-1.095766576521,-0.88910291130472
1.74520871172614,1,0.07958984375,-0.763593273292045,-0.955791563504834,-1.09625399115695,-1.00286017122328,-0.643187933216968,-0.178272119652738
0.928897404214451,1,0.08056640625,-0.811141542635787,-0.831721322334124,-0.704590688379961,-0.300443593459757,0.309189446325869,0.859955701481094
1.09254103909953,1,0.08154296875,-0.681112728036108,-0.450054765941766,-0.0617527026604415,0.489984259952259,1.00289548162049,1.16058036929155
0.72019561238657,1,0.08251953125,-0.399256893936964,0.0636655306509469,0.530906759152224,0.880892948231615,0.89587285186644,0.425130578667874
-0.0152695181854699,1,0.08349609375,-0.0194364824686279,0.543694722958235,0.797814412082873,0.642916622863338,0.113597893550581,-0.564259910274635
3.97704306144745,1,0.08447265625,0.386223296888429,0.834944070873901,0.615413196608005,-0.0502904791049352,-0.658131571364288,-0.772187488877267
2.26897787230995,1,0.08544921875,0.740516350074344,0.840574687706091,0.0687426144189876,-0.733501414038321,-0.74890522197542,-0.0039206299001385
2.66500937965197,1,0.08642578125,0.975269001615179,0.551781749809401,-0.58752472961077,-0.946783488997831,-0.0661273546557896,0.890658562551624
2.25413400837919,1,0.08740234375,1.04381417663691,0.0506652626447968,-1.04576222765466,-0.529051461690642,0.826479116361722,0.918597017115238
1.56029122843376,1,0.08837890625,0.929554261423965,-0.514694229691554,-1.08639647772624,0.27832272951922,1.18003524614859,-0.002570364422764
1.18651496377347,1,0.08935546875,0.649052497183636,-0.975344871375222,-0.678721120414068,0.983752985362001,0.687173718413817,-0.953504542702783
0.256749760474956,1,0.09033203125,0.249088888842325,-1.19298051686971,0.00461868840070397,1.15683165945929,-0.260087876951831,-0.980862562655118
0.0702287649595784,1,0.09130859375,-0.201784552402894,-1.10213007788783,0.666113625327636,0.70101389715982,-0.897058381554377,-0.101248661402086
1.20277776432786,1,0.09228515625,-0.625652930423412,-0.730132358923083,1.01895874710066,-0.0856712269808005,-0.724409845799741,0.719888484140789
1.05161938964715,1,0.09326171875,-0.949353855042037,-0.188794935230276,0.917699138629681,-0.70043692746739,0.0761558562639891,0.591823292735102
0.309729151080057,1,0.09423828125,-1.11773032346142,0.359715070098847,0.424201747787589,-0.755423786354745,0.796241498890197,-0.357891379753874
0.423965705574625,1,0.09521484375,-1.10360930225799,0.752329487787132,-0.221208540013139,-0.224068901756699,0.795824593219941,-1.1176794963518
0.745477556281063,1,0.09619140625,-0.91269030068773,0.874779908152913,-0.710222981333712,0.542416029866525,0.0410580472693772,-0.862101460973846
1.03229682673064,1,0.09716796875,-0.582454872078751,0.696360636867195,-0.80807159384372,1.03891098470317,-0.865286077396571,0.173652872994502
0.977555908175552,1,0.09814453125,-0.175296479779165,0.27913777395522,-0.461329712034506,0.928286947057762,-1.18633218153788,0.939711075991205
1.35869225582957,1,0.09912109375,0.232877662314419,-0.241204490163177,0.177328182616945,0.256710976485393,-0.666265469652676,0.678067226926077
1.68258749418434,1,0.10009765625,0.566496882901498,-0.697024166854803,0.818763647297868,-0.574531903216306,0.256439539710163,-0.279994346964626
0.82481899246167,1,0.10107421875,0.764107272032051,-0.940156187664639,1.16954755091072,-1.06284727790587,0.816071101297245,-0.868435949744373
1.00036531441349,1,0.10205078125,0.789572524267072,-0.88740310212668,1.06620506303499,-0.922519764029019,0.559911713618207,-0.417765364739575
1.98224657453288,1,0.10302734375,0.638655882638968,-0.546178992976366,0.550114248782424,-0.265113951262782,-0.273966150747289,0.633396319143085
1.70404343126504,1,0.10400390625,0.339784773837068,-0.0124668318612547,-0.151212305682919,0.472510070494794,-0.957356863093503,1.19913635705501
1.16902262784168,1,0.10498046875,-0.051140967536934,0.558292395796516,-0.727906676775803,0.806764320596258,-0.883062870897894,0.692444685664324
0.970271763298938,1,0.10595703125,-0.460951756178925,0.998491110595386,-0.929116936978604,0.515393670524421,-0.0751008013073172,-0.35498506336759
1.09551302682076,1,0.10693359375,-0.812563789368193,1.17938501951543,-0.67730636863566,-0.220794979126401,0.829020286042677,-0.854622531795639
1.08592728469307,1,0.10791015625,-1.03905526641533,1.05027675716486,-0.103204584344148,-0.932634953851837,1.10926932445072,-0.310573917286704
0.764344861680939,1,0.10888671875,-1.09589975458013,0.653886826521456,0.51456105497406,-1.16084377274636,0.563233202088183,0.658611231461507
1.28140800782944,1,0.10986328125,-0.969128563699808,0.113219152138007,0.877514506961172,-0.748254646460997,-0.326530465204851,0.977332082607729
1.08481098037635,1,0.11083984375,-0.677935081354365,-0.406064175018886,0.804456442055798,0.0597103971117754,-0.797816832265955,0.254175662787249
-0.106102529827918,1,0.11181640625,-0.271245870427278,-0.746263583284656,0.314909481015524,0.770210396349837,-0.447566799213491,-0.799986883666273
0.335334708344865,1,0.11279296875,0.181118283042351,-0.805793712392877,-0.379313204485002,0.955217995740586,0.430375149336998,-1.11944830861241
1.54462531806054,1,0.11376953125,0.601083241978532,-0.570156873143584,-0.970576504304357,0.522420908311366,1.09115175531041,-0.406674525482404
2.18897926533098,1,0.11474609375,0.916464008894859,-0.116277727696767,-1.19580978623488,-0.227326486626596,0.962708735023469,0.556234475353426
2.42843907226455,1,0.11572265625,1.07403515396355,0.411122603252336,-0.956596136472523,-0.792456486845131,0.12559013407251,0.736709001617293
2.19507325968403,1,0.11669921875,1.04915068551796,0.84389231395991,-0.364032273394781,-0.790671247600032,-0.752774055615483,-0.0553846673298889
1.78756452464955,1,0.11767578125,0.850163082485722,1.04199731921309,0.312158636939504,-0.203029828701342,-0.974414864021097,-0.966761398595177
0.572659417645992,1,0.11865234375,0.516838073546921,0.936500189294384,0.76697782777575,0.613046002746819,-0.39247451255829,-1.00416082854809
-0.164837665642312,1,0.11962890625,0.113054870271177,0.550834881132569,0.799533232557397,1.1501598007479,0.468325771942455,-0.0868717809754806
0.862823283206133,1,0.12060546875,-0.284878080979468,-0.00612744082567573,0.404690379224799,1.07287698618971,0.853038627266242,0.864721841308365
1.18897364422364,1,0.12158203125,-0.602163585969915,-0.573108912094243,-0.224929821090388,0.430626877183549,0.410267052166546,0.898446843459846
0.904567241568745,1,0.12255859375,-0.779173509529555,-0.985467159235595,-0.787507752367199,-0.373727511597217,-0.512008745496053,0.0329095879347976
1.4069134722971,1,0.12353515625,-0.782336577883985,-1.12527307375196,-1.01060533777577,-0.83967547397442,-1.15616706319369,-0.766403991706791
1.60259651001169,1,0.12451171875,-0.610273320667347,-0.957131509795206,-0.776350454471103,-0.686646057302957,-0.987927097833926,-0.611897510989133
1.27551507935013,1,0.12548828125,-0.294060790330646,-0.538807296744542,-0.175933150558945,-0.0315767082620726,-0.143057604616429,0.364335598021786
0.670547124321388,1,0.12646484375,0.108421366984698,-0.00341520140473137,0.531539260673327,0.686355809602372,0.685901799621116,1.14774436523422
0.678645408091471,1,0.12744140625,0.523034157979487,0.481381199693854,1.03702481171978,0.985958662862398,0.828153176271762,0.912673204803094
1.27320031599555,1,0.12841796875,0.872892125527225,0.764693938134372,1.12240940522488,0.651049269712922,0.194438797686306,-0.104845169165592
1.06967036693251,1,0.12939453125,1.09238535355243,0.758576596633504,0.759822478719353,-0.130906084973498,-0.650132815073504,-0.855682313473976
1.67011477852515,1,0.13037109375,1.1391572300303,0.464926734442471,0.123985135385253,-0.886714041734785,-0.96104705190686,-0.584820375401651
2.94613930216355,1,0.13134765625,1.00185665026141,-0.0250945326504574,-0.488044127346869,-1.1570492710184,-0.439626839196038,0.3733627809358
2.41840628008615,1,0.13232421875,0.702252546623673,-0.558948466562746,-0.792997678200577,-0.787368217199973,0.514686811666799,0.952383176790714
1.18403801592716,1,0.13330078125,0.291324947993116,-0.96939033865435,-0.651113260564854,-0.0252979231311419,1.13623281877564,0.48544618846282
0.399867343222463,1,0.13427734375,-0.159956655906369,-1.12566719777621,-0.130085105494267,0.637356139997744,0.931671750289165,-0.585272132726149
0.0801989509437001,1,0.13525390625,-0.573489692164954,-0.973598666581153,0.526006810216087,0.777540665623032,0.0910722547771812,-1.17214279012964
0.155780765253608,1,0.13623046875,-0.878189978741361,-0.552292990087931,1.0085706463639,0.309920766747245,-0.6722835217916,-0.688615926437199
0.299348135332668,1,0.13720703125,-1.02286291401774,0.0176124476133942,1.08598913850253,-0.459066062279657,-0.719278163372941,0.333240827222949
1.31884057796983,1,0.13818359375,-0.985452141894567,0.570598531089023,0.709976507276434,-1.0264139442894,-0.0196953374084541,0.806941646263403
1.746899714757,1,0.13916015625,-0.776983021303234,0.946609601676375,0.0381326616126768,-1.01292572924832,0.823066053890227,0.240840852149471
0.687819736387907,1,0.14013671875,-0.43948413867346,1.03972208545019,-0.637640698700474,-0.405111952476869,1.07794143726902,-0.742746873456182
0.775544690250444,1,0.14111328125,-0.0382664906487305,0.830274584853919,-1.02413056846699,0.435172332705596,0.499449343894296,-1.0673967383225
1.54065904346515,1,0.14208984375,0.350032785326504,0.390649855992565,-0.960385546093496,0.999528876170469,-0.46492570922504,-0.343562235794867
1.54642788309522,1,0.14306640625,0.65146417227174,-0.13705193152307,-0.490781168441072,0.954896095792601,-1.04684441200992,0.715935756586572
1.48198679348727,1,0.14404296875,0.808284540389144,-0.584622580562862,0.155829742633652,0.353993901792491,-0.797538225014869,1.04551454740809
1.4122462781402,1,0.14501953125,0.789518651327475,-0.809310587064506,0.671323134358058,-0.399356790971898,0.0391035817234924,0.349258092396798
1.47473340876594,1,0.14599609375,0.596639667639914,-0.737584131739675,0.809715427469703,-0.807941825408505,0.732775425093022,-0.59029216537919
1.03065251671089,1,0.14697265625,0.263333735454545,-0.387719265695931,0.500067963107058,-0.598049796212924,0.679640324781181,-0.74316311543031
0.64595081432049,1,0.14794921875,-0.150609051088057,0.135690362160506,-0.120783629005475,0.105892172078412,-0.0910193079288177,0.0761683484590754
1.55746460682081,1,0.14892578125,-0.570165448253516,0.673627386294633,-0.770658962740738,0.859966563242034,-0.940356991222453,1.01075325775214
1.48970490948117,1,0.14990234375,-0.918732648757724,1.06120645170112,-1.15106557703491,1.18273294994545,-1.15407507738694,1.06653031354138
0.426246057226691,1,0.15087890625,-1.13207886509729,1.17805908230506,-1.08380370129617,0.861316327896648,-0.540261180573142,0.163848230330613
0.52173755483769,1,0.15185546875,-1.1700508872002,0.985155268713559,-0.592643821118253,0.0870744689074945,0.409236400840588,-0.776705093942886
0.869270455131522,1,0.15283203125,-1.02390681800397,0.536811873029154,0.107296482729765,-0.665398104376814,0.928957078119783,-0.805042911222936
0.970381792391868,1,0.15380859375,-0.717938553809959,-0.0357827690303754,0.707625311997513,-0.939059605355402,0.618440009214277,0.0573108996093234
0.949772470873201,1,0.15478515625,-0.305088086111772,-0.564497993548775,0.947342193251183,-0.583875512564116,-0.224872847635932,0.843990213567882
1.0445819548703,1,0.15576171875,0.142644901455441,-0.895449524832121,0.731756419281771,0.148977622467952,-0.856827809452234,0.669817175879261
1.32475800566811,1,0.15673828125,0.547258454150207,-0.935814564907551,0.175269588883457,0.76797551204717,-0.711544167266442,-0.329102622047097
0.704585984095494,1,0.15771484375,0.838890706300352,-0.68197670574989,-0.451531600809148,0.8548795920425,0.122840083728089,-1.13554750446392
0.874311108033508,1,0.15869140625,0.968475303721043,-0.220408084202635,-0.846246412736188,0.331748634934696,0.975830124445281,-0.923696130610627
2.392465408118,1,0.15966796875,0.916606818427059,0.298975022775661,-0.81357351592451,-0.488430437582748,1.15381820928356,0.0697885709551237
2.4847046345435,1,0.16064453125,0.697003190841597,0.708837743586454,-0.355192558023148,-1.09972410833765,0.519133836383856,0.796979691151061
1.66053405049798,1,0.16162109375,0.353935990566466,0.875767148967607,0.330526734600313,-1.12406280283407,-0.395475324851476,0.506507945570262
1.04628084839522,1,0.16259765625,-0.0459024183619438,0.741238114340055,0.938872028015149,-0.551022481083451,-0.832666912425398,-0.463347791008409
0.333960043252764,1,0.16357421875,-0.425612853264453,0.339684501618133,1.19787242889826,0.255793460255605,-0.443633993930067,-1.04476366420357
-0.101164574476849,1,0.16455078125,-0.712159444484649,-0.21184981461608,0.992498720272745,0.789816319445329,0.421125892677984,-0.572726078283148
-0.136435074046295,1,0.16552734375,-0.849733027105296,-0.749322919175026,0.417165415308431,0.723166351151392,1.00660442118397,0.507906145341084
1.01039956342036,1,0.16650390625,-0.80997362854493,-1.11169440490345,-0.267480989656618,0.114483780796549,0.786907798516559,1.10854500285174
2.07136142202323,1,0.16748046875,-0.597189822904316,-1.19004104832295,-0.75371725559901,-0.629125230595237,-0.0925205004805396,0.643677623900817
1.44186664168034,1,0.16845703125,-0.247623728717842,-0.960786332415584,-0.827330995749665,-1.01180430924146,-0.934197490470747,-0.353906488043313
1.36614337938416,1,0.16943359375,0.177105363717812,-0.492893696994019,-0.465327814760634,-0.765212918098647,-1.06975868508898,-0.799670955491524
1.76682140478712,1,0.17041015625,0.601185738260035,0.0731737144536455,0.153933122846507,-0.0202834194220633,-0.416907879622197,-0.206376777478916
1.17099313976655,1,0.17138671875,0.948390559088395,0.568299928431243,0.732798357730294,0.774750739531658,0.453665881740477,0.799499346088761
0.823159331196418,1,0.17236328125,1.15593975600743,0.846281967669098,0.991014963457354,1.13801783988635,0.797268854295927,1.14010059617078
1.06369726913079,1,0.17333984375,1.18592295669748,0.828364284606485,0.794503392219286,0.859136237127192,0.319254650565398,0.426968540899556
1.65184007281859,1,0.17431640625,1.03220383365629,0.52714028536961,0.21727376366275,0.131936022649701,-0.578018425455222,-0.626016668499466
1.84625211145423,1,0.17529296875,0.721548766930299,0.0425232961610464,-0.491862251695109,-0.569530631789639,-1.13196536835181,-0.9543257956595
1.58122527092651,1,0.17626953125,0.308774135797429,-0.468977553234801,-1.0225749666821,-0.792849342055578,-0.858518514132337,-0.264549427555874
2.05785023142507,1,0.17724609375,-0.133204583030146,-0.842285474919279,-1.14448729726061,-0.395096669927422,0.0416032203802518,0.659552230454145
1.47889033773484,1,0.17822265625,-0.526610661648479,-0.954410566744578,-0.81212680418871,0.366276004417196,0.849078187583243,0.789992424042214
2.73917526176907,1,0.17919921875,-0.802921354169817,-0.762250554532153,-0.185358860409836,0.997292134348133,0.925692376469698,-0.054543176473381
-0.432639758060292,1,0.18017578125,-0.915291344722983,-0.315984153011714,0.444034045806437,1.08188647318159,0.245968792685636,-1.01360504804079
0.24489875763343,1,0.18115234375,-0.847023375768897,0.256040264097709,0.78602620385233,0.547062449607672,-0.583918894750447,-1.09223780184665
0.849234484249318,1,0.18212890625,-0.614544808177443,0.786309890675227,0.685112381160036,-0.289787227311186,-0.8356229373496,-0.211501713464491
1.50898733780673,1,0.18310546875,-0.264349246616121,1.11913612189168,0.191418194005935,-0.921516393029176,-0.270098038380744,0.708388187665104
1.96467724641374,1,0.18408203125,0.135538797439179,1.15805480983721,-0.462375170494584,-0.972354389425884,0.660635688683639,0.720186533419277
2.18775489966867,1,0.18505859375,0.508021002391597,0.895161960880318,-0.967729632085129,-0.435489658734279,1.19035507318757,-0.150796785115387
1.2737121750969,1,0.18603515625,0.781034833315035,0.413426519537257,-1.08174797491534,0.323830297104309,0.878907394960477,-0.936400885061085
0.725072482867709,1,0.18701171875,0.900745503522846,-0.138723692316265,-0.738722127429662,0.801593541698228,-0.0197312568219963,-0.752971187594651
1.7496740671689,1,0.18798828125,0.841417251175395,-0.592777410664562,-0.0806825898339303,0.676384885048923,-0.769531137569865,0.260186128455264
1.77434229382206,1,0.18896484375,0.610165506834629,-0.811614183454635,0.607045141872689,0.01452030862089,-0.767213748984205,1.08384256175689
1.08758084689966,1,0.18994140625,0.245723609744893,-0.731352692789463,1.02581301549101,-0.77146139595569,-0.045481000005101,0.892469382711731
1.08359731343021,1,0.19091796875,-0.188552434946644,-0.380789947042971,0.999708679008344,-1.18459963644033,0.756257016984484,-0.0764280804598361
0.955840571788186,1,0.19189453125,-0.616168504553742,0.127505192752446,0.555472534097353,-0.959234915666671,0.929046579781404,-0.776173542701779
0.766552188653877,1,0.19287109375,-0.961376091974155,0.631720523944884,-0.0902687939802708,-0.229999518143444,0.28989962767239,-0.459346513721777
0.600488155855454,1,0.19384765625,-1.16292816615015,0.970399370398326,-0.630592612314593,0.5533344970259,-0.662723066424068,0.531349664500916
1.02739040598191,1,0.19482421875,-1.18520325104168,1.03195359712311,-0.809113313193968,0.911050976920063,-1.16368587052176,1.12604329218736
1.42940664999245,1,0.19580078125,-1.02467283567286,0.788960206853074,-0.537611348804364,0.637502583896166,-0.819335694956585,0.660658004607027
0.425329379061082,1,0.19677734375,-0.710534909715162,0.30675895663203,0.0633700614160181,-0.0692346302351809,0.0647380789444953,-0.418182541069114
0.289651032058178,1,0.19775390625,-0.299398427849462,-0.276281113940174,0.719542286141394,-0.734417503235652,0.740457726343763,-1.02184925285866
1.29829086337093,1,0.19873046875,0.135013513904288,-0.790803671698493,1.1283365771737,-0.909595031281534,0.643648546877335,-0.566706119064067
1.28579659031647,1,0.19970703125,0.515267229442792,-1.08797803125908,1.09741679331336,-0.458863146174495,-0.134025325402602,0.413042582695355
1.11525562606378,1,0.20068359375,0.774288679315113,-1.08475208589076,0.632865814723331,0.353576088410679,-0.922413664348843,0.834314728195807
1.18852203650524,1,0.20166015625,0.86753911853986,-0.789026369516982,-0.063307217496459,1.03025686396698,-1.03476427720779,0.214012526580402
1.19087255492509,1,0.20263671875,0.781079968224524,-0.297063876653759,-0.685208823712655,1.15570738840726,-0.343971783343465,-0.817243312749035
1.05682997263505,1,0.20361328125,0.534059298354905,0.236068573640936,-0.96255599316432,0.659802446255296,0.609023164612662,-1.1799293153106
0.87397904822472,1,0.20458984375,0.175168077198685,0.643993704253606,-0.783820226671508,-0.138131038108161,1.06550266311425,-0.486199628888357
1.74069960820882,1,0.20556640625,-0.226287637102951,0.799940021427753,-0.246699882509947,-0.732464738078542,0.681341283310771,0.549688002541068
1.8620258254369,1,0.20654296875,-0.59307203164104,0.655524248804971,0.387150777806302,-0.752552325764948,-0.187435981043928,0.865088284857681
0.300636140183466,1,0.20751953125,-0.854151671833643,0.255550910945853,0.812403391965521,-0.197954929401359,-0.784668929509157,0.170006650288239
-0.210991138147227,1,0.20849609375,-0.957700236167544,-0.275692540189694,0.820297644981881,0.561874208305957,-0.588513815943599,-0.749664475612488
0.0739742049032348,1,0.20947265625,-0.880606888590126,-0.772457908729376,0.39466199558402,1.02321680627336,0.250585574785076,-0.867072390726706
0.298476042199844,1,0.21044921875,-0.632755891074861,-1.07825898976178,-0.280235666277441,0.869234335477693,1.03491458618973,-0.0043805560508705
1.13540954010314,1,0.21142578125,-0.25529706103734,-1.0937973215057,-0.90361543909941,0.172476175304681,1.10295175038736,0.975014796520328
2.13063375677234,1,0.21240234375,0.186779213692569,-0.807447041086389,-1.19550699798879,-0.650009365923168,0.383151122242475,1.07559258402384
2.79850436961214,1,0.21337890625,0.616411678852369,-0.298982195406072,-1.02464998195139,-1.10049046091655,-0.545290729073777,0.219196022083627
2.10340531035925,1,0.21435546875,0.958440807503579,0.284596637322816,-0.468464509795958,-0.915683628508614,-0.935579323216835,-0.674524399631861
1.10163759793306,1,0.21533203125,1.15324129037193,0.773756722124789,0.222342207799499,-0.232975711738437,-0.496252313484862,-0.661598943612409
1.55642186726464,1,0.21630859375,1.16753324806212,1.02800029938928,0.738341372367967,0.497854170373479,0.367153508504022,0.228239177964821
1.4239585885649,1,0.21728515625,1.00040453795174,0.978556949308148,0.852710447081176,0.801260598820629,0.893749480303218,1.02424342599011
0.821467051264437,1,0.21826171875,0.683448306292615,0.649164938820008,0.524673310519919,0.47870154678878,0.606276124548341,0.843393753486822
1.38968649594493,1,0.21923828125,0.274991222929932,0.148598868814435,-0.0822599960750394,-0.264901489146668,-0.287324132504479,-0.172725791714717
1.81887693071023,1,0.22021484375,-0.150536413116368,-0.362768016838851,-0.675583797813517,-0.951398882416732,-1.06585373784701,-1.00376389216004
1.67125774965611,1,0.22119140625,-0.51615315199774,-0.722146670046615,-0.968154176680073,-1.1335718959791,-1.09659569287665,-0.825254756259309
1.17597648821213,1,0.22216796875,-0.756333957915363,-0.814230505363081,-0.810124437434819,-0.679891866013701,-0.363507844523894,0.123862198475862
0.845357825912443,1,0.22314453125,-0.828922664815633,-0.606561396023693,-0.258076792441116,0.141126661595416,0.519957413611659,0.797792896263293
0.708192189339532,1,0.22412109375,-0.722780736793993,-0.159555846631681,0.450298749081969,0.830626710062393,0.824096014448488,0.452942876566652
-0.328735758858165,1,0.22509765625,-0.45978018292609,0.391874374736028,1.00441403789719,0.975355017100935,0.312860830541592,-0.563432112438775
-0.246327602453903,1,0.22607421875,-0.0907783712184465,0.879494409540697,1.16239347771379,0.509104901642425,-0.559797681340207,-1.1790417787797
1.47243431961597,1,0.22705078125,0.313691673355219,1.15313468165101,0.861315220477703,-0.246448136227647,-1.03135287676994,-0.730155851399571
2.08525620227154,1,0.22802734375,0.67631963645457,1.12659699195406,0.245661712411044,-0.787411559757802,-0.670673907550679,0.33560668140801
2.04494805542799,1,0.22900390625,0.927155607221136,0.804053704643123,-0.399024642379958,-0.749070742864808,0.258999283534493,0.930460904951359
1.97687895200578,1,0.22998046875,1.01641202286599,0.278873644401923,-0.776918911354201,-0.138693662627901,1.01789664608504,0.473573202648454
1.39104173434016,1,0.23095703125,0.92359791576427,-0.29476918672175,-0.717287418816187,0.668264020122153,1.00627039456585,-0.498547147426936
0.662819389025611,1,0.23193359375,0.661321231485668,-0.748834196397572,-0.252522166845914,1.1661813376964,0.263977501584822,-0.903483451561574
0.129814308584278,1,0.23291015625,0.273065727783867,-0.952564921637046,0.396862684816416,1.04027390930273,-0.564739334433222,-0.261646599128215
0.876569523492513,1,0.23388671875,-0.174654010771073,-0.852230558405683,0.923401430302367,0.366577003488566,-0.771690338307446,0.792628590937173
1.49484477276957,1,0.23486328125,-0.604332333511041,-0.487322861849312,1.07371795132575,-0.436187100652983,-0.17815792710883,1.17834198496751
0.515102789670618,1,0.23583984375,-0.941516187482808,0.0217340190114464,0.764896501041043,-0.872275652570567,0.715235465803521,0.508189102180864
0.381645141394137,1,0.23681640625,-1.12829691762175,0.510600483126442,0.122925409910928,-0.683301446880967,1.14761705499729,-0.503523927052431
0.924548770749789,1,0.23779296875,-1.13379484740708,0.821451058886131,-0.574392911205216,-0.0115478568062198,0.735270599843358,-0.796593017471126
0.789552969816091,1,0.23876953125,-0.959728719789886,0.851405142738943,-1.02396636154667,0.691529602379811,-0.205967549352477,-0.0851739784620236
0.966370135205821,1,0.23974609375,-0.640056869283349,0.584158264430407,-1.03550661998583,0.953411115549384,-0.923135627029982,0.841853764181251
1.34401638139255,1,0.24072265625,-0.234756231076686,0.0951456830194041,-0.618033474784946,0.58206371911331,-0.853954072746479,0.957859348685032
1.60025898696604,1,0.24169921875,0.181127520867277,-0.471343780480923,0.0247664640461202,-0.210777018619378,-0.0949019145794107,0.0875792184789659
1.17505396652791,1,0.24267578125,0.531164576326011,-0.946116233450994,0.588184720208669,-0.943006864578683,0.681900772526054,-0.903471713332914
0.701577215553092,1,0.24365234375,0.751468439965906,-1.18666103823399,0.806279823298075,-1.16750745154867,0.793316171352588,-1.01988824116837
1.72245539235313,1,0.24462890625,0.80233027862509,-1.12062178927481,0.573841814440305,-0.75543572218131,0.118791528523953,-0.184772567334243
2.04116345244306,1,0.24560546875,0.675441872201744,-0.767871651034881,-0.00527793539489371,0.0225560468731122,-0.797082536738819,0.682556373003218
1.14519610747929,1,0.24658203125,0.395392210675087,-0.234450002427052,-0.665589905064374,0.668757482707291,-1.19896765616524,0.641427145653024
1.15610997398495,1,0.24755859375,0.0151655252533973,0.319787515606034,-1.10144934489412,0.774880472480179,-0.752040829489549,-0.273732841133964
1.18981109442444,1,0.24853515625,-0.393539156236196,0.729924093433366,-1.10701883899505,0.281433590907795,0.177968852353401,-1.08909322603643
0.910335729070313,1,0.24951171875,-0.753403857203514,0.876249826808323,-0.670671926049242,-0.484851185486198,0.830252629913434,-0.921575972709585
0.885072569572478,1,0.25048828125,-0.995617858050901,0.720689258291004,0.0193609574278887,-1.01930782224504,0.684366724757887,0.0857952812500323
1.08102608686605,1,0.25146484375,-1.07246149515385,0.318263787529395,0.660699035428186,-0.960931273644821,-0.10591851251782,0.912464317011609
1.22996521323592,1,0.25244140625,-0.966055502445483,-0.199908375138834,0.974673588592,-0.322845051748979,-0.843240104402354,0.73594821093367
0.128993530129126,1,0.25341796875,-0.691681885063994,-0.666876477592254,0.83329029096863,0.514883652264033,-0.872329621237499,-0.20253418144559
-0.422127415780784,1,0.25439453125,-0.295070591119196,-0.931080055880204,0.317224311585259,1.04557060913602,-0.130620452839358,-0.857364605177696
0.919203353408872,1,0.25537109375,0.155855172011499,-0.902876626646198,-0.321664765522888,0.956700728469244,0.797029934365495,-0.488255897045463
1.64702865273543,1,0.25634765625,0.583273262237405,-0.582154695497058,-0.776127765155955,0.327355497770991,1.16543303083543,0.553278958633681
1.94846662352074,1,0.25732421875,0.91355937994647,-0.0585907614325026,-0.824633024627134,-0.42313727091362,0.690597038003714,1.19257760990432
2.48693466933549,1,0.25830078125,1.0906209369331,0.515533890093099,-0.433208783619349,-0.802642828422209,-0.214182286483685,0.766043686802613
2.1012388384614,1,0.25927734375,1.08604153432267,0.971657830452324,0.228590476665007,-0.559729931441962,-0.78509562402355,-0.27816688822719
1.07270571518134,1,0.26025390625,0.904190210825157,1.17625886255773,0.864913732452482,0.156036811503281,-0.547274102755371,-0.853779589721069
0.0664569976096137,1,0.26123046875,0.581366316376686,1.07149503822266,1.18871829054029,0.888921487578134,0.288091975176813,-0.383578794055111
0.327447299579729,1,0.26220703125,0.17913670961231,0.692755700099125,1.05294725308862,1.16670306182215,1.00120191162349,0.59272324087021
1.11363035312505,1,0.26318359375,-0.226920725845832,0.157763926290868,0.517770123971864,0.801109026596389,0.967154004043087,0.992461574106067
0.661956122470892,1,0.26416015625,-0.561017000334245,-0.369438321593399,-0.176875149482234,0.00803869043413553,0.180518368159019,0.338691013768496
0.901829041333933,1,0.26513671875,-0.760982174035906,-0.728618858276469,-0.72087898652448,-0.728859965702811,-0.738011534736131,-0.731290916988653
1.69806061974242,1,0.26611328125,-0.78960718468881,-0.812283552972219,-0.875560780884644,-0.964593342013183,-1.05858466744011,-1.13558314564558
1.19911309777782,1,0.26708984375,-0.641431975470864,-0.598457673916427,-0.582499869413566,-0.574515788304464,-0.550409140980563,-0.487771255784968
0.69697443476458,1,0.26806640625,-0.343743790466006,-0.157307390043473,0.0101809539879935,0.167664542559655,0.32748548515454,0.497698054510195
0.663340372637856,1,0.26904296875,0.0483961911773945,0.370419032476455,0.616088301437519,0.765086264682211,0.812393899463431,0.763229110487002
0.830496200521516,1,0.27001953125,0.462192301071068,0.816541183351761,0.942133858270473,0.8147317690682,0.477795238542044,0.0275352738122649
0.946919614214143,1,0.27099609375,0.820391795172006,1.03700183808632,0.823196199869281,0.26469234707966,-0.408510019471704,-0.916903306947222
1.15913695621539,1,0.27197265625,1.05538243780871,0.95607349301469,0.298239331735246,-0.551859566645667,-1.10769642965422,-1.04290036980579
2.61311527842382,1,0.27294921875,1.12154298518017,0.589706389463963,-0.406957551283853,-1.12762965068581,-1.02787283904853,-0.176878909871382
6.17582719395127,1,0.27392578125,1.00359725209335,0.0408799764280272,-0.982577828782844,-1.10305382784908,-0.219709302742436,0.814455137886215
1.85320584242161,1,0.27490234375,0.719449941579927,-0.531627832297997,-1.17604973977073,-0.494514828760754,0.664953365871877,0.936703887527925
1.1773418318089,1,0.27587890625,0.316987002097472,-0.961518769063894,-0.907212019892253,0.316106775665482,0.916945049600245,0.115008344455345
0.746061493646977,1,0.27685546875,-0.134577950135733,-1.12555701873598,-0.304687657145101,0.823904378410877,0.361156555350888,-0.73103710071859
0.139789124819844,1,0.27783203125,-0.557236695788096,-0.981009800349823,0.353164695774024,0.721346524934951,-0.499178733833174,-0.663666834073808
0.317497819183909,1,0.27880859375,-0.878318244701514,-0.578513289315738,0.765699163103893,0.0929979918168656,-0.905884624994079,0.278150607707275
0.996892995603305,1,0.27978515625,-1.04364767263206,-0.0464382879139059,0.747518767620892,-0.639160375044695,-0.482544901721906,1.11740256784122
1.65550357043285,1,0.28076171875,-1.02733737227174,0.44846400041531,0.313175783769892,-0.985015629349754,0.448326362696762,0.970604803274258
1.02834867250194,1,0.28173828125,-0.836429260242157,0.752110247458869,-0.3297104366175,-0.699012447233902,1.13314213227574,-0.0183556309302421
0.329406664136321,1,0.28271484375,-0.509543940476761,0.770229854837975,-0.875761440194646,0.0625413129088087,1.01615129031491,-0.829476018474243
1.211412896748,1,0.28369140625,-0.109783928612419,0.497202226001759,-1.06195775687314,0.839589778458794,0.203330096104697,-0.643131737255322
1.39414916113731,1,0.28466796875,0.286815863319164,0.0177759785567823,-0.788447376096461,1.15956628982491,-0.626784617580812,0.296259575816716
0.994029292985166,1,0.28564453125,0.605186557367324,-0.518855160488289,-0.164756678889132,0.836710323896441,-0.790689239576193,0.942362360148907
1.35870909485858,1,0.28662109375,0.784941262939804,-0.94469935215421,0.53975704185058,0.0892804503445206,-0.171071788913076,0.557393076559488
1.2735997403085,1,0.28759765625,0.791410495133346,-1.12439006042497,1.01856332284944,-0.59979135812138,0.68627298770732,-0.503534162571358
0.806509954632005,1,0.28857421875,0.621987166353575,-0.996673909918267,1.06763034776097,-0.790211491844792,1.03077767352424,-1.16384028416678
0.496738704216618,1,0.28955078125,0.306625375073406,-0.593285427244093,0.678230325112478,-0.364269871548802,0.537121691825825,-0.760275457771164
0.935407762825349,1,0.29052734375,-0.0975982290508901,-0.0294384753584057,0.0404386911968428,0.398508215668777,-0.420288028307604,0.258518078483671
1.5223839398163,1,0.29150390625,-0.516870553810444,0.531165601129751,-0.544256001559816,0.999441454058188,-1.07815844386615,0.808083420962907
0.56220632264265,1,0.29248046875,-0.874084760659316,0.926128697550227,-0.801234394771389,1.0383028533903,-0.920562653034143,0.315356316176057
0.0998926714805415,1,0.29345703125,-1.10289199524786,1.04374055943141,-0.60864301654137,0.468569168690221,-0.10843862911099,-0.676033485069392
0.832844118220176,1,0.29443359375,-1.15980355530801,0.856876570025725,-0.0532973968628149,-0.371958842052148,0.656865482288134,-1.08232952463382
0.710171417909035,1,0.29541015625,-1.03213969883131,0.431059126012676,0.608990064077407,-0.974676973736304,0.721724436389892,-0.428317633682909
0.704338665016394,1,0.29638671875,-0.740377343726637,-0.0957743208809904,1.07050883780544,-0.982190796239882,0.0279106613641662,0.646656278231499
1.15030991442445,1,0.29736328125,-0.334468556635477,-0.555610393913553,1.11259976142806,-0.414223083786506,-0.838444099987235,1.06063090852548
1.19550046572995,1,0.29833984375,0.115200669832417,-0.801866795922544,0.705963666995081,0.346102084013793,-1.13757856962534,0.428777024867104
0.886763982743446,1,0.29931640625,0.530566132029369,-0.754327710675533,0.0244274197491424,0.796824378482429,-0.595940109952063,-0.533825028174378
0.659786775494037,1,0.30029296875,0.840034210196344,-0.423776309904552,-0.634143715567077,0.637074793116589,0.363504038284007,-0.77193103320258
1.90357395916747,1,0.30126953125,0.991448777597663,0.0912038674450276,-0.983619977411821,-0.0410101881960211,0.973258647129304,-0.00880470784897125
2.96899939256577,1,0.30224609375,0.961516506310812,0.634283958111772,-0.879967698172338,-0.810393814082694,0.761223891549239,0.959231651351616
2.18648636543251,1,0.30322265625,0.759975711224689,1.03912129508464,-0.386575227068803,-1.18035629269106,-0.0566952064476362,1.10396035584842
1.72345254440608,1,0.30419921875,0.427750934473404,1.18018656177403,0.25532240737147,-0.908458978226344,-0.759616560169538,0.252811196638007
1.23958489608809,1,0.30517578125,0.029430483769445,1.01115911840807,0.737568459651485,-0.15498028673128,-0.727069925778567,-0.727150474747725
0.0579612121276959,1,0.30615234375,-0.358562267225611,0.579159909980055,0.826589916326166,0.618346554241328,0.0398833218685204,-0.843447572823939
-0.21122266897501,1,0.30712890625,-0.661949014997488,0.0104718422492466,0.47072479925108,0.940965042427266,0.917911156886349,-0.0241781437661198
0.482248215047988,1,0.30810546875,-0.822181645077405,-0.527893041526246,-0.175748538003674,0.631551873580076,1.18177207286392,0.809936917717484
1.49766211402958,1,0.30908203125,-0.807157875656601,-0.879042460575622,-0.822887878931979,-0.087885049476446,0.610495549385452,0.72331467816304
1.52639083364789,1,0.31005859375,-0.617115501774328,-0.943939437038004,-1.17752838676138,-0.734327809258177,-0.327733135022214,-0.241079777102618
1.00540972693905,1,0.31103515625,-0.284631249687312,-0.711446698875197,-1.07730324192338,-0.871976628865603,-0.866665464311952,-1.10337487931908
1.59494103911694,1,0.31201171875,0.131276261317469,-0.261507061587949,-0.564931929675125,-0.390428355336749,-0.581896101764385,-0.979751297462954
1.38296621486602,1,0.31298828125,0.55586636121474,0.25950611578864,0.131211456005634,0.424051146959504,0.255711878247164,-0.0147674949326366
0.448260364583653,1,0.31396484375,0.912267661873541,0.683732396645167,0.701363796578929,1.0695116616838,0.908668066413979,0.772566634170287
0.835141864142509,1,0.31494140625,1.13546660643878,0.873326063442532,0.895777909383343,1.1465801446059,0.792147162409676,0.566131045012931
1.31786056270492,1,0.31591796875,1.18414648459535,0.762777297725295,0.638584294166319,0.61176205951483,-0.0343301645764197,-0.385659872626931
1.46355704395604,1,0.31689453125,1.04822136661265,0.379118672623522,0.0620313906810197,-0.195179837031979,-0.914333822056356,-1.03486424249743
1.68714559373042,1,0.31787109375,0.750693070647893,-0.166160872647391,-0.554543904218203,-0.767157306314435,-1.14153799018668,-0.645285012400686
2.03853384696669,1,0.31884765625,0.343492719778482,-0.711028775780764,-0.913075097952576,-0.751762270030793,-0.548797221369581,0.425240879827048
2.12622764920472,1,0.31982421875,-0.101936486993461,-1.09229204487354,-0.833708984543382,-0.174706563642071,0.353440400669981,1.09898658220837
0.584018210249224,1,0.32080078125,-0.507601346800519,-1.19536780737835,-0.337659389544131,0.57728719778337,0.80509548738475,0.713642025468115
-0.549665226552039,1,0.32177734375,-0.803106350604952,-0.989238947016386,0.361954967158979,1.00323279022133,0.432691072353566,-0.281296922274749
0.111590959897648,1,0.32275390625,-0.938412040868738,-0.535917471695639,0.957116296136942,0.807397145798846,-0.438457059857701,-0.803075467165141
0.366185971261505,1,0.32373046875,-0.892882120513186,0.0284750420572576,1.18539422537932,0.088461844550589,-1.0572654485964,-0.282919472626077
0.789441694030412,1,0.32470703125,-0.678973191243768,0.535230822646979,0.949654886123236,-0.721951828168853,-0.876648271391199,0.731245069449648
1.79966414285898,1,0.32568359375,-0.339896474945869,0.834499671125298,0.362237510128677,-1.13238330590087,-0.0130539177043211,1.15397764668065
2.00210561990239,1,0.32666015625,0.0583215681692605,0.840939997860144,-0.306603143980406,-0.902746399274491,0.848804553735389,0.511028389672936
1.4525387326322,1,0.32763671875,0.438932998577801,0.559634438876713,-0.752394722543166,-0.195916836369036,1.02645334733497,-0.557092482806603
0.719456998773767,1,0.32861328125,0.728513418863578,0.0843570649026689,-0.77569082550184,0.526600669764105,0.408239490069939,-0.969292179921122
1.18781023688138,1,0.32958984375,0.870399892553399,-0.431273866285727,-0.373157117387208,0.798576903059592,-0.455555380292097,-0.343221225144161
1.89543494920043,1,0.33056640625,0.835073963228118,-0.820939960037884,0.261166783018082,0.445712431905754,-0.815154942667771,0.604617960631852
1.09430851896939,1,0.33154296875,0.625598231199124,-0.956656013630455,0.824997471715284,-0.30351551109627,-0.350261138933342,0.820707406513862
0.895623540532112,1,0.33251953125,0.277115608762066,-0.788096721839563,1.04653942964397,-0.963266485186321,0.560764647985952,0.0324415124243751
1.17782413466683,1,0.33349609375,-0.149498535680193,-0.358197014718664,0.809331707117953,-1.09958222179965,1.1567934309318,-0.960198405744406
0.538505367406231,1,0.33447265625,-0.578676453309591,0.209745501454152,0.20607334314524,-0.60689822790419,0.930648592774196,-1.12789075755329
0.420855388595786,1,0.33544921875,-0.933880992991997,0.749531512431487,-0.503217603928878,0.223951473899046,0.0539566539745409,-0.298743495367956
0.884112296676429,1,0.33642578125,-1.15151355932195,1.10264567225035,-1.00958933755194,0.889501380507068,-0.765348619063816,0.660378858997459
1.216528280858,1,0.33740234375,-1.19247530598829,1.16651834509175,-1.09594440325237,0.992450593210933,-0.873719818851996,0.759663030582422
0.777608038444238,1,0.33837890625,-1.04927694090225,0.925724109789396,-0.73583904837336,0.492931816752056,-0.216791684345163,-0.0689739538900983
0.0822738463033823,1,0.33935546875,-0.74740282110688,0.456589663428619,-0.105111242714993,-0.267382938915891,0.617392149961366,-0.902771370817626
0.942520366603944,1,0.34033203125,-0.340680969796399,-0.0961938763415583,0.498965628566517,-0.783601114541499,0.892746070147436,-0.807429819245759
1.52214595894942,1,0.34130859375,0.0984981778348845,-0.563807762363678,0.794001208097334,-0.709542441672009,0.343350400735852,0.170909669479634
1.01089100130024,1,0.34228515625,0.492333764535432,-0.804876717415384,0.641900687917183,-0.07862865605258,-0.601860919494192,1.05019452022247
1.39827089889876,1,0.34326171875,0.771743146645791,-0.748619931581905,0.112156350803472,0.716700093918106,-1.17605163711808,0.946746833549136
1.57312094778875,1,0.34423828125,0.888895411084108,-0.416400732136239,-0.549942286728638,1.17399179747137,-0.914554642923315,0.00602918476759895
1.11600636901072,1,0.34521484375,0.825868561899045,0.084906409444496,-1.0356357397642,0.999973937708928,-0.0426507810829486,-0.753969713673484
1.16403194118716,1,0.34619140625,0.597855041436444,0.59570249569707,-1.11416481757908,0.29707219591567,0.713313087580804,-0.520915465871245
1.74452772299684,1,0.34716796875,0.250332932234813,0.952584755880655,-0.738652540461392,-0.501293001798968,0.733416610438575,0.452273805793154
2.31416127125254,1,0.34814453125,-0.149281066627615,1.03845253109778,-0.0679448136235522,-0.905528316082023,0.0220323147474449,1.11535499792074
1.2623833922308,1,0.34912109375,-0.523976029679933,0.818486653335497,0.605596607799755,-0.680173542854777,-0.79715020091426,0.732882491215788
-0.0849906766903863,1,0.35009765625,-0.80123985688951,0.351005715257413,0.989330349089372,0.00748408986735984,-1.00469740348148,-0.335498567705198
0.0850241519151878,1,0.35107421875,-0.92633387485385,-0.230122852601764,0.923662977620871,0.694890465727737,-0.389453039676654,-1.01183435743708
-0.0786717035106763,1,0.35205078125,-0.872330878238777,-0.756149455103742,0.454489564257264,0.919433977493005,0.572468884788586,-0.635603380582935
0.0647844862463083,1,0.35302734375,-0.645087787699288,-1.07476933931721,-0.18837420518868,0.513701932422214,1.11361596577764,0.342138134334902
1.45904459392666,1,0.35400390625,-0.282246377529909,-1.09643578801915,-0.696880353350779,-0.286928261171111,0.814953411860248,0.839825170008481
2.22726606442619,1,0.35498046875,0.15355712313541,-0.821516768393953,-0.826184474536114,-0.992800922565763,-0.0456530248431544,0.29268913435541
1.97716127153491,1,0.35595703125,0.586038300754717,-0.340004039816783,-0.507103054859165,-1.17026138090622,-0.727649500654372,-0.747085822895448
1.19390740979124,1,0.35693359375,0.939101876671545,0.196131855278579,0.121873673159866,-0.71654695418791,-0.648643636555671,-1.19216046103412
1.08033253841771,1,0.35791015625,1.15065160728355,0.619491529886612,0.777672465039068,0.0753846401664809,0.127611965792087,-0.568791950167898
1.41065272597181,1,0.35888671875,1.18385917084088,0.79847790971965,1.16197657911803,0.703268338934553,0.944411420465822,0.482012283773784
0.650410410696429,1,0.35986328125,1.03384095400035,0.677555655163176,1.09764628642853,0.774699340636522,1.10196956441476,0.880849103743662
0.754887196403238,1,0.36083984375,0.728527586434282,0.294238527942504,0.609809128561579,0.256208320041685,0.443907002052195,0.248753519363048
1.78867289747555,1,0.36181640625,0.323568239702123,-0.232385323511732,-0.0854812224525058,-0.506041936102247,-0.510390524208886,-0.69543440131327
1.58238411427428,1,0.36279296875,-0.107802367216382,-0.738084377890913,-0.679834415721731,-1.00706465571005,-0.998369709794297,-0.89906349037487
1.30329496641827,1,0.36376953125,-0.488089339176154,-1.06374045394606,-0.913264968205639,-0.904987042521419,-0.650058949147809,-0.0929160799564786
1.30554185941284,1,0.36474609375,-0.749629363705527,-1.10407602218888,-0.6927081061567,-0.239460245715176,0.204781486346492,0.919937363584479
0.896919377019354,1,0.36572265625,-0.84688348939023,-0.839963396833834,-0.13410342082575,0.592325252524371,0.814932567746636,1.10941914283177
0.0798788589307187,1,0.36669921875,-0.764693244635399,-0.344441899822624,0.49118948172655,1.08683384538277,0.638451963955936,0.304407807985579
-0.560406419568751,1,0.36767578125,-0.52099750982448,0.23939962628386,0.881108595740069,0.953000150507512,-0.201962066329919,-0.628604104192251
3.64598356464567,1,0.36865234375,-0.163516211848212,0.741923278810008,0.841660634119156,0.296098339850654,-1.02007283147708,-0.702883324541331
1.97922109616314,1,0.36962890625,0.238994517039257,1.01854199127864,0.376236049904382,-0.450140132314053,-1.13918438457433,0.145211276449014
1.86684368072998,1,0.37060546875,0.609322601646896,0.993661314884518,-0.315414584230061,-0.799970335736195,-0.457805561734938,0.990098522103985
2.21219981243299,1,0.37158203125,0.875924192781113,0.683545146700337,-0.928093510840816,-0.524905526790111,0.465324774220833,0.897879376264406
2.13287936058512,1,0.37255859375,0.986019057839436,0.191125972606394,-1.19038172423708,0.20076993096966,0.877993386045385,-0.0830517629889079
0.985469120491184,1,0.37353515625,0.915271761877004,-0.32564930404545,-0.988495490559521,0.910742518536083,0.462589427782166,-0.969351194170563
0.464047390943357,1,0.37451171875,0.672294793308246,-0.702262574350537,-0.418119617810365,1.14328474158721,-0.399890204829119,-0.87826442356158
0.777424686447648,1,0.37548828125,0.297152534901468,-0.818052964359055,0.259488607186598,0.735215648747558,-0.950675888550454,0.0432340053967512
1.42260537123466,1,0.37646484375,-0.145862755835438,-0.633220792446453,0.737037715189222,-0.0736465461541834,-0.690349895464184,0.777789274831213
0.991173186374614,1,0.37744140625,-0.57986887926137,-0.20109905232242,0.801692464874129,-0.791961149435185,0.200923150499981,0.516709937706373
0.184207870447284,1,0.37841796875,-0.929327780140678,0.34805927979923,0.432244407734336,-0.9880442140282,1.0117882594581,-0.482474050187812
0.767279523629206,1,0.37939453125,-1.13373990556888,0.846827345358852,-0.191486384919695,-0.563030825833883,1.0927102291228,-1.16686634880685
0.782576593636757,1,0.38037109375,-1.15860651441914,1.14174302940126,-0.771308953382272,0.187532176938179,0.39760226537356,-0.801197930258564
0.403978613073629,1,0.38134765625,-1.00166493734332,1.14021800370354,-1.02754793096905,0.762748918683135,-0.478960179412192,0.253835199364464
1.17208871020127,1,0.38232421875,-0.693262317070245,0.838886240279926,-0.827515600437273,0.775873308951401,-0.799991146821941,0.920930970591797
1.45750625188652,1,0.38330078125,-0.290800427681614,0.324730186267542,-0.246773879566598,0.20112860526566,-0.302906884261579,0.542281635394488
1.01840862917061,1,0.38427734375,0.13173649874051,-0.251361935308087,0.464861632754542,-0.60906950567767,0.58116085795016,-0.428600600379631
0.68587005643633,1,0.38525390625,0.497263928792024,-0.720533033960294,0.997042797336515,-1.14747308360307,1.08901266526446,-0.910541453952598
1.14535740212994,1,0.38623046875,0.7396342898893,-0.947359047062196,1.12032750279285,-1.07401701417774,0.765364651114646,-0.342131104772746
2.0122667090372,1,0.38720703125,0.815673550779064,-0.871017723357572,0.790646118570051,-0.431847711415201,-0.154355651918198,0.720635689810557
1.4157822169663,1,0.38818359375,0.713025753156444,-0.523652809320503,0.169019778861808,0.37992830804189,-0.938778201739731,1.18873111300239
0.947869634445026,1,0.38916015625,0.452377523982333,-0.0203290949208941,-0.45247479715877,0.859464352462275,-0.970110544074681,0.58886921144242
1.44599783441618,1,0.39013671875,0.0836579787808712,0.476347293235583,-0.784609064900113,0.720447119762143,-0.258611250927958,-0.43775481002724
0.92858376858427,1,0.39111328125,-0.323093537217398,0.806129373178976,-0.673503010857259,0.0731754479067487,0.568260416765149,-0.813968205286519
0.653759945120194,1,0.39208984375,-0.690528468998852,0.860300703763251,-0.171095802701639,-0.646598827548101,0.792799870422231,-0.16491390715828
1.20503539014604,1,0.39306640625,-0.948127342286576,0.615090778662527,0.488656645952259,-0.955791180830512,0.209124444196375,0.787382843950553
1.18458791641447,1,0.39404296875,-1.04510024973765,0.139121155001085,0.996965957943446,-0.632247759952871,-0.703457473730015,0.990227725427214
0.402401696596913,1,0.39501953125,-0.959699729313202,-0.427397112237006,1.11173444677607,0.142826861131872,-1.18089158925775,0.176883115856931
-0.606131568001367,1,0.39599609375,-0.703249345330162,-0.915363861946805,0.76866017338737,0.898858170968007,-0.813646022201185,-0.847328116032533
-0.0628806990251314,1,0.39697265625,-0.318153329127029,-1.17834690026011,0.111080095720554,1.17391696039234,0.11003285403809,-1.05226778544493
1.15000002163441,1,0.39794921875,0.129751542277956,-1.137248184312,-0.575117446082617,0.80740665937814,0.844095519944284,-0.268079160625624
1.31111951410402,1,0.39892578125,0.563110568600123,-0.80443577445888,-0.991750498235033,0.0414462707040404,0.807197536890149,0.638864089988748
2.11966252386872,1,0.39990234375,0.907064190477827,-0.27997029978979,-0.964196927092934,-0.63345275063081,0.0670327942409691,0.684911074299515
2.63946172651347,1,0.40087890625,1.10280935251793,0.27892140900029,-0.520709903385887,-0.790313109097463,-0.718591012804102,-0.188885766984946
1.47841515602224,1,0.40185546875,1.11824121919897,0.705801077000909,0.121071314958419,-0.336965850588216,-0.854494074937213,-1.05364370571632
0.548422860502241,1,0.40283203125,0.953738810351345,0.875754397045558,0.654223607807933,0.425733695169698,-0.192091869859854,-0.975185479300177
0.473354491399454,1,0.40380859375,0.642042180800646,0.743410750876898,0.823438565302712,0.995730309826691,0.744125118719054,-0.00332997441438404
0.943851635495602,1,0.40478515625,0.242244414045463,0.356636187944091,0.542237955245334,0.989688595574016,1.19355142539058,0.878202317385692
0.989596082521953,1,0.40576171875,-0.171006906899253,-0.15827912994492,-0.0671356757281722,0.387640363246332,0.794405639391119,0.788502983905769
0.752755776000172,1,0.40673828125,-0.52113201219786,-0.635409081094022,-0.729415272742521,-0.45317676429446,-0.114475400640551,-0.123087609503612
1.68699840909141,1,0.40771484375,-0.743584318491735,-0.920100641114598,-1.14211922946929,-1.02414008635684,-0.777423498027684,-0.839129103482344
1.79241910294332,1,0.40869140625,-0.797615826661652,-0.91644602001266,-1.11392054102033,-0.987258835399866,-0.653862429902371,-0.554037864549784
0.797874051187892,1,0.40966796875,-0.673700207926086,-0.616809822144016,-0.652270831883541,-0.388786981782888,0.130302417854348,0.470358361547736
0.903730147840066,1,0.41064453125,-0.395261997933726,-0.104385151208047,0.0398126858203742,0.371273570050103,0.88942156205089,1.17857694564047
0.92717429988899,1,0.41162109375,-0.0143971556767851,0.472007914852991,0.656334390784088,0.794343905776404,0.953578772535975,0.835333743234634
0.550478097275556,1,0.41259765625,0.397635615446072,0.943188114922539,0.927932806412348,0.600891694545911,0.231230056843247,-0.198064249418952
0.819789576733288,1,0.41357421875,0.763421154451597,1.17111986339315,0.744658454551714,-0.0913966891590142,-0.711853096966352,-0.845618322548013
1.85409541037906,1,0.41455078125,1.01352315687069,1.09093086097376,0.205761616625079,-0.842158898947591,-1.12352919400282,-0.453040594928883
3.02998615140703,1,0.41552734375,1.09917423800788,0.73060836054368,-0.426269759667967,-1.16825023686784,-0.692261113127074,0.522806853394534
2.42327560054418,1,0.41650390625,1.00120947620807,0.202360185432303,-0.846374034027679,-0.851098779903023,0.194286032561705,1.00022566347577
1.2879588676018,1,0.41748046875,0.733615998899312,-0.331718101583203,-0.847056351579889,-0.076166206567139,0.77524814618133,0.420293772103123
1.13613018959147,1,0.41845703125,0.341051326682508,-0.70918015772301,-0.413869640014473,0.684147372135281,0.554317361581117,-0.657946239913064
0.199363860352063,1,0.41943359375,-0.109218789430157,-0.816836442756052,0.267467002778812,0.969771281292512,-0.284392384471671,-1.14436979128664
-0.33596672606961,1,0.42041015625,-0.53949632885785,-0.62527827802048,0.895587559871704,0.624249626178645,-1.030336269625,-0.566516000532855
0.567815713474944,1,0.42138671875,-0.875725099884267,-0.197773019059712,1.19098390421956,-0.107030698162632,-1.04155478290371,0.434119090491165
1.10059452679184,1,0.42236328125,-1.06090174521683,0.32918477201048,1.02360002783683,-0.734040621916029,-0.282870307674272,0.782740143296214
0.842943773502316,1,0.42333984375,-1.06538315304931,0.787721637780799,0.472150498853079,-0.83476817241297,0.643078483530076,0.108987165238378
0.186410292568353,1,0.42431640625,-0.892214818731501,1.03004494155131,-0.211968926659454,-0.324564737506324,0.998028551408922,-0.86133070425558
0.475783999109009,1,0.42529296875,-0.576511189876817,0.973789072529487,-0.71966458956496,0.489061373787973,0.523484082507092,-1.07470995067577
1.25906424789017,1,0.42626953125,-0.179001914302152,0.627390303943414,-0.825417501703712,1.10107647612308,-0.345408888388689,-0.266012949744967
0.831652772585728,1,0.42724609375,0.22507996293459,0.0877331029688479,-0.49021692792372,1.1293175383931,-0.846290863207852,0.758112175540767
1.04819719158209,1,0.42822265625,0.559743818487419,-0.489218788807651,0.120929206628112,0.557050625870538,-0.52960650714262,0.968363956883561
1.67357469995156,1,0.42919921875,0.762117790719009,-0.935840431571458,0.714906094367281,-0.256452284375475,0.363385778311167,0.196941573475707
0.953645774878509,1,0.43017578125,0.793928507078135,-1.12383298780964,1.0050806723174,-0.804037466980795,1.10098583676115,-0.689277619408441
0.630871910937782,1,0.43115234375,0.648493549552259,-1.0032097784138,0.842974227321207,-0.752518857641144,1.07225889765517,-0.709314439268893
1.15052939347033,1,0.43212890625,0.351953143945595,-0.617376564325936,0.286758432638702,-0.153721819881671,0.297780871857129,0.191257837460924
1.6076821576598,1,0.43310546875,-0.041483432511306,-0.0897040389885163,-0.424783032241423,0.589374723045708,-0.587361148474301,1.08017663879612
1.28777187919963,1,0.43408203125,-0.459411342299521,0.414301223462927,-0.980935229702399,0.97983482404294,-0.864104196787303,1.02265765294829
0.402503631698294,1,0.43505859375,-0.824425863510951,0.73766738480574,-1.14067309556794,0.743785434171296,-0.329666507021486,0.0693848730547459
0.791861960045684,1,0.43603515625,-1.06823751358847,0.779987357445152,-0.842449356643029,0.00571800231107832,0.534585989836361,-0.796290506569748
1.0933611412231,1,0.43701171875,-1.14413632747726,0.528133578788249,-0.231937769780982,-0.78940225943726,0.967995392451594,-0.696174926841697
0.50174371339521,1,0.43798828125,-1.03553541603749,0.0602734371885551,0.404946129383187,-1.15777472583195,0.569341432696193,0.217106922531777
1.05551121747266,1,0.43896484375,-0.759037631223928,-0.478041452139289,0.773091265096229,-0.883207980729005,-0.365083165791424,0.925131522405497
1.36930211907404,1,0.43994140625,-0.361466206526724,-0.918406837677198,0.703340997246468,-0.153657569988864,-1.08704613020107,0.624610074621583
0.618130029770985,1,0.44091796875,0.0886009033050475,-1.12111262984246,0.2299098092637,0.558879053836886,-1.02028677456187,-0.419001780394032
0.39977390962516,1,0.44189453125,0.513252655222309,-1.01795530634005,-0.425352985709731,0.798745455923231,-0.240909324642067,-1.14810819981097
1.12580961857002,1,0.44287109375,0.839362019764709,-0.633233790178713,-0.954650057016739,0.416357018800214,0.587547566008739,-0.827642981592188
2.41612461491429,1,0.44384765625,1.01182942064649,-0.0765106767714426,-1.10534405822923,-0.33686749292804,0.769963784313324,0.180505423741927
2.48545103662101,1,0.44482421875,1.00354249181139,0.490654526768852,-0.795918407734329,-0.968701422972719,0.161323418837249,0.801929319262213
1.77822380114583,1,0.44580078125,0.820240011379098,0.903842693094622,-0.153724291516437,-1.05959981625779,-0.712432534554583,0.386377577790188
1.74175532622535,1,0.44677734375,0.499395664716259,1.04577751237622,0.542771953263494,-0.530211034066603,-1.09546650506378,-0.605235914443234
0.600258003239372,1,0.44775390625,0.103326072947643,0.881923614087114,0.990837203638764,0.307150421052182,-0.635947044881324,-1.0898536444757
-0.564803589540721,1,0.44873046875,-0.292220934450461,0.47081134998206,1.00140140165571,0.945833962176257,0.317646506242796,-0.510131581850699
0.133844608718089,1,0.44970703125,-0.61191897585189,-0.0540601189455895,0.584985506506133,1.00562734302019,1.00583717087749,0.572756777941694
0.938785567105863,1,0.45068359375,-0.794633534568123,-0.525207479277491,-0.0536645480049847,0.473164182103186,0.89117118389727,1.06843942094899
1.1621467969926,1,0.45166015625,-0.804602034993585,-0.792510111160755,-0.60976299379689,-0.290768501190947,0.105488070577553,0.50598959141568
1.02052621703572,1,0.45263671875,-0.637987204319291,-0.769228527255739,-0.818379577854215,-0.781609851745116,-0.662613225504383,-0.472285111397145
1.20762887953798,1,0.45361328125,-0.323609848189998,-0.458632202598196,-0.576025563599703,-0.672620369022027,-0.745823717400225,-0.793690267730085
1.55600277969521,1,0.45458984375,0.082272951028521,0.0469010503353077,0.0117097959379715,-0.0232562215379455,-0.0579527137081195,-0.0923357506592379
0.610441720910822,1,0.45556640625,0.506193919103204,0.594041537345888,0.678276800694051,0.758145539042539,0.832931644161477,0.901963444180009
0.35015685925173,1,0.45654296875,0.870844389403096,1.01532009507398,1.11802955480188,1.17367797157047,1.17930556440225,1.13443639365329
1.25014396854401,1,0.45751953125,1.10915190251903,1.18029646832623,1.12608609656947,0.952374535450982,0.679728820955056,0.340880320759597
1.14194727665403,1,0.45849609375,1.17650348268639,1.03545202494145,0.692196394183178,0.222755184375633,-0.268235687839763,-0.671553289476279
1.31895793222541,1,0.45947265625,1.05888892342311,0.620618853532108,0.0056680689466128,-0.568270683073982,-0.899368138931844,-0.875309464169388
2.17986646553384,1,0.46044921875,0.775481097775542,0.056924286639404,-0.630912214655722,-0.938630760521331,-0.719267166363985,-0.105563918237795
2.34294453002352,1,0.46142578125,0.375183002225413,-0.490069207764024,-0.939700458456709,-0.676478136525637,0.0841078985588473,0.769443527589944
1.44096593917153,1,0.46240234375,-0.0722304294625037,-0.860772034425333,-0.794229011674453,0.0263024573957376,0.800008098318076,0.770670107407616
2.93405256541842,1,0.46337890625,-0.488763713804401,-0.950128580757064,-0.276733658953585,0.697266665511153,0.791932558410991,-0.152350537066085
-0.179391451234951,1,0.46435546875,-0.802342872227518,-0.739501407543323,0.360034305484668,0.884919158045804,0.032481606432525,-1.06431832735294
0.318883430991956,1,0.46533203125,-0.959874316767776,-0.302143570808694,0.809019423564879,0.446872881435969,-0.871596084249122,-1.02993383227367
0.168749794856677,1,0.46630859375,-0.936844027001206,0.219407012244497,0.849908504847497,-0.358541118885364,-1.18524965207998,-0.100574880953263
1.2312356509126,1,0.46728515625,-0.741710449481378,0.657099549616951,0.450461901993204,-1.03549035280669,-0.658768193114998,0.741197459509834
2.15785600450028,1,0.46826171875,-0.414292497998664,0.868930991652334,-0.218249535850193,-1.16499707754376,0.264092417435466,0.620536178718118
1.47030414983368,1,0.46923828125,-0.0184473638402628,0.782538345467098,-0.859690389304047,-0.670679871309453,0.817574862055048,-0.305861626233702
0.950572674742594,1,0.47021484375,0.369627501671549,0.417500268817613,-1.18718947202938,0.132987313291102,0.554184718108736,-1.01770524658765
1.14423588844633,1,0.47119140625,0.675337182945733,-0.120469958134889,-1.05484968859682,0.740556249525602,-0.28188849823897,-0.713083434872078
1.77496993667811,1,0.47216796875,0.839337155010251,-0.671670541620078,-0.524155443364581,0.776589027849676,-0.960550075346652,0.339804235162575
1.64222482236963,1,0.47314453125,0.828400231279716,-1.07107984225884,0.164190720954849,0.233754328571106,-0.878525065639919,1.08202891903493
0.989791595023326,1,0.47412109375,0.641523025965515,-1.19868285131322,0.700316077777348,-0.523263635774071,-0.0662847159502659,0.779351696627194
1.39989823145838,1,0.47509765625,0.310159177457409,-1.01608344670142,0.846765160861445,-0.990491686772615,0.835074598962764,-0.205370935044975
1.04880610959975,1,0.47607421875,-0.107463982850847,-0.578219064249122,0.546855857257265,-0.846072886100999,1.10780356598961,-0.799186365733057
0.195259868858822,1,0.47705078125,-0.536911292892538,-0.0165994538007184,-0.0497594892050856,-0.156025779585694,0.555732696428806,-0.355999068829874
0.846384768493584,1,0.47802734375,-0.901065041818731,0.500810642435318,-0.656009004663088,0.666472045258978,-0.33359554787496,0.658864817316239
1.22020591854161,1,0.47900390625,-1.13414759958665,0.820810928084335,-0.979246997437884,1.12245832207994,-0.798416762711939,1.16041186651252
0.662598893426922,1,0.47998046875,-1.19368862016684,0.8516424446035,-0.855691706361336,0.943158922762281,-0.441164353590564,0.592121386613771
0.102425627747175,1,0.48095703125,-1.06825811665949,0.590865777281971,-0.325928948111197,0.259795472116998,0.43837303495366,-0.483579440590669
0.237442912423863,1,0.48193359375,-0.779557449429241,0.125927982296694,0.383082450723913,-0.48064588604005,1.09392074622849,-0.976999246335919
1.03826417022239,1,0.48291015625,-0.378487356307781,-0.392750401119884,0.961291429343146,-0.800110648984151,0.957724838494644,-0.419645494205799
0.785718351045819,1,0.48388671875,0.0640914107128677,-0.797941532135623,1.15688986253461,-0.49366679716192,0.116754249712251,0.544563470512275
0.663192852849056,1,0.48486328125,0.470223118779402,-0.956920873913955,0.891058717403479,0.240157817095061,-0.758383047897296,0.844394216623956
1.41696156643728,1,0.48583984375,0.769006055749426,-0.81224163030154,0.29364440234493,0.925732850885564,-0.972443041226499,0.117989170277454
0.888811523836982,1,0.48681640625,0.909450159841491,-0.399511004212607,-0.356543085461779,1.11306148074856,-0.384914486022916,-0.901033667977588
0.548296486703636,1,0.48779296875,0.869703174418819,0.163267982482696,-0.759485484113167,0.664467396627004,0.474823263545933,-1.15658416275111
1.53473505760256,1,0.48876953125,0.660966506611875,0.711538748601462,-0.731308874283858,-0.157006483766001,0.852749205313702,-0.385085600913085
2.16103037147936,1,0.48974609375,0.325388894238747,1.08427332292032,-0.288390350998095,-0.853713317291077,0.403199835510134,0.606350484217565
1.81138397176376,1,0.49072265625,-0.0716774928899117,1.17299963955407,0.360260096913473,-1.00850708585468,-0.520104281529195,0.792646290814324
0.60073137485807,1,0.49169921875,-0.453647416913837,0.954800839507998,0.908852632985956,-0.548626389174128,-1.1586011455066,0.0128090219021324
0.10620451711597,1,0.49267578125,-0.746718763316571,0.499209149407901,1.09504375911351,0.20929645959677,-0.982661371387434,-0.862647368000789
0.181673839924732,1,0.49365234375,-0.893381430437213,-0.0531089390350553,0.820369350066027,0.761647375941554,-0.13441060853788,-0.855713894566498
-0.28708603723833,1,0.49462890625,-0.86295816130392,-0.533362853075189,0.195770750294938,0.738962451893109,0.690862262066684,0.0809446589122444
0.750779770286499,1,0.49560546875,-0.65725698209454,-0.796203343972569,-0.508631822149141,0.141631150308138,0.825512844660347,1.00968226013738
2.30377588188694,1,0.49658203125,-0.310304984236767,-0.764090367748783,-0.986558570399486,-0.659674994609709,0.186697094308405,0.995178757270212
2.08796408959564,1,0.49755859375,0.117789142598123,-0.450910397334412,-1.03512006254104,-1.15915323198634,-0.656171944061635,0.0897589278554434
1.62664456471849,1,0.49853515625,0.551727362544887,0.042369883479626,-0.647073326161339,-1.0371689314198,-0.95998787769387,-0.724813859890405
1.52617765853161,1,0.49951171875,0.914687066243952,0.558683092157949,-0.0135966180895952,-0.363507243044725,-0.432017437373593,-0.577300887468783
1.52118040343974,1,0.50048828125,1.14227119265886,0.93300648701628,0.563667212388578,0.446606136832357,0.522792080412327,0.37103807910065
1.14744111034428,1,0.50146484375,1.19420444423371,1.0429610648658,0.811040230471557,0.895781750940539,1.13831919776577,1.09736358910005
0.638715642254684,1,0.50244140625,1.06164656334732,0.846402149546435,0.608363875861623,0.719743193656396,0.926197990078117,0.800316018277725
1.51122788562173,1,0.50341796875,0.768791483333947,0.394512692609289,0.0442238062006378,0.0542680099522453,0.0827473730658158,-0.250071955614972
1.89508765853397,1,0.50439453125,0.368461374241263,-0.18360616588723,-0.624429728361906,-0.652258609535791,-0.676448014365236,-0.994461683063022
1.17088495505854,1,0.50537109375,-0.0675022142975694,-0.720145634543509,-1.0897973424296,-0.925044649559943,-0.715837229587086,-0.700298825659097
1.46912045136649,1,0.50634765625,-0.461300784564122,-1.0596283256412,-1.13411903368248,-0.565890394979616,-0.0116502159368126,0.267871846190336
1.31274543272433,1,0.50732421875,-0.743316937200169,-1.10618966144426,-0.729475700358442,0.219647377541733,0.828786398802584,0.838023544942808
0.0589464899000693,1,0.50830078125,-0.864754388749995,-0.852663146580652,-0.0508373847905555,0.951804002222428,1.07628964124351,0.367912784464248
-0.703909746442058,1,0.50927734375,-0.806479203912756,-0.382589371799073,0.603621331233669,1.18058548776689,0.491498698855915,-0.672780160354195
-0.347757193145633,1,0.51025390625,-0.582453258855044,0.155460375493423,0.948495595514352,0.771026449116091,-0.472860016605723,-1.19693129116706
0.989059225117865,1,0.51123046875,-0.237135657651159,0.593398044707281,0.841220850560906,-0.011534803571759,-1.0484678714209,-0.648404436505647
1.48637659556098,1,0.51220703125,0.162673823322236,0.795063015801811,0.346749529771367,-0.670336992256661,-0.79182183935684,0.409771700023366
1.60336882401809,1,0.51318359375,0.540063165653347,0.697878450818407,-0.292736505841614,-0.792887275877646,0.0470828733550525,0.889397737789794
2.29865456165888,1,0.51416015625,0.822080883046207,0.33199266368887,-0.769200426561154,-0.312824663355795,0.736100591818424,0.32531614057397
1.44020012524628,1,0.51513671875,0.95308975726487,-0.188942617647168,-0.850236414991289,0.448459404324497,0.675356267884086,-0.636026741120811
0.340425077641992,1,0.51611328125,0.904969033385819,-0.702539650352139,-0.485916169597391,0.986868794491092,-0.0994226537327879,-0.923992263962197
0.864180588884022,1,0.51708984375,0.682306353954227,-1.04736542688881,0.167905875412277,0.936961259174793,-0.945858595057394,-0.180001250405968
1.34057172786225,1,0.51806640625,0.321632928775472,-1.11237364094362,0.820507588246112,0.305328896522201,-1.15199625391337,0.859110869061657
1.18500078432279,1,0.51904296875,-0.115159996844714,-0.870973949797461,1.17900426315606,-0.532380256907149,-0.532184652832949,1.13630172434177
0.588923443294619,1,0.52001953125,-0.552025863346184,-0.389326998475544,1.08214106772208,-1.06896494178587,0.416780931198553,0.388734106899366
0.542591509102522,1,0.52099609375,-0.912549756282167,0.193673231852001,0.573969068137369,-0.986810977801864,0.929941761786023,-0.576670919207295
0.942871381908017,1,0.52197265625,-1.13380842382629,0.708619512681049,-0.116298960665585,-0.358624580735187,0.612364284128147,-0.737710614254236
0.357659089814958,1,0.52294921875,-1.17778076971551,1.00712146857612,-0.679037155415434,0.399764474314036,-0.232583567727295,0.0621682254882541
0.648192794957285,1,0.52392578125,-1.03823210404871,1.00690944326625,-0.865640535583002,0.794485916531115,-0.859382499489423,0.949407510469346
1.59908303821402,1,0.52490234375,-0.741819391276094,0.716739182606662,-0.601945158107616,0.568084187842557,-0.706488930173948,0.946154845844854
0.945911565124753,1,0.52587890625,-0.343216769010467,0.233495029017253,-0.0217552981120212,-0.136536180299321,0.131549321775561,0.0072841767604426
0.441504669309748,1,0.52685546875,0.0848508169804327,-0.28761775665031,0.594846777283287,-0.866887056860331,0.981120273474191,-0.928107777364462
0.934931051378262,1,0.52783203125,0.46485109918487,-0.680680227481716,0.950167622568309,-1.14870367419537,1.15140333654923,-0.925473339340051
1.51423206636868,1,0.52880859375,0.72855383117098,-0.81991806836328,0.865660956646899,-0.787853333963145,0.511092219079206,-0.0387079620544316
1.56451444022977,1,0.52978515625,0.829437235375478,-0.658269915027298,0.364189303912224,0.00555794637521778,-0.402443557333937,0.750816675020638
0.963123007865048,1,0.53076171875,0.75113300473933,-0.241879728879364,-0.339867128550503,0.749792674173495,-0.832843607391274,0.575307545956316
1.23754957999092,1,0.53173828125,0.510372713817951,0.303916998042868,-0.938149537221314,0.996568169018188,-0.43706002996466,-0.399324694673539
1.31214277828183,1,0.53271484375,0.153899760151094,0.812834249795334,-1.16890215434142,0.614774325682503,0.428696539038262,-1.14735871235149
0.492688774317064,1,0.53369140625,-0.250090221052648,1.12842268692921,-0.936297023898287,-0.127438677971242,1.00853443782209,-0.867428214831065
1.10932269082076,1,0.53466796875,-0.624421209684068,1.15188836319223,-0.353925382382499,-0.734314404103698,0.78124840479125,0.169345818487224
1.67717136349355,1,0.53564453125,-0.897049251509563,0.872334189657251,0.307429387752209,-0.798730641582896,-0.101378367494223,0.904086627905602
0.694441570960321,1,0.53662109375,-1.01424504258872,0.370184131800223,0.743833650652823,-0.261981459788618,-0.939175400212946,0.606848787454537
-0.205654219919515,1,0.53759765625,-0.950445406032508,-0.207258350825489,0.757304474386327,0.548055394394185,-1.06699210335213,-0.355234077459151
-0.313654409030444,1,0.53857421875,-0.712978851978998,-0.69065422330076,0.346328096541637,1.12466461779621,-0.408960706484312,-0.910252091899939
0.531143152480964,1,0.53955078125,-0.340803641713928,-0.940179773199015,-0.293614850906911,1.10394917355047,0.459961856720518,-0.419153091600447
1.15038932933272,1,0.54052734375,0.1025131063693,-0.888040824828897,-0.859751629448966,0.495983862016436,0.796541031096985,0.644493466636217
1.62012099854401,1,0.54150390625,0.540298203414213,-0.558967733867778,-1.08089802498784,-0.321438790276415,0.312091056823184,1.19166316996715
2.81216587886338,1,0.54248046875,0.896663968783437,-0.0624356543550073,-0.84196538055643,-0.842502658732125,-0.585559799175308,0.666575254704447
2.31924963554624,1,0.54345703125,1.11026053273437,0.441007548844294,-0.23711530336126,-0.754182738950873,-1.13342891019705,-0.367429522897261
0.820324182946595,1,0.54443359375,1.14538608968879,0.789013425225745,0.472774677974998,-0.134316069634575,-0.852461066889747,-0.824167663489818
0.805281901459557,1,0.54541015625,0.998433281194975,0.867247187579815,0.978894332890995,0.598914462336475,0.0503913669094653,-0.242527597660141
0.939602541943925,1,0.54638671875,0.698498933095964,0.644520760247799,1.06520908248286,0.953927048021876,0.853563756746927,0.727676439202216
0.758244912468088,1,0.54736328125,0.302046926982561,0.182506604323326,0.706738981509798,0.67940218467285,0.922463536573229,1.01549329564941
0.704792707507122,1,0.54833984375,-0.11740340424594,-0.382939910729616,0.0804650146701939,-0.0747509882435394,0.238068412335193,0.264711666907787
1.11108731550364,1,0.54931640625,-0.482685409953394,-0.883147920179029,-0.516108214543835,-0.851486314435884,-0.589560246995289,-0.785460605257526
1.70446597626678,1,0.55029296875,-0.727048204653371,-1.16805438897968,-0.801458371862442,-1.17602664898246,-0.834005289506724,-1.07773819431287
0.902806337727556,1,0.55126953125,-0.806314028528866,-1.15197670263192,-0.639153102959877,-0.856701822859994,-0.26235258379782,-0.3505353372945
0.395315954503743,1,0.55224609375,-0.70691634353687,-0.839753256887212,-0.10048063889284,-0.106062572222256,0.66817917151973,0.58914421183022
0.853018191341508,1,0.55322265625,-0.44835527014094,-0.325267246542872,0.568058324883468,0.594670531706591,1.1914545805735,0.721954802206597
0.12000495415755,1,0.55419921875,-0.0796235534206128,0.237195426993062,1.05752859584084,0.80165033018369,0.872626671269527,-0.103984726524873
-0.141559894432199,1,0.55517578125,0.329745822886475,0.680005240373772,1.13801140952254,0.390420760059987,-0.0282383981762589,-1.01160831875293
1.10017101842928,1,0.55615234375,0.702379880967387,0.87329093811131,0.764009405785141,-0.365325998565558,-0.773326398224789,-1.02255580546674
2.25295239625878,1,0.55712890625,0.967200754532969,0.764475861411914,0.0955742901236941,-0.968291133971119,-0.763368027379225,-0.0930912305806027
5.55443412039331,1,0.55810546875,1.07242128917944,0.394174297312797,-0.574520131950647,-1.01444967195688,-0.0375096729034584,0.83714826107582
1.79230191449396,1,0.55908203125,0.99503412727802,-0.116404101831735,-0.95425495365249,-0.45083456383551,0.761353700563467,0.835312392665435
1.39064444406701,1,0.56005859375,0.745065596713756,-0.602689196422242,-0.885443300699886,0.389660586615387,0.926660734019216,-0.0422707668429449
0.975147284478972,1,0.56103515625,0.363818807821748,-0.907244383732567,-0.415542604724183,0.998634205608837,0.281692220626783,-0.813889057382429
-0.209986266385225,1,0.56201171875,-0.0835753220684884,-0.928088751904261,0.224632534492539,1.01405242645292,-0.67019099927974,-0.614643839022629
0.300261007347392,1,0.56298828125,-0.519944091231623,-0.650079643940225,0.727079660221244,0.449137142428096,-1.16442341230811,0.385236094970634
1.40375761831795,1,0.56396484375,-0.870051439402828,-0.149762743649178,0.84806612969509,-0.31714700033293,-0.812918271536461,1.15723481115987
0.956612545915967,1,0.56494140625,-1.07422496587118,0.427797694376616,0.520137550152877,-0.781907111365015,0.0728254532507178,0.899808189940986
0.493690657647969,1,0.56591796875,-1.09915168893397,0.913135813508132,-0.116585725095391,-0.638704712247651,0.743416608373246,-0.115255595402099
0.566105133793816,1,0.56689453125,-0.943878138454651,1.16397611488025,-0.778158113928574,0.0271519763363042,0.639056878641505,-0.83017830905656
1.01206826992175,1,0.56787109375,-0.63992345319113,1.10854414223824,-1.1664512605515,0.792551304007057,-0.142190163902389,-0.518419646010424
1.09643957057888,1,0.56884765625,-0.2454859124337,0.767368829440192,-1.10538650661023,1.16548621973648,-0.927110911315559,0.44940852392913
0.869022838500037,1,0.56982421875,0.165201364689845,0.246919284339,-0.621435826189381,0.898020705592224,-1.03179337170914,1.00059770351085
1.62789739665677,1,0.57080078125,0.515426746484355,-0.292977747468886,0.0684365627764614,0.144393523554147,-0.335503526552207,0.498410192459222
1.43587398873354,1,0.57177734375,0.739999573554395,-0.687984643199669,0.655877000365484,-0.636250122311641,0.61624320491724,-0.580469130858085
0.394652511327152,1,0.57275390625,0.797143383976842,-0.819441156986915,0.88195503880153,-0.970715979438757,1.06577662900911,-1.14572300165078
1.00739217106389,1,0.57373046875,0.67611709106794,-0.650562557474244,0.655272452800803,-0.671396648906721,0.674764741691204,-0.642313558708902
1.61645969019546,1,0.57470703125,0.399176284195275,-0.237590799751414,0.093345523967076,0.0456965452832428,-0.19507418596264,0.365972483154087
1.21851170518927,1,0.57568359375,0.0175174655539998,0.287505635705967,-0.531656536603282,0.699463757887817,-0.786747643859106,0.795094218859545
0.696033865872916,1,0.57666015625,-0.398056287556533,0.757495179458493,-0.917974037683786,0.850705076531948,-0.583133405831918,0.188356964051837
0.515833470356813,1,0.57763671875,-0.770048525557911,1.02114492736088,-0.872883523333856,0.382399490708392,0.259003945507441,-0.80047369708424
0.888918568052666,1,0.57861328125,-1.02841003251178,0.98961632022606,-0.401445438971947,-0.424914105768903,1.03932286038268,-1.09937960715993
0.517958964910507,1,0.57958984375,-1.12333175400665,0.663816347005751,0.295250716933094,-1.07061140913453,1.09957192920351,-0.353644092314281
0.444398781784362,1,0.58056640625,-1.03436019673322,0.134343344622594,0.911561066167749,-1.15155716290766,0.374641655511257,0.696078736357562
1.34232047394835,1,0.58154296875,-0.774174883828092,-0.445961741404781,1.17665036603328,-0.617971699638246,-0.552048570425112,0.993163071807502
0.668140473861795,1,0.58251953125,-0.386339207163744,-0.908479153838703,0.978000646180119,0.195011524526125,-0.935223751181605,0.278076765649686
-0.183092279170503,1,0.58349609375,0.0625668268108368,-1.12010077595949,0.412573701135956,0.780150161538501,-0.489408717871799,-0.641455910471953
0.638250243892267,1,0.58447265625,0.495000663095419,-1.02368417992661,-0.257768458714922,0.780018899376679,0.374416169957784,-0.748517705029531
1.67372640054364,1,0.58544921875,0.836504558831549,-0.655317315089087,-0.726181825390538,0.213476592349094,0.89501752657602,0.104292816971801
2.2891776593121,1,0.58642578125,1.0291898498433,-0.133124548508946,-0.781229627760979,-0.537224698302164,0.600178037464329,1.03634352187719
2.15598898142951,1,0.58740234375,1.04220428033468,0.378961973181433,-0.40351318498238,-0.970452177409907,-0.295950936452908,1.06845716209486
1.95849477287146,1,0.58837890625,0.877277846098338,0.721394512762981,0.225661293987842,-0.785190779792055,-1.06999361155994,0.157745568427084
1.45242504377583,1,0.58935546875,0.568338632511843,0.787829405325392,0.807537599356601,-0.0735931986593465,-1.09291173754736,-0.756347047091966
-0.20117547052605,1,0.59033203125,0.175269758689929,0.557658257255392,1.06298531456761,0.736354812221755,-0.355125796959427,-0.743529448448864
-0.317166079628775,1,0.59130859375,-0.227054797591185,0.102311600988067,0.860669122427162,1.15167382849298,0.526066989899253,0.136520467865303
0.853094667510542,1,0.59228515625,-0.562458228006401,-0.436590900960231,0.27765641119069,0.926657218292376,0.822946918307045,0.900848353955762
0.803259897173668,1,0.59326171875,-0.767379673787119,-0.890568085352472,-0.435284021272529,0.218151991379577,0.305615058584569,0.686628042530776
0.803909429217778,1,0.59423828125,-0.802488752997834,-1.11584496130713,-0.967836116445489,-0.514793473270457,-0.566814574225295,-0.332276872916656
1.21961241562591,1,0.59521484375,-0.65988048498229,-1.03740451641814,-1.09153780411829,-0.803103022324308,-1.03196033354348,-1.12504639221673
1.36634974028159,1,0.59619140625,-0.364540067378252,-0.672062958133845,-0.763757697692601,-0.465954162437973,-0.664026505573187,-0.890211901090866
0.957555751545403,1,0.59716796875,0.0301896148872773,-0.123515095908175,-0.146696739222571,0.274415239487001,0.267683557633059,0.0997796566019816
0.246320706294166,1,0.59814453125,0.452312803682876,0.449141214387413,0.467260522165012,0.934335647935613,1.02168058614869,0.788516454008678
0.835041441032208,1,0.59912109375,0.824291186158983,0.879791267277096,0.789676779207646,1.07673825529824,1.00228106091559,0.453363419755921
1.2459789503372,1,0.60009765625,1.07717270517324,1.04582438962134,0.668295960310594,0.589788264762166,0.255791612609245,-0.530900310480953
0.853137920215765,1,0.60107421875,1.16316625580647,0.905361654215602,0.156872485883091,-0.24100945400504,-0.570102672360718,-1.08994110047911
1.96336176064213,1,0.60205078125,1.06437246251397,0.509823578611809,-0.509357804705218,-0.913109197394076,-0.769652654398984,-0.58842958884252
2.8366362245998,1,0.60302734375,0.796080439178725,-0.0119957240222413,-1.02134511268893,-1.02509318078887,-0.170417567562652,0.494752944869598
2.00554847512735,1,0.60400390625,0.404029657182865,-0.493477204139083,-1.13777117873533,-0.530554842468894,0.72212383070137,1.06885387044582
0.878257900338855,1,0.60498046875,-0.0438653193690098,-0.781261438732904,-0.795709129402756,0.233600947555798,1.1477311905945,0.580300844737005
0.131946631498,1,0.60595703125,-0.46982145142145,-0.782258582059381,-0.139760738167721,0.762369637314826,0.728285346940881,-0.406145323457623
0.199051050490155,1,0.60693359375,-0.800285535293895,-0.492218551995203,0.543671942914388,0.704538731192502,-0.21449395558066,-0.808290390468806
0.138695527921865,1,0.60791015625,-0.979258419501281,0.00286982470470626,0.956924736353544,0.0866338409136189,-0.926393990951365,-0.173809333491743
0.455542104976671,1,0.60888671875,-0.978420347112006,0.552980707513313,0.926714778007096,-0.70344676571536,-0.849560879210647,0.839378504810411
1.88131558242718,1,0.60986328125,-0.802215104803965,0.989851473236016,0.482850733211774,-1.16273170167061,-0.0868721606836627,1.15774773700737
1.66953440789965,1,0.61083984375,-0.486968530081214,1.17839057590476,-0.155980315037361,-0.992883735043066,0.68653376843926,0.427426095509027
0.602185477854171,1,0.61181640625,-0.0942030908854645,1.0579883231227,-0.682825984041043,-0.290120489596452,0.790404688920719,-0.610297775771801
0.980996770737606,1,0.61279296875,0.300633049096871,0.661109483980973,-0.843430183651751,0.515371924006172,0.110560455228776,-0.900363170504687
1.38591974454989,1,0.61376953125,0.621969222139178,0.103485910741666,-0.553033111876458,0.932053478694952,-0.803884005391575,-0.186214102141846
1.34776066458652,1,0.61474609375,0.807933457220585,-0.45109758895878,0.0644444001143867,0.718448994579883,-1.19870409151249,0.722838521387115
1.07232307127289,1,0.61572265625,0.821674235444863,-0.840670169332893,0.732773958433967,0.0354939348601705,-0.744901945887345,0.811558725459955
1.02863664329089,1,0.61669921875,0.658120506222315,-0.954365102756963,1.14957054174454,-0.656963033145446,0.186125004433088,-0.0635512844364274
1.13668429376347,1,0.61767578125,0.344948325692163,-0.766080397088909,1.12451436835384,-0.8936636236422,0.83279358294173,-1.01865437812221
0.188171597854021,1,0.61865234375,-0.0624226087702509,-0.342232213814611,0.666410469132116,-0.500851302186515,0.679422650104009,-1.07386888493976
0.205433592895705,1,0.61962890625,-0.490892153145129,0.17876187087118,-0.0207440055505037,0.292172303358641,-0.113906360712144,-0.187003978029511
1.26986992526258,1,0.62060546875,-0.862970905138512,0.628996302053011,-0.630888950071072,0.997800662598868,-0.847254048238644,0.703091152798882
0.687119512605474,1,0.62158203125,-1.11087978412955,0.862594427484147,-0.895626844083109,1.17923353628515,-0.86866760035814,0.669301076595137
-0.02538720893987,1,0.62255859375,-1.18889106181073,0.800485235577167,-0.706629896682012,0.727526262306183,-0.122014672829742,-0.224568673215593
0.238834357432816,1,0.62353515625,-1.08166392053765,0.454755675318821,-0.164740473866556,-0.0694765297619141,0.803678242475404,-0.993442907368356
0.612313544423204,1,0.62451171875,-0.807056728359079,-0.0748658574602381,0.46668245708698,-0.710119326977785,1.16480884489829,-0.775650920735868
0.82918866996456,1,0.62548828125,-0.412903680086557,-0.63132510255835,0.882807871893114,-0.797531185953919,0.683402903758912,0.252198062522106
0.678669144142274,1,0.62646484375,0.0316577974786332,-1.04809932868412,0.877369377306098,-0.29136382655404,-0.221825241024778,1.05777102470219
1.22753718225797,1,0.62744140625,0.448730485905437,-1.19997968607881,0.437605480598694,0.467297767098022,-0.786775190071837,0.840299980104549
1.40438210035391,1,0.62841796875,0.765788643440912,-1.04126729319195,-0.249353067669644,0.973649022753347,-0.541652771593043,-0.126703663439393
0.497454908620517,1,0.62939453125,0.928825109216789,-0.619715921215797,-0.881590872062552,0.881089106026458,0.296162214749375,-0.788038169719665
1.27495287668612,1,0.63037109375,0.912121541014663,-0.0619623850329506,-1.18009124659729,0.222700495074852,1.00474817488231,-0.42507256061832
2.55172616115152,1,0.63134765625,0.722863993282159,0.465104969977329,-1.01602012171297,-0.60853581447715,0.962930005309384,0.582904778200277
2.21294714724905,1,0.63232421875,0.399764613421063,0.805239551220777,-0.469390363086009,-1.10827492151349,0.171737742561097,1.15937433081995
1.48304870796694,1,0.63330078125,0.00594158252299309,0.860446478219271,0.207722874862139,-0.980193559324436,-0.744343952083135,0.669672760833569
0.738948029581118,1,0.63427734375,-0.382645149279477,0.620767972945566,0.706580080912663,-0.323294322704196,-1.05751210095365,-0.405992170838182
0.256566376355353,1,0.63525390625,-0.691095622141532,0.167148907364616,0.802990556038642,0.431864568479622,-0.543148670340938,-0.977359374991419
-0.217141749001121,1,0.63623046875,-0.859276835561474,-0.353488379762012,0.459736023082756,0.79744341520623,0.334581054557174,-0.493227174757676
-0.132309943041761,1,0.63720703125,-0.852838137757009,-0.773340566679474,-0.156649706660096,0.538751730699671,0.813168321055436,0.479859949564017
1.5415878608715,1,0.63818359375,-0.669528348142868,-0.955209171654426,-0.752412915547269,-0.176479443973237,0.471453018069928,0.860900038725879
2.03643203322761,1,0.63916015625,-0.339663401521239,-0.834641610002781,-1.0413976310973,-0.884860199580404,-0.416728910302357,0.2014829816458
1.20139884207397,1,0.64013671875,0.0793416043154783,-0.439847990353953,-0.876453372979371,-1.12227786631919,-1.1108963781879,-0.836540562741854
1.45152986097967,1,0.64111328125,0.513381286900789,0.116696531193413,-0.317295300141506,-0.719537195216658,-1.02327290130248,-1.17810682600557
1.4557441267087,1,0.64208984375,0.88511540718135,0.672404070543245,0.396249150194108,0.0892240368723248,-0.210976286418086,-0.469899156773334
0.852574486271251,1,0.64306640625,1.12802165926859,1.06405312976776,0.953387655788281,0.814290889250889,0.670761382251404,0.546685345167038
0.562605327343139,1,0.64404296875,1.19848773131691,1.17748399145904,1.11398934824146,1.02044194783161,0.915268308394151,0.818869008715252
0.879744586757945,1,0.64501953125,1.08374138415609,0.982333227047286,0.81791520441089,0.602323529990488,0.353729850445638,0.093919542295839
1.6361789892673,1,0.64599609375,0.804174904814121,0.541199861236536,0.212052090657248,-0.149829272610172,-0.505798084890014,-0.816355914211956
1.30411731590758,1,0.64697265625,0.409640741515068,-0.00955417841268918,-0.417300553475144,-0.735834576862086,-0.905824235736136,-0.897496948012631
1.19247543990469,1,0.64794921875,-0.0296073739020909,-0.501502114095983,-0.775742953981668,-0.7645256224506,-0.475551146103871,-0.00907197021579791
1.8415818948062,1,0.64892578125,-0.435678778304804,-0.785609499502322,-0.695697963844723,-0.2032624933149,0.456657247614037,0.96258170886839
0.666028944307103,1,0.64990234375,-0.737192167411343,-0.777730772114883,-0.213208041116043,0.600628936594448,1.13603019438403,1.03738998804265
-0.709414294410029,1,0.65087890625,-0.882228823052102,-0.484247260531528,0.448533632338612,1.14014999145907,1.01129338965265,0.174132780475133
-0.474640346796995,1,0.65185546875,-0.847735129571954,-1.62245582639164e-05,0.981383996724816,1.07066705391087,0.194819756982428,-0.688922484671235
3.22351179623218,1,0.65283203125,-0.643663325281614,0.520739931027168,1.13342204933717,0.429029803071109,-0.631883805488732,-0.628078429073809
1.00036948518753,1,0.65380859375,-0.311097543505436,0.911707827375733,0.824497599891695,-0.389496464106542,-0.788249749594612,0.28825847054935
1.43542666918596,1,0.65478515625,0.085292622062256,1.04547478338364,0.183281828166218,-0.881840578220988,-0.163346766663843,1.07222428575244
2.04776793471172,1,0.65576171875,0.469095940621519,0.872655837353512,-0.511145001680883,-0.756029506164554,0.692547974822001,0.862487349131612
2.08216773505184,1,0.65673828125,0.766143195651976,0.437198008455102,-0.956460988968745,-0.115744612077285,1.03003678581023,-0.16250406244793
0.646431836909137,1,0.65771484375,0.918083474090401,-0.136819057679112,-0.964863585160833,0.606717302130273,0.529645032713904,-0.96982899379873
0.635427889126494,1,0.65869140625,0.893080056664461,-0.682859564918474,-0.548417301231029,0.926415935795186,-0.428587632362235,-0.760285419499609
1.6164302355945,1,0.65966796875,0.691677309118634,-1.04258122524994,0.0870384830759138,0.615217421624861,-1.08066102523651,0.190817407785264
1.23038798894831,1,0.66064453125,0.34676920969575,-1.11399090309439,0.636613774210304,-0.152010892966469,-0.91545946179034,0.828941865254334
0.831099894101128,1,0.66162109375,-0.0823258984676619,-0.882400713869291,0.83636734754545,-0.90743398761007,-0.1002276748216,0.439138643702454
0.787151925677234,1,0.66259765625,-0.520606604263229,-0.424732959212334,0.584512076684815,-1.18663163521099,0.661156824959644,-0.594872720490988
0.771016472958691,1,0.66357421875,-0.890991113741208,0.114136563953323,-0.011642395159643,-0.823007637863226,0.718428579023267,-1.19421223864985
0.560803281556255,1,0.66455078125,-1.12830559249384,0.565765974374176,-0.684499757828908,-0.0531482795142607,0.0197930368107893,-0.724462418477375
0.339016517837871,1,0.66552734375,-1.19111210211177,0.789702233183719,-1.12841915443878,0.633806155954451,-0.844499190101417,0.333479376700152
1.29356049785389,1,0.66650390625,-1.06922328014878,0.716451588655944,-1.13946924499919,0.807030987575844,-1.13633336572048,0.8906446931075
1.35041495080779,1,0.66748046875,-0.785536081062432,0.368736885819164,-0.708758461131594,0.367552674710368,-0.588196167125766,0.399098884012052
0.201699828397227,1,0.66845703125,-0.391851067027198,-0.145452856933599,-0.0266410352752223,-0.389383878463771,0.371561522358241,-0.571911379748319
0.676307522988619,1,0.66943359375,0.0405613751840083,-0.665897095461107,0.604130456701248,-0.962728423036013,0.97521732022993,-0.941703850454546
1.42574600566476,1,0.67041015625,0.433930253765246,-1.02916973228953,0.906581313869712,-0.965034475408161,0.755788593743299,-0.265018124713129
1.29990429524124,1,0.67138671875,0.718127457514224,-1.1186774307906,0.755815043511609,-0.369815141535669,-0.064640227370491,0.792964781201007
1.19827639364415,1,0.67236328125,0.843410697078147,-0.900421183027087,0.235669437458157,0.470416784032693,-0.763114922015615,1.15602865086034
1.16231777986258,1,0.67333984375,0.789446238522007,-0.433552672197027,-0.400174756758819,1.04694810882041,-0.722932287898064,0.471546826533145
1.30444908378813,1,0.67431640625,0.568969243565379,0.147503774199681,-0.844820226211553,1.01696205720752,0.0483946277939511,-0.519104906844375
0.747737786032583,1,0.67529296875,0.225415989123769,0.673906989436327,-0.879136690695579,0.420280331878496,0.923799108867211,-0.765811258986006
0.62831323781994,1,0.67626953125,-0.175040106839827,0.993756850615828,-0.472579871025543,-0.346946794402728,1.18015120504413,-0.0202566713195846
1.76076164420978,1,0.67724609375,-0.555597726066195,1.01827058634726,0.202299993498914,-0.784832645342915,0.602676774076378,0.90249645171837
1.17084846727374,1,0.67822265625,-0.842876414134241,0.7486769338956,0.848317069892422,-0.608052370124108,-0.335336473054747,0.987892437101582
-0.2913738198445,1,0.67919921875,-0.980345922413618,0.275618081906375,1.17919814169017,0.0724781304050386,-0.867895243906394,0.097644977563886
-0.407825764077724,1,0.68017578125,-0.938689901993711,-0.248752212184256,1.05022071491326,0.8200263199791,-0.575988890736543,-0.880308605139214
-0.229438581483432,1,0.68115234375,-0.721215843826016,-0.657445184197165,0.524185072493595,1.14981494619045,0.263502613879447,-0.966505761900247
0.223628086132321,1,0.68212890625,-0.363325064286711,-0.819824107090254,-0.157453838526019,0.837591915123859,0.911486544501664,-0.121336435800825
0.975119192130933,1,0.68310546875,0.0738619829552489,-0.681660261183031,-0.685082383107162,0.0628617326093884,0.78729206598458,0.717089131543553
2.04291516417546,1,0.68408203125,0.514565633294325,-0.281817366031708,-0.822498265276726,-0.704287365184345,-0.0431243304966632,0.628309159678062
2.59058336497536,1,0.68505859375,0.882079662227308,0.259535466666441,-0.514788094182965,-1.00087670725269,-0.920000785482352,-0.314600629932009
1.2611988052694,1,0.68603515625,1.11267746537884,0.777583618879264,0.0868356314803947,-0.664101490468747,-1.13957348735455,-1.12067341762689
0.691189488386401,1,0.68701171875,1.16716089610818,1.11320176168793,0.694590933570873,0.0664360134288066,-0.541012686259164,-0.928375076227549
1.31108667201769,1,0.68798828125,1.03794998858004,1.16158716238114,1.01624003278708,0.70223972892042,0.360443780266437,0.0827389385098413
0.80783434960676,1,0.68896484375,0.750423544648769,0.904333959283627,0.889300997537431,0.817553602204076,0.805455042021091,0.880023924122493
0.651487046986381,1,0.68994140625,0.358267172288827,0.415148556748049,0.355936089406246,0.320998511111922,0.426187770189746,0.666766809003591
1.3158713832731,1,0.69091796875,-0.0663237208545197,-0.162542219749833,-0.355765061429657,-0.485478985523653,-0.446220448526086,-0.279020195119195
1.70728389792562,1,0.69189453125,-0.445801871985941,-0.659252914411761,-0.935564968422462,-1.09785342136958,-1.05956188385707,-0.902645157161625
1.53378773310339,1,0.69287109375,-0.711391171795637,-0.931036871788413,-1.13246116890235,-1.12994608357347,-0.871268932879041,-0.492166073667664
0.851195225272587,1,0.69384765625,-0.81560331309564,-0.903261383212233,-0.869008589863112,-0.558718219296963,-0.0041740565776472,0.564748476325826
1.00907684933607,1,0.69482421875,-0.740869281695795,-0.593192774948735,-0.276296478847125,0.260959151416539,0.854098546456599,1.18710803394693
0.759424950927551,1,0.69580078125,-0.502714413883258,-0.104497402500915,0.36640595550689,0.821452022384754,1.02407134145226,0.740732879050894
-0.406955714913864,1,0.69677734375,-0.146899342629208,0.404655828564785,0.759708916577643,0.784352041073045,0.400488479887924,-0.29305936497762
0.425947838822874,1,0.69775390625,0.258952077404094,0.770141225145165,0.721267731731567,0.194695626825551,-0.461920916359368,-0.827099622425391
1.94706718562266,1,0.69873046875,0.637712891341765,0.872234325103767,0.269293568566437,-0.548693615729369,-0.814600837136815,-0.317418399813469
2.19986031468848,1,0.69970703125,0.916850014096875,0.672392709825343,-0.385800778811694,-0.947840223092379,-0.343116573239894,0.66320359726753
2.13714973868422,1,0.70068359375,1.04169051358577,0.225218180752051,-0.937797105768486,-0.723338609954355,0.568574191344034,1.0334996038029
1.74165595279041,1,0.70166015625,0.985440817340649,-0.338058821757174,-1.1250032747084,0.00682851873133405,1.15870040039512,0.35044620003417
1.17310740638127,1,0.70263671875,0.754133563845471,-0.849531423644846,-0.850308755285081,0.801084256707041,0.92494010645511,-0.718298078451449
0.154813987123505,1,0.70361328125,0.385600275322877,-1.1558036648864,-0.226026008695611,1.17382109190431,0.0452148568465371,-1.096087106854
-0.31935189959906,1,0.70458984375,-0.057344302757584,-1.16477849847387,0.477012422685147,0.903107496988865,-0.77006808508432,-0.431513717265425
0.920716187634894,1,0.70556640625,-0.498266497974484,-0.873755047457513,0.952829942751788,0.171016844437592,-0.870774759809368,0.533774520119361
0.987086242513382,1,0.70654296875,-0.860958782647713,-0.370252651894153,0.999728678522555,-0.552573687515782,-0.208981494446869,0.752286343654811
-0.00162553617291561,1,0.70751953125,-1.08324606926067,0.1946900055642,0.611992272371463,-0.808838449145206,0.623189413383036,-0.0196640205871672
0.308539159256953,1,0.70849609375,-1.12824069741104,0.652584755285,-0.018065352235625,-0.441562449871571,0.891349477115672,-0.963312533388939
0.576810979765105,1,0.70947265625,-0.990998032974108,0.868860719137544,-0.588622188467122,0.303895873760344,0.335631253890599,-1.06335841407634
0.534232752386311,1,0.71044921875,-0.699361925224458,0.783838659039736,-0.826922367263075,0.93711932381347,-0.609689571779639,-0.182851794089358
0.714790666025194,1,0.71142578125,-0.308847015704976,0.430799116910821,-0.614486018500701,1.03512222737154,-1.17761781105838,0.789575688316225
1.15629052479626,1,0.71240234375,0.107509517318334,-0.0743711155564753,-0.0416550787755346,0.51217211527219,-0.908647385978257,0.875999712427747
1.54448551450108,1,0.71337890625,0.472478412794376,-0.568786531217884,0.633492344733439,-0.324592140935909,-0.0342271179897718,0.0392898528906015
0.65388011420044,1,0.71435546875,0.718723371871596,-0.892541463559048,1.10307092095891,-0.969148744820726,0.717276290404422,-0.781856255810745
0.558284314453853,1,0.71533203125,0.801075845382612,-0.937786139782535,1.15021209636643,-1.03695575305539,0.729755334317724,-0.669645190401359
1.81653471986489,1,0.71630859375,0.704764459063378,-0.681902212133841,0.748356343468798,-0.508139151153074,0.0140330798940787,0.298529366779965
1.53307255317339,1,0.71728515625,0.448100661960102,-0.194637143913067,0.0735840283512636,0.260995448292301,-0.802513837601008,1.12870524019627
0.884836651266836,1,0.71826171875,0.0791316893891219,0.382987772189036,-0.575663039630892,0.765389872047095,-1.00261664105373,0.958995283223546
1.0120169658964,1,0.71923828125,-0.333129548474109,0.88155787487301,-0.914751412722224,0.673009252404864,-0.381327021812598,-0.0303399949369484
0.907096432818162,1,0.72021484375,-0.711300516293493,1.15483964339816,-0.802631699322911,0.0364218890435292,0.580182395918704,-0.807553443608804
0.729203142266139,1,0.72119140625,-0.983757174978949,1.12429836637301,-0.305862799425194,-0.740314716872832,1.11478218623934,-0.579206817961345
0.540246373861073,1,0.72216796875,-1.0977212273825,0.802963241480842,0.332388669875184,-1.1584301032494,0.808873294650672,0.3731002556818
1.08305787815433,1,0.72314453125,-1.02892292387948,0.291352592389966,0.80417097704109,-0.941684507394345,-0.0536751443400703,0.993605688288519
1.13933851102652,1,0.72412109375,-0.786079231754698,-0.253293578620826,0.878211590086861,-0.212441457998637,-0.730757214374796,0.572492489223068
-0.292504184192275,1,0.72509765625,-0.409371032151966,-0.665073025681642,0.506281493711716,0.585359379650138,-0.644173771559314,-0.499406051749154
-0.113843300101213,1,0.72607421875,0.0368044857858684,-0.820090397111658,-0.154222998993351,0.967409676745824,0.135897320126376,-1.13961197092394
1.231443095879,1,0.72705078125,0.475487821562577,-0.674257486580939,-0.811830894223546,0.71574208683817,0.949473799430512,-0.714589898217029
1.60739344803702,1,0.72802734375,0.831096918267082,-0.276678246587874,-1.17396116818069,0.0160632643050334,1.09938937701604,0.293767571848378
2.06212247660227,1,0.72900390625,1.04311590307127,0.24546828793779,-1.08048291360715,-0.661515046992594,0.435592565059453,0.800197041830958
2.29912511601983,1,0.72998046875,1.07704174618316,0.725926082126602,-0.576776876227283,-0.86248474025591,-0.517783982734964,0.265046652783629
1.82133558208453,1,0.73095703125,0.930597001015843,1.01032393977535,0.107120669139454,-0.437957983459134,-0.99898933018875,-0.734800916175265
0.601192908882882,1,0.73193359375,0.634078648694202,1.0035283753316,0.661746474133683,0.359685968767626,-0.643730251217644,-1.11675175377082
-0.392787869783448,1,0.73291015625,0.244780643869655,0.698916743829956,0.839668936563096,1.03636201610619,0.21243001027107,-0.439153408315181
0.518580510439829,1,0.73388671875,-0.163493324444165,0.180622601259304,0.568462775455124,1.16967865649527,0.817199187060724,0.628782709481099
0.981736585003479,1,0.73486328125,-0.513916519166032,-0.401938315728539,-0.0164788735321981,0.677022130665155,0.633187425728937,1.01088782106362
0.440627762086393,1,0.73583984375,-0.740668954819361,-0.879485260307551,-0.634295110519994,-0.132039809479988,-0.210540674164027,0.357786983726987
1.17660682464066,1,0.73681640625,-0.800955215996266,-1.11436413433587,-0.987630094980359,-0.752335202615259,-1.02489858671222,-0.587947629419631
1.57867711919187,1,0.73779296875,-0.682821653409841,-1.04238912814035,-0.8992047877638,-0.803718289571701,-1.13624610321669,-0.781002243530725
0.9783476849687,1,0.73876953125,-0.407349262047336,-0.692257519678478,-0.393485908911117,-0.271994935949407,-0.449502060829344,0.0178909430719533
0.560050773652564,1,0.73974609375,-0.0248227090080535,-0.176611548569179,0.313932328933031,0.482946178097683,0.472187911840141,0.98622831644499
0.552189694056562,1,0.74072265625,0.394427111341118,0.34251775038166,0.914396481339593,0.956921537710796,0.877888800533612,1.10767431438618
0.972817995765705,1,0.74169921875,0.772839675668846,0.70332449154175,1.14686555256147,0.823065448216984,0.455879017347159,0.246090533059511
0.713425164406806,1,0.74267578125,1.03976688955045,0.793740167076068,0.916847106396465,0.140807361795471,-0.407275120971689,-0.709917297567658
1.08940896016402,1,0.74365234375,1.14436543179724,0.585716580663917,0.339201304747115,-0.680662799631812,-0.952216632089347,-0.784817126764499
2.72064661284214,1,0.74462890625,1.06489159671919,0.143805196029426,-0.314754946384104,-1.14128102344036,-0.684415328203817,0.0551263722346278
2.43082610109896,1,0.74560546875,0.812705697142766,-0.394588281725934,-0.741631000688739,-0.966866841012201,0.209690691135549,0.869722782348519
1.10018947925727,1,0.74658203125,0.430256183662747,-0.861241414298152,-0.744917290861412,-0.282485686828059,1.0163368316147,0.743016560734855
3.61164510422682,1,0.74755859375,-0.0165903770555485,-1.10860102854999,-0.324933584902389,0.46772263117922,1.08946056664979,-0.243977084243677
0.0172392824783078,1,0.74853515625,-0.450477982897277,-1.05498681255835,0.321382932637625,0.803262693946516,0.389428247479833,-1.09480832267072
-0.303873660475021,1,0.74951171875,-0.796577771273355,-0.70970001296453,0.890750438102268,0.512844089374806,-0.485145556172786,-0.947510434881413
-0.0809189642428842,1,0.75048828125,-0.996141651078421,-0.170362793131672,1.11256938311298,-0.211426068241241,-0.799024037171338,0.0169383114849946
0.935886353809869,1,0.75146484375,-1.01712648936969,0.406703567465645,0.873087796567685,-0.896501225825482,-0.295692154759819,0.767936256536371
1.63305561354121,1,0.75244140625,-0.85995573795244,0.854017604144295,0.267885263401866,-1.089657423471,0.588412624137716,0.515803040980528
0.543982733484781,1,0.75341796875,-0.557370711307162,1.0438765789237,-0.441352150362854,-0.647060317313231,1.08999200163656,-0.45359850999515
0.425137889866666,1,0.75439453125,-0.168399802219356,0.927139803341941,-0.946008326210961,0.173804012241718,0.758956991765223,-1.08261855915658
1.40869169292144,1,0.75537109375,0.232455174056302,0.548014302123762,-1.03116039798004,0.876628534977202,-0.163119133419994,-0.662663026319471
1.17952722675259,1,0.75634765625,0.568845559658368,0.0303317298867628,-0.673333202432494,1.04049258213226,-0.942909343728981,0.413190743055449
1.12332414357655,1,0.75732421875,0.776533338251514,-0.460485621157561,-0.0506821114972633,0.586139176085166,-0.966489361865089,1.06184244927443
1.44043303409483,1,0.75830078125,0.815137346676187,-0.768145497808094,0.539034424731403,-0.174852327801728,-0.250575313979557,0.651136866972235
1.32089739484695,1,0.75927734375,0.675528746855913,-0.793393650746272,0.815145694946965,-0.739192499514512,0.573727456167376,-0.335913126252435
0.820999555106452,1,0.76025390625,0.381528544162665,-0.524469548632682,0.642869066976999,-0.732697780916588,0.790927234466854,-0.81563453547119
0.371073633851167,1,0.76123046875,-0.0144025105520934,-0.0408024948119659,0.0952785874818565,-0.148853484474272,0.201357863897029,-0.252625902157166
1.26433225913389,1,0.76220703125,-0.440697357111718,0.511183620505687,-0.579920245632287,0.646532727031023,-0.710657784072696,0.771945331711728
1.48242926980794,1,0.76318359375,-0.819703965939878,0.962767309470539,-1.07361617223122,1.14756916435305,-1.18145342994517,1.17373605039973
0.206678348843213,1,0.76416015625,-1.08182395388041,1.17447461277517,-1.15672032022345,1.0298216313608,-0.806968411157438,0.51182977893869
0.321500698584623,1,0.76513671875,-1.17819426874066,1.07872579140493,-0.785092048948657,0.356799110306838,0.118568738920394,-0.54381034280648
0.78875512201795,1,0.76611328125,-1.08960283831924,0.700554463811698,-0.119953906146019,-0.459863865472939,0.847615636907755,-0.918393771216495
0.502867054913799,1,0.76708984375,-0.830014600596065,0.150067807975179,0.545552234584438,-0.921248075768183,0.803069412473942,-0.265501789066008
0.660768110247454,1,0.76806640625,-0.444065461546456,-0.411051592117265,0.920078103255566,-0.757271760182855,0.0590485051836373,0.670495765160194
0.966251436738182,1,0.76904296875,0.00102016461649046,-0.818772449212519,0.846890760875212,-0.097226965861137,-0.723408456070359,0.845703979696167
1.13891217003055,1,0.77001953125,0.427617419612406,-0.956636002472731,0.375053129282901,0.613601768345156,-0.851787747652706,0.0246816058175091
0.508701053311231,1,0.77099609375,0.761776474275479,-0.791126167920215,-0.26358340332287,0.898184494412867,-0.183836383037795,-0.966707776695218
0.371024387733544,1,0.77197265625,0.94662368198704,-0.381688673304195,-0.761028053774735,0.552143390398379,0.751257639101229,-1.11122710780382
2.00498891706927,1,0.77294921875,0.952649543951094,0.137655953918678,-0.874627889278378,-0.225220105419036,1.19375887253711,-0.273419902712519
2.33962424297121,1,0.77392578125,0.783011501501022,0.59948270373719,-0.538625799942005,-0.956598479381536,0.787599893069942,0.658517126106467
1.44489978027294,1,0.77490234375,0.472887264613842,0.854332759841291,0.105258982048555,-1.18922703339751,-0.122600061795463,0.712045684829026
1.24397604044807,1,0.77587890625,0.0829976268694885,0.816585595115678,0.772236503879395,-0.782060165973995,-0.780154445057023,-0.142407302920784
0.472070755939951,1,0.77685546875,-0.311520719398158,0.490813564535031,1.1643873194413,0.00491397676758909,-0.64907942738043,-0.962285755135882
-0.439007218137423,1,0.77783203125,-0.634865245491293,-0.0294371314129173,1.1067028604745,0.675969275122451,0.138363583147082,-0.83255569218259
-0.493379467563919,1,0.77880859375,-0.824435891070003,-0.590071250801618,0.62699476067426,0.814490039785269,0.893727442858928,0.163040080074227
0.53023601720183,1,0.77978515625,-0.842295498172691,-1.02339549308672,-0.0568803155737135,0.347278074683236,0.950200662269743,1.02636552687948
1.73605748158147,1,0.78076171875,-0.682134728397235,-1.19925577119761,-0.636633757012582,-0.409641004797219,0.222651163717402,0.89601491790884
1.24409296592762,1,0.78173828125,-0.370472396513432,-1.06474119173828,-0.854424312384665,-0.952790267656304,-0.718793857773483,-0.0458911162358558
1.0759360351782,1,0.78271484375,0.0381281932752763,-0.660327033232454,-0.620556160083354,-0.912310387330445,-1.12333782322926,-0.769719728827648
1.78801136601097,1,0.78369140625,0.470956706230785,-0.107525737868764,-0.054157522294784,-0.288215120594282,-0.685365539910469,-0.489627239027689
1.02078889100485,1,0.78466796875,0.850365636683043,0.428181990458318,0.571758083775554,0.548377911947704,0.201910622541942,0.503936960844323
0.452609714953855,1,0.78564453125,1.10788794832482,0.787813137172992,0.95569732690775,1.08988312701644,0.777091168417982,1.15089079618849
0.960554547570343,1,0.78662109375,1.19669244709647,0.867330760037885,0.906167285935722,1.01368426154617,0.548787989852506,0.743133505863452
1.32174270149598,1,0.78759765625,1.10010932972328,0.649277366041795,0.429855008900407,0.386137176441368,-0.292631239245789,-0.324875667634945
1.44863356223084,1,0.78857421875,0.834673689871142,0.207933411195942,-0.270856959766596,-0.380467291538981,-1.03427139961251,-0.970339316720418
1.35003416653805,1,0.78955078125,0.4471327125465,-0.313570485848811,-0.889923109621019,-0.790586186072622,-1.03769765010272,-0.563392090279485
1.91182022447591,1,0.79052734375,0.00596115342054443,-0.747190628090065,-1.15713005874475,-0.58077166309573,-0.274187876229705,0.411013262956261
1.67102887270338,1,0.79150390625,-0.41107058303869,-0.951528872950169,-0.961252924447057,0.112758064407917,0.649629841623253,0.870125606023497
-0.270912345119422,1,0.79248046875,-0.731012898860679,-0.855256481601272,-0.400544807596645,0.840831545442289,0.997303864587392,0.282321900596818
-0.655933565615669,1,0.79345703125,-0.898968556562717,-0.47913181425017,0.262525669968138,1.12720301718386,0.516433338781085,-0.767187543142617
0.0532233733339356,1,0.79443359375,-0.888031131010142,0.0701201209132274,0.721569648315946,0.771885414313441,-0.352556902546616,-1.19229987663903
0.20506629995333,1,0.79541015625,-0.704121835406946,0.632202175814179,0.766562387049605,-0.0208795344002726,-0.847260287611781,-0.552565933437794
0.985507731887821,1,0.79638671875,-0.384845133858468,1.04202277276093,0.37993156248733,-0.771388272052435,-0.52334338312372,0.481807964706245
1.8401512243555,1,0.79736328125,0.00742738333960745,1.17996061516548,-0.255511668350937,-1.0281907733909,0.371816627753814,0.83811430094433
2.0449677171104,1,0.79833984375,0.396984479721842,1.00826536258328,-0.840423459945241,-0.653781802407867,1.1046273211664,0.173730265354657
1.22339886986354,1,0.79931640625,0.708632315862397,0.58247787382084,-1.09618984643427,0.0892458265318781,1.06807619989775,-0.76426953287786
0.456842039212883,1,0.80029296875,0.881456902651267,0.0343841142229865,-0.89279119601737,0.706281605211068,0.289199746875685,-0.932500656936409
1.45133950490157,1,0.80126953125,0.879985039921363,-0.468287849532413,-0.308755279584631,0.786129316556127,-0.593315898072912,-0.0985031751086391
1.65938179233275,1,0.80224609375,0.700710496639592,-0.773114493661983,0.404246899015331,0.263263466962889,-0.862676304801255,0.909217059344104
0.766980896027504,1,0.80322265625,0.372796079518541,-0.789511604647679,0.935983641620935,-0.539813129882645,-0.322333465211837,1.07305077885738
1.03654943901058,1,0.80419921875,-0.0471773094493891,-0.516342016375334,1.05902115618397,-1.11706564074732,0.541366638751013,0.258516962966139
0.973509405089738,1,0.80517578125,-0.485459585712946,-0.0421640912582796,0.732206223245776,-1.1003309977065,0.968208703175435,-0.646562565275362
0.372699105236005,1,0.80615234375,-0.864513250127553,0.481952436361966,0.118949302781769,-0.493368713454015,0.562468629487073,-0.672865861145564
0.34273940501942,1,0.80712890625,-1.11709238665249,0.888735439349434,-0.488036976811116,0.330197031968294,-0.373609504790823,0.204561782661635
0.81205995212615,1,0.80810546875,-1.19845619141643,1.04599322513025,-0.801093213462589,0.863752089345374,-1.0903674145999,1.04014466604383
1.26860498102827,1,0.80908203125,-1.09449383770909,0.897200159407916,-0.669578116466846,0.788864511341197,-1.01583944261113,0.918963820310396
0.339589406176287,1,0.81005859375,-0.824281749753657,0.47898142233539,-0.149054995206199,0.176669847207104,-0.232556229512106,-0.073412219757333
-0.0745595108164258,1,0.81103515625,-0.436607886466499,-0.0898500541803389,0.523963124499969,-0.5584743519471,0.592757782739947,-0.93808767453196
1.08688195294722,1,0.81201171875,-0.00109589584340741,-0.644361126362826,1.04016141230179,-0.923554885533732,0.767697565034723,-0.815090702635146
1.02222312230803,1,0.81298828125,0.404454964654456,-1.02365803047997,1.15898775391408,-0.661484234690455,0.153586306176949,0.111569520384501
0.693668549901747,1,0.81396484375,0.708209413284662,-1.11982055228912,0.818865165648908,0.0842976004052834,-0.718980613620668,0.812666497011802
1.19229151822569,1,0.81494140625,0.857341287139732,-0.910667434703178,0.165623361598181,0.859872931044063,-1.09509477348723,0.505852066005229
1.07533435168414,1,0.81591796875,0.827609703942196,-0.466348715218589,-0.513867538748008,1.18836975243999,-0.628664132481108,-0.513935841248555
0.699041068701946,1,0.81689453125,0.627723430836981,0.0722442030893999,-0.922510722470996,0.872267634190214,0.326080982666271,-1.18402842665807
0.586818335774079,1,0.81787109375,0.29769967526636,0.53665116198237,-0.888411034857129,0.118390624638713,1.00871056146689,-0.796416885871886
1.41301552553029,1,0.81884765625,-0.0984829509849809,0.782406383688902,-0.442976265352051,-0.593826858268033,0.88641245245916,0.253678898137398
1.86029339504823,1,0.81982421875,-0.484598598554139,0.733237559218369,0.194021081323879,-0.817062773967387,0.0973797929369975,0.884554811423285
0.322436338450853,1,0.82080078125,-0.786121588919167,0.404396826787986,0.715566694009103,-0.420149288650522,-0.667036540177508,0.469526855145236
-0.339547391969653,1,0.82177734375,-0.94386651488344,-0.102004515921777,0.868426803506782,0.329078859322555,-0.742676531507165,-0.50359300435069
0.0369298275641397,1,0.82275390625,-0.924836396841469,-0.628232216853626,0.569530936219137,0.93475947452404,-0.0497607260287043,-0.952096930734532
-0.247923043033403,1,0.82373046875,-0.728302566148986,-1.00919277141632,-0.0555499061851081,0.989100780428603,0.839337909399813,-0.347364415809501
0.4596031586919,1,0.82470703125,-0.386008102346593,-1.12297857374691,-0.729650730867474,0.432657911808182,1.17850396452552,0.721967378196588
1.84416057731326,1,0.82568359375,0.0435434095966844,-0.928250660608522,-1.15050050063005,-0.406685765498194,0.672245825284935,1.16844052096321
2.5309264721279,1,0.82666015625,0.485675115101883,-0.477035394351451,-1.1287927178482,-1.02086526003244,-0.276356495845966,0.552228386899103
2.04354044953492,1,0.82763671875,0.863073603946472,0.10097846386379,-0.674678200769622,-1.04331476720203,-0.901608839487011,-0.456328448298507
1.03182820181622,1,0.82861328125,1.10981149879607,0.63785007580314,0.00688689092370054,-0.48079499917152,-0.714071441289776,-0.786966061489975
1.3870135510821,1,0.82958984375,1.18330375370186,0.978470112741323,0.609809181787188,0.291917326046985,0.0920524894819737,-0.101435215549291
1.3560788655715,1,0.83056640625,1.07202159040581,1.02771772927498,0.866692076865524,0.771053835834867,0.803713067775022,0.849736988414517
0.420554319612476,1,0.83154296875,0.797560273558656,0.779290758415916,0.670867880865729,0.644638840390505,0.787976546240966,1.02281252621085
1.09712846321511,1,0.83251953125,0.410684775535673,0.317407628836463,0.124808312912549,-0.00887269310328961,0.0238928043537271,0.187393366550957
1.73948495562962,1,0.83349609375,-0.0179263292585263,-0.20913320898407,-0.507220713744132,-0.770366728523503,-0.877855915339811,-0.826276949551284
1.30518189400141,1,0.83447265625,-0.410553269114338,-0.632606333932024,-0.920582546055875,-1.1466229903616,-1.18409570437724,-1.00103127583173
1.05833800068117,1,0.83544921875,-0.696580050777391,-0.817773318884192,-0.910200576893524,-0.884230601996757,-0.651237259926763,-0.20401858956713
0.896431706332353,1,0.83642578125,-0.825336741950083,-0.70334668331761,-0.464956861960915,-0.131333580126712,0.271713794955974,0.676871210720407
0.656392962850006,1,0.83740234375,-0.775301132909491,-0.320833188526016,0.226650226478164,0.65562556960135,0.819009051667367,0.675330270692086
-0.423832814653087,1,0.83837890625,-0.557984845098782,0.215003039316808,0.862198285693554,1.00093761184615,0.548408941114003,-0.228929395647544
-0.744710688658567,1,0.83935546875,-0.215796895649936,0.741146390804312,1.16319789988954,0.710788646264432,-0.289797487765708,-1.08701742206981
0.998649534096385,1,0.84033203125,0.185725620534877,1.09611208440599,1.00206183157924,-0.00479654497916708,-0.963678579259413,-0.983605379587232
1.70796115842277,1,0.84130859375,0.569904373498319,1.16929736158109,0.460112875887494,-0.66667227850932,-0.873925127141771,-0.00536895788860353
4.59109982385863,1,0.84228515625,0.862940817778518,0.934824788637664,-0.209895565319562,-0.832270441748828,-0.057461031616285,0.848892530802027
2.06171119436554,1,0.84326171875,1.00741758497159,0.459537470163929,-0.69958920618584,-0.377934089823543,0.841075453073111,0.721562297812109
1.51979375027193,1,0.84423828125,0.972820974014042,-0.117298579037569,-0.786122797827315,0.421604000009718,1.10626767116498,-0.200552727618841
0.453181397107117,1,0.84521484375,0.76116756751482,-0.626387308732134,-0.434090650076212,1.06715379394121,0.548203552303115,-0.887804825863503
-0.0630918178687374,1,0.84619140625,0.406709345777757,-0.919944034195256,0.188425575879789,1.15189997767905,-0.340624440721489,-0.560653652337843
0.525974891469165,1,0.84716796875,-0.030230231684868,-0.916644508915659,0.787008376931504,0.619789303675633,-0.798946669565038,0.481973328129453
1.29478644693234,1,0.84814453125,-0.474168141703409,-0.626255235565946,1.07594869007621,-0.198738668542993,-0.434717394402533,1.17509027140268
0.389708505050314,1,0.84912109375,-0.848136193626597,-0.146426158790277,0.909386661239388,-0.796391476002461,0.446351927296245,0.810793275993722
0.107677866474861,1,0.85009765625,-1.0876293884546,0.36736874507732,0.348535600138546,-0.810814071822324,1.09662242358189,-0.215186195919957
0.868095958646386,1,0.85107421875,-1.15228978313762,0.749554305479039,-0.365784078498831,-0.254043326158836,0.952681016203877,-0.822726618118448
0.440768030620204,1,0.85205078125,-1.03319961679256,0.875255781207512,-0.922754404650955,0.496164203238716,0.107915487601699,-0.389010253482516
0.470660991034806,1,0.85302734375,-0.754456774828006,0.698654270793064,-1.08318608379972,0.937570258970243,-0.763935775427205,0.594468294497242
1.25793928716333,1,0.85400390625,-0.368746561669867,0.267173424414178,-0.788386991419463,0.763882467796398,-0.970403015256112,1.0441437319366
1.41285264803884,1,0.85498046875,0.0522832893154146,-0.292841279151627,-0.186484972988658,0.0606622273686493,-0.377331319858279,0.433483590878344
0.963992162905783,1,0.85595703125,0.431091410080283,-0.814580114896427,0.435818890425504,-0.747857691591459,0.481279717471588,-0.646308319764631
0.461244229440088,1,0.85693359375,0.698375575556025,-1.14161872289957,0.784825955807056,-1.16730304306024,0.852389318771228,-1.10715438415034
1.35015645085069,1,0.85791015625,0.805696078991058,-1.17562849796764,0.694533039972931,-0.94642204842984,0.396092242626634,-0.510397290848239
1.91443012408618,1,0.85888671875,0.73429129105074,-0.906374653857603,0.202808013402602,-0.236031391053466,-0.528175652719809,0.47317520364415
0.904645355550941,1,0.85986328125,0.498480430938193,-0.414838890081742,-0.465811174574131,0.507339447316608,-1.16096599788554,0.775684013279284
0.999859137067938,1,0.86083984375,0.143034233696024,0.151487180440639,-1.00282891470943,0.811841689298037,-0.977338506399317,0.0634470104727849
1.24948810797236,1,0.86181640625,-0.265007392087813,0.623591068041296,-1.15702460784995,0.490165109692088,-0.125765630729377,-0.909127489555254
0.527540245965689,1,0.86279296875,-0.648580446186305,0.862468957207258,-0.849587149741186,-0.241715292735646,0.695763905674642,-1.09731282394067
0.55381072904615,1,0.86376953125,-0.934674552554896,0.801456627242526,-0.210469121784126,-0.902359697420402,0.822806658721888,-0.271974635146292
1.00144035715975,1,0.86474609375,-1.06767941084179,0.46643348495729,0.480682351115984,-1.05163134110678,0.178938005357906,0.735806488480708
1.11127752373425,1,0.86572265625,-1.0195691112481,-0.0322682980171303,0.922007336216938,-0.571405373179489,-0.662165208572357,0.910233446817744
0.129634058334252,1,0.86669921875,-0.795069066833661,-0.533773142345237,0.927020034034849,0.25823503204155,-0.958857911806998,0.12096204362217
-0.711083733148205,1,0.86767578125,-0.430863742563442,-0.876025739122282,0.509372388196682,0.935796359534159,-0.424371684529649,-0.743293085828167
0.491719533881299,1,0.86865234375,0.0110117202195283,-0.94552338531387,-0.12396568305675,1.05585951596546,0.530868524608699,-0.718655245598091
1.23531710029322,1,0.86962890625,0.454394000188445,-0.71221848069103,-0.667968679899644,0.565531751997081,1.1403352085661,0.210866469213981
1.32926218771706,1,0.87060546875,0.822786167797161,-0.238922991010851,-0.859656647063495,-0.203065638383346,0.920670575616604,1.09319471655456
2.37153860791798,1,0.87158203125,1.05321399675147,0.337663843485314,-0.598917872888832,-0.744867236701568,0.0744297322376188,1.0124616854248
2.26564697562181,1,0.87255859375,1.10762242178224,0.848514234066491,0.00524244403904089,-0.703660778722531,-0.68055118559032,0.0560672847486384
0.975917967363884,1,0.87353515625,0.979738373987192,1.14372638528766,0.684202773857012,-0.0990525699056475,-0.712332956086085,-0.777891252142137
0.0363666989214682,1,0.87451171875,0.696151597944734,1.13816065811905,1.13234149351574,0.685676127587851,-0.0035934418369932,-0.634927302340528
0.0895090671362862,1,0.87548828125,0.311417702546453,0.83731999145891,1.14668096454168,1.14711906757098,0.834456336597801,0.294475357284435
0.787557438250611,1,0.87646484375,-0.101924032663916,0.335571669797388,0.719677659421949,0.981913601703116,1.07456705538579,0.979332030952133
0.388823832925474,1,0.87744140625,-0.466599820008481,-0.212743849665615,0.0427087690253327,0.280031457266587,0.483515770369425,0.642022870991781
0.491111596227621,1,0.87841796875,-0.714704530345114,-0.64048948483041,-0.581341133131033,-0.531679153490934,-0.48076124759937,-0.415329621615719
1.6128940975071,1,0.87939453125,-0.800090546943013,-0.818780805637417,-0.876406227930392,-0.95985276785539,-1.05002053361343,-1.12606056942149
1.06224930169445,1,0.88037109375,-0.706786256696063,-0.696313247807009,-0.719201931670263,-0.75708309337479,-0.786055945486557,-0.782796405961136
0.372354360026827,1,0.88134765625,-0.451911158756449,-0.314954368048964,-0.195207113114693,-0.0779721936433803,0.0550493593754627,0.218044367590785
0.681614154539899,1,0.88232421875,-0.0825567199406375,0.203160070670398,0.440931094815549,0.620368355677214,0.739361897477283,0.798008601214241
0.628868921974041,1,0.88330078125,0.332799087596374,0.693081262583321,0.882437213335908,0.870067305338393,0.671011383014131,0.33847866556955
0.50000719001491,1,0.88427734375,0.716780228574576,0.997607924810532,0.911326049477811,0.491011493269598,-0.107832169042554,-0.664816042991115
0.726547751142594,1,0.88525390625,0.997229924386339,1.01550217657325,0.498708258250837,-0.2936495519425,-0.951305784944153,-1.12672233608911
2.1073773995712,1,0.88623046875,1.12038603200976,0.732626356343198,-0.18142847552527,-0.998471754697657,-1.14984721294368,-0.521937408293862
3.04160111570356,1,0.88720703125,1.06071502090569,0.226483441221159,-0.831287938211904,-1.1836052849039,-0.524080170762013,0.556690943398331
1.82027206761952,1,0.88818359375,0.825613321180957,-0.357231641689754,-1.16502825833237,-0.73395373871145,0.424288337522076,1.02137695439857
1.19016115620478,1,0.88916015625,0.454119189665638,-0.848912293382803,-1.03912387368504,0.0677991929305508,0.930855731747999,0.435455510395506
0.965609336981226,1,0.89013671875,0.00986863486677173,-1.10663076339015,-0.517699818976403,0.720702256905727,0.60624367704996,-0.529170936714641
-0.169952827383868,1,0.89111328125,-0.430423167698918,-1.05928422137479,0.157040753294494,0.823505013677496,-0.240275714128136,-0.806543921287904
-0.161295069971672,1,0.89208984375,-0.790858937973776,-0.728121096479214,0.675757724272414,0.329014847799359,-0.86187081569388,-0.0673172134186081
0.77247589382893,1,0.89306640625,-1.01010580161743,-0.220076585294876,0.803522646591455,-0.426784062722396,-0.701375348978519,0.930201873765937
1.36678727981736,1,0.89404296875,-1.05248965652541,0.305042309972313,0.487214408422563,-0.939314437222377,0.140259597757239,1.14002809624868
0.925668812865998,1,0.89501953125,-0.914418683069726,0.683493813558163,-0.120369354225897,-0.857261509220932,0.986352686435785,0.333783389232196
0.145619241515661,1,0.89599609375,-0.624967687860375,0.797707710538358,-0.730709352765038,-0.207086501585727,1.14891955982896,-0.657321307360203
0.922394983538095,1,0.89697265625,-0.24051806524368,0.612251841904181,-1.05194404622696,0.622552705089254,0.503027424399156,-0.819704916337085
1.21313641325499,1,0.89794921875,0.165569608164141,0.184670086545099,-0.922853056030129,1.12663184084273,-0.409370610682772,-0.0264433340377867
0.559858434961366,1,0.89892578125,0.516369002171432,-0.352119415600105,-0.387129759441072,1.0036592439403,-0.83294994052901,0.832015405373659
1.20563982035061,1,0.89990234375,0.745444363874309,-0.830488056182223,0.326055704856882,0.346381077668691,-0.430446026514806,0.793387097983722
1.34425778927747,1,0.90087890625,0.808989683874976,-1.09939869540225,0.906330345195414,-0.417867509519628,0.43624288987042,-0.154731261875865
0.489971266186224,1,0.90185546875,0.693839807180847,-1.07067114741067,1.10354362756459,-0.799221104647488,1.01039579174563,-1.0575999326625
0.262857056817331,1,0.90283203125,0.419894320141693,-0.746074383426964,0.841661597875332,-0.556821347137467,0.775533246023395,-0.999105109024409
0.708655470316243,1,0.90380859375,0.0365124455371292,-0.216965125991771,0.253042205163905,0.148176686451318,-0.110232438468255,-0.0674047537522882
1.28612698508548,1,0.90478515625,-0.386464981620107,0.363421332439208,-0.382571022724915,0.855369880628132,-0.944092931588058,0.740333804641179
0.508307092233845,1,0.90576171875,-0.771431989585721,0.82656830771042,-0.76640982092802,1.09831444440083,-1.06415870197001,0.573219840136378
-0.144600873468022,1,0.90673828125,-1.04715711593216,1.03993342036467,-0.717656907713648,0.701796409823426,-0.400995649293414,-0.373923799575701
0.691240582688759,1,0.90771484375,-1.16177167049933,0.947210452025164,-0.25635877488229,-0.105806715745636,0.466212464884071,-1.06796714020439
0.466845188419197,1,0.90869140625,-1.09224153669235,0.585303612957291,0.40566446036794,-0.836533797930136,0.795743272937381,-0.732313169537009
0.176810153399916,1,0.90966796875,-0.848597519459643,0.0728345469016551,0.961756252339028,-1.05174705951168,0.304892232208278,0.328642390889523
1.05742965201207,1,0.91064453125,-0.472153409826126,-0.426301336351053,1.15085733157649,-0.639668853789062,-0.593071474490677,1.04742800559741
1.11771767590466,1,0.91162109375,-0.0280354517022086,-0.753190771239348,0.877181487354966,0.114782465440825,-1.13482198025212,0.71794902434889
0.568673669182436,1,0.91259765625,0.406617507803368,-0.802613331949168,0.254372198528576,0.712184194449176,-0.846350744757134,-0.262126774777394
0.364453929903642,1,0.91357421875,0.756635775495633,-0.555322096058585,-0.446073907306464,0.756981675354519,0.0591710046936395,-0.81568010992258
1.38918777278864,1,0.91455078125,0.962437898852378,-0.0840293663914818,-0.918535069548818,0.209651144607003,0.857986835820886,-0.328206225322094
2.63475976142831,1,0.91552734375,0.990808605526878,0.46873383316345,-0.962554746598748,-0.587647857957725,0.919170605918772,0.70016758718452
2.02875033120469,1,0.91650390625,0.840874453077073,0.934122638654717,-0.573987078845963,-1.12825978542395,0.230155869997832,1.18229651622352
1.66026905288413,1,0.91748046875,0.544190423130336,1.16855824982115,0.0536819778132821,-1.06303829834744,-0.59515193313112,0.593487957642894
1.54978960228101,1,0.91845703125,0.158922916295168,1.09762573541594,0.618421559225163,-0.422516712573427,-0.832318143209919,-0.472556432382071
-0.0235696910695999,1,0.91943359375,-0.240810546448328,0.738878490955091,0.84837251624273,0.401971344456385,-0.254576526609739,-0.929238443305028
-0.630709604547468,1,0.92041015625,-0.578502829469305,0.196580994755785,0.626710534375719,0.906247530941808,0.675688070744807,-0.342810137226381
0.225437354738668,1,0.92138671875,-0.789249640925888,-0.370006789262768,0.0455124074194274,0.792767190581377,1.1924825037289,0.612831734590843
1.05648576456971,1,0.92236328125,-0.831624296159643,-0.795118048900041,-0.636033836769303,0.158619717264123,0.866296489784622,0.872879534525945
1.2247836440048,1,0.92333984375,-0.695271791311478,-0.956932198674481,-1.10996785071438,-0.567380839197249,-0.0367322226420061,0.111716460388431
0.837198260003295,1,0.92431640625,-0.402838675096898,-0.814584270602322,-1.1603126236873,-0.898474369036073,-0.777057360195599,-0.908849089498895
1.40336661323512,1,0.92529296875,-0.00588659801534339,-0.420429881121885,-0.761855035861554,-0.600540538416752,-0.759461352476553,-1.14172709247221
1.37549233401654,1,0.92626953125,0.424467067614227,0.096175456907044,-0.0917595225749369,0.157962213557289,-0.0295321142869772,-0.35918718825385
0.154795162223686,1,0.92724609375,0.810477967336333,0.568621634611143,0.551301319192626,0.912054435903067,0.766396475170437,0.607793232544572
0.564092914642796,1,0.92822265625,1.08191927668951,0.844166239441546,0.883507439410377,1.19493292628069,0.924205924016257,0.748434984976898
1.218472572338,1,0.92919921875,1.18886688925355,0.830810764021248,0.765367483130081,0.834050130555858,0.27345866444231,-0.0600098305094072
0.947667323341858,1,0.93017578125,1.11079751586506,0.525605037540802,0.265087461624317,0.060429140375138,-0.677620037687615,-0.924493063623141
1.30824783244737,1,0.93115234375,0.860343074402408,0.0157280605529325,-0.373143538898651,-0.638244867955925,-1.165089048402,-0.883407794986722
1.92286559322741,1,0.93212890625,0.481017514548084,-0.547989528464649,-0.841422732376794,-0.827384042497963,-0.806455456594565,0.0729593216502875
2.06015026457732,1,0.93310546875,0.0393295005575379,-0.997016692378578,-0.909574129367787,-0.40124745505116,0.0808944480160708,0.988017554576706
0.74480049699502,1,0.93408203125,-0.387283610027678,-1.19651252480849,-0.531029394698169,0.350551876852792,0.746309477092622,0.946062750700555
-0.627901955224662,1,0.93505859375,-0.724504376874928,-1.08645918900783,0.135312911385695,0.928017968104967,0.634407546524078,0.03645423900565
-0.090756825832184,1,0.93603515625,-0.914609515872997,-0.699973095839995,0.79727041975778,0.93961749946659,-0.150355372084638,-0.744373563957542
3.02411346499634,1,0.93701171875,-0.926917487796206,-0.153201047498927,1.16259653865951,0.352303795218847,-0.931750319870011,-0.549184482603795
0.0831641280577243,1,0.93798828125,-0.763308306198132,0.39011235695041,1.07230393566836,-0.486242469268146,-1.02875433887038,0.422554960700777
1.53170478569356,1,0.93896484375,-0.45781170085027,0.768563012217863,0.573109096431781,-1.06735074111187,-0.327013544175066,1.13504150125109
1.96141480282022,1,0.93994140625,-0.0703397928551665,0.87227780238785,-0.10413544245437,-1.0434798931392,0.6234205171137,0.811984425858629
1.22393221207812,1,0.94091796875,0.324293428072816,0.676333091818144,-0.650146757025197,-0.448050396175898,1.06597909503271,-0.240801275749351
0.623295222566311,1,0.94189453125,0.650065394798406,0.2481959495212,-0.818690716798648,0.326676017896575,0.668147495620915,-0.955960454085339
0.906124389926562,1,0.94287109375,0.843656690004154,-0.273080699476293,-0.53910755788534,0.779568048198287,-0.202688667723513,-0.62959120707457
1.6235469243677,1,0.94384765625,0.866047133859492,-0.719548362484117,0.0515928731127472,0.619544325143164,-0.788758621807165,0.338560198488162
0.936533498525933,1,0.94482421875,0.70968380872156,-0.945891869358535,0.671741678459249,-0.0492713167153288,-0.577698592403789,0.872025923044594
0.659974495100023,1,0.94580078125,0.399914874693003,-0.874049635509675,1.02428765291721,-0.793843165898117,0.267417128061401,0.359925085619396
1.24036204600261,1,0.94677734375,-0.00957286668912163,-0.517288440028861,0.933180279383825,-1.12782671193196,1.0436699319738,-0.693478328696615
0.35866758164217,1,0.94775390625,-0.446482873485585,0.0236276979678194,0.424445403848064,-0.821301339061032,1.09612535827818,-1.1990579389923
-0.0460426485479566,1,0.94873046875,-0.833033675182287,0.59100984015332,-0.285158295061589,-0.0477491709702681,0.366115072606127,-0.632482910837028
0.767374415287214,1,0.94970703125,-1.10009062367549,1.01822348146047,-0.886732567634499,0.725174478248581,-0.558760125000279,0.41218197685035
1.01648332329326,1,0.95068359375,-1.19973213968955,1.1804226629051,-1.1199960981259,1.03170694923376,-0.934797617061383,0.850217320878549
0.576435257616107,1,0.95166015625,-1.11396289130843,1.03254446081242,-0.891827434224016,0.702769211810295,-0.482529548990934,0.251623758296969
-0.0608350900797412,1,0.95263671875,-0.857987708938043,0.622960620153007,-0.318379363851631,-0.0278154744884058,0.38164961189047,-0.706803464472838
0.579294402660464,1,0.95361328125,-0.477450201566166,0.0786188258067983,0.328485308409478,-0.673123476372021,0.896216154356322,-0.960496883768155
1.27993260462143,1,0.95458984375,-0.0401387182467308,-0.433785112588396,0.745915287358832,-0.803687989435391,0.594028739314509,-0.186716498132209
0.646272432303886,1,0.95556640625,0.37633053584934,-0.758741471281326,0.738876209843789,-0.321382036935707,-0.304567410257289,0.849958385537324
1.12480325766675,1,0.95654296875,0.698611138165618,-0.799407073584851,0.309526431514194,0.477486085315151,-1.07406963765399,1.10187924782992
1.64745959810113,1,0.95751953125,0.870938677202253,-0.547127874558468,-0.343732212261356,1.09000090111628,-1.08916312392462,0.342276974257352
0.783738856485117,1,0.95849609375,0.8652345393808,-0.0839864055808271,-0.917095762682002,1.12603957432357,-0.34673161816286,-0.5980495785756
0.755029159696645,1,0.95947265625,0.686162502569179,0.442401680009102,-1.14052841342302,0.556257658884316,0.532126778737517,-0.71132590290822
1.54074417906907,1,0.96044921875,0.370218428817049,0.864139290667964,-0.901583805690794,-0.268950384963121,0.82172848076336,0.120580993621759
2.06839872537122,1,0.96142578125,-0.020980172927818,1.04451988228819,-0.297218116019598,-0.841581372580639,0.298339024384935,1.00138312104749
1.32503236157912,1,0.96240234375,-0.41198184626381,0.919990952949396,0.410123208058005,-0.818095021281894,-0.5737968416726,0.969354526417379
-0.0356872797871499,1,0.96337890625,-0.727309848415867,0.519784492356948,0.912070410811706,-0.23677021400505,-1.03249691602563,0.0165748154175384
0.0221264260876207,1,0.96435546875,-0.905276446991598,-0.0427880286270957,0.994862375039183,0.50774911842149,-0.65733112692989,-0.899441627199795
-0.256960889257018,1,0.96533203125,-0.909286482967436,-0.60472258599063,0.636572357175434,0.91648667512776,0.276352731299874,-0.864280297780457
-0.625797626833036,1,0.96630859375,-0.734570959179805,-1.00289243198487,0.0165655377030084,0.704505234817279,1.02539875424472,0.0307394884718202
0.990368103436127,1,0.96728515625,-0.409123485754093,-1.12366352899947,-0.567117854742916,-0.0167864449207761,0.998229909619237,0.789337512116531
2.06000288970382,1,0.96826171875,0.0113320650466128,-0.937404151994806,-0.834635959558975,-0.809316278667506,0.247599029567268,0.567572390822699
1.67204598752799,1,0.96923828125,0.453427550005865,-0.507351551071025,-0.652835931341952,-1.18578790112939,-0.575412643884576,-0.430563574189207
1.16618502691185,1,0.97021484375,0.839454856206744,0.0298682612478616,-0.0965597392323683,-0.918594909233207,-0.767546928205515,-1.16645948039426
1.01004483426965,1,0.97119140625,1.1014671248701,0.50611245688216,0.585296713304481,-0.183915622367893,-0.162652179845367,-0.863748539411067
1.20439278836505,1,0.97216796875,1.19361030187412,0.773190195911391,1.08345371952216,0.550565055461203,0.728972527125403,0.17094029953766
0.466352094285689,1,0.97314453125,1.10044049350394,0.748202465380807,1.1696494208814,0.822932666285827,1.14777347255044,0.871147542865287
0.347431123655833,1,0.97412109375,0.839713325869801,0.438900331948548,0.801084061690066,0.470380697954699,0.721255602575167,0.536050159106972
1.60412942448814,1,0.97509765625,0.459137833005459,-0.0586859331331861,0.140122313220422,-0.267812956277759,-0.223000691898853,-0.431607358589966
1.36768220888105,1,0.97607421875,0.0276861140361155,-0.589622501898903,-0.519764661393886,-0.903094116736165,-0.929585233640479,-0.955124461835759
0.897489152359948,1,0.97705078125,-0.376958934875033,-0.987477444240133,-0.887943411079942,-1.00907130989756,-0.845109336460403,-0.426457931350685
1.37473390513293,1,0.97802734375,-0.682532531945005,-1.1252721977557,-0.809179688933831,-0.493603164181794,-0.0788415236795492,0.646622296949037
0.94848153698871,1,0.97900390625,-0.835321382870543,-0.954411135232579,-0.334183892536531,0.34144559400504,0.691109748002344,1.17343139454306
-0.0741606743026854,1,0.97998046875,-0.809910743160182,-0.51969309619678,0.304117536009442,0.990815518330645,0.787426461627893,0.630176288167953
-0.74854408676027,1,0.98095703125,-0.613771084082724,0.0541852290886415,0.797709716390408,1.06574651188773,0.10230935319509,-0.388803123113378
0.113359017292787,1,0.98193359375,-0.285849959313703,0.600515812311662,0.904983985315223,0.539902652688707,-0.810641329359027,-0.801007807052418
1.50773118922117,1,0.98291015625,0.110573741004015,0.961287043357625,0.561843958925678,-0.234915955236798,-1.19836838771079,-0.180748966998323
1.44765842128003,1,0.98388671875,0.499471211702687,1.0352276448833,-0.0884293561115886,-0.753210625910364,-0.737722522230192,0.79154358550091
1.94124308857976,1,0.98486328125,0.8059711993773,0.808515619674451,-0.760236382769395,-0.677687022112027,0.194256900021323,1.0506856432656
2.35606490378315,1,0.98583984375,0.970060305661901,0.358776795664379,-1.15589455392176,-0.0540053827405866,0.835266410945748,0.275896543426379
0.907184341609443,1,0.98681640625,0.957580575506214,-0.168842825527735,-1.10148225921368,0.71812641926672,0.674424086857147,-0.766382016629322
0.168042044413766,1,0.98779296875,0.766520857174704,-0.606215803154043,-0.626154002423678,1.13915039819152,-0.121889121414827,-1.02876724791435
0.645683690571006,1,0.98876953125,0.427455255804128,-0.813771885935533,0.0513513563195393,0.927581673059645,-0.85120741075027,-0.286120727691451
1.09553494052101,1,0.98974609375,-0.00195236797920922,-0.723287478369595,0.622831167812294,0.199578364894507,-0.864940203954165,0.630476047221196
0.830117474924224,1,0.99072265625,-0.447378496248417,-0.358850312653107,0.831560764806421,-0.604001136246561,-0.113393622132871,0.716031242946198
0.0836091499776601,1,0.99169921875,-0.831306815398072,0.170408310393651,0.589576735009301,-0.996736765418606,0.810278561045651,-0.142944847748729
0.564239675575858,1,0.99267578125,-1.08708104869984,0.703595804743719,0.0176497935660324,-0.75462331344547,1.16411302728898,-1.04664855768649
0.643869564476628,1,0.99365234375,-1.17098620174972,1.07718914554324,-0.610330895787198,-0.0572045428540002,0.676172774500029,-1.0327276771701
-0.0804225013109976,1,0.99462890625,-1.07015953074967,1.17500582296854,-0.993104301527889,0.627774479230053,-0.229439168620249,-0.0943498503400895
0.85975644707559,1,0.99560546875,-0.804891708168327,0.963748870515323,-0.940369104121494,0.842827103861914,-0.788385754790634,0.810894651479524
1.46298668569935,1,0.99658203125,-0.424899903449304,0.503265984828378,-0.460394397521574,0.432551617520578,-0.535980942104555,0.770799813796172
0.701520840201213,1,0.99755859375,-0.000251883993648422,-0.0716135476731673,0.243192745086064,-0.356699457323737,0.304221513146807,-0.120442202725216
0.454086907025026,1,0.99853515625,0.391406023760345,-0.592118544111554,0.863993668906438,-1.03269636645336,1.0082306267521,-0.865869022375134
0.907903740039747,1,0.99951171875,0.678991475630814,-0.906918844913831,1.13246016483611,-1.16972008499028,0.958642267029863,-0.624133321912222
1.64626814114625,1,1.00048828125,0.810924147719301,-0.928158972485178,0.938694012211837,-0.678942504705992,0.162946498620439,0.396762461286594
1.27373063606069,1,1.00146484375,0.764503726412991,-0.658084727566689,0.382261015878572,0.135034231843618,-0.750625075552652,1.15568896010221
0.743608198990805,1,1.00244140625,0.550020635912634,-0.18813399494543,-0.27375403544922,0.767417300158563,-1.05636914479906,0.876237238585489
1.39741583314264,1,1.00341796875,0.208851445368187,0.329224792094832,-0.723417126003053,0.833443790560937,-0.535857322523223,-0.134378434201258
0.826324257315918,1,1.00439453125,-0.194113754329945,0.727297637961917,-0.758121082776118,0.312092834516567,0.341642604647343,-0.811065777059506
0.15455845514288,1,1.00537109375,-0.582332605504172,0.876309166735773,-0.362128773464638,-0.441563971183177,0.813872876325845,-0.456751957958103
1.07093307476048,1,1.00634765625,-0.881600019446246,0.723256332911934,0.280232076251564,-0.923174582774684,0.465064226907973,0.522005697244678
1.1830899597921,1,1.00732421875,-1.03361803489562,0.308291429355572,0.869013950723241,-0.800873745695593,-0.424931364032457,1.0473770454613
0.259452498876251,1,1.00830078125,-1.00667435217134,-0.247375331223388,1.12609611503772,-0.127444911639523,-1.11402987129231,0.513240705397259
-0.623936652105994,1,1.00927734375,-0.801484232921409,-0.778362333002346,0.922741933815867,0.692024171034855,-1.0186113608586,-0.569994556448741
-0.41102393744861,1,1.01025390625,-0.451130990478822,-1.1255273447136,0.338897115610242,1.15649342597158,-0.202237411051108,-1.11083330521425
0.655535425433754,1,1.01123046875,-0.0151147122214249,-1.18450544892651,-0.372914940600836,0.986456786771294,0.676515140008991,-0.58658398883653
0.797970804622614,1,1.01220703125,0.431408463515067,-0.93754827435376,-0.902599487334068,0.30082801663772,0.91352296043283,0.407805746934903
1.638111219624,1,1.01318359375,0.811238548557124,-0.458939074306165,-1.02380104097809,-0.459158653298137,0.346277788073463,0.791978063513981
2.72304089544805,1,1.01416015625,1.05911823536147,0.107670424384894,-0.696887695899605,-0.810642337940239,-0.512378319118935,0.144728641870152
1.49889408554995,1,1.01513671875,1.13354841728155,0.593078797730768,-0.0865136953643477,-0.536013953213183,-0.90569316094794,-0.849467248373274
0.357274148819082,1,1.01611328125,1.02428257468939,0.854124807564214,0.51425426541267,0.179059259002936,-0.468514631376957,-1.12418867262979
0.468510581880065,1,1.01708984375,0.754136569718634,0.817290749029309,0.8185146371593,0.864172240845736,0.464966678407043,-0.359827083088541
0.622858559628942,1,1.01806640625,0.374785284263381,0.501002230742536,0.677224295004977,1.0639197624566,1.13884990131074,0.67620853547363
0.619475479664922,1,1.01904296875,-0.042687766748876,0.00981609771019892,0.147741169497837,0.628295638373522,1.0063766995735,0.93772979357552
0.49547554301496,1,1.02001953125,-0.420766519952309,-0.497723291864089,-0.532155318484238,-0.190858328416275,0.186308618477297,0.202112574690895
1.37508407979817,1,1.02099609375,-0.689641035688667,-0.8577346795818,-1.05288959584718,-0.898706106717228,-0.636925887096537,-0.698510580329165
1.71449273637189,1,1.02197265625,-0.799934121553255,-0.951289603065651,-1.17466987224682,-1.07067133473407,-0.785743723205818,-0.761332136898495
0.559843754771777,1,1.02294921875,-0.73169851275645,-0.740972423011538,-0.837250643664828,-0.62106037817453,-0.155602044963548,0.122882140814392
0.730506622426282,1,1.02392578125,-0.498046385513884,-0.282536126906852,-0.187658534334531,0.143612079080474,0.698778878143361,1.05096064997246
1.01399895123308,1,1.02490234375,-0.142750421464648,0.291912585293921,0.486809184831006,0.720431554912567,1.02922461229656,1.0598156660899
0.158775058323295,1,1.02587890625,0.267746610154979,0.814067693815815,0.88966920459771,0.730530566311949,0.522129408160188,0.143339319840209
0.340019196138988,1,1.02685546875,0.656458598311305,1.1306561555266,0.850460479052224,0.160471991249846,-0.436861209113006,-0.741391811458581
1.47921467513867,1,1.02783203125,0.949910765805913,1.15010184822024,0.402233007539763,-0.628872533262406,-1.08309410348322,-0.685144134053876
2.58729776381848,1,1.02880859375,1.09156272091424,0.870369876777361,-0.234116696463604,-1.13160821955037,-0.910301012120938,0.214144042513599
2.35884778748883,1,1.02978515625,1.05215520043196,0.379488443467682,-0.751477226160639,-1.01854586732254,-0.0920213665962025,0.957912939236613
1.32478505688583,1,1.03076171875,0.835095801819566,-0.171408594996787,-0.897603210838014,-0.346886783268281,0.665388183017256,0.706517353265778
4.25188785376566,1,1.03173828125,0.475902144303642,-0.614281581373054,-0.591079208643042,0.475425433487179,0.715068327936416,-0.328834397010651
0.255525045892119,1,1.03271484375,0.0358027688135416,-0.815512973142927,0.0409079842152468,0.948063804278979,0.0116612468062335,-1.10514717772901
-0.826050865349588,1,1.03369140625,-0.409340288506166,-0.716683331274129,0.720288603350326,0.795229613833326,-0.850505631032832,-0.846413950329744
0.252862213611987,1,1.03466796875,-0.782771586219185,-0.352339828193043,1.14493064450493,0.139753003379657,-1.13501673852415,0.139369558181814
0.958665312124766,1,1.03564453125,-1.02074460843109,0.160668829184651,1.12655489552748,-0.576211297632903,-0.580417236158001,0.78854346726346
0.521075622948103,1,1.03662109375,-1.08405638212971,0.659030146956806,0.676658302702442,-0.873430963171645,0.379588683960444,0.408100162826501
0.105677330436212,1,1.03759765625,-0.965115499141252,0.983026577929835,0.00114281615849057,-0.54134217081349,0.977105952094831,-0.591054077435456
0.258481155832516,1,1.03857421875,-0.689257853205392,1.02551850728433,-0.593888936992668,0.227080667209461,0.750302170226437,-1.12924158782409
0.909684988590614,1,1.03955078125,-0.310071658796188,0.764882811980282,-0.84207182988976,0.957099363139571,-0.0725748393842378,-0.601412489389637
0.545374504504925,1,1.04052734375,0.100416033265673,0.271839274421588,-0.638431254950467,1.19327795144421,-0.766550383405386,0.480305810205609
0.674370707041755,1,1.04150390625,0.46490363914875,-0.311926188897299,-0.0871013585055041,0.788527139466815,-0.718732376710848,1.02452258953343
1.66482268382294,1,1.04248046875,0.714932507987796,-0.816816907639008,0.546711878774665,-0.00255735386808204,0.0569148571724568,0.51048042072907
0.84624126242397,1,1.04345703125,0.803386474191184,-1.09691229816535,0.958531235608392,-0.685377452552997,0.929634456054048,-0.465583395477226
0.19160999116376,1,1.04443359375,0.713097124108791,-1.0743326138706,0.944430976778962,-0.839283883995579,1.17845945673305,-0.824970508002835
1.00786222968056,1,1.04541015625,0.459987575142685,-0.762834055889605,0.494892914368948,-0.38428081602363,0.59482738668116,-0.150710564843686
1.36920940861404,1,1.04638671875,0.0901820811915842,-0.263431195041299,-0.200264190595355,0.368991227451478,-0.342905252028992,0.868678055478422
1.05055635383433,1,1.04736328125,-0.32839243265129,0.266611514102422,-0.838157812938238,0.917719783082989,-0.869054822352709,1.16528756970373
0.376334034286242,1,1.04833984375,-0.718383798488013,0.661942530782596,-1.1408672948977,0.887646764625928,-0.570035054027575,0.420191999452783
0.57608835499365,1,1.04931640625,-1.00711728724086,0.799724026551316,-0.982083732687667,0.272160716123429,0.271277067227094,-0.598925163374978
0.911089260257318,1,1.05029296875,-1.13985556389588,0.637210420397504,-0.44445881837155,-0.562261170593459,0.914239311932604,-0.847907377294108
0.140205311619646,1,1.05126953125,-1.08980122068763,0.224823442479357,0.218569133316526,-1.10777976665222,0.782376853608093,-0.107555437793444
0.699758081985092,1,1.05224609375,-0.863020124526085,-0.309270999119489,0.698994113325467,-1.03687117169006,-0.0519224882122454,0.788035549549746
1.45327211535575,1,1.05322265625,-0.497388443156844,-0.798372033000765,0.775325538446817,-0.409562218450252,-0.925611869946716,0.837395869290866
0.404429721014764,1,1.05419921875,-0.0557541954856363,-1.08825967971468,0.413982867808794,0.365441200674659,-1.1375394308846,-0.0651748201313816
0.0298186888427702,1,1.05517578125,0.385442579844657,-1.08443021496602,-0.21538932167325,0.790993034416208,-0.533202446849692,-1.01367813030195
0.83605674812283,1,1.05615234375,0.750020188831486,-0.781117984805797,-0.817690831957052,0.597693121303593,0.367408247946187,-1.04460396620246
1.86670468844933,1,1.05712890625,0.975855594378012,-0.263233924744716,-1.10763414239226,-0.0849447137812299,0.80574438715893,-0.152623896202761
2.19315628223563,1,1.05810546875,1.02612325519048,0.319375940890406,-0.940615913804325,-0.811127228265292,0.419642442117186,0.705906753669956
1.72065220447089,1,1.05908203125,0.895927464628173,0.797493310047348,-0.379304338117079,-1.10268449139283,-0.453961845869391,0.625174946182365
1.8318676440704,1,1.06005859375,0.613121871900049,1.03399820839802,0.33453739209594,-0.753776501556835,-1.06179014594494,-0.292486519135529
0.810879286893902,1,1.06103515625,0.233168188874682,0.965529363815536,0.890118310702799,0.0372935753758934,-0.865831857100536,-1.04612180344696
-0.872247088809427,1,1.06201171875,-0.171028668260609,0.621613365295507,1.04924045249714,0.792982176363569,0.00470504811219677,-0.796895016843245
-0.208756600252554,1,1.06298828125,-0.522457170805007,0.115424644206032,0.754701005726127,1.05879570375479,0.85933398261083,0.241702146526302
0.715448633780502,1,1.06396484375,-0.75407826797295,-0.390995372198067,0.155901700374812,0.690904168039522,1.02162183977166,1.02568788899517
0.65526668863248,1,1.06494140625,-0.821082643020822,-0.736429448539813,-0.460030863047915,-0.0536569924421239,0.392717192275613,0.780218035121122
0.804828059578339,1,1.06591796875,-0.70909360474344,-0.80990108755592,-0.800081971331805,-0.681467017089988,-0.468243021160841,-0.185351328845856
1.09760478959757,1,1.06689453125,-0.436821374750609,-0.584715936121065,-0.699809213778723,-0.777291320026372,-0.813976535452219,-0.808439103173338
1.35355217143551,1,1.06787109375,-0.0526848883051574,-0.126725193046787,-0.198895308068884,-0.268769116482255,-0.335934478224103,-0.399995674512681
0.51640383337159,1,1.06884765625,0.373984305937737,0.425716141063466,0.476784168555189,0.527044753048987,0.576356443873968,0.624580371702266
0.0509425159512661,1,1.06982421875,0.765554882963252,0.903975541024612,1.01838200905864,1.10489043774093,1.16053733145703,1.18337860294269
1.07778493303928,1,1.07080078125,1.05022908792216,1.16065508100963,1.17536930233966,1.09239946626932,0.919176713216093,0.671816997003476
0.877203500168198,1,1.07177734375,1.17512336966225,1.11465306448259,0.870253152507689,0.487002886913767,0.0364785908437536,-0.39703709132127
0.696973681377056,1,1.07275390625,1.11591458607702,0.776008448005974,0.234234366835162,-0.341929491748963,-0.774726713669711,-0.932787679658131
1.97734445176121,1,1.07373046875,0.881295211130218,0.24293658683285,-0.452515908855312,-0.887102787240356,-0.867764802321269,-0.417536944454476
2.28457238999485,1,1.07470703125,0.511425939606384,-0.328040767831049,-0.888647563317974,-0.82477025606305,-0.201156808855134,0.550302421705322
1.37952918780896,1,1.07568359375,0.0706668269637883,-0.769749656969522,-0.889039336251179,-0.219396698382903,0.628938664163815,0.892910931508414
0.112159471874808,1,1.07666015625,-0.364090333234152,-0.955248548265172,-0.468974544266885,0.518510477832132,0.889882742277375,0.196930966751419
-0.298405366563531,1,1.07763671875,-0.717364936912602,-0.836403414874547,0.163407679307832,0.894544004015191,0.327878904347333,-0.845491971760722
0.0221975222430363,1,1.07861328125,-0.928768190150315,-0.458374184174019,0.702911982794906,0.645846644216909,-0.617486172745022,-1.16513745260007
-0.322746108902926,1,1.07958984375,-0.963931659480485,0.0544073365179569,0.887487483493665,-0.0906774184473088,-1.17911284067682,-0.443674480332184
0.656529823342777,1,1.08056640625,-0.820695126746944,0.536478679066347,0.618666047222072,-0.864353183563915,-0.902688682137447,0.551283422481268
2.09931403544857,1,1.08154296875,-0.52942830887028,0.832118937931711,0.0071169670908289,-1.19632460807976,-0.0258139846751288,0.778181479897737
1.3163824563964,1,1.08251953125,-0.14742907562148,0.843135851551971,-0.677541752837758,-0.883275305310655,0.721176543519255,0.0219900895430206
0.664744080270975,1,1.08349609375,0.251580704439805,0.559063760616186,-1.12972972874329,-0.126278056119295,0.726032039340949,-0.880372919049025
1.06839394648301,1,1.08447265625,0.590947998913518,0.0605421352573908,-1.14743409123235,0.59710032759164,0.00602522420686709,-0.927861965797274
1.4156602904428,1,1.08544921875,0.805112318996596,-0.50516206766693,-0.724456821945002,0.836149155388774,-0.807825045421424,-0.0174084981509426
1.36332074355353,1,1.08642578125,0.851605883108702,-0.969014555421281,-0.0531819451929453,0.453030782187598,-1.00046599283176,0.942983235262133
0.888680894424938,1,1.08740234375,0.718844310508429,-1.19175532085045,0.563400973937519,-0.290294920307641,-0.373172044110227,0.990051135039222
1.27403840252434,1,1.08837890625,0.428288415230336,-1.1063787643378,0.850168539893472,-0.899451306569847,0.587859607688006,0.119708010815609
1.05264206282814,1,1.08935546875,0.0305826173459873,-0.738576666933128,0.685483876530028,-0.962907903545855,1.11587692904679,-0.712194810157142
-0.159406471046599,1,1.09033203125,-0.403627726855257,-0.198899573625751,0.156502331832397,-0.414706796626445,0.80274586777582,-0.603303296089377
0.519650395932849,1,1.09130859375,-0.796528843552899,0.350969050379455,-0.481127877246114,0.422381936686271,-0.0616814167132769,0.339369567167619
1.22466636733749,1,1.09228515625,-1.07728501400789,0.747524170523778,-0.920717504060448,1.04076306027979,-0.733799875402821,1.11196056484933
0.392372032165862,1,1.09326171875,-1.19492372784252,0.87527400398394,-0.945387780531154,1.0694448757232,-0.639644824391424,0.875739961653
-0.0497726170216501,1,1.09423828125,-1.12761373558954,0.701877202291859,-0.527861516917842,0.508764087416695,0.144185594014573,-0.154362481300816
0.113725192227295,1,1.09521484375,-0.88664680050122,0.287852033524578,0.15648184961714,-0.270723151472576,0.954479767009291,-0.934298658485907
0.631718202831648,1,1.09619140625,-0.514398080427538,-0.232104129472648,0.809280760158016,-0.764436066530156,1.09673999859088,-0.691304707833498
0.51382171556273,1,1.09716796875,-0.0766362156339443,-0.690473384287709,1.14516413448016,-0.654901525727393,0.427253521993031,0.263064484794671
0.360996239300613,1,1.09814453125,0.349417213112003,-0.938313953509335,1.02183260075845,-0.0137043804071547,-0.525137245138303,0.866610586714327
1.30469922357802,1,1.09912109375,0.689105430978201,-0.890988103976229,0.504752370449142,0.744103762369211,-0.999537773854574,0.433736184896461
0.828892423308937,1,1.10009765625,0.88387993657852,-0.554246101382945,-0.163121476503298,1.1241569093318,-0.637358948145371,-0.615948186276698
0.0202699341830171,1,1.10107421875,0.90190468169511,-0.0226919945791259,-0.672728746120787,0.867586643453719,0.22005710854325,-1.19832991159131
1.21512919980641,1,1.10205078125,0.743791215411893,0.548905765340099,-0.790427695778863,0.116382955258277,0.819398638532376,-0.709066731870516
1.97187606325125,1,1.10302734375,0.44242163634332,0.992699953459295,-0.464905714198417,-0.675832641131802,0.627866690438528,0.338306707509171
1.56025334797775,1,1.10400390625,0.0568926966171847,1.17886723871017,0.149436009918729,-1.0309618573688,-0.219116851146426,0.855066488389225
0.75082009643099,1,1.10498046875,-0.33831518830895,1.05512096610529,0.763319218306006,-0.749064198499145,-1.02966459329098,0.326997075220855
0.151860236091592,1,1.10595703125,-0.666970838020065,0.662567055560134,1.08523125511495,-0.0341886773482856,-1.13323998166291,-0.644412582035201
0.00623683529244301,1,1.10693359375,-0.865043771163521,0.12306219467845,0.955177963095984,0.636510754933242,-0.441178633594163,-0.981309347193469
-0.674456373529375,1,1.10791015625,-0.892432895067319,-0.398061576379439,0.418339984031449,0.817133550947692,0.479007086636062,-0.273088727718471
0.0821012996865251,1,1.10888671875,-0.740335801935699,-0.74251736661867,-0.295082354330781,0.377374425842739,0.877713740084593,0.785218919003006
2.0278719786149,1,1.10986328125,-0.432915804789221,-0.8073951871014,-0.874632989679499,-0.413912512897283,0.449131041259797,1.12364347096083
1.85984263632532,1,1.11083984375,-0.0229621116781258,-0.576540693101692,-1.07106253063503,-1.05907322020977,-0.414632970256753,0.424782287439587
1.32261802127205,1,1.11181640625,0.417667721277255,-0.125396543028741,-0.809789587340751,-1.14768822921713,-0.953688210245987,-0.543745167881164
1.60300880457944,1,1.11279296875,0.811083836110246,0.402170219767524,-0.224472160353628,-0.617436304002906,-0.678427442440874,-0.743168718621385
1.37203298474027,1,1.11376953125,1.08750595746648,0.837972554352734,0.404650287915298,0.206007533147078,0.218450830584072,0.0369505711912624
0.876439711319039,1,1.11474609375,1.19793698860528,1.0410621930659,0.779416789977145,0.81541103929115,1.02082304125199,0.956246934145772
0.464612880386943,1,1.11572265625,1.12306138276443,0.940987536863163,0.720527772316449,0.843583286229606,1.08614517917964,1.01331319649198
1.17810472769302,1,1.11669921875,0.876748555734041,0.559530730407013,0.249858245708771,0.295775749111318,0.381239447912162,0.106821493510348
1.71115745943138,1,1.11767578125,0.503523703697069,0.00427797468800457,-0.419367810845359,-0.454771572770282,-0.491283150205154,-0.854145778820952
0.8561896254916,1,1.11865234375,0.0704665782171625,-0.564018454901169,-0.980053138885318,-0.905254496650749,-0.797987320252398,-0.907461135299542
1.24382702547102,1,1.11962890625,-0.344986895046194,-0.980321752385946,-1.17175979214155,-0.744108788491298,-0.288444962454406,-0.0510493116963749
1.54548677562862,1,1.12060546875,-0.669119461467037,-1.12550866439803,-0.900002657283814,-0.0502446623354834,0.595631891568587,0.759147643063431
-0.00757289216047649,1,1.12158203125,-0.845321662090055,-0.962554705229611,-0.279721089403389,0.755972039614441,1.09090052611645,0.623856489957685
-0.883205274761775,1,1.12255859375,-0.844358047824702,-0.547657545677358,0.416968737357935,1.17889232770491,0.752499060002964,-0.345367295364161
-0.557186460791941,1,1.12353515625,-0.669642013890672,-0.0129052765264323,0.884849213947228,0.961790193610069,-0.171870504825099,-1.14163893633688
0.370595069139825,1,1.12451171875,-0.356559683711253,0.474211597512369,0.924754052260644,0.249445216854449,-0.946976153497224,-0.925971623156159
1.00536219410206,1,1.12548828125,0.0340331361083343,0.762072275894239,0.534152436130777,-0.504200925810742,-0.962805286805606,0.0858558631361856
4.27360931386256,1,1.12646484375,0.426955911640877,0.761316089833641,-0.0922591116591694,-0.824608643962954,-0.242530201146917,0.850496814897692
2.20964281571671,1,1.12744140625,0.74646000546532,0.472177603222816,-0.652207558944807,-0.518023353167721,0.579142776815084,0.598147980083025
1.57338891555266,1,1.12841796875,0.930091162595317,-0.0155851350988691,-0.874700203896415,0.205858738802431,0.788985881413611,-0.356517267133111
0.038810319347482,1,1.12939453125,0.94013273751215,-0.550147267206815,-0.644539096138367,0.867880184727249,0.193563774334929,-0.950794009878554
0.624882697590898,1,1.13037109375,0.770544991391128,-0.964070063620223,-0.055507512137528,1.02487462049698,-0.717820621502917,-0.501740864106761
1.20790208481408,1,1.13134765625,0.448135812198147,-1.12555738577602,0.632122117257589,0.55240495988826,-1.181943410662,0.567464820705065
0.803804932230492,1,1.13232421875,0.0277485069467626,-0.978854649427371,1.11033328466643,-0.274961026052712,-0.800243967751228,1.17094958297492
0.524652324040526,1,1.13330078125,-0.41765834122915,-0.56144532935244,1.16404860590132,-0.95691479718356,0.127087858774362,0.704807567387548
0.475494790332953,1,1.13427734375,-0.810233904208206,0.00721254173836355,0.769395979504188,-1.0841512467,0.851069897303527,-0.317026298405459
0.684540904809225,1,1.13525390625,-1.0813545505721,0.561973780752568,0.104604958279304,-0.597343162641827,0.798881755526445,-0.807822504933104
0.101565702192175,1,1.13623046875,-1.18406991611502,0.942237193403451,-0.531450933226916,0.176191196352695,0.0510609506304092,-0.257593824333492
0.213450358410041,1,1.13720703125,-1.10161037804384,1.0407809405967,-0.855801410921072,0.731381716378105,-0.728170219836375,0.728370454408491
1.49049791722883,1,1.13818359375,-0.850407676798572,0.83628921682697,-0.730551566626364,0.707055663059491,-0.849013620060336,1.07133415427108
0.868382208897909,1,1.13916015625,-0.477079275543079,0.399639509888398,-0.22559204778134,0.115884683426375,-0.175558111765244,0.362530842914194
0.0416771161069671,1,1.14013671875,-0.0499259144567759,-0.127964516699362,0.413829526605532,-0.663534313346358,0.758348307057532,-0.701036232213488
0.791753784519401,1,1.14111328125,0.353509361613216,-0.578328851275254,0.879823271917131,-1.12743782080441,1.19389417535941,-1.0494809299783
1.21951880682312,1,1.14208984375,0.660555499139573,-0.807829921647002,0.943271563065032,-0.967471272252989,0.78075132899744,-0.367012980598877
1.17676694730785,1,1.14306640625,0.816631351810314,-0.741444470500916,0.559225222988269,-0.267317721343728,-0.130703154987396,0.578263021494796
0.897075661197062,1,1.14404296875,0.795160872862702,-0.395793899005638,-0.111958846635632,0.549620593532414,-0.782818222783602,0.750119819158516
1.08879960050446,1,1.14501953125,0.602380716249664,0.125839938888125,-0.777429850998248,0.988278214523347,-0.644240520459905,-0.0572824726530525
1.20224467344753,1,1.14599609375,0.276165458075077,0.66500725509782,-1.14531282967538,0.795405116503239,0.146422057709964,-0.999873620659951
0.191062289069312,1,1.14697265625,-0.120915008627391,1.05647202447947,-1.05779088404624,0.119290419460949,0.897973876407662,-1.07539509358367
0.682300592659123,1,1.14794921875,-0.513041085601401,1.17870333635194,-0.562930025226497,-0.585723102773151,0.946755843053738,-0.183568811548746
1.71641718562839,1,1.14892578125,-0.825007297548684,0.9910514655111,0.107600205982005,-0.849187452647194,0.214054056943434,0.766283540856089
0.616843143998433,1,1.14990234375,-0.995979166782121,0.546250485486522,0.644706958943354,-0.48462461333475,-0.725688962611965,0.814085112902782
-0.339744156572284,1,1.15087890625,-0.990637355225699,-0.0255741560610942,0.803370013502365,0.291038529783188,-1.12307480637082,-0.039311373524473
-0.3285101639523,1,1.15185546875,-0.80567892726524,-0.556510573931807,0.514714915130944,0.994627544439174,-0.678431792296758,-0.837028385740713
0.0265027770338844,1,1.15283203125,-0.470490864719807,-0.891982747330174,-0.082610127394906,1.18333301636434,0.209508589050543,-0.682160024507892
0.573502241970668,1,1.15380859375,-0.041871990379137,-0.937777267449379,-0.706103949975745,0.73593116457995,0.778865749261366,0.309727759594376
1.16518184486254,1,1.15478515625,0.406236949710356,-0.688613312351322,-1.05899081627536,-0.0701092521966731,0.543206375195979,1.12903710942755
2.53664922363114,1,1.15576171875,0.79614642095832,-0.229533410548775,-0.966412389159323,-0.734642616262288,-0.300861671132283,0.936579000057736
2.43395800860476,1,1.15673828125,1.06049715090594,0.290304187585736,-0.455909452170326,-0.852132607052956,-1.03814377267174,-0.0512268589597578
0.694496354361649,1,1.15771484375,1.15446285410942,0.703419543446549,0.254645018875536,-0.368583418306331,-1.03377530431731,-0.792188697160883
0.690510172562993,1,1.15869140625,1.0638559335261,0.875396042668575,0.856159908924634,0.385139479062152,-0.265491836020929,-0.520121257373265
0.930402285857545,1,1.15966796875,0.807661306408758,0.7461531294484,1.08916199187584,0.904728246848273,0.656132159315825,0.446378192451896
0.315099437610946,1,1.16064453125,0.434537856632656,0.348493003999313,0.861941046031787,0.834167664759046,0.996508677985229,1.04320553771926
0.421939670183109,1,1.16162109375,0.0139251974541056,-0.201749465995554,0.291972094400302,0.193246351677727,0.50934958963411,0.589158695142454
0.945562277331086,1,1.16259765625,-0.376624503354457,-0.740948877854009,-0.348316946749685,-0.633812180685008,-0.359673030973269,-0.489891753375085
1.41101860305585,1,1.16357421875,-0.665582731585191,-1.10756104362792,-0.756602964865306,-1.14143124669873,-0.848160002901222,-1.10707136825558
0.799512228941922,1,1.16455078125,-0.800474832895946,-1.19139196305134,-0.73932069295217,-1.02303677005244,-0.51703158880986,-0.659491142432152
0.209688456539957,1,1.16552734375,-0.757431707096847,-0.967214924476907,-0.300464066335686,-0.365129212734556,0.380233731794842,0.338161528015507
0.838609085315929,1,1.16650390625,-0.545523966367268,-0.502467229204129,0.360100205420728,0.408234947731702,1.10820341110588,0.801051937772255
0.0734064255701994,1,1.16748046875,-0.205089640375862,0.0633244816194262,0.938040365804387,0.805240823358074,1.06383040661297,0.223575348069924
-0.706782560129423,1,1.16845703125,0.199639748077448,0.561105628114138,1.16387005769119,0.578906135994336,0.280609867408177,-0.784785724688157
0.693092709547599,1,1.16943359375,0.592271677339292,0.843841345986327,0.926423105150833,-0.116204632362122,-0.599218418729648,-1.14380740905805
1.84687899182156,1,1.17041015625,0.898206932881012,0.831305585162122,0.323995360974495,-0.822731422575507,-0.861179472623057,-0.445785490100703
2.1027271301791,1,1.17138671875,1.05827431528369,0.534432324791912,-0.380254348224807,-1.07194815071995,-0.314972883305973,0.611192983111753
1.84172462380512,1,1.17236328125,1.03956241269674,0.0517938685841666,-0.878253148038791,-0.682614170073473,0.548110122028844,0.958254757709877
1.4687374150785,1,1.17333984375,0.841475324914053,-0.460713298619645,-0.957451460011922,0.122735419590756,0.968351157343064,0.282111886366705
0.998026848988908,1,1.17431640625,0.495908709261458,-0.837709289475381,-0.597515859012066,0.858022898690045,0.555550670948965,-0.647866105971821
-0.389169162925433,1,1.17529296875,0.0615129558760555,-0.955077841419648,0.0209405036517662,1.08131614509315,-0.382117224802732,-0.797381318902428
-0.192697342297402,1,1.17626953125,-0.38691320012424,-0.768111142637721,0.599563552252305,0.674478240191024,-1.09362142321335,0.0352128810315786
1.25315315776989,1,1.17724609375,-0.771968755548114,-0.325393763218644,0.859312116672039,-0.0828959757237818,-1.01133186696217,1.0023094758727
0.749084698035287,1,1.17822265625,-1.02767111332599,0.245821484692233,0.668636764922658,-0.692192081840002,-0.224199628894103,1.10070999590436
0.193106085013302,1,1.17919921875,-1.11139983937334,0.778283800125317,0.104122255220835,-0.75350624977762,0.597912585950928,0.230842158296848
0.565831028202641,1,1.18017578125,-1.01159009473035,1.11565260870202,-0.584167265034862,-0.220417483144533,0.765364135528125,-0.69830627979375
0.68528191968854,1,1.18115234375,-0.749776132011179,1.16009653168177,-1.0867992625771,0.57014992663651,0.145827140523205,-0.729461433871581
0.691608611215476,1,1.18212890625,-0.376613847781884,0.902046235191491,-1.17634396002684,1.11197035571785,-0.725486497443183,0.132728905161806
0.643913215753766,1,1.18310546875,0.0373924836784048,0.423015382145099,-0.811334271847586,1.0514343336269,-1.09465138238494,0.929537393358961
1.40061811354769,1,1.18408203125,0.414770074598405,-0.12936946973734,-0.1552553104587,0.412733688542271,-0.621339685958658,0.76552932115923
1.42992496222756,1,1.18505859375,0.685218338344985,-0.58650016275066,0.498125035155641,-0.41682527289814,0.334492304563487,-0.240532490434763
0.112337806166809,1,1.18603515625,0.798435279000803,-0.810291437431048,0.858927139409824,-0.932079419515755,1.0115154773154,-1.07700411814579
0.645421609596407,1,1.18701171875,0.733293820955264,-0.735324627667692,0.773456260556381,-0.830005199783924,0.881597022105182,-0.904956726052485
1.55518312771367,1,1.18798828125,0.501697055505762,-0.388757104926249,0.294109702857504,-0.201128937581613,0.0892736593262088,0.0583323157921471
0.900116067945309,1,1.18896484375,0.146410339157939,0.118082736808305,-0.345073828176282,0.529244430351483,-0.671401184669294,0.771870684578344
0.552058570478117,1,1.18994140625,-0.266735037550346,0.623844531995512,-0.836019092106765,0.872572044517542,-0.739463879163065,0.473387122835228
0.546238431592205,1,1.19091796875,-0.660846973809253,0.966613284283373,-0.938124231430315,0.588743965951573,-0.041551972828489,-0.514077374344297
0.586659163984849,1,1.19189453125,-0.962000393956717,1.03356203286787,-0.588913561050089,-0.16025717535771,0.845697450666811,-1.12431438678661
0.25165228602759,1,1.19287109375,-1.11273329159093,0.795626626945376,0.0668120176423182,-0.912418184475836,1.17763049124962,-0.67701923524435
0.116659807420356,1,1.19384765625,-1.08255315990972,0.316604523767193,0.742683942494707,-1.19865544880388,0.664725245563352,0.400161507246561
1.18857489054554,1,1.19482421875,-0.873540168802389,-0.26610759942181,1.1412912854124,-0.840512763896247,-0.284449746476097,1.02027102471628
0.717704704679649,1,1.19580078125,-0.520026058327086,-0.783258757844677,1.08982371121451,-0.0634135424918013,-0.903780350938097,0.582279045443321
-0.560770626973377,1,1.19677734375,-0.0824062394318293,-1.08522428576926,0.618789658977793,0.646502844207709,-0.708823069609403,-0.397678577697812
0.309320267536026,1,1.19775390625,0.363789336855757,-1.08750108957828,-0.0521920711194968,0.850976948735952,0.0999890342098454,-0.836162941451782
1.30409410457072,1,1.19873046875,0.741577821525476,-0.796324647872731,-0.615017845187293,0.437544912683505,0.807356115980795,-0.231682093434988
1.66516561369133,1,1.19970703125,0.986467805954798,-0.306587080617972,-0.814099523402741,-0.309827440541931,0.783956814253749,0.802110674465042
2.01474176480238,1,1.20068359375,1.05812874371038,0.227303181103612,-0.563229358235493,-0.892243474081077,0.0152922333176593,1.18327357537496
2.02590764803393,1,1.20166015625,0.947662044032158,0.638714175002706,0.0151546861475172,-0.914105307624986,-0.884065138063197,0.504693131225485
1.53502538642556,1,1.20263671875,0.679151212108606,0.79978504489633,0.64626107652398,-0.335765338297611,-1.1828704266857,-0.53513829522856
-0.169878912715596,1,1.20361328125,0.305209985976761,0.660541888850238,1.02903028499539,0.500033991447897,-0.643673205016052,-0.869188799011909
-0.684481852128909,1,1.20458984375,-0.102659854947237,0.264183904436587,0.974315457743168,1.08479601737267,0.279303138141254,-0.18758023879313
0.619344800427149,1,1.20556640625,-0.467144409064788,-0.266130431447853,0.491923457390698,1.06635441627094,0.820373583186541,0.738138968370768
0.489458699696655,1,1.20654296875,-0.71924561280577,-0.764960029314004,-0.213323861922267,0.471755974231014,0.542584814738883,0.874746362997958
0.312725955245785,1,1.20751953125,-0.810888115618796,-1.0752095096199,-0.834725871813267,-0.310667998981458,-0.297692530888887,0.0240549447678306
1.17124230778225,1,1.20849609375,-0.723709003904225,-1.09624050421951,-1.10344688361625,-0.778611347125699,-0.96674212383027,-0.963348900268904
1.20861357829175,1,1.20947265625,-0.472429422391991,-0.814765353599785,-0.910954164921979,-0.635280059006523,-0.869263353465123,-1.08365946832637
0.694941375906263,1,1.21044921875,-0.102193749093094,-0.3090816669331,-0.358153917911976,0.0220074965008615,-0.0486303477553656,-0.238086313749596
0.169287033989263,1,1.21142578125,0.319639551681961,0.274650348385932,0.291236216582534,0.763971982264161,0.847022447399748,0.664903878623577
0.573196631094719,1,1.21240234375,0.71576094366502,0.766845772758243,0.73172904644542,1.1027608895492,1.10466177143668,0.671270469685041
1.01510490353066,1,1.21337890625,1.01299400588202,1.02607818603741,0.756132479449656,0.802792226774371,0.540646322346818,-0.209909539644528
0.393078923511097,1,1.21435546875,1.15563636156486,0.982055763913204,0.350545380831965,0.0314571793604909,-0.347616633245246,-1.01727033796035
1.41705835606231,1,1.21533203125,1.11562808527466,0.656867331095299,-0.299184060631781,-0.746145561690247,-0.799406512145476,-0.855960859974361
2.78499747555903,1,1.21630859375,0.897695790007305,0.158013727763327,-0.892495756665012,-1.06159544764589,-0.428226384993341,0.152981930397368
1.88833093068613,1,1.21728515625,0.538535223025823,-0.354641025925937,-1.15174526021691,-0.739615058190203,0.45431124689817,0.996753393214817
0.889885054899619,1,1.21826171875,0.100180465537281,-0.717897361481403,-0.949451446530788,-0.00825378594948792,1.09925657724244,0.83745782073653
0.351617266744012,1,1.21923828125,-0.341233853447164,-0.815244275301653,-0.366939475377907,0.647179277801746,0.947577604186791,-0.106174466405111
-0.066435356966713,1,1.22021484375,-0.709272238507285,-0.612593768604114,0.342462081383717,0.793544789838295,0.0990744501280011,-0.793977991985688
2.73477125285887,1,1.22119140625,-0.941048464099016,-0.16880549276468,0.868846881349998,0.325957096060866,-0.769431871895702,-0.467468321913303
-0.00199786232110966,1,1.22216796875,-0.998605612085512,0.382216409855368,0.986988138414488,-0.464983089291477,-0.9682949606753,0.545746266197581
1.52626783380805,1,1.22314453125,-0.875755238106318,0.872387026509376,0.65882026020763,-1.07756506952155,-0.369725581767269,1.17698643228434
1.66163751755108,1,1.22412109375,-0.599131678235853,1.15078259606472,0.0502788363086301,-1.11778709178666,0.487694649443669,0.746257345488867
0.333185659711578,1,1.22509765625,-0.22327076197199,1.12977636099854,-0.545184744808961,-0.549992297912078,0.85195897337083,-0.317785280485417
0.779849405606434,1,1.22607421875,0.179389841781457,0.81187354710303,-0.841400915561815,0.279982733294626,0.388944765606284,-0.92898611311712
1.27892666757521,1,1.22705078125,0.531766835687652,0.289045975436909,-0.690901319217823,0.863882538359445,-0.536222291517072,-0.489099114961478
0.881688432039096,1,1.22802734375,0.766229382729419,-0.285232977055389,-0.15281675274951,0.853130847594594,-1.16326145174503,0.483399949392907
0.914796031655579,1,1.22900390625,0.83697118071813,-0.742713391560203,0.533825663575732,0.279285024686277,-0.971958874306698,0.905676865814122
1.02045540616396,1,1.22998046875,0.728402968058851,-0.951583857245935,1.05920192846759,-0.467212280271886,-0.117123272325048,0.279716762838215
0.975719624230809,1,1.23095703125,0.458036561789753,-0.85653557238733,1.18428261253488,-0.886422264149679,0.700606401717456,-0.777090116745655
0.0528133634251406,1,1.23193359375,0.0733345637537878,-0.495441507531218,0.850142700234897,-0.687878944149125,0.820034835995672,-1.18127853725018
-0.179065694380309,1,1.23291015625,-0.356901338068944,0.0124391369702351,0.204981425525212,0.0236444270490982,0.171162111206565,-0.526259202717861
1.09921932224707,1,1.23388671875,-0.755036056007804,0.503121994856241,-0.463511890592196,0.813692606953042,-0.668112152573635,0.489395058685601
0.628447218462004,1,1.23486328125,-1.04872423862633,0.818218699398863,-0.859508884899679,1.19339362179649,-0.957657205777448,0.80104732813431
-0.359691041393845,1,1.23583984375,-1.18407967654493,0.853539785225723,-0.814025615054574,0.929526381637627,-0.416690098312003,0.102962159639972
0.177605602656578,1,1.23681640625,-1.13549328475444,0.591126096677563,-0.361795401056262,0.192355614704697,0.538915592036603,-0.830279928462244
0.370103203322462,1,1.23779296875,-0.910311997954674,0.104918259577301,0.275123104551127,-0.552704668917065,1.14228072508065,-0.965620169095535
0.320517513130411,1,1.23876953125,-0.547526424583122,-0.461672427478362,0.789485141733179,-0.840739123642475,0.915089911423667,-0.107425668177366
0.480115763941831,1,1.23974609375,-0.110705769438824,-0.939443880503714,0.929997216003748,-0.502396334516741,0.0661199283564869,0.891567815158272
1.01854033285863,1,1.24072265625,0.32353421888886,-1.18499347839057,0.61686061517238,0.229139549812518,-0.684592746770442,1.02763205472026
1.2787122663457,1,1.24169921875,0.679431359335484,-1.12446091417266,-0.0211616957747475,0.867225589192878,-0.708765602878693,0.203238507123695
0.231154191658047,1,1.24267578125,0.895815266356102,-0.776062320514215,-0.705133297289681,0.982096185148907,0.00447439431612598,-0.67342977031503
0.725811515480457,1,1.24365234375,0.937183335670989,-0.244532476571588,-1.13309336071914,0.475171644011705,0.840075441210073,-0.651583570634598
2.34499299392142,1,1.24462890625,0.800098932719063,0.31082723485675,-1.11781160819972,-0.357056010859697,1.07277377589143,0.255004244046083
1.9688773934391,1,1.24560546875,0.513747984299968,0.724735205103456,-0.672139394521307,-1.01022251468481,0.475501097934839,1.08183498619392
1.35263466461148,1,1.24658203125,0.134553801935448,0.87630967758194,-0.00291920559561124,-1.09145976934818,-0.488628869105,0.933951768389726
1.04345940093565,1,1.24755859375,-0.264168188084123,0.725854782144185,0.583753382709622,-0.568013250580617,-1.05150231620244,-0.0661705386218733
0.193774477674282,1,1.24853515625,-0.605631038981585,0.326818398553835,0.822568062982424,0.212850545864677,-0.780240979038551,-0.905483744438515
-0.523089861420899,1,1.24951171875,-0.823627516759127,-0.19072684342702,0.61026990787227,0.745255083706254,0.0630024520477102,-0.748045849275139
-0.546057452803911,1,1.25048828125,-0.874652491498642,-0.660028156948876,0.0526832042379018,0.686689869627234,0.742559095136616,0.185112610261004
1.02016427036934,1,1.25146484375,-0.745888231155376,-0.928814786959548,-0.584016990652117,0.0758950078803069,0.666605971486369,0.853943703660223
1.84179111045499,1,1.25244140625,-0.457597640882961,-0.906042625920847,-0.99548065450107,-0.691833568117993,-0.116247255924141,0.503227440265948
0.913854285433834,1,1.25341796875,-0.0594887096847563,-0.589935443599754,-0.978895216191514,-1.11621971114833,-0.956698166538889,-0.535159978183232
1.28520921190593,1,1.25439453125,0.37828882183172,-0.0687505927745659,-0.526298128082009,-0.91055623190537,-1.14762809402256,-1.1901193454594
1.55045376538318,1,1.25537109375,0.777876141343562,0.505970423228398,0.171220518058558,-0.18474260880843,-0.515948291820856,-0.781758010911056
0.53125335044856,1,1.25634765625,1.06784983696196,0.965500265935753,0.810368205755779,0.623559238391609,0.431758109701036,0.260713491095649
0.324788956223634,1,1.25732421875,1.1962034247518,1.1752954044927,1.1138390697816,1.02594500127687,0.931698950618734,0.852604325637191
0.743216396201976,1,1.25830078125,1.13980278283954,1.07594865124662,0.956639732953979,0.792456585990869,0.600078652999744,0.399266227586098
1.23975709016046,1,1.25927734375,0.908594179991522,0.701217818937972,0.42277639905825,0.0964909373143267,-0.247948710151539,-0.577588013786246
1.04069465152171,1,1.26025390625,0.543798816145407,0.167625985051282,-0.233613657696141,-0.596608910087545,-0.864292553862119,-0.99481490998044
0.900402413176024,1,1.26123046875,0.110422500341529,-0.361187399528137,-0.704887896912983,-0.826415653743121,-0.696203764363963,-0.357010490803778
1.80728859727243,1,1.26220703125,-0.314556031332653,-0.724472850073912,-0.770911562879442,-0.431006151091655,0.148970309783565,0.715452006602518
0.859832626267064,1,1.26318359375,-0.656168024669893,-0.813457797412249,-0.399933880736504,0.349362193790348,0.991527002747286,1.13816320587778
-0.903315613633715,1,1.26416015625,-0.855063544258434,-0.604519106365403,0.236830124877404,1.02441627079747,1.14636706083507,0.505411016279446
-0.603067401675396,1,1.26513671875,-0.878269183222826,-0.166308738447097,0.84358548758729,1.16518948589173,0.49494002404296,-0.48405446815844
-0.110674280438282,1,1.26611328125,-0.725136816511665,0.361341934600403,1.13544674893489,0.676651400685009,-0.41625600137402,-0.768154062801815
0.270938042506399,1,1.26708984375,-0.427401239683113,0.810291502298502,0.969037706005597,-0.141626885257923,-0.832985920468588,-0.0456982240854349
1.08661640282692,1,1.26806640625,-0.0433372177055571,1.03563152617609,0.408441588150908,-0.785340875464586,-0.423792476210415,0.905089999270487
1.86457312591776,1,1.26904296875,0.352919141158638,0.960152791814364,-0.30368382482533,-0.865207585757964,0.443764381950981,1.05054074061484
2.02793919197557,1,1.27001953125,0.68493928677461,0.598145753483156,-0.856626689130301,-0.353421182075595,1.0121883218462,0.196690155682164
0.616406738971674,1,1.27099609375,0.887989735248184,0.051258916728334,-1.01323108622044,0.399781313538501,0.76976269965742,-0.802504212357752
0.279535783152986,1,1.27197265625,0.920890279343079,-0.522325340724275,-0.717828365109201,0.889919369784645,-0.119082111492585,-0.944284373425121
1.46862145001177,1,1.27294921875,0.773582674767454,-0.955986872707094,-0.121130881301191,0.780137956016376,-0.948949760161349,-0.1331660529616
1.00406800676591,1,1.27392578125,0.469030583608615,-1.12534872363893,0.48928025242845,0.116520025669912,-1.06125870393753,0.722340848177357
0.500303337287727,1,1.27490234375,0.0591036964467269,-0.98606604261745,0.821050834891791,-0.70005990168243,-0.393013290682952,0.674302036657468
0.879495649614443,1,1.27587890625,-0.384805693469915,-0.587184112851963,0.711278947483733,-1.16770743817797,0.472417252308594,-0.258971188459097
0.604428264384255,1,1.27685546875,-0.784726257224707,-0.055989579735559,0.201443898517748,-1.00166732734058,0.794875634887819,-1.10975325331467
0.196874648994686,1,1.27783203125,-1.07025564605179,0.441013088478926,-0.481256245584206,-0.314701090650974,0.29765869480947,-0.982637509273909
0.0986688959671922,1,1.27880859375,-1.19133785981031,0.749075070089132,-1.02763163859423,0.454928102909336,-0.600552904068449,-0.000964250348077511
0.982703151193498,1,1.27978515625,-1.12734429834913,0.772551955239763,-1.18784406727197,0.822076773261961,-1.13614446058071,0.822730498366123
1.29001894676312,1,1.28076171875,-0.890805672002288,0.504161338075724,-0.885705142447434,0.562864918362839,-0.84018795894654,0.655332445642521
-0.0133660389306428,1,1.28173828125,-0.525115711342188,0.0272103389726678,-0.253637107150805,-0.143491571156744,0.0679415360354605,-0.27890845998219
0.322990048736839,1,1.28271484375,-0.0966250087987352,-0.50988750050791,0.427702330147944,-0.82928054674099,0.862347139101522,-0.939167679253827
1.31258894451257,1,1.28369140625,0.317435452179363,-0.939020262709433,0.857516541771634,-1.03645699025299,0.915813848143477,-0.572683901928611
0.869485847593973,1,1.28466796875,0.643002400997734,-1.12383717701474,0.852093750431665,-0.608826508593489,0.22223175640091,0.48505793301164
0.91444850197047,1,1.28564453125,0.822642522807831,-1.00153663025414,0.428391201650032,0.207502057521849,-0.600693531143377,1.16099803855468
1.21660902241761,1,1.28662109375,0.825978167153793,-0.602213425046698,-0.204243934508251,0.919295310281987,-0.830561599608901,0.775563111113886
1.08171922301786,1,1.28759765625,0.65517885389248,-0.0398507578712468,-0.740410426525715,1.0984399336137,-0.246770407597329,-0.241527453207548
0.522002322165798,1,1.28857421875,0.344519409497274,0.522295966579942,-0.918951105794924,0.652863310678318,0.683161857645412,-0.807350236053664
0.294806158294857,1,1.28955078125,-0.0459140259311512,0.921353818343875,-0.643005060480105,-0.115999131193233,1.19343876800919,-0.331384499469037
1.50927984076765,1,1.29052734375,-0.441223278066357,1.04436209771318,-0.0248685227208549,-0.705663034685426,0.859917292465837,0.660708183567718
1.26466976987925,1,1.29150390625,-0.765399077963232,0.862552109232214,0.664879424559222,-0.732619437500942,-0.0452121409123787,1.08463356009608
-0.418719594839479,1,1.29248046875,-0.955228066498569,0.439910672409075,1.12072899899413,-0.176498288337919,-0.780723778976866,0.446686329706124
-0.429388470736936,1,1.29345703125,-0.971872686749911,-0.0865829473118751,1.14165096986504,0.606829138591342,-0.755494027916653,-0.63069220837155
-0.352077253981768,1,1.29443359375,-0.808014436997287,-0.549003760325848,0.722798276124262,1.11154379299259,-0.0215489204360275,-1.06299119316284
-0.481407222040984,1,1.29541015625,-0.489258705243802,-0.799961450174771,0.0575535388113024,1.00374014667193,0.771384952387317,-0.446073972222142
0.469630582950174,1,1.29638671875,-0.0695441878792632,-0.757783086764219,-0.551008164788993,0.334275332289376,0.92168229587611,0.520635095059449
1.71946660376225,1,1.29736328125,0.378608511426237,-0.431591301160312,-0.828732506441595,-0.492702273297072,0.265199519159878,0.777353276908686
2.38317381165778,1,1.29833984375,0.777234846382354,0.0813864721013455,-0.655660103234386,-0.975584156652327,-0.685009674714564,0.0274253101956875
1.29393249024997,1,1.29931640625,1.05705995642206,0.625458141467647,-0.120653289685447,-0.832946642285238,-1.16568274783002,-0.947046099338637
0.509753621053801,1,1.30029296875,1.17005570404358,1.03400331157536,0.519607518442023,-0.181183791970832,-0.799947720085885,-1.11130788181647
1.24329871216868,1,1.30126953125,1.09813582074228,1.18038463713714,0.958485838454704,0.540708509319781,0.0889444861056191,-0.272388689333907
0.627445106416381,1,1.30224609375,0.856406880757935,1.01668101040804,0.980171273475017,0.851333423974857,0.74913613119313,0.715361646471677
0.144326015844417,1,1.30322265625,0.490383910950184,0.588408794560725,0.558955084233025,0.533937657345272,0.629700893196031,0.851068076419751
1.17984929792529,1,1.30419921875,0.0676781596327196,0.0207318264020891,-0.128439642264878,-0.224897379248033,-0.158520350661302,0.042209400171868
1.48525067551305,1,1.30517578125,-0.33432915187696,-0.519630040626761,-0.783134828578173,-0.953108884122372,-0.936331536529208,-0.801524846309886
1.18369017223857,1,1.30615234375,-0.64258259715398,-0.875161001809143,-1.12027466395819,-1.19268307641883,-1.0256473680867,-0.734329427905968
0.821845284953193,1,1.30712890625,-0.801651317119554,-0.945475665759502,-0.998821323972023,-0.790517627808031,-0.318502411583869,0.221494037303717
0.924285141540363,1,1.30810546875,-0.783809548631551,-0.717775636713274,-0.485605582971783,0.00423254089360101,0.630554619556465,1.09532068234135
0.755063856991248,1,1.30908203125,-0.594063759682292,-0.270537507765314,0.175654238916349,0.698196907574808,1.06611007453679,0.991369825609313
-0.632301463976121,1,1.31005859375,-0.269211460154238,0.250688713565121,0.676176323166892,0.866788848046415,0.661490040679561,0.0336597537937218
-0.138584016020829,1,1.31103515625,0.128896450249766,0.677971595166443,0.783610449354432,0.423261058902943,-0.210278864548983,-0.766220925762495
1.62116198877225,1,1.31201171875,0.524662441654763,0.872521916424115,0.448460909990934,-0.327145044374445,-0.790701706515042,-0.578628711915577
1.71585403689796,1,1.31298828125,0.842558845913033,0.767302327662719,-0.173256437142266,-0.882323604649302,-0.572209755763426,0.368171217185729
1.83735610058446,1,1.31396484375,1.02093764572283,0.387700828187189,-0.791489206464597,-0.86363529285355,0.275824523015534,1.03168977081978
1.98256573022329,1,1.31494140625,1.02331824476633,-0.156052435571323,-1.1150517379737,-0.257797681985837,1.04795548373763,0.660707113001644
4.17916541898088,1,1.31591796875,0.845096998015484,-0.702412869590235,-0.985144999480032,0.573460168903264,1.09261226844066,-0.406562673058424
0.0470960565123284,1,1.31689453125,0.514455767879567,-1.08775500196607,-0.448395915695005,1.12217342975106,0.357571960128663,-1.09587069135633
-0.563532737164305,1,1.31787109375,0.0873028990350169,-1.19627455046151,0.264013897948587,1.05600155175566,-0.565424940020372,-0.728559800032093
0.54441601543418,1,1.31884765625,-0.362833514094475,-0.995316558117571,0.841597815464856,0.428659341129751,-0.934300979267457,0.264770150516671
0.891286779463184,1,1.31982421875,-0.758121171679561,-0.545338461516737,1.0360583616195,-0.354783905494328,-0.47561532595821,0.802843130100644
-0.270285262291191,1,1.32080078125,-1.03052479188244,0.0185351997125012,0.77431115716368,-0.795655714437998,0.388853290484573,0.299400281168546
0.13216051321398,1,1.32177734375,-1.13412679907334,0.527732193415992,0.191349956017232,-0.618651622349873,0.897345251764418,-0.715573325308889
0.532708264625709,1,1.32275390625,-1.05342538810393,0.83163554335729,-0.432062667526856,0.053428945807207,0.5878286452881,-1.15604360333435
0.0113010986848026,1,1.32373046875,-0.806100196191252,0.843469345262417,-0.798352229615763,0.778225446277787,-0.313172957718729,-0.529239828421064
0.376115649289969,1,1.32470703125,-0.439742997873594,0.566653024770423,-0.729719826832014,1.07569523888628,-1.07808153672919,0.541211240485155
1.03002448760847,1,1.32568359375,-0.023149511066516,0.0935770377079559,-0.24985433135155,0.734143156667678,-1.08535012254233,0.971625896474419
1.3055531284376,1,1.32666015625,0.366241468393207,-0.422821385742434,0.426627926223573,-0.0541428550731393,-0.338325902052426,0.360338758323494
0.531391301684018,1,1.32763671875,0.656474069497485,-0.81599402643648,0.992194545841106,-0.813906889495558,0.5381363595049,-0.591760708427442
0.198008413979363,1,1.32861328125,0.794194133062259,-0.956885095661432,1.18702490821308,-1.08773652257142,0.820440805776901,-0.826557735403418
1.54614382992342,1,1.32958984375,0.754371963180495,-0.793584977735145,0.917918667650986,-0.72554738086736,0.291033268516055,-0.0515077478855052
1.40523575581397,1,1.33056640625,0.544858690548885,-0.367414645188667,0.301081919078358,0.021184114765462,-0.580743960058395,0.947594393052979
0.539375889073035,1,1.33154296875,0.204946690186516,0.199478665419855,-0.390789237529981,0.660274510964492,-1.03296255715356,1.13484451201831
1.03447969983886,1,1.33251953125,-0.201803672765412,0.741230712426942,-0.852926998209011,0.772492301502557,-0.650588218888037,0.317939500480261
0.849380671922018,1,1.33349609375,-0.599164618965145,1.09874319235557,-0.887501978484585,0.278632900600812,0.28500621544267,-0.64893504952289
0.287728940110021,1,1.33447265625,-0.912156276536361,1.16812311855311,-0.493642165012467,-0.509762246364425,1.02905091069314,-0.767527347039297
0.33997000968747,1,1.33544921875,-1.08074258831626,0.93228507750835,0.132706072132786,-1.08829564994351,0.994117249491976,0.0508603025073053
0.887938740486987,1,1.33642578125,-1.07081346150055,0.466065670485324,0.688991957223027,-1.08044780419421,0.239400350227693,0.894445733837369
1.07660798729765,1,1.33740234375,-0.880452787468213,-0.0867095874682636,0.90505525740043,-0.477302579642171,-0.580668863233942,0.818652815802913
-0.344336488283526,1,1.33837890625,-0.540350149961865,-0.557199262222609,0.667290190033288,0.356115824701231,-0.765373309148989,-0.151049059148574
-0.52433842926891,1,1.33935546875,-0.108280201944953,-0.803124674824279,0.0711520323564123,0.911954177084542,-0.15486232358931,-1.04181668762864
0.927731040585016,1,1.34033203125,0.341346287713097,-0.752197514374743,-0.622034872601741,0.861247765400924,0.735781053833004,-0.957975853005631
1.07496377989692,1,1.34130859375,0.730958473641971,-0.424130644660071,-1.10422429223555,0.261824907501559,1.14774387815652,-0.024460061982442
1.51590162669878,1,1.34228515625,0.993876209191916,0.0754901190013636,-1.16125446508321,-0.479680396480361,0.714181842704798,0.748113262184249
2.39082483509103,1,1.34326171875,1.08637857627363,0.587598441648503,-0.77059689346744,-0.867505031873319,-0.231487180472066,0.533848219975637
1.86385005380827,1,1.34423828125,0.995594082810094,0.948405051614765,-0.111535063523186,-0.633023503398032,-0.93270915722277,-0.434471478050174
0.576846102052739,1,1.34521484375,0.741777152791643,1.03962133054326,0.516879137110973,0.0934578034929939,-0.840599790441237,-1.11200020714962
-0.450815199115027,1,1.34619140625,0.374557562564535,0.824801323729081,0.83255499280851,0.864615428622661,-0.0708106022295636,-0.748226537262447
0.160009835111487,1,1.34716796875,-0.0361532561113856,0.360694794565577,0.699226860045828,1.19971463468325,0.695628362250868,0.316820123457099
0.738495798780703,1,1.34814453125,-0.412942397078999,-0.219862518233252,0.188503145708812,0.889691835827474,0.784381683499267,1.00862315082412
0.0378722725704522,1,1.34912109375,-0.685034407164305,-0.748300381024033,-0.453276969957349,0.129838002975839,0.0940387981476777,0.650292291953496
0.836787573076281,1,1.35009765625,-0.801213956028861,-1.07158615507496,-0.918202008617469,-0.604235810146746,-0.817354032215139,-0.325982404049622
1.60093909378287,1,1.35107421875,-0.739178818196347,-1.09876012873741,-0.978174538760242,-0.858523827563836,-1.19796056595955,-0.840056199069879
0.67558118861414,1,1.35205078125,-0.509619806517657,-0.828523505061123,-0.58982149694234,-0.488567854340121,-0.730503059761613,-0.309643333707966
0.367905219151732,1,1.35302734375,-0.154284502296791,-0.349456287193295,0.0850887594713886,0.249558251872988,0.202363976618431,0.730990140748895
0.558037301418653,1,1.35400390625,0.261622856147287,0.187196930534845,0.753084274668713,0.863007945017173,0.837670959830556,1.19386005307874
0.643668164866802,1,1.35498046875,0.661321599222592,0.61385567115808,1.12270440762129,0.936538012647494,0.66937141698357,0.586677056284498
0.377038021112628,1,1.35595703125,0.970451806295356,0.797890642399846,1.0373360234562,0.397642060011561,-0.129866197669232,-0.466410459795596
0.593250729070154,1,1.35693359375,1.13063969373775,0.682199113650383,0.546415679883525,-0.436125072009819,-0.855099881076154,-0.883364956031576
2.33580078820265,1,1.35791015625,1.1101609288376,0.302671745698231,-0.117561578342317,-1.05776923931082,-0.861147669031596,-0.265896219439285
2.41912152163435,1,1.35888671875,0.909759820488308,-0.222785640241402,-0.645694711209081,-1.09197645085417,-0.104757888969185,0.682725197332597
0.978472746968767,1,1.35986328125,0.562564166470172,-0.730321259197345,-0.794185869264598,-0.532693185973279,0.81683044129646,0.905191518274052
0.790792430119776,1,1.36083984375,0.128110411021531,-1.06027747222574,-0.495958052757791,0.253782444442817,1.16334564291629,0.112323553312397
0.135761159915678,1,1.36181640625,-0.318434013343866,-1.10608234529376,0.108687539082925,0.762126851130572,0.668907173632889,-0.906965051261169
-0.781578530326484,1,1.36279296875,-0.699889934923319,-0.846953776999665,0.736399337674816,0.66941703498745,-0.23702352576595,-1.11597107111276
-0.449861261577513,1,1.36376953125,-0.951048766677203,-0.354421650682679,1.09065291917326,0.0403590770777401,-0.789927209376393,-0.323156724167028
0.588206588052234,1,1.36474609375,-1.03047333822039,0.229328870285435,0.997749498393218,-0.714115103644672,-0.530259030878458,0.617623238047835
1.36277984185503,1,1.36572265625,-0.92796988446326,0.734681982029034,0.486702907082079,-1.09855514055213,0.312269277658564,0.711152450897841
0.470175814357579,1,1.36669921875,-0.666371999223921,1.01618453119504,-0.223548931557183,-0.848647778823258,1.01164899537511,-0.126823648476965
0.114317357633095,1,1.36767578125,-0.297312967305198,0.996752420948108,-0.823774654866875,-0.100166282006658,0.954291067023962,-0.981651960855013
1.23914437275843,1,1.36865234375,0.108242611892061,0.690991352307056,-1.05535968431961,0.696209818172438,0.154145232981911,-0.909103578762011
0.892833338977363,1,1.36962890625,0.472982875601895,0.200513468461381,-0.828048826770114,1.06012125349384,-0.756854487164906,0.0631068171740815
0.645802345455113,1,1.37060546875,0.72738336315161,-0.317313723270227,-0.260673792680167,0.785582094690189,-1.05515590767585,0.96080880026585
1.46536738125553,1,1.37158203125,0.822417829172539,-0.69763391244294,0.373747199381508,0.0706760463600222,-0.52853564038875,0.889219111749914
1.2371612486391,1,1.37255859375,0.738530078188888,-0.818634173605459,0.773401146120401,-0.609474710539094,0.348669613947662,-0.025202129395294
0.53104871107901,1,1.37353515625,0.489232560879458,-0.638901364973967,0.746178188407275,-0.805677676857555,0.814507502548616,-0.772417242698355
0.203183250702116,1,1.37451171875,0.118675899197549,-0.210187066415693,0.297896864226802,-0.380973246475204,0.458629314284494,-0.530130825672801
0.940846483864053,1,1.37548828125,-0.306368648240093,0.338321404478554,-0.370119072477251,0.40172851883199,-0.433116794996582,0.464251171550769
1.37366279116012,1,1.37646484375,-0.708654392749317,0.839420913250937,-0.953012238814876,1.04640425994231,-1.11709667695223,1.16317874274502
0.0783165622807614,1,1.37744140625,-1.01452103267342,1.13896214540393,-1.18183876345805,1.13909985892113,-1.01388853397837,0.816277661188405
0.075250318453734,1,1.37841796875,-1.16731290704441,1.14296794249652,-0.946693793742077,0.611225812267815,-0.193493277484225,-0.235361947689049
0.769591833799653,1,1.37939453125,-1.13771052579644,0.846405470184127,-0.34718153370984,-0.216383751875149,0.682214255179993,-0.917832940233551
0.0843322797415482,1,1.38037109375,-0.929094054912554,0.334821002883631,0.352867386872311,-0.836672939827562,0.911709158389016,-0.556936984856912
0.24329050928846,1,1.38134765625,-0.576961807340782,-0.241664570642913,0.845724380623699,-0.8777144208557,0.338800928174783,0.412648918762028
0.95706698004358,1,1.38232421875,-0.14250904184649,-0.714058709379768,0.920099512736408,-0.338015585186282,-0.518918939471383,0.91111006960429
0.925698807658665,1,1.38330078125,0.298464539239465,-0.945940883827463,0.557297391931175,0.41371825781363,-0.905491383969087,0.359483923345881
0.303376634733757,1,1.38427734375,0.669299828888251,-0.874936072951699,-0.06078135484524,0.87415599578341,-0.461435836705333,-0.704133909330208
0.0188833007208401,1,1.38525390625,0.906374292228688,-0.531553514395847,-0.635433901732314,0.726468788774743,0.473254079717475,-1.19002376215584
1.5170204767227,1,1.38623046875,0.970619895082433,-0.0296411847774469,-0.888387379977956,0.0428593228778677,1.14160106193461,-0.606332158390031
2.14758071494122,1,1.38720703125,0.854567041488554,0.468622176887709,-0.689663934034974,-0.760282982052648,1.00140157253731,0.422575910248043
1.19508883311446,1,1.38818359375,0.583633207574592,0.802497084375936,-0.117559492134843,-1.18614969711153,0.177797281610784,0.816846110965481
1.33408200076797,1,1.38916015625,0.211422856155559,0.862005352161352,0.576722973048146,-0.972606485083423,-0.641910515374543,0.182284110238717
0.754509918385045,1,1.39013671875,-0.190104409209964,0.621731231340541,1.08362147846574,-0.258383450427769,-0.783171357021347,-0.774612584330707
-0.745533734961627,1,1.39111328125,-0.543806163442821,0.148770522729036,1.17655137355623,0.505240981135841,-0.147838198523149,-0.996433785079443
-0.830075290629945,1,1.39208984375,-0.781470494173474,-0.417605428035518,0.815377952461877,0.841125676219531,0.704965227028646,-0.196457179631745
0.151609520089639,1,1.39306640625,-0.856299607626324,-0.908362526528609,0.164692689379477,0.549122845424351,1.02834118172448,0.834123416604163
1.2521805167637,1,1.39404296875,-0.751489748508113,-1.17624024311735,-0.481465341367819,-0.167358905405467,0.514575323919609,1.05850440467504
1.04307992703447,1,1.39501953125,-0.483344296353175,-1.14067022951762,-0.834003149981402,-0.831491664897684,-0.445108197235256,0.286411412827062
0.812728179108908,1,1.39599609375,-0.0983523359302509,-0.81235679644891,-0.74080117286705,-0.997114414143514,-1.0854575297404,-0.628374090294058
1.72271703201714,1,1.39697265625,0.335236189512969,-0.290010993591294,-0.255979168472252,-0.533454170122412,-0.905087690761849,-0.693669041437265
0.968922521725207,1,1.39794921875,0.739805507052697,0.26976410866014,0.385277154307619,0.290530531754258,-0.0838203020930841,0.170090516637467
0.0450299657950103,1,1.39892578125,1.04248300608609,0.700238231604821,0.874796887086932,0.975848234921911,0.669559248676663,1.0449032544193
0.86028797158641,1,1.39990234375,1.18839376845493,0.875379069845541,0.972946920493116,1.10942178428957,0.711643923098781,0.986212018287291
1.09858862071944,1,1.40087890625,1.15064762832978,0.74821405857893,0.618830130305316,0.625538912434769,0.00351587826300753,0.0231500343689902
0.93860007309494,1,1.40185546875,0.935240499233028,0.365013170395386,-0.0412781010649369,-0.153308472439181,-0.856462980416973,-0.869698525054836
1.14256370974485,1,1.40283203125,0.579977498541341,-0.149035695814701,-0.720285679760165,-0.722107443562912,-1.13362876116847,-0.79936457534974
1.73467362489945,1,1.40380859375,0.147613684950558,-0.628277867984473,-1.12109399126365,-0.714771412172439,-0.572603845679692,0.105309473565398
1.72694420886564,1,1.40478515625,-0.285539138090326,-0.917417860354029,-1.07203509969572,-0.137030115939147,0.387584979781678,0.834143404365974
-0.159422188273773,1,1.40576171875,-0.643465759626062,-0.919187704398755,-0.604989913618485,0.637263406995003,0.978924437665659,0.567903579537703
-0.848798916716117,1,1.40673828125,-0.864239468601904,-0.624289660789574,0.0595372024846049,1.10405924767671,0.744765040392243,-0.451700006552929
-0.0741949514899425,1,1.40771484375,-0.911242270733151,-0.114460286865185,0.613546663452818,0.950039024464842,-0.0804984511817775,-1.17448441877792
-0.344214252347044,1,1.40869140625,-0.77977148968046,0.462285896269922,0.802598927561582,0.252550022309788,-0.769922677349571,-0.850025465447673
0.313275004397009,1,1.40966796875,-0.497830917579836,0.936675780493681,0.542257735204311,-0.568563258894222,-0.714470474208961,0.17996175023151
4.71962052920145,1,1.41064453125,-0.120963569280973,1.16971217826263,-0.0433536516462057,-1.01666405484793,0.0654434139758722,0.842827892703935
1.87174585348193,1,1.41162109375,0.277932008677312,1.09498470956678,-0.678520331871918,-0.832748480817422,0.935416786431887,0.467870514400039
1.10338934384727,1,1.41259765625,0.621946545818859,0.738835390644877,-1.0623580127844,-0.158814206863447,1.17669694443917,-0.506853497824977
0.344677372542106,1,1.41357421875,0.844235083278571,0.212221662431121,-1.00684034198942,0.553597607442933,0.586947934983069,-1.0009444739446
1.10583371618587,1,1.41455078125,0.900258396714269,-0.323235086806598,-0.523269388949217,0.831501905726279,-0.350438950545728,-0.43789074285485
1.50184289131686,1,1.41552734375,0.775960829821727,-0.704642267464052,0.18238774381837,0.482053023065196,-0.87014413985174,0.641147771890549
0.482953843378052,1,1.41650390625,0.490394454117439,-0.817580637223625,0.803180904393016,-0.284108830755102,-0.564035042157227,1.14531123381385
0.887544208445396,1,1.41748046875,0.0923106800590616,-0.63100464753172,1.07103699699781,-0.986179380440776,0.279034655907302,0.58355451817654
1.09257174226025,1,1.41845703125,-0.348661139450219,-0.206638257109839,0.878831684892235,-1.17847331729094,0.916926143368657,-0.419423109422691
0.00214069532751152,1,1.41943359375,-0.754642937866336,0.320001857226757,0.328844568263585,-0.733657865184572,0.777401847203998,-0.78609305853827
0.0209594682558465,1,1.42041015625,-1.05364642282471,0.781155392697583,-0.314550815497577,0.0760731503046677,-0.0607240362575557,-0.126742011656206
0.684717673989695,1,1.42138671875,-1.19264733579735,1.02824315750169,-0.746298885949274,0.751487419991386,-0.931166696213655,0.84831019484952
0.997897074219805,1,1.42236328125,-1.14721562190326,0.977453233302403,-0.760612382660769,0.882862751610208,-1.13543597988812,1.08078744793033
0.261147447588719,1,1.42333984375,-0.925948562251387,0.635557430835855,-0.345418933806817,0.409447070271505,-0.52536706665719,0.285545732762432
-0.324190280899353,1,1.42431640625,-0.568899985013442,0.0980659400144352,0.311916926305481,-0.343026541095978,0.374333307677001,-0.744867934216819
0.799444018020323,1,1.42529296875,-0.140291639145141,-0.479721796002592,0.910221314919702,-0.87055987769524,0.805963509260215,-0.974447991640492
0.81512363406618,1,1.42626953125,0.283166306044157,-0.929932151738424,1.17231619840335,-0.812451156812694,0.413055568011519,-0.214977133387055
0.221597518383983,1,1.42724609375,0.626219390069948,-1.12318042082186,0.971954686796447,-0.181767336905897,-0.461680680879476,0.679210497932649
1.121455943035,1,1.42822265625,0.828739210135959,-1.00788832707113,0.391808048592214,0.641810297293584,-1.0639500515908,0.718550472792595
1.08110552899688,1,1.42919921875,0.856631574911722,-0.62585016592006,-0.31403328376585,1.15227569564765,-0.860337403273886,-0.17200763360101
0.286485685265578,1,1.43017578125,0.707997095839842,-0.0992971453663214,-0.83590028178885,1.03805405396779,0.0135827935896805,-1.07104043271737
0.336770426456748,1,1.43115234375,0.413423357621931,0.406584072125048,-0.949744157608675,0.379405850705677,0.864510518476206,-1.03333800866658
1.1141879999496,1,1.43212890625,0.030356378224365,0.734224820670583,-0.619111051862405,-0.402952851540214,1.01910504352466,-0.0888965026890921
1.68205130507679,1,1.43310546875,-0.367422857553097,0.781887376945227,-0.0112573949216982,-0.815341268753072,0.384926203513459,0.78802947459408
0.398422151639838,1,1.43408203125,-0.70329971310303,0.534786863519849,0.579946716981698,-0.604705179046483,-0.474521226830087,0.707152247434589
-0.43937592836526,1,1.43505859375,-0.911845749811204,0.0696136115517983,0.869033098662905,0.0809884352019628,-0.813282070619568,-0.199385227509236
0.0325157786218159,1,1.43603515625,-0.950803344811209,-0.468925699218785,0.710078872256568,0.787472406079752,-0.328715360809187,-0.920361638585983
-0.636364180109657,1,1.43701171875,-0.808851837523347,-0.912380895765978,0.163959119063735,1.04378264333501,0.584110848591467,-0.638790126915199
-0.304950514443313,1,1.43798828125,-0.507740013079251,-1.12011856029818,-0.529077536880853,0.66264117344987,1.16230408323505,0.399988167146454
1.53892207740806,1,1.43896484375,-0.0983954604954831,-1.02241597727931,-1.05897887188637,-0.139342776951685,0.913358806725673,1.14363434032828
2.23955674154131,1,1.43994140625,0.348281997681241,-0.641920649829151,-1.18748785298615,-0.878105011761189,0.0277484557868149,0.841911792082117
1.84050297532473,1,1.44091796875,0.754267687228116,-0.0869156368765797,-0.856996790970327,-1.10854092391157,-0.779324199401771,-0.162864265100027
1.07513496781847,1,1.44189453125,1.04856220559149,0.481556616536342,-0.216860624401386,-0.706217871773363,-0.864690189384519,-0.799585600665077
1.21915891937975,1,1.44287109375,1.18006893518814,0.898673812797516,0.444867665957414,0.0546023156724023,-0.193318214027564,-0.401558852596549
1.25460380348215,1,1.44384765625,1.12685518813738,1.04595950298702,0.833050313382042,0.676167325149168,0.634639464730213,0.589080100234512
0.124091437533165,1,1.44482421875,0.900111527470064,0.887247835324047,0.780218814951057,0.754269480434969,0.88834594466141,1.09051340278411
0.721385525892502,1,1.44580078125,0.542088969756825,0.479506327357915,0.322827578671392,0.235584908645309,0.320093883082204,0.527771291964273
1.69514358233427,1,1.44677734375,0.11839006736335,-0.0447838232152409,-0.315866363433136,-0.548258410109262,-0.625250182493726,-0.555839412812025
0.947368954677436,1,1.44775390625,-0.293982302839422,-0.518301718611296,-0.828448996531985,-1.09154448107478,-1.18053662797954,-1.06916988074906
0.811983898990794,1,1.44873046875,-0.620642386163923,-0.790184378185133,-0.964540988115581,-1.03624432206439,-0.896678956808097,-0.522695424861384
1.02914056560255,1,1.44970703125,-0.803353136375707,-0.772272425596411,-0.645919366664384,-0.400178102895412,-0.0174119739670615,0.458035823353813
0.565538652408374,1,1.45068359375,-0.810608463656085,-0.466172209992108,-0.0028795721997468,0.433475384316906,0.725013582303355,0.797540218239254
-0.49937545129584,1,1.45166015625,-0.643339802672709,0.0371361695959418,0.684818723389076,0.958694849873572,0.722247009733747,0.110553822782645
-1.06469406141929,1,1.45263671875,-0.334708515663807,0.585027714649925,1.11542431646778,0.867074242994911,-0.00199065813827917,-0.888563557405956
0.458255907663049,1,1.45361328125,0.05597743110469,1.00982902326237,1.10278461643289,0.242608091070922,-0.81308341874479,-1.14021563118979
1.32741402611376,1,1.45458984375,0.454114164940822,1.18004841645624,0.661121327070493,-0.4929338327317,-0.99824558268011,-0.360174805350902
1.08034089035783,1,1.45556640625,0.783443520706343,1.04058922025949,-0.00177982664314313,-0.849265099701665,-0.364988657985325,0.65847838659168
2.00408409585154,1,1.45654296875,0.980000874043237,0.629660335011487,-0.57983864031266,-0.580287306785142,0.595500000782987,0.881445314045317
1.75247301044203,1,1.45751953125,1.00382865904579,0.0672160652286584,-0.808815254555591,0.158553981139272,1.11690013989515,0.123486826686356
0.23203351612733,1,1.45849609375,0.846321767374834,-0.481546143849717,-0.587193839002768,0.908316404016777,0.796571586010688,-0.759649823098816
-0.222994113756304,1,1.45947265625,0.531866275179322,-0.856482636188646,-0.0225101806003855,1.19773250021475,-0.0696712596583706,-0.7802809021484
0.276733301729146,1,1.46044921875,0.113471922054483,-0.951234265715742,0.618067863982593,0.842474252592637,-0.736777261789786,0.132694429707579
0.946912698496625,1,1.46142578125,-0.336807692052415,-0.745509063536928,1.03028925836222,0.0623228337109888,-0.635057119457623,1.0547772262396
0.29043680384397,1,1.46240234375,-0.740924219952321,-0.311060164866532,1.01241949888022,-0.658225470431353,0.152476188220204,1.04020133079533
-0.126537048261926,1,1.46337890625,-1.02897833208847,0.21046155277097,0.55800868404574,-0.877338151708939,0.959428951005503,0.119659128326914
0.767750097025629,1,1.46435546875,-1.1518841193689,0.651008515527274,-0.140631211488263,-0.47587953943976,1.09402159628597,-0.733341038540822
0.211333818658407,1,1.46533203125,-1.09024939251223,0.86769623030884,-0.779849684649058,0.267841654368188,0.418890440739556,-0.631821326217079
-0.102165883928389,1,1.46630859375,-0.857856011976756,0.786665112461188,-1.08300498315175,0.856069912890667,-0.532449816420029,0.287988917958371
1.13615293836612,1,1.46728515625,-0.499107440192725,0.425839606493998,-0.926461037309499,0.889164090186073,-1.00001503117239,1.0129444131856
1.28477217829737,1,1.46826171875,-0.0809089655737619,-0.110373079986399,-0.395609918616718,0.320835496430577,-0.630945522043066,0.727387818987813
0.654302124056128,1,1.46923828125,0.319540450453243,-0.662829603416632,0.254691387752741,-0.511215533370538,0.227662212315856,-0.320593730309149
0.328839913398859,1,1.47021484375,0.628821530881719,-1.06614800120998,0.717151564559526,-1.09879457768358,0.821530743985743,-1.0772880095857
0.997182790423508,1,1.47119140625,0.790670628559791,-1.19914364648444,0.77298494478761,-1.08520586608821,0.622490120893652,-0.79325886895643
1.66925508221371,1,1.47216796875,0.776222776025992,-1.02179818278696,0.392267069198171,-0.491145809211029,-0.227689996101166,0.1881875372654
0.729238185270272,1,1.47314453125,0.589256916320841,-0.587469128616446,-0.252216983431654,0.299032115650897,-1.03437051409436,0.797343644952436
0.774961106805785,1,1.47412109375,0.265488495105166,-0.0266106407358993,-0.86397288896448,0.78192364288577,-1.13016622877036,0.371639610874991
1.34046486233968,1,1.47509765625,-0.133961462138247,0.493021958240496,-1.15850453879162,0.655073997571216,-0.432835860423139,-0.642353317813987
0.240576020973401,1,1.47607421875,-0.533731235489005,0.817528232487564,-0.993639302505946,0.00899078039152679,0.485781831554884,-1.16082586420143
0.114539085224598,1,1.47705078125,-0.857983865735667,0.853753951657799,-0.434840270477131,-0.730855445052861,0.877468240677178,-0.609598187055386
0.968253010212439,1,1.47802734375,-1.04426617318911,0.59759601683421,0.274385009639249,-1.07515792030854,0.442346007074926,0.466751649647246
0.944736459284953,1,1.47900390625,-1.05493718031089,0.135078029989594,0.823453970930154,-0.782676639910604,-0.421963199756972,0.977713683258993
0.0686405355579664,1,1.47998046875,-0.884084209199529,-0.384127524363865,0.976302973169574,-0.0146408301758626,-0.955090488995095,0.436184916551797
-0.815755005258953,1,1.48095703125,-0.558666389578245,-0.79263671204518,0.678843395604608,0.766532796322013,-0.67238663686956,-0.530636134584795
0.0556975405820476,1,1.48193359375,-0.133676249867793,-0.9567123132197,0.0831374696385699,1.08989293096115,0.227202969403496,-0.848667620198449
0.833410220590741,1,1.48291015625,0.317800868121828,-0.817347599139182,-0.522746264426457,0.774039692760863,1.02524658829882,-0.136653796983096
0.713024878045356,1,1.48388671875,0.717820915500501,-0.40851921260324,-0.84708549888706,0.0412522758409686,1.08276431594888,0.887212756034552
2.07655133566492,1,1.48486328125,0.997700472094522,0.152972713232337,-0.728492240543238,-0.624820436693254,0.373036455934222,1.16196833579471
2.46568315015899,1,1.48583984375,1.11045183749107,0.70297906854323,-0.210217001238527,-0.787410438087759,-0.497372525579281,0.403997397455704
0.865589538513903,1,1.48681640625,1.03927102021784,1.07995909279632,0.479242502679228,-0.334869715566888,-0.796881078124705,-0.593625535653301
0.00405724399833696,1,1.48779296875,0.800534360149183,1.17416387713492,1.03037072559998,0.447970293508626,-0.281165838264691,-0.799036656250992
0.0128006783240914,1,1.48876953125,0.440759254347589,0.961025214980791,1.19402713552538,1.06069126709425,0.602818125513084,-0.0308283184783492
0.378638694339093,1,1.48974609375,0.0280833154860236,0.50855338171659,0.895321837753391,1.10547141326339,1.09173814873382,0.852927869685381
0.121297637815433,1,1.49072265625,-0.360185791362664,-0.0435133550497142,0.267878866625164,0.540329162854375,0.745991287347662,0.865525520152987
0.130401153645863,1,1.49169921875,-0.651682300865926,-0.526435991625864,-0.40718860416319,-0.293543334618667,-0.180609172521538,-0.0610176977116255
1.41336514165737,1,1.49267578125,-0.792186127831441,-0.794025083620577,-0.829675737866693,-0.887760342115049,-0.950978370281391,-0.999821799377976
0.991925122003422,1,1.49365234375,-0.755514006542793,-0.767265934681908,-0.817321032538493,-0.888810282591349,-0.95905860748777,-1.00506270235548
0.00719760069850317,1,1.49462890625,-0.548296797235255,-0.458387013045861,-0.388795433979893,-0.321568668260187,-0.234476507414621,-0.108386645382991
0.666294987820018,1,1.49560546875,-0.208772991247989,0.0329792771426799,0.245308329008807,0.427743013626801,0.584505976396919,0.71744726436587
0.562272418029666,1,1.49658203125,0.200181933535282,0.550367979223045,0.779346872008002,0.858262494420114,0.786975939179517,0.589028460947008
-0.000335720651620824,1,1.49755859375,0.602521026685214,0.928442435967746,0.953019598663587,0.67400090430808,0.185742727228368,-0.352840785815194
0.361603813719691,1,1.49853515625,0.922898438141123,1.04368891131633,0.671033216254141,-0.0269609588628086,-0.72494547190659,-1.09241266835384
1.62233785895547,1,1.49951171875,1.10042283889667,0.852353542649797,0.0472691613594015,-0.813891375398426,-1.18236148526391,-0.814535506758939
2.71618731831187,1,1.50048828125,1.09978702879178,0.404027041579354,-0.646773528254557,-1.19645053050561,-0.793473153064004,0.230867499480297
1.8069773411936,1,1.50146484375,0.917746651105946,-0.173278421645938,-1.10569169721463,-0.935857303601715,0.135589630033171,0.989634459958409
1.16333408190562,1,1.50244140625,0.583767593782631,-0.712007072793392,-1.12946598426865,-0.196438378966424,0.854458081990279,0.713988791288899
1.20311775826807,1,1.50341796875,0.154723248931417,-1.05602117870832,-0.714613541491408,0.558748384013272,0.794634893129771,-0.251049244363311
-0.316732452715027,1,1.50439453125,-0.295393954880822,-1.10808396711284,-0.0555153407946346,0.861881972199811,0.0430707285706794,-0.836639769793098
2.29658342453557,1,1.50537109375,-0.688874661992636,-0.859363781131804,0.54467960735057,0.537120025743154,-0.732875937195027,-0.384028717391594
0.578905932008915,1,1.50634765625,-0.958369412978155,-0.3919513775249,0.812805156600534,-0.188453856954757,-0.846171864910938,0.655839837200795
1.0588644101229,1,1.50732421875,-1.05907844420375,0.146374024634522,0.63060232418539,-0.830151640588109,-0.16725762534722,1.19697497023542
0.698001465772202,1,1.50830078125,-0.976836307183882,0.587417243917571,0.0886649740632527,-0.954862953685246,0.765396631875014,0.665552050300826
0.0969248733891205,1,1.50927734375,-0.730620568407332,0.794044643178652,-0.555267982771951,-0.457540029274395,1.19395733147164,-0.393228427418093
0.625609210748376,1,1.51025390625,-0.369029022202528,0.702138348704589,-0.994582848401594,0.370795346925505,0.773860434694482,-0.890304483234733
0.999171353289289,1,1.51123046875,0.0386320544614884,0.340209030982248,-1.01450157934201,1.02680513358814,-0.138784110663651,-0.341894653942376
0.186029074362283,1,1.51220703125,0.415024983523519,-0.179324906469846,-0.590840704112802,1.11362099676024,-0.785414655708163,0.622234585302999
0.924527876709626,1,1.51318359375,0.688914017697402,-0.694527328170784,0.0983821357093695,0.592109819055252,-0.639346073708397,0.928535536956839
1.46522374365528,1,1.51416015625,0.808180800815906,-1.04349655484078,0.753823628158005,-0.195028322687054,0.15447724307469,0.199004020301429
0.214431561686784,1,1.51513671875,0.749351480487598,-1.11393994792981,1.09119153854459,-0.74160808330513,0.902160532455058,-0.844923617587393
-0.029335681339264,1,1.51611328125,0.521900244624092,-0.877623416902359,0.970750015593039,-0.699953856938615,0.943244530773847,-1.1412874515988
0.592016981599904,1,1.51708984375,0.166545242385073,-0.399168166369086,0.460723925230399,-0.101881754895094,0.205439319608926,-0.407202062895363
0.949539994242919,1,1.51806640625,-0.252153203585396,0.183497014843953,-0.194386846914565,0.66177889865965,-0.732537947355943,0.56440997328653
0.407324514639885,1,1.51904296875,-0.657544658756893,0.701061237468913,-0.686069667171204,1.09009687000859,-1.122740185025,0.744513482808606
-0.276023888883447,1,1.52001953125,-0.974851271396787,1.00433233519797,-0.783262660520121,0.891160740723069,-0.671460381487962,-0.0438628764957404
0.487580867532824,1,1.52099609375,-1.14479881422126,1.00958572171733,-0.438287378577207,0.16855461527407,0.217079379983474,-0.939555536081487
0.301509474644604,1,1.52197265625,-1.13443401376777,0.723913488984522,0.191222329823712,-0.64337399491539,0.780571758259255,-0.955959635905697
-0.356251717330636,1,1.52294921875,-0.943158244572135,0.242835678330513,0.814432039151569,-1.05436622387477,0.537572918188569,-0.0272895695063605
0.854425512649532,1,1.52392578125,-0.602878469703193,-0.279090867992958,1.14046762465334,-0.828597418004142,-0.309083083845871,0.91809003292305
1.13126154544909,1,1.52490234375,-0.172247238184552,-0.675681995651219,1.01169946975467,-0.133333617488414,-1.04195309627862,0.935092781829864
0.205557155394639,1,1.52587890625,0.27396037682311,-0.820065998602931,0.476163966800907,0.568521815242154,-1.02978800249117,0.0569459656520989
0.124906503311,1,1.52685546875,0.658399714478634,-0.663587676007379,-0.23402206908012,0.813643363350171,-0.256782779775895,-0.743930413992259
0.981889046843181,1,1.52783203125,0.91517280819107,-0.250788163105729,-0.808392584049875,0.433585228252175,0.662585002474069,-0.587526073998917
2.13576126332522,1,1.52880859375,1.00175719910429,0.294118616602045,-0.999652912159657,-0.337551536316855,0.99564307761524,0.380699976033512
1.85436307419204,1,1.52978515625,0.906676586610276,0.80514370054956,-0.736261747912694,-1.01154470391778,0.502233367571034,1.14206844968458
1.5491365260927,1,1.53076171875,0.651517936170009,1.12521889740745,-0.154587373431512,-1.1562536087915,-0.366756741809131,0.88137873009105
1.7972820837484,1,1.53173828125,0.28692901389101,1.15420391630281,0.464052913200359,-0.670451600455818,-0.84898992428864,-0.150351893539096
0.0596773057968897,1,1.53271484375,-0.11667371149004,0.879538504339748,0.822644654081938,0.15139241355375,-0.510671558615839,-0.899381941577927
-1.05598673558134,1,1.53369140625,-0.481993807120702,0.380174137287222,0.744865932228136,0.805577245708307,0.388636499402352,-0.620518474439179
0.0120276200119639,1,1.53466796875,-0.738992472182275,-0.197418246058587,0.256197430154147,0.898402573913643,1.11171385293649,0.338602516341897
0.659659568676185,1,1.53564453125,-0.837699894746355,-0.683838308067004,-0.427371537741182,0.39532419375365,1.05952181369884,0.909197795803581
0.766657198021862,1,1.53662109375,-0.757366820712659,-0.938326333680887,-0.997887027037631,-0.35826984400405,0.272011831701969,0.43566530951622
0.734042164099062,1,1.53759765625,-0.510289217152223,-0.891563694111049,-1.19614965275289,-0.85780982337367,-0.605068309597523,-0.627146808651106
1.20147960358741,1,1.53857421875,-0.139608888214445,-0.56663376261266,-0.930235013232768,-0.761462358497215,-0.859613831052081,-1.19130054904666
1.29525249304249,1,1.53955078125,0.28851018148159,-0.0717454346446681,-0.317593662360498,-0.10855884278392,-0.30758531292274,-0.683302032094902
-0.025714596297848,1,1.54052734375,0.696905839508539,0.433052116161237,0.368532020095261,0.704346081688581,0.554815930326133,0.351310847495243
0.236604542903122,1,1.54150390625,1.0114533178249,0.784989306452839,0.823864801493839,1.17462070976038,0.968422715706275,0.82544421906275
1.163939328549,1,1.54248046875,1.1745571160851,0.868519232739645,0.851955230440691,1.01233201441882,0.548588022442097,0.259346311463268
0.500513426471421,1,1.54345703125,1.15564283495117,0.650821293361283,0.453631645734489,0.324083173148088,-0.390605743630203,-0.713810304858992
0.808205120795069,1,1.54443359375,0.9567386341131,0.19201410671101,-0.173871156984692,-0.454905649248224,-1.09680794274124,-1.02010543230571
1.84855380252469,1,1.54541015625,0.612129857166544,-0.373046982160861,-0.727688238077381,-0.837298649030871,-1.00676438060821,-0.283875404949509
1.90055570859093,1,1.54638671875,0.182149302124847,-0.875831298122248,-0.938455490609934,-0.593000449721425,-0.215840122784142,0.771046449054909
0.82455615732827,1,1.54736328125,-0.257766815642729,-1.16551276103637,-0.694121312307418,0.10522868445094,0.603011610913186,1.08241622832956
-0.538343312373572,1,1.54833984375,-0.630765329902496,-1.15497496625525,-0.0917734348676369,0.79241527827038,0.762963671346772,0.368594487030525
-0.294237493157264,1,1.54931640625,-0.872513956654865,-0.847389145923418,0.606250515888108,1.00791242997879,0.138046490294548,-0.577370568992705
-0.243309639767641,1,1.55029296875,-0.942853776724656,-0.335246615041779,1.09190799898171,0.589319557837796,-0.731949701221064,-0.729249920945057
-0.585103795146414,1,1.55126953125,-0.83304583712905,0.22785875116426,1.15197644839299,-0.223076353395606,-1.09413633742093,0.0852632995771811
1.10825408713937,1,1.55224609375,-0.567293591562753,0.674078805089769,0.765281466660512,-0.937775547620758,-0.613974198196162,1.00145357781489
1.95942231597739,1,1.55322265625,-0.198265150052113,0.872480373385502,0.112157267617,-1.1232452219274,0.342879902549952,1.03215640413392
0.945978230511714,1,1.55419921875,0.202568205638582,0.768906504928317,-0.508180689149408,-0.681089231925037,1.01425174720762,0.112966058985874
0.522999426106174,1,1.55517578125,0.55801696901217,0.402356028779605,-0.814543765959726,0.0923545524634259,0.876725261393274,-0.827177475692693
0.765763182374789,1,1.55615234375,0.799298241793404,-0.107118154557059,-0.672321858878145,0.695092639971985,0.0811702682448705,-0.844850859281585
1.23403018886948,1,1.55712890625,0.878627566533627,-0.595290298611815,-0.154868716110324,0.739024247975109,-0.675706832498033,0.024273898005885
0.774556346829726,1,1.55810546875,0.777984024507792,-0.904150445971598,0.490356215566413,0.196843978553697,-0.736185979957377,0.807380957771454
0.452021354922464,1,1.55908203125,0.512451652820196,-0.930401656576263,0.955388307504402,-0.580633707110797,-0.0333270365786996,0.627305468398159
1.22066510777002,1,1.56005859375,0.127527795004139,-0.657244628043619,1.01311359999457,-1.08773748647914,0.852009809814636,-0.366173684818035
0.306103784144741,1,1.56103515625,-0.309112473078744,-0.159733995280871,0.621692017884488,-0.985878682322291,1.1766851943632,-1.15153750808291
-0.536909619502873,1,1.56201171875,-0.719897214467961,0.41793571484203,-0.0557451016961696,-0.319529368138224,0.65716759857402,-0.913369840321338
0.610523869023942,1,1.56298828125,-1.03144852530207,0.906281041480929,-0.725154933678966,0.511065316124111,-0.292514887236723,0.096634867523607
0.879331771342536,1,1.56396484375,-1.18791849268739,1.16212652448877,-1.09553819361365,1.00314483387976,-0.905882545953264,0.825788819833282
0.255484883900822,1,1.56494140625,-1.16114256082958,1.11218984028232,-1.01152436107517,0.869755120004011,-0.703522454112043,0.532276680091365
-0.116709609601379,1,1.56591796875,-0.955761946707214,0.775344246743936,-0.523948070519745,0.220881165222347,0.107916938499341,-0.432761495849828
0.28927935861381,1,1.56689453125,-0.608382566934703,0.25676056964002,0.133854349033218,-0.507669940272588,0.810936956087227,-0.999683475443374
0.937597406734888,1,1.56787109375,-0.180923542141063,-0.284279345106285,0.653167603705186,-0.832378005924049,0.779873624566973,-0.515161122307505
0.350520671957161,1,1.56884765625,0.250633917561386,-0.683063571980881,0.791416632388428,-0.530302099360112,0.0066804864980404,0.562829504841637
0.771865439116684,1,1.56982421875,0.61004915061249,-0.819753348460195,0.48332605219634,0.218428881960971,-0.890223323358091,1.14501430989741
1.69912943819862,1,1.57080078125,0.834663705572975,-0.655941865316153,-0.129142938160862,0.944526894501755,-1.18157391227548,0.658621899535462
0.569007312788406,1,1.57177734375,0.88676255992741,-0.246301563748845,-0.761777192585938,1.18748744287831,-0.636076565602409,-0.350333920450375
0.273487543349114,1,1.57275390625,0.760387167740295,0.27823600442206,-1.11828549646088,0.788219820535197,0.286859915204194,-0.796849595750983
1.39018893938591,1,1.57373046875,0.482360800536457,0.75062635153123,-1.02610091674588,-0.00961621224323686,0.82166837467966,-0.205569905181882
1.77013729083386,1,1.57470703125,0.107340503645911,1.01891623899544,-0.515672084597821,-0.713983471498967,0.536712774576173,0.786346432879678
1.232321410498,1,1.57568359375,-0.292202362759318,0.992859077488242,0.193045239630389,-0.896460619957803,-0.305573040130017,1.10385481984627
0.132922149682724,1,1.57666015625,-0.639247620247193,0.671696026634121,0.790731292791391,-0.463600908968128,-0.969740462664806,0.372760425149049
-0.0324556264627192,1,1.57763671875,-0.8663213833498,0.144610544560841,1.01968142607213,0.284762995468789,-0.864540047071764,-0.681632294882078
-0.373349431267733,1,1.57861328125,-0.927853291825503,-0.436288162709071,0.791141475640781,0.847271828019963,-0.0397932643314984,-0.997699038042613
-1.19310883537608,1,1.57958984375,-0.80854477999763,-0.90220533849058,0.225337910942516,0.840922769213941,0.852915184773362,-0.295850873071579
0.397771588891951,1,1.58056640625,-0.526223580929581,-1.11900442611068,-0.404090634912775,0.245718832945483,1.10298600320504,0.630097195769982
1.89831069885841,1,1.58154296875,-0.128663583703856,-1.02797503579969,-0.79581713925883,-0.58146342371331,0.533061561139868,0.756289652194683
1.31306653995254,1,1.58251953125,0.315052061580441,-0.663576279348368,-0.759166495242713,-1.13265744090413,-0.354571617621149,-0.0851125359113382
1.05333985335364,1,1.58349609375,0.727053117822675,-0.142739972171806,-0.301763251771542,-1.07079275548555,-0.799796254826329,-1.02578825804317
1.07830926286312,1,1.58447265625,1.0348107603623,0.37099419484567,0.373627592963591,-0.443284210499484,-0.421691791907499,-1.07770838299805
0.938634391333449,1,1.58544921875,1.18430087774612,0.717551513292776,0.961633226537261,0.348493189646037,0.462250415626529,-0.177308578284776
0.28982622198799,1,1.58642578125,1.1498062587337,0.789303508139419,1.19385308874378,0.804424477367961,1.10182300183749,0.746626310420864
0.0364744377568097,1,1.58740234375,0.938573568183372,0.563992264880746,0.961632070940735,0.643356898345784,0.942414942680667,0.753195991482038
1.31842749835764,1,1.58837890625,0.589477650477705,0.111538639817593,0.365857929950834,-0.0186267463703203,0.0902317398149967,-0.118565938321326
1.21098248064083,1,1.58935546875,0.165936623965997,-0.427345706011762,-0.329002922573418,-0.742646541897803,-0.774870975035962,-0.894545246986824
0.453391665477992,1,1.59033203125,-0.255632176959745,-0.884207932568074,-0.815609199710355,-1.04683389837578,-0.96611905688711,-0.699598674967906
1.34020988809009,1,1.59130859375,-0.599713643065494,-1.1144124595968,-0.883975645735396,-0.713633432861982,-0.362097841037241,0.312861281706334
1.08972551984658,1,1.59228515625,-0.805422898464467,-1.04145514364579,-0.517087995477253,0.0707602013846275,0.4940675781782,1.11897027641273
-0.283399369790369,1,1.59326171875,-0.837560790882444,-0.680492357440302,0.101826244379751,0.833506969360995,0.85145817990875,0.903354399331074
-0.84083720943624,1,1.59423828125,-0.69298450915894,-0.133893046153678,0.673679155084316,1.11440026687766,0.381757899436323,-0.0816184880574896
-0.281176547457575,1,1.59521484375,-0.401134081164628,0.43983209178012,0.920930847416621,0.757170662116394,-0.544243632067861,-0.784577762682711
0.91464084305677,1,1.59619140625,-0.0186196648461212,0.874237637929706,0.715138892713568,0.00773134113914584,-1.16548734337516,-0.467582055820396
1.042525771853,1,1.59716796875,0.381143995989232,1.0455654724492,0.136273248999074,-0.64302366743602,-0.966522850524837,0.514038390535681
1.58401213886596,1,1.59814453125,0.721367722809953,0.910323025563277,-0.5633602182423,-0.771913851590039,-0.108484134216849,1.08895777253337
2.485308671944,1,1.59912109375,0.93593637895683,0.51834382965939,-1.0741007144527,-0.292890001922425,0.705389425725761,0.605216600163334
3.95649688619028,1,1.60009765625,0.981516746030409,-0.00265372033030553,-1.17022951048668,0.488077373492314,0.817197598728373,-0.477000565905526
-0.161938113077087,1,1.60107421875,0.845519149213306,-0.48628669858176,-0.812951959242234,1.06753335565829,0.16336999344124,-1.06794276955879
0.571716241574318,1,1.60205078125,0.548462055062004,-0.778520458883385,-0.167959738265383,1.06485571324864,-0.674012323326986,-0.59628666744078
0.798490083405685,1,1.60302734375,0.140307900912139,-0.784885318003795,0.470454830977831,0.464757320945684,-0.956385816184805,0.390946068238837
0.517555202063433,1,1.60400390625,-0.308563922324521,-0.499468793330028,0.814011189064328,-0.372179039432954,-0.408973198947179,0.810541979544042
0.0798197803299717,1,1.60498046875,-0.720104572541823,-0.00682317227314896,0.712194453337574,-0.937668445485659,0.54693273252701,0.191490745409639
0.370514258967117,1,1.60595703125,-1.02274394539234,0.543796918961842,0.220877296765796,-0.897628780536631,1.14415562617953,-0.824864691575203
0.478675118404744,1,1.60693359375,-1.16436465737284,0.9839985103301,-0.423576631929801,-0.303288653778536,0.909456405748632,-1.16191911091002
-0.45684757627897,1,1.60791015625,-1.12174062591667,1.17769732343987,-0.912867820095612,0.442614111255824,0.0578185568649918,-0.446299635761372
0.43346056090751,1,1.60888671875,-0.904722628145153,1.06273118396159,-1.00829470269643,0.84300070448947,-0.688572413660148,0.5960275807241
1.47384620383349,1,1.60986328125,-0.554409508576327,0.669926290024635,-0.650495895099071,0.623482961124977,-0.705135434525145,0.904962421472953
0.424964660852809,1,1.61083984375,-0.135638596587075,0.11378983586981,0.0128263316433775,-0.0922869408061231,0.01255270110822,0.203889379029753
0.154171911225199,1,1.61181640625,0.274836956034223,-0.442330503553224,0.693905385192439,-0.86043983495153,0.845643290150189,-0.711742055212776
0.801229506971887,1,1.61279296875,0.602331082166384,-0.835980388780495,1.0960004844054,-1.19846161358489,1.07090990396032,-0.819700172885768
1.21626143435816,1,1.61376953125,0.787821959408521,-0.955037032284466,1.04862315828118,-0.89158437958826,0.467455223298842,0.0439657224898178
1.04177703051027,1,1.61474609375,0.798687822409851,-0.771753797095208,0.585052157661398,-0.12928070776319,-0.496462350411687,1.0076941228074
0.626633772104175,1,1.61572265625,0.634626946396453,-0.351016208213875,-0.0733094571046456,0.614888798013969,-1.05291314182995,1.08270850198219
1.26703147851957,1,1.61669921875,0.327684286978457,0.169707122554307,-0.618563264732141,0.883723788239515,-0.774377379106915,0.206140086466829
0.795821915019226,1,1.61767578125,-0.0636195965222261,0.6225880666308,-0.797422346475722,0.526201498329392,0.0709415646336365,-0.693779326126871
-0.294841960728369,1,1.61865234375,-0.464987776747102,0.860932342138153,-0.527229880140379,-0.207495849374999,0.745691942483901,-0.679285908095243
0.817649767450952,1,1.61962890625,-0.799925608440623,0.80420626304787,0.0661949267925378,-0.826092861617953,0.662140338987468,0.206449671926144
1.23372584572757,1,1.62060546875,-1.00372567911729,0.462836217506289,0.706199452724532,-0.910658384984431,-0.124667315982973,0.987137377234905
0.0421316448991849,1,1.62158203125,-1.03531186775176,-0.0648001508927869,1.09205401511324,-0.38210296738379,-0.962035349335931,0.7887386472069
-0.616077012122268,1,1.62255859375,-0.884785020353737,-0.622276400110872,1.03682324034665,0.44733356959415,-1.14533904162583,-0.232590672141272
-0.573301953250704,1,1.62353515625,-0.575295281752213,-1.0427823449871,0.553264937021439,1.07138665540698,-0.507789575371539,-1.05143426856966
0.0940604429934504,1,1.62451171875,-0.158899009485122,-1.19999363064976,-0.151556423540746,1.11052024862361,0.439189740341528,-0.85308905149963
0.311982001505897,1,1.62548828125,0.292846616882112,-1.04660796881733,-0.770493450197184,0.552320232427935,0.932471386070249,0.108993814230505
1.11544081960595,1,1.62646484375,0.701840088012961,-0.628777004555106,-1.03628703715702,-0.241216216020852,0.593869680165814,0.784600053683132
2.64389286210142,1,1.62744140625,0.9975854014936,-0.0720254982729985,-0.84326692708829,-0.76409914838273,-0.255601980482689,0.439756694003025
1.59675617480382,1,1.62841796875,1.12996018454978,0.457041091853356,-0.295123263616598,-0.688011222031755,-0.866647514556138,-0.565677956760486
0.139992691242016,1,1.62939453125,1.07827856017188,0.801544067249443,0.343086094082787,-0.0707792223587072,-0.690974521182943,-1.15813735728569
0.504553801503101,1,1.63037109375,0.854999754688669,0.862135095841139,0.766715532953419,0.680834620609254,0.157680855883924,-0.686291134767301
0.415103836490941,1,1.63134765625,0.503408198898578,0.627195552149603,0.771365125661885,1.07035125799659,0.996642865902101,0.388335890185229
0.132349551620106,1,1.63232421875,0.0896883718213401,0.176209846998336,0.346776235731029,0.82802138860188,1.14374602610826,0.976442480307414
0.301415093070023,1,1.63330078125,-0.309161941892537,-0.34471327385504,-0.318182412596677,0.0833362987326578,0.486830591254085,0.509059544651394
1.06974686236795,1,1.63427734375,-0.619378747551369,-0.767688435988759,-0.921729899822179,-0.716089158876685,-0.423099248911807,-0.464971553721857
1.52329552396005,1,1.63525390625,-0.783881279062178,-0.954564391045379,-1.18715236112272,-1.08776389457264,-0.832951560902962,-0.863569918518664
0.407533432446497,1,1.63623046875,-0.772674735125458,-0.839356101770475,-0.98942287880421,-0.819737893658531,-0.417099874540664,-0.219611550120412
0.487042914526278,1,1.63720703125,-0.58831213150397,-0.448629757335391,-0.41253164811356,-0.104138685236593,0.451260453794343,0.821603141343875
1.11425185265628,1,1.63818359375,-0.26542082556035,0.106392500340311,0.288707247035778,0.585986749124557,1.01391187189971,1.18188172658849
-0.109380091927579,1,1.63916015625,0.135619935960993,0.663601844730178,0.80490712848909,0.798199953218594,0.76393714708143,0.488388932240247
-0.195788830247427,1,1.64013671875,0.539699024407663,1.0593351734875,0.913244006391138,0.388888076374855,-0.127926784954609,-0.532769616449755
1.19246726433471,1,1.64111328125,0.870684142610159,1.17820496952283,0.578920146940581,-0.385040618848623,-0.953745565787483,-0.823733049667772
2.07712941879979,1,1.64208984375,1.06532635870393,0.988208381144116,-0.0294471830225104,-1.02928090433174,-1.05829233694599,-0.111705117631605
2.12104438123086,1,1.64306640625,1.08482615302365,0.550393648542299,-0.617533138537214,-1.12640711263734,-0.385014214462633,0.805321120233499
1.43250641074906,1,1.64404296875,0.92195431454206,0.000133695140119655,-0.900536833347987,-0.601555567378527,0.478575768396177,0.90583142214221
1.31583755816639,1,1.64501953125,0.602430238595401,-0.494270428004951,-0.734046769335555,0.229362095362158,0.793938177058901,0.0289242317014738
0.377300678945661,1,1.64599609375,0.18030563351697,-0.783008959741903,-0.180647783243003,0.859587577473091,0.290390965250905,-0.951306243104306
-1.18483467074241,1,1.64697265625,-0.271807002762958,-0.780497469874496,0.518223045008532,0.912561411945555,-0.608003542668677,-1.04585192545531
-0.157736129168639,1,1.64794921875,-0.675883223954527,-0.491455041489469,1.05231297493812,0.380091983417985,-1.13739623822154,-0.192817466843418
0.858912568220009,1,1.64892578125,-0.962620013131921,-0.00936168762736458,1.18415528293523,-0.373666316503225,-0.833973124366235,0.680100508975211
0.144521538936689,1,1.64990234375,-1.083981676168,0.512231175410679,0.857464426893565,-0.844894945831667,0.0767023639113889,0.638512552091222
-0.0292879387487063,1,1.65087890625,-1.02187525400683,0.906769460341632,0.222741963358846,-0.711510550275537,0.866644385362652,-0.269804072190143
0.19860365686559,1,1.65185546875,-0.791377122125503,1.04576123412988,-0.431616469200467,-0.0389564558957484,0.912393531421064,-1.06571868400054
0.488311415139612,1,1.65283203125,-0.437924455190924,0.878233147194745,-0.81119265230084,0.760458521911483,0.21429666307182,-0.875483149090677
0.25503367149588,1,1.65380859375,-0.0289839760950635,0.446519733398292,-0.750066095625572,1.1888763427803,-0.606184622621694,0.142908912150972
0.337753953873828,1,1.65478515625,0.358284163775201,-0.126443444114368,-0.286445458288202,0.978814721828314,-0.82873576484361,0.96341465046412
1.52878686641355,1,1.65576171875,0.651120467283756,-0.674446758217131,0.355180870279236,0.262936048177766,-0.238934769740407,0.77286884020244
0.834880189363405,1,1.65673828125,0.79445127840383,-1.03855642739885,0.867195509916945,-0.510226524033627,0.690600005942519,-0.173457807594939
-0.238531551898945,1,1.65771484375,0.760945618271691,-1.115450647771,1.00009582967152,-0.861026850964902,1.194323303806,-0.825957722674282
0.825545144207496,1,1.65869140625,0.556012136858317,-0.888781284177876,0.677192327499559,-0.582982462268084,0.853489524699997,-0.454299748785324
1.20765150837443,1,1.65966796875,0.216826041038979,-0.433985606169469,0.0302664697811099,0.126787941162711,-0.053677564727511,0.577212251852598
0.674371661977547,1,1.66064453125,-0.194437032186695,0.104917206499145,-0.660146334405385,0.793828421031277,-0.784325414703518,1.19260085124117
0.382944724847481,1,1.66162109375,-0.601928337706964,0.559452317687267,-1.09254826980571,0.96901574929202,-0.751466361690838,0.740748759803647
0.454160862197569,1,1.66259765625,-0.929952071233608,0.788254811026884,-1.08189951450925,0.51521691547704,-0.0135606880495739,-0.316112394267608
0.647056479036461,1,1.66357421875,-1.11677258070566,0.720319322530254,-0.643815191202423,-0.304311672435255,0.776318747660511,-0.889929860107365
-0.127629595472517,1,1.66455078125,-1.12588845339577,0.376719771632499,0.0129653412769287,-0.992026008514903,0.919090000616143,-0.414984122846006
0.285049562304416,1,1.66552734375,-0.952720249308236,-0.135836688545792,0.582377580272451,-1.13118852125775,0.256915346672281,0.557145024180732
1.45913797761969,1,1.66650390625,-0.62549354688161,-0.657652090379352,0.801259739610394,-0.649748090018522,-0.692359406187747,0.944635316351724
0.30040232308978,1,1.66748046875,-0.200155694631893,-1.02490337885004,0.569846783069319,0.134657625451152,-1.1662044846857,0.283481476846742
-0.379997146657769,1,1.66845703125,0.249749172545168,-1.11980143226992,-0.00259978390386395,0.717141017439679,-0.793395535101483,-0.777662934107718
0.645571332969233,1,1.66943359375,0.646404445749164,-0.9067174282121,-0.647901871456337,0.72675590712207,0.0969749918003431,-1.15940837212625
1.34160371297893,1,1.67041015625,0.921819855301269,-0.443236666316736,-1.06188441766171,0.162291088132375,0.751896374144388,-0.489596164756501
1.71595707733692,1,1.67138671875,1.03013900185629,0.137241313942699,-1.04385981956601,-0.607196068223427,0.624937265469799,0.505653759359216
1.69370797200416,1,1.67236328125,0.955915995873496,0.666045734958721,-0.588850357804704,-1.07743369758348,-0.166684500309038,0.771094989758079
1.85207585028754,1,1.67333984375,0.71685551137755,0.99054057352538,0.109658500927724,-0.930162858698953,-0.940854211913031,0.0383401985821206
1.01352779185308,1,1.67431640625,0.360518594253875,1.02052573873234,0.747710711769999,-0.236344396540607,-1.02247265356329,-0.891317426432792
-1.00827130034119,1,1.67529296875,-0.0444048127542188,0.755564162987887,1.04937987332765,0.587849481674126,-0.30997070564564,-0.996211749681041
-0.594123676010766,1,1.67626953125,-0.420666480671927,0.284892486488235,0.892432338331883,1.04434163507723,0.637645033669232,-0.117569725510471
0.545332039040379,1,1.67724609375,-0.696583842574227,-0.240051687462477,0.363682048804547,0.868465628260491,1.06616958594054,0.868882925587757
0.139853911046282,1,1.67822265625,-0.819144749651183,-0.652087911469981,-0.281267738173225,0.195949160360853,0.654792875272655,0.974712885201071
0.466696595248797,1,1.67919921875,-0.763706166891852,-0.81953891334042,-0.735457910005508,-0.52450313722715,-0.217844216440213,0.139640919087843
1.08976045731154,1,1.68017578125,-0.538520190699133,-0.686604933089128,-0.781437658367665,-0.817413218921247,-0.792576746035707,-0.708742866893025
1.08270838381483,1,1.68115234375,-0.183262680008702,-0.290528642636429,-0.391097461968781,-0.483571188974505,-0.56666727992544,-0.63923656110473
0.391935397123993,1,1.68212890625,0.238168133642368,0.24969609062674,0.261216000218301,0.272726325657906,0.284225531285118,0.295712082741344
-0.131116875940631,1,1.68310546875,0.649272287743368,0.76962443648624,0.878312345432404,0.973138628262366,1.05217920276558,1.11382180526133
0.828206421592719,1,1.68408203125,0.974872452335334,1.10958178810517,1.17607953031434,1.16918169628112,1.08903289519849,0.941097147143318
0.695284991834094,1,1.68505859375,1.15480689275189,1.16346422666402,1.01353163969227,0.727426207316925,0.349012905810196,-0.063359460750585
0.100461706188057,1,1.68603515625,1.15489788090408,0.911209671992355,0.457482208130627,-0.0852746634641716,-0.57204256606721,-0.8737410984433
1.65265044099262,1,1.68701171875,0.97319830222358,0.425018646038015,-0.247751645463565,-0.770715372395045,-0.933733901249827,-0.679343036556084
2.25988421747453,1,1.68798828125,0.640378744240006,-0.152578080735012,-0.791763454931716,-0.915093556082498,-0.468666570388169,0.261838409910313
1.1900690404498,1,1.68896484375,0.214184040320913,-0.652108022106138,-0.939630171643598,-0.450952719437359,0.396026664055488,0.899981898697289
0.299434157389599,1,1.68994140625,-0.231032129376769,-0.928750847337606,-0.638888649047494,0.301116861426723,0.898404711898765,0.507720750245885
-0.245859255170719,1,1.69091796875,-0.617789972246257,-0.906380743857997,-0.0429913450121971,0.837465870246448,0.581578174233395,-0.546681486562427
-0.315005196418243,1,1.69189453125,-0.879529795253354,-0.600607857413048,0.559470255637273,0.792721315929899,-0.321766983363163,-1.18509086609186
-0.721697023908788,1,1.69287109375,-0.972665341497453,-0.113785357522501,0.877373104167915,0.173182762846871,-1.08202903389019,-0.756599761062096
0.0604575583718894,1,1.69384765625,-0.884450816816577,0.396486854143531,0.750811286098203,-0.646114232049843,-1.08147300845275,0.276118262325742
4.89685369280082,1,1.69482421875,-0.635230427384365,0.765734161617927,0.224774790814344,-1.15885256363677,-0.329909243302893,0.826761848495115
1.23515509208287,1,1.69580078125,-0.274662057752779,0.873072026516696,-0.470969006681807,-1.04853342421889,0.544095315214014,0.333556291069665
0.326847751340128,1,1.69677734375,0.127396141522498,0.678341469219319,-1.02660349689023,-0.389177553964422,0.819084002289144,-0.648350171922903
1.03890042908934,1,1.69775390625,0.493675771602604,0.23456545456283,-1.19370077379791,0.401907518797221,0.283698333708617,-1.03649041162539
1.13698778888456,1,1.69873046875,0.753634950048345,-0.328083924816072,-0.898671375945297,0.829266030875529,-0.587655408234324,-0.369064722066889
0.931867364118425,1,1.69970703125,0.856366804814301,-0.841913824897483,-0.276329156285703,0.633831581457709,-1.03335719490221,0.702774692847766
0.840236753825484,1,1.70068359375,0.779928369790354,-1.15283204442032,0.391781211274712,-0.0430259627046332,-0.643798232103159,1.09916659187456
1.14505498560308,1,1.70166015625,0.535390365260455,-1.16734710818399,0.806078644393051,-0.750176358962181,0.293643422066487,0.449162245241772
1.00063347402236,1,1.70263671875,0.16486960340845,-0.881090872317421,0.785787386179866,-1.01445805123783,1.03263682047914,-0.520806619527282
-0.374734177591477,1,1.70361328125,-0.266098554797767,-0.380151260055922,0.351327758686947,-0.642543336884081,0.989943393680975,-0.758065188157195
0.117554313014535,1,1.70458984375,-0.6804596412058,0.185191966022919,-0.285427131599844,0.154968193272014,0.231196172736476,0.00115619994559246
1.20967046771018,1,1.70556640625,-1.00364545527015,0.646305829968295,-0.818556674722273,0.896155402063364,-0.585870948526789,0.951821745826331
0.160726163931986,1,1.70654296875,-1.17713583637999,0.867615730947142,-0.988579357046508,1.13286184283511,-0.763131951550033,1.07146682131055
-0.293037312451265,1,1.70751953125,-1.16910791106097,0.787886937800968,-0.701728027883623,0.734420575663335,-0.147048560231876,0.202640362777137
0.128475271581961,1,1.70849609375,-0.980234014232511,0.438768367793351,-0.0734242779607392,-0.0302526578447412,0.742548912383085,-0.778205015651121
0.224202279879852,1,1.70947265625,-0.643572598548016,-0.0650621263655586,0.623958645777136,-0.664326892500663,1.14764238977258,-0.884137749741996
0.152648284227816,1,1.71044921875,-0.218571768993395,-0.56113568822145,1.08516599305391,-0.759343031218166,0.707064546386786,-0.0573659572229622
0.142141005363712,1,1.71142578125,0.21972316844863,-0.889043542749777,1.11122118247745,-0.25507672763927,-0.239952844928317,0.773879492870066
1.08912182072137,1,1.71240234375,0.594293704771792,-0.939666656120032,0.70002621485393,0.522193473625366,-0.935765568621965,0.681013494914508
0.809165458490078,1,1.71337890625,0.840123836397268,-0.688739028255368,0.0469679992638638,1.06733396514352,-0.836032591217557,-0.279201068215977
-0.403257831978217,1,1.71435546875,0.915983739922627,-0.204485537162496,-0.544734083196349,1.01793427052379,-0.0627799949901799,-1.12144435916616
0.806893778631353,1,1.71533203125,0.811876883283177,0.373004691701534,-0.802913266851369,0.385408272002694,0.700089266343729,-0.971327595549261
1.82677649372241,1,1.71630859375,0.550795693791064,0.874373667987438,-0.611026354056454,-0.451296712076041,0.781270553349542,0.0113358799239535
1.19586391571092,1,1.71728515625,0.184467217785933,1.15255133662133,-0.0614164402011715,-0.985431190257923,0.0857493672557643,0.801592936039929
0.816059067588985,1,1.71826171875,-0.216135496725223,1.12752832687369,0.587098668762806,-0.903305662600504,-0.824021640645605,0.591982869332716
0.350136324943423,1,1.71923828125,-0.573787522087296,0.810671009288425,1.02790281096368,-0.282415455026654,-1.19748065252727,-0.355889094648371
-0.193907128008766,1,1.72021484375,-0.819144639478234,0.30115410309198,1.04721767432397,0.45903160347233,-0.723244062515136,-0.991071977745525
-0.963477952848219,1,1.72119140625,-0.903440073467233,-0.244396935018971,0.62234382413913,0.829047803177533,0.2104456735458,-0.588280137231148
-0.517451212648262,1,1.72216796875,-0.807432493332,-0.659778248967839,-0.067455183743409,0.575552591009595,0.840007080405655,0.481049806595847
1.6011096229792,1,1.72314453125,-0.544974965679293,-0.819969503211124,-0.722423130315237,-0.152600383117464,0.664265026331784,1.1372537147237
1.66398994748214,1,1.72412109375,-0.160553955536833,-0.679278434674925,-1.05888216307316,-0.899637475218108,-0.137836992908647,0.730044390248542
0.949251936385778,1,1.72509765625,0.278754586660922,-0.285216489192738,-0.938442702453671,-1.19219755014728,-0.858931152690919,-0.277303357184255
1.65021877576524,1,1.72607421875,0.695448448529149,0.236131205370894,-0.430758357160796,-0.840111599777696,-0.85729023725128,-0.800341339061554
1.33965790073583,1,1.72705078125,1.01566797998452,0.718769248360397,0.218864891140791,-0.0574700174522207,-0.0961080626365271,-0.281588034083588
0.507185021245459,1,1.72802734375,1.1826097354564,1.00767375987532,0.702167327614267,0.672977525835879,0.823333437850506,0.71967540494311
0.357509839659507,1,1.72900390625,1.16684330398652,1.00634429966513,0.789364555453769,0.90593041115493,1.16250676172814,1.11959702486628
0.901852601789427,1,1.72998046875,0.971653384199267,0.706494337867038,0.434587723856925,0.515638211811737,0.661606627027311,0.457718329080039
1.41724613583358,1,1.73095703125,0.632434755234452,0.190804763102442,-0.202916042502053,-0.22525286202103,-0.244577771128137,-0.613234081743106
0.621666079997626,1,1.73193359375,0.210250418323992,-0.392106413211107,-0.83153011846163,-0.820167840418309,-0.791399450009674,-1.01383551407115
0.931336238347325,1,1.73291015625,-0.219274272252493,-0.87285747791327,-1.16068363752498,-0.865443662200855,-0.524487458127777,-0.37516219692139
1.70640347149858,1,1.73388671875,-0.579699658713446,-1.11282536499199,-1.03389705093632,-0.308112433915141,0.320304916345296,0.575386249523177
0.0220179405100381,1,1.73486328125,-0.807659276531047,-1.04628305331956,-0.500584729352158,0.519268221714336,1.01500301341716,0.787256140616961
-1.10146779290569,1,1.73583984375,-0.864358824870658,-0.700284847084217,0.206243284223294,1.10893063690006,0.94987668760542,0.00107937166491132
-0.61599790120527,1,1.73681640625,-0.742593652833106,-0.186229735953565,0.776189873841437,1.09974112494867,0.145334542995602,-0.974332166794902
-0.189577519506219,1,1.73779296875,-0.468007870114448,0.334315468415416,0.963012750970672,0.506064163271477,-0.763031772612715,-1.1154300358499
0.385786753459441,1,1.73876953125,-0.0943667258771067,0.699088817394241,0.696759925507822,-0.291777960123525,-1.0538725032626,-0.265564049450965
0.985064926419777,1,1.73974609375,0.306296003712371,0.794785377375134,0.115214675487886,-0.789366785100251,-0.521184168921088,0.698803550968936
2.00392132645334,1,1.74072265625,0.656860694662053,0.591718509068635,-0.49971620305714,-0.678646617818281,0.355661563490113,0.793095253298794
1.67674496374071,1,1.74169921875,0.889233329625657,0.152900387019098,-0.851547295401468,-0.0433168321754317,0.815072142035173,-0.0370784530960788
-0.12502257351262,1,1.74267578125,0.9568152882181,-0.385232541721178,-0.76540426695633,0.695006492161904,0.452148732775732,-0.861939787065051
0.324418040983492,1,1.74365234375,0.843059901818274,-0.854560346638843,-0.268530864289931,1.0456112396799,-0.441284618675956,-0.754688128682761
1.13497876588017,1,1.74462890625,0.564556671680875,-1.10673371173175,0.421737393602315,0.76159979487906,-1.12009656783721,0.224297794305806
0.389305375896883,1,1.74560546875,0.16808040320592,-1.0586202100842,0.997046463184958,-0.00203309975262137,-1.00910474123095,1.08717102589227
0.35365964131967,1,1.74658203125,-0.277858657840368,-0.717856136532813,1.19883010128529,-0.785678673202362,-0.184744486888987,0.959427332730436
0.54596882457768,1,1.74755859375,-0.695426352946361,-0.180694096642404,0.936438900752223,-1.11598194310278,0.687858347721488,0.00160834801834342
0.384007061817787,1,1.74853515625,-1.01157910092542,0.397200716809181,0.328553075076091,-0.805495548512001,0.909827059825605,-0.762430090358446
-0.147275364991095,1,1.74951171875,-1.17131250256934,0.848089241755295,-0.35106552606175,-0.0707297208640181,0.331299832457372,-0.528950554611407
-0.141789809422195,1,1.75048828125,-1.14763275569468,1.04317626741727,-0.79866505437862,0.606376925339107,-0.525419451734415,0.436160006412699
1.23918832121144,1,1.75146484375,-0.94643612825902,0.931727509247665,-0.81921416847338,0.785477927206435,-0.905218893203233,1.08000541160412
0.845908971930185,1,1.75244140625,-0.605408686045435,0.556342009992115,-0.415279545128987,0.348166857942235,-0.454315244307485,0.678479899061462
-0.331256406843472,1,1.75341796875,-0.18714705124686,0.0397200880548552,0.214579144570583,-0.42654791513411,0.481518877700739,-0.394727791940344
0.611024630604688,1,1.75439453125,0.232247014554057,-0.453025329159673,0.767146979777153,-1.03962079070507,1.14428348995203,-1.05929013280668
1.03587384847368,1,1.75537109375,0.57702149164363,-0.764995248385578,0.973818689130863,-1.08946266685675,0.99636836509901,-0.666279013824476
0.664315111948858,1,1.75634765625,0.785555924603082,-0.795598381316242,0.724056408333924,-0.527749798462104,0.169286347353627,0.319880434449513
0.807579518608324,1,1.75732421875,0.821561122868864,-0.531415830678534,0.116536919430326,0.30906124044836,-0.646837347442665,0.81627365132145
1.02300351070564,1,1.75830078125,0.680657954872596,-0.0504043948938761,-0.585432603224147,0.912580744398835,-0.780532852426807,0.269640641890305
1.0034277181001,1,1.75927734375,0.391137922580249,0.501848231207078,-1.07385288576028,0.924466309022966,-0.140055803456095,-0.756426085561334
0.000767961015919694,1,1.76025390625,0.00876765958625834,0.956564359590872,-1.13647112320465,0.362953898108744,0.711106553981367,-1.17627173559812
0.242215096846285,1,1.76123046875,-0.393415958827437,1.17333795962833,-0.753485103094112,-0.389975367438855,1.02738652789817,-0.530147439262237
1.63296384546747,1,1.76220703125,-0.738461234811927,1.08306545312426,-0.106284489741553,-0.832576525236744,0.506983288491817,0.5284445517586
0.600603738890071,1,1.76318359375,-0.959575021280411,0.709129759203494,0.505758478875456,-0.663347672358106,-0.453328037274948,0.921415875792355
-0.541363922995614,1,1.76416015625,-1.01235067006501,0.160364199529189,0.802371969037064,0.0263743072721797,-1.08775116006366,0.282791978427364
-0.241206609249303,1,1.76513671875,-0.882923099674154,-0.402057018252226,0.650620409510044,0.809681811727733,-0.899819888306373,-0.658185083368194
-0.342775325359619,1,1.76611328125,-0.590565020084626,-0.813690643990752,0.125623969602356,1.19486891642621,-0.0756250785386239,-0.852321631868685
-0.107121400597503,1,1.76708984375,-0.184250411593567,-0.956871829725021,-0.524014403154631,0.937643253922915,0.673669718509311,-0.0440563456469305
0.759656399011414,1,1.76806640625,0.266190282400174,-0.796453002699816,-0.990249605723357,0.196362996723141,0.708155609112272,0.954406469814922
2.1634160924982,1,1.76904296875,0.68271409980939,-0.390321582358376,-1.04691727090092,-0.568361899293212,-0.00464248087552774,1.11857239654648
2.42654496507652,1,1.77001953125,0.993207758458787,0.128510906310494,-0.653668548595802,-0.885906905284428,-0.862370799327722,0.292467211021771
0.682800408253046,1,1.77099609375,1.1445543901149,0.592770934751937,0.0250508699421253,-0.573999445009368,-1.1321695118184,-0.647816098138328
0.529781997572214,1,1.77197265625,1.11224682949317,0.852247498065732,0.694679223122306,0.146378582475531,-0.564756526741542,-0.720652132811885
0.984734864029802,1,1.77294921875,0.904798153522585,0.81989422242233,1.06472868762228,0.792534034236573,0.395549868729314,0.124181503076816
-0.0692744075100587,1,1.77392578125,0.562147318771572,0.498619858770708,0.981114597723685,0.92803977725801,0.980672676880489,0.954488563582318
0.03197534347179,1,1.77490234375,0.148350929531852,-0.0194221354303629,0.496102763927511,0.441350936790549,0.73917762723078,0.844336806911673
0.881438842975267,1,1.77587890625,-0.260107646841849,-0.580832452506249,-0.156106854353555,-0.382076385809464,-0.088410472268336,-0.143174114868982
1.06111307221896,1,1.77685546875,-0.588262799675203,-1.01770377506371,-0.666971307066818,-1.04005860055234,-0.773231541398019,-1.01847381751338
0.616372531152496,1,1.77783203125,-0.776325646154509,-1.19882283785103,-0.795130892927172,-1.13183158966434,-0.710146866851021,-0.907586546203854
0.119910615323779,1,1.77880859375,-0.79057041518205,-1.06969735228162,-0.477107946852496,-0.611919578881925,0.0739797015208127,0.0277890152536473
0.727438326262322,1,1.77978515625,-0.629466164308159,-0.66918144330634,0.143477292576796,0.18158188483261,0.941145691695159,0.764713147352171
0.0998722876650562,1,1.78076171875,-0.323937583779468,-0.11762124429205,0.781546502248074,0.742254447340816,1.17486378964386,0.503246042661028
-1.16144612332342,1,1.78173828125,0.068292293867284,0.419858337078537,1.14103047230818,0.717316323949961,0.579038968845541,-0.486124395939487
0.230213295239531,1,1.78271484375,0.473247010679498,0.783711474109011,1.05047240281108,0.131663929006402,-0.357937049755738,-1.14801592033172
1.5153490071663,1,1.78369140625,0.814208732499808,0.868592287430411,0.541722337665733,-0.628387331046252,-0.871163141647511,-0.758775917099953
1.51294931189603,1,1.78466796875,1.02573658179712,0.655388578310671,-0.164289649643271,-1.06130841649253,-0.557989308960069,0.306515137240943
1.78198524864491,1,1.78564453125,1.06563810618409,0.216886240673342,-0.758205048771114,-0.86999771803497,0.286774798726256,0.967791113063219
1.64121069148761,1,1.78662109375,0.922713297635634,-0.304661618910708,-0.983279698552707,-0.151664597110132,0.919546818169748,0.578393666143416
0.953126230198699,1,1.78759765625,0.618860172383261,-0.741203453724903,-0.752307246619551,0.662777539857634,0.772367372973059,-0.395280001893163
-0.453247518993475,1,1.78857421875,0.205157430941768,-0.950450165135656,-0.186949268818774,1.08134609354292,-0.0695283728893231,-0.871177318580632
2.38726861496644,1,1.78955078125,-0.247363752084929,-0.859571089238813,0.438501370119057,0.862436455971282,-0.93666488900493,-0.299784052766915
0.978885636037043,1,1.79052734375,-0.660579850568704,-0.487670577200334,0.823174490883584,0.16719849231288,-1.13326329835938,0.751242109411875
0.598807452678409,1,1.79150390625,-0.963426820679223,0.0598270092885806,0.777802954838744,-0.54394496354353,-0.51750711092471,1.19443755785415
-0.173322968373562,1,1.79248046875,-1.10476825787989,0.623174211074698,0.311791716278665,-0.804817975535492,0.381218466297467,0.570498849390374
0.578684725823905,1,1.79345703125,-1.06263817857113,1.03690990613025,-0.370676411418623,-0.440457830136966,0.806112399849508,-0.466800745102619
0.485152584629002,1,1.79443359375,-0.848176746921506,1.18023647941835,-0.963731339136313,0.321244385761408,0.406427630763619,-0.84141102720743
0.169161829744325,1,1.79541015625,-0.503543448109553,1.01377934785005,-1.19952463681382,0.994204262012477,-0.469376384106769,-0.191144546083484
0.45871130867097,1,1.79638671875,-0.0941886415607214,0.591502831948846,-0.970647113085193,1.1431740869631,-1.06604142235599,0.752007706539401
1.1683053076936,1,1.79736328125,0.303108512557287,0.0441450752123105,-0.379252527968184,0.660731441170418,-0.854785934681076,0.939303135496019
1.31997456831924,1,1.79833984375,0.614257066817804,-0.460765494336946,0.309586445064976,-0.163833366538778,0.0224585771797227,0.118140296690598
-0.0308863900939044,1,1.79931640625,0.781373542972841,-0.770096464624715,0.788953304121478,-0.827542565710443,0.869627814512784,-0.896604576826905
0.248514792757789,1,1.80029296875,0.773341500571689,-0.791863404095257,0.850208152904488,-0.932386066811846,1.01652115870656,-1.08002416309681
1.46488901371883,1,1.80126953125,0.591488501732833,-0.523265969153756,0.478057933102125,-0.437131772483501,0.377116091244192,-0.27711818247909
0.624030839389261,1,1.80224609375,0.26934667914713,-0.0514450501610198,-0.142905106546972,0.317693555486167,-0.480755068677979,0.636350882836297
0.27839639364601,1,1.80322265625,-0.133459538060744,0.473267832487672,-0.713171613925057,0.827470625552363,-0.812517480699715,0.681927972927375
0.6788356945774,1,1.80419921875,-0.542085567713788,0.883433526455674,-0.955897815909131,0.74540178649391,-0.32145973061864,-0.18598990739444
0.325099953017863,1,1.80517578125,-0.880118935375149,1.04583871216632,-0.744137538820811,0.104020221021611,0.591836850430185,-1.03213721702643
-0.0901916064062698,1,1.80615234375,-1.0835255769032,0.902393322952941,-0.159493252057434,-0.704540677950058,1.16400051978141,-0.93064577261299
-0.110938129582336,1,1.80712890625,-1.11235042662195,0.488093013797205,0.544667777827136,-1.17702340702773,0.90748678447937,0.0535646152411886
0.921126121528833,1,1.80810546875,-0.958041273721818,-0.0794462037219572,1.05862311288947,-1.01838307947426,0.0190250510182073,0.930126831284069
0.746928980064702,1,1.80908203125,-0.64506161138293,-0.635689857436566,1.15754800655409,-0.329052600643695,-0.783860241244623,0.826468109327688
-0.810453204879127,1,1.81005859375,-0.226497888566496,-1.01922271678366,0.804003303431623,0.458869322816524,-0.861551168612824,-0.0938068516719272
-0.0568164834443744,1,1.81103515625,0.22554008867644,-1.12084206529199,0.164782705746477,0.85595205648047,-0.185466297410395,-0.808108371770714
1.03856596203566,1,1.81201171875,0.632978931812632,-0.916714604808166,-0.465578222632176,0.625947786925502,0.640291380976072,-0.519948979674759
0.980216491553766,1,1.81298828125,0.925925013750144,-0.475473092327445,-0.799629540083288,-0.0648365091113332,0.886739168317731,0.495684895404534
1.71513294929891,1,1.81396484375,1.05531752896113,0.0629105353085354,-0.688483547054081,-0.754206902070673,0.312276723443284,1.18077490388879
2.15209171185202,1,1.81494140625,1.00178876740913,0.53001741024703,-0.18979016478252,-0.978949832792063,-0.6329810633937,0.811724404039227
1.52399388911362,1,1.81591796875,0.779119643168142,0.780532833960317,0.458883096313127,-0.570439938325988,-1.18188907998184,-0.23561214737289
-0.0760844902291279,1,1.81689453125,0.4316625283276,0.736705318430955,0.949078893632983,0.236945692486081,-0.890618638964399,-0.88221799680835
-0.904636087201742,1,1.81787109375,0.0262017621472077,0.412130076928232,1.04299227568014,0.953570261228412,-0.00902167783923394,-0.484594899540864
0.3010941950699,1,1.81884765625,-0.360265134150721,-0.092409446108801,0.682755540845385,1.14459666404485,0.728787146693592,0.487968401030298
0.242710369862681,1,1.81982421875,-0.6545998775744,-0.619771501312268,0.0174495027888227,0.705357566734366,0.718400534165876,0.953401492404018
-0.220396831767827,1,1.82080078125,-0.800886429586957,-1.00453812637083,-0.664536010133544,-0.0729294760054407,-0.0100139723561146,0.365157702626066
1.04659585057957,1,1.82177734375,-0.770650815560527,-1.12365885187072,-1.0668671877603,-0.688828698241416,-0.818288555678672,-0.705659406137072
1.14959070527492,1,1.82275390625,-0.568076387523966,-0.934182071194985,-1.02027697096133,-0.749704717536416,-0.995955539422824,-1.17018616701117
0.323765706183391,1,1.82373046875,-0.229264471149117,-0.486543932187137,-0.559473309827678,-0.221322581932413,-0.356777416885176,-0.569724395010378
0.127191167586644,1,1.82470703125,0.184325366531517,0.0906491517793343,0.0932220186446519,0.550608713093039,0.603103058486883,0.441785926309063
0.40361800583653,1,1.82568359375,0.597061330516524,0.629700443740511,0.630001313483614,1.0606310304741,1.11785176953297,0.790689144784388
0.701014134050983,1,1.82666015625,0.9329151364151,0.974832068824434,0.798726346191285,0.965500755375956,0.790350907415157,0.119159137815173
0.0558748145267242,1,1.82763671875,1.1293192521317,1.02954629044022,0.518519621506877,0.303260357662754,-0.0776440920985976,-0.837318994625715
0.836404718569265,1,1.82861328125,1.14858242421775,0.785876296997175,-0.0831009149938214,-0.529859112060457,-0.739689156298249,-1.02959122483156
2.60970337003125,1,1.82958984375,0.984784676946117,0.326596514457981,-0.728537919956923,-1.03007689310594,-0.630410985411486,-0.207096963380587
1.79541519415086,1,1.83056640625,0.664895871647077,-0.200277074600553,-1.11720227087997,-0.905004621823245,0.160768503279108,0.813521126283683
0.777996538452679,1,1.83154296875,0.243913484715582,-0.626901273910164,-1.06322561624032,-0.258245353619846,0.964320983209909,1.00775937506569
0.663016738663086,1,1.83251953125,-0.205095950668541,-0.817056029112937,-0.580786406771453,0.47761448665295,1.09123434211763,0.22224930774477
-0.203395534744231,1,1.83349609375,-0.604239523298379,-0.707908742979202,0.121998361062362,0.816976720915735,0.410503890865508,-0.667130091549663
-0.729308276411043,1,1.83447265625,-0.884914688434306,-0.329330134754498,0.737834736063781,0.530720708174211,-0.539721204494776,-0.684887470055403
-0.354720387041881,1,1.83544921875,-1.00023096218712,0.205142248600515,1.0003288801604,-0.207529591154791,-1.00042109759079,0.209916830067628
1.08020487013223,1,1.83642578125,-0.933476125376378,0.732934580488437,0.805311678934236,-0.931353141716561,-0.624490458005551,1.07865716442174
1.55193030563414,1,1.83740234375,-0.701086707318351,1.09208346338072,0.257923810827218,-1.17783527212206,0.235244754337424,0.995008732882866
0.172366231613178,1,1.83837890625,-0.349583137910598,1.17073269425341,-0.376059891547457,-0.781915587003379,0.823595330083829,0.0249959212019542
0.519613635636621,1,1.83935546875,0.0529712000186242,0.941358855644638,-0.792376674344867,0.0183013956369426,0.617058083932771,-0.841071808769995
1.24028859920219,1,1.84033203125,0.429430781627475,0.469268767693982,-0.787989942642417,0.732223391350921,-0.236259508005736,-0.732945371843978
0.428369402846455,1,1.84130859375,0.707678735162475,-0.107229365529667,-0.354432474917881,0.927702705790232,-1.03901601621579,0.182954463299813
0.619448867652714,1,1.84228515625,0.833817392558467,-0.61892671250038,0.31794277363426,0.504650190983091,-1.12702505814729,0.883558510764026
1.10929589913167,1,1.84326171875,0.782035993458668,-0.917228979762936,0.926762623504923,-0.242516452720496,-0.424474323027803,0.575141023619835
0.770994248924215,1,1.84423828125,0.559358022522364,-0.919353136329555,1.19578307602673,-0.813223404732642,0.492511682757175,-0.463315750442378
-0.0875641076146664,1,1.84521484375,0.204403029194584,-0.633403600090821,1.00119051022121,-0.82012339222876,0.877152343344077,-1.17143136546406
-0.437202073057745,1,1.84619140625,-0.219612321200531,-0.155672813488918,0.428273841283772,-0.236464485999523,0.435524425010651,-0.825682741573539
0.799774568332054,1,1.84716796875,-0.63636022461567,0.359003432860766,-0.267461275095,0.585829324286467,-0.429265258500662,0.197546240430454
0.587564795275859,1,1.84814453125,-0.970283910472932,0.744773950472998,-0.77695047424922,1.13890899612409,-0.956423339251802,0.820773598717861
-0.665564829358407,1,1.84912109375,-1.16034875097485,0.875658270338698,-0.878637531022741,1.08105594760135,-0.66629331397398,0.404343125353518
0.0634961192313914,1,1.85009765625,-1.17115875478903,0.704240111613108,-0.53942278713504,0.453391706021152,0.235946508683661,-0.578743390740062
0.272310047081321,1,1.85107421875,-0.999414414084975,0.276342436109969,0.0706766049595342,-0.346467007429684,1.02960717709565,-1.04549776074682
-0.260177721209841,1,1.85205078125,-0.674535909067144,-0.282803840733062,0.656844412124488,-0.817053931943705,1.07931823079751,-0.451426049906362
0.234115549254312,1,1.85302734375,-0.253337824911496,-0.806676435107525,0.934910836338753,-0.671431819268317,0.36481986175622,0.629784077289052
0.882122854182279,1,1.85400390625,0.190275579214905,-1.13822293008169,0.761938087419914,-0.018971990455472,-0.503413249863502,1.10860708159046
1.0398669480011,1,1.85498046875,0.578719047310896,-1.177762422654,0.202181354751048,0.704968250653072,-0.795705397860163,0.527500591899529
0.0751866544403012,1,1.85595703125,0.844798444648659,-0.913396067207867,-0.501772856037491,1.01673720855987,-0.273855315439474,-0.459111400303168
0.235869636267753,1,1.85693359375,0.943885133858466,-0.424637451373874,-1.03950585742456,0.692912336427788,0.609970793545787,-0.77990451710304
2.02312402087453,1,1.85791015625,0.861977043725141,0.1418461209116,-1.17436664714235,-0.0864834653057233,1.09250478453258,-0.0816031696261449
1.75404499613967,1,1.85888671875,0.618179850822243,0.616971463265292,-0.851404526419851,-0.851153730251315,0.739434108848611,0.896388639632766
1.08359968046668,1,1.85986328125,0.261157679151589,0.860791231737624,-0.222266569048866,-1.13822116050349,-0.18933454380359,1.10387370852715
1.3441595084381,1,1.86083984375,-0.139799272282253,0.80511360757639,0.424322106422852,-0.785298558502005,-0.95491573790292,0.291536476210914
0.274820261881555,1,1.86181640625,-0.507462652376665,0.474173452882234,0.794684393631899,-0.0327282148516719,-0.955249616931351,-0.723113420603514
-0.870407059597835,1,1.86279296875,-0.770798139051947,-0.0229557812151437,0.724473708139729,0.629942650707857,-0.226414828335315,-0.916904098626979
-0.828620011698356,1,1.86376953125,-0.877967649761233,-0.525886593965293,0.253680406735255,0.775639425289276,0.589816656366073,-0.138977254876381
0.48945375766021,1,1.86474609375,-0.805833122303285,-0.872131813899733,-0.391947315581591,0.311475462235224,0.784897540625851,0.733912336759326
1.50173991021435,1,1.86572265625,-0.564230418070162,-0.946968767916277,-0.904557770570572,-0.462199225046916,0.177895276279742,0.728650661618849
0.698113630298749,1,1.86669921875,-0.194234171899768,-0.718714473355789,-1.03548925900761,-1.04294544920097,-0.732031823808122,-0.191412276379564
1.03563925622439,1,1.86767578125,0.239271434448869,-0.248629803094424,-0.709543640060368,-1.04608085506286,-1.18270761266532,-1.08442286380796
1.65739338828741,1,1.86865234375,0.659364176875133,0.327578753897487,-0.0599406043762318,-0.449918969888046,-0.786656431425832,-1.02347433048019
0.292253056637047,1,1.86962890625,0.991055057842251,0.841014239736083,0.632059021850987,0.389498455575161,0.144073470405549,-0.0753169725057499
-0.00919112489343066,1,1.87060546875,1.17491618280244,1.14100341181119,1.06525872287296,0.963584829268207,0.857779976557725,0.770399496824334
0.7211426879311,1,1.87158203125,1.1778844633706,1.14096810834569,1.05577187248553,0.933243921900482,0.790329156593161,0.646522349566325
0.839321192620526,1,1.87255859375,0.999274407356794,0.844744592346986,0.620636447441061,0.343142863897477,0.0350784371789745,-0.276833725650509
0.689034037757262,1,1.87353515625,0.670905373395212,0.345313888975585,-0.0304369911716698,-0.407900013757303,-0.737525245250207,-0.975204359600366
0.693250797257418,1,1.87451171875,0.251320079795558,-0.203666518324932,-0.591392235858275,-0.82153327740929,-0.843262659805372,-0.656737153280595
1.62981494199491,1,1.87548828125,-0.18485320429369,-0.634831233664234,-0.800145174720067,-0.617616716838126,-0.158935494718169,0.396386517715658
1.03397708444567,1,1.87646484375,-0.560458329505617,-0.818226616852945,-0.558685249556142,0.0869017629625445,0.772402125796647,1.1220654031263
-0.990713894944252,1,1.87744140625,-0.809820876576715,-0.70096526128992,0.0219937945296834,0.851703339823338,1.19394834356079,0.797279554941014
-0.751368716394518,1,1.87841796875,-0.890659640509941,-0.32330239428149,0.672693288274065,1.19258743961375,0.766927700629766,-0.200877682229665
-0.282544641226195,1,1.87939453125,-0.791732054751824,0.193774928406534,1.08929734665739,0.889118705726747,-0.146842360910351,-0.796540337820021
-0.486387259491845,1,1.88037109375,-0.534822453026039,0.68565156667057,1.07213922026321,0.124908764446725,-0.787943573183043,-0.354223938996434
0.620790463975178,1,1.88134765625,-0.170712158850503,0.994542500193602,0.617676762286463,-0.62863314660951,-0.634396455695966,0.648808049222899
1.7293470017525,1,1.88232421875,0.230133802999264,1.01788668525631,-0.0794769910164911,-0.911219035364519,0.162528540971948,1.12792196430686
1.83622901311281,1,1.88330078125,0.590466575618034,0.739887827210086,-0.715111890424638,-0.56532355712455,0.906287084994493,0.539819975089837
3.63862595929259,1,1.88427734375,0.840390071641569,0.236561335257596,-1.01406860948516,0.164763649666452,0.939666946045353,-0.540148305595533
0.0380462283412675,1,1.88525390625,0.930159262198038,-0.347259987994099,-0.855563008515715,0.789376862438935,0.196807536068388,-1.02270788266036
1.2232107559145,1,1.88623046875,0.839308765798547,-0.841942810063795,-0.327870302696821,0.885921656812114,-0.739340351134517,-0.452297268759972
0.840129436557694,1,1.88720703125,0.580448500575731,-1.1046518096751,0.312628693976662,0.368692857031302,-1.12233400584571,0.515504812153523
0.101738942606611,1,1.88818359375,0.197034157399073,-1.06277275769794,0.759282166797247,-0.455481317025916,-0.664451821314558,0.811237155319758
0.928064006006343,1,1.88916015625,-0.244482699114698,-0.735900237278968,0.79595309732107,-1.08119053817556,0.224622445231381,0.0859392165335195
0.57549068018603,1,1.89013671875,-0.66669672891233,-0.229677965494907,0.396327993872298,-1.1247727738901,0.782209069905809,-0.917052770462253
-0.247767173385145,1,1.89111328125,-0.995291583192122,0.296622126603286,-0.263701252117417,-0.567478141346243,0.531888023163855,-1.14623286312101
-0.091283718351618,1,1.89208984375,-1.1725274429952,0.678874019168093,-0.886259535058747,0.233045856411144,-0.317294881682222,-0.353027072393485
0.695662616163249,1,1.89306640625,-1.16771840159966,0.79832191837309,-1.18762143749297,0.770226446750378,-1.04569908234431,0.644891642753302
1.08789785882126,1,1.89404296875,-0.982792683795696,0.617909562112485,-1.02797828067495,0.710415399479474,-1.02573600614985,0.826527315241977
-0.111847078065491,1,1.89501953125,-0.651923812146031,0.193614991829213,-0.475471288434826,0.104567572122916,-0.248061301120164,0.044444531706898
-0.0314210195762827,1,1.89599609375,-0.235300173042203,-0.342672235912151,0.224807322747415,-0.644767682260973,0.668987940499041,-0.822816814067395
1.17672948588431,1,1.89697265625,0.191832508030016,-0.823499997510748,0.762669422360086,-1.0401333110191,0.994707154500439,-0.803679618512546
0.513500629977201,1,1.89794921875,0.552860776842827,-1.09710103630758,0.90437757717151,-0.806349660306657,0.49508520738942,0.13492840640171
0.484502151219204,1,1.89892578125,0.783732872818711,-1.07388095171619,0.599137698827135,-0.0665591911949095,-0.373807505535709,1.04845394633335
1.31483065440906,1,1.89990234375,0.844592183063511,-0.753941953953718,0.00183247622132077,0.734811283116693,-0.84974997200159,1.00970603459762
0.908408562614907,1,1.90087890625,0.72699712101855,-0.227230235352223,-0.598386948483525,1.11326802140342,-0.504263730447732,0.0861993842898351
0.223940654537872,1,1.90185546875,0.455413537534865,0.353742624478263,-0.910961450154981,0.850977415004406,0.397024340502296,-0.733299395946001
0.0904579711525744,1,1.90283203125,0.0827086949209822,0.820275972508257,-0.777431243427442,0.134117657669086,1.11515839762351,-0.585195797797041
1.16089590733269,1,1.90380859375,-0.319531920419767,1.03879210266321,-0.244488727076224,-0.566387128207519,1.05515072146059,0.356042389728385
1.26118173007131,1,1.90478515625,-0.674100969195029,0.951414414961548,0.45686542806015,-0.794904717935665,0.263406238526801,1.06374941439109
-0.461612521642786,1,1.90576171875,-0.912293315935805,0.59342133681885,1.01654534368809,-0.401177651008271,-0.61086517362456,0.747049601821956
-0.500129988328617,1,1.90673828125,-0.986485094134814,0.0822498053818,1.18685837360258,0.36393744431581,-0.857979515823275,-0.309598553051803
-0.326578374866212,1,1.90771484375,-0.878876346543142,-0.418586762777327,0.895525380764478,1.00793359060625,-0.300171307624412,-1.043246900237
-1.1189290217128,1,1.90869140625,-0.60480426892036,-0.749638054521108,0.27854601080017,1.10997043408518,0.561483556974257,-0.732129978830458
-0.140819622463472,1,1.90966796875,-0.210022597535023,-0.804392065404532,-0.382119856075119,0.588898989818948,0.968423344073651,0.245383456348092
1.45131882413525,1,1.91064453125,0.237558733586549,-0.561950842738192,-0.787539728570791,-0.244377825110134,0.541581152534603,0.814704700258502
2.03001441470783,1,1.91162109375,0.660170898298413,-0.0935211506579859,-0.758452743064572,-0.883524878283048,-0.399074480403785,0.344429359602147
1.28263336655957,1,1.91259765625,0.98428262479374,0.459265496604281,-0.317058999588469,-0.947458692541739,-1.09992676463705,-0.68375868432624
0.454183108633909,1,1.91357421875,1.15393032395671,0.92758228912343,0.323457218152759,-0.421336484644254,-1.00213732074823,-1.18318064196586
1.09742674674446,1,1.91455078125,1.14085587519995,1.16698086553269,0.856865609038228,0.335253641186294,-0.207478311320788,-0.611118798258602
0.532724873066528,1,1.91552734375,0.949607166107536,1.10155412406571,1.02446735119387,0.818046753466313,0.608054496933431,0.456202921138422
-0.346236642605086,1,1.91650390625,0.61667348714389,0.747195910958666,0.733979518999665,0.699718897024125,0.760496352878021,0.930654554690261
0.963519822479644,1,1.91748046875,0.203813816120976,0.206850179406015,0.102316861428207,0.0389076105689783,0.130244925493327,0.359580630192323
1.36593841474599,1,1.91845703125,-0.21320682301392,-0.360801718750353,-0.597322275843492,-0.75625700984206,-0.738369743147101,-0.599404400135906
0.722939535884882,1,1.91943359375,-0.558421847482788,-0.789653360686396,-1.05987797997643,-1.18697108860051,-1.09354964932939,-0.877930287511037
0.765739013707896,1,1.92041015625,-0.76949491694435,-0.95673044646237,-1.08745513926578,-0.980458896542828,-0.606568164982943,-0.13074177235025
0.911631589721807,1,1.92138671875,-0.809060701937318,-0.819552920459447,-0.679367949106652,-0.263290878435157,0.351243208929659,0.895294610505056
0.644763866829138,1,1.92236328125,-0.671509969882388,-0.428893517918742,-0.0320242593645205,0.518833556049281,1.01691920479864,1.14752250285225
-0.714430198650102,1,1.92333984375,-0.383983941360376,0.0869592827882366,0.551281869593191,0.883866697113365,0.87179754286016,0.378005540875831
-0.631689159426954,1,1.92431640625,-0.00139732982234517,0.56162060899664,0.799386206253551,0.619056733593982,0.0730702179525687,-0.595779617159517
1.22667100916676,1,1.92529296875,0.403603190171983,0.841662797676233,0.597468801684906,-0.0847640603726379,-0.679953161436503,-0.755595290194115
1.27970972992602,1,1.92626953125,0.753916108945674,0.833701159586562,0.0396321887430037,-0.755550299784029,-0.732843058186668,0.0418174273056438
1.36511292586816,1,1.92724609375,0.982079604017774,0.533122187125329,-0.614213315703828,-0.941247468913668,-0.0250865009674085,0.915268221048273
2.19108023979101,1,1.92822265625,1.04261633219462,0.0256729193704379,-1.05742965479322,-0.498338974502026,0.858274531989836,0.893801992505842
1.27070489846783,1,1.92919921875,0.920379845319127,-0.538578668268252,-1.07721027006342,0.315711788887,1.17566812870887,-0.0529749713697358
-0.122224210035495,1,1.93017578125,0.633381889286677,-0.990961380512948,-0.652301848881525,1.0049358615553,0.649573403690113,-0.978623207634302
-0.655658621815754,1,1.93115234375,0.22958464951934,-1.1956335616524,0.0368328921587052,1.14904361795989,-0.300551367674326,-0.956326486991301
0.155361311840183,1,1.93212890625,-0.221759234670377,-1.09102113143005,0.690076750596428,0.669687291181755,-0.907915302160001,-0.05481136068295
0.677573538414497,1,1.93310546875,-0.642643398359027,-0.708603538873529,1.02441815101536,-0.120382793775873,-0.698170001315251,0.737837188397949
-0.448855729599413,1,1.93408203125,-0.960439893633915,-0.163309337909352,0.902860633612206,-0.716479126238823,0.115835608729964,0.561637061799408
-0.112533384930696,1,1.93505859375,-1.12105491593407,0.381544874068674,0.396525135427051,-0.742858027865807,0.814455305697468,-0.404290416896068
0.549200560042476,1,1.93603515625,-1.09871401048387,0.764062596149369,-0.248446540380206,-0.191376486118624,0.775727243853582,-1.13055377457484
-0.436049686638196,1,1.93701171875,-0.900596253797338,0.873108895531326,-0.724025052480451,0.5737481311214,-0.00194184208651352,-0.826540456410109
-0.0891546867122136,1,1.93798828125,-0.565474659623032,0.682114865386481,-0.801685478074192,1.04808051661838,-0.896330045737712,0.22186600137634
0.977162208723933,1,1.93896484375,-0.156611234755907,0.257021885537805,-0.437353176392875,0.908440251714207,-1.18020625942416,0.951793041890514
1.01387314665718,1,1.93994140625,0.249798959197592,-0.264056803799333,0.208124186671069,0.219348340525317,-0.628447881161046,0.643644365405903
0.363420115554082,1,1.94091796875,0.578530125816707,-0.713239077849356,0.842355635540641,-0.606811669939513,0.294383596738618,-0.322104575818457
-0.00911279177053159,1,1.94189453125,0.769042761539812,-0.944382392224108,1.1750729891204,-1.07065438179062,0.822893349234622,-0.871456885637976
1.17650764957758,1,1.94287109375,0.786517601673875,-0.877956751468086,1.05093454680497,-0.901942486078351,0.530793259675814,-0.376595516608951
1.26837418889804,1,1.94384765625,0.628197354808367,-0.525568125819404,0.520707479090475,-0.230154147413987,-0.313438429012455,0.676640686022366
0.213526490932517,1,1.94482421875,0.323881557703055,0.0133651566184881,-0.181741630968533,0.498880487516207,-0.972673353992251,1.19954240466938
0.956029296546115,1,1.94580078125,-0.069515425985537,0.581773382542968,-0.746128892307552,0.807239650413149,-0.859755514802316,0.649728098717509
0.927441979632608,1,1.94677734375,-0.478352168610643,1.01272529458074,-0.927311234620565,0.489359503721005,-0.0309503817782946,-0.396190753789025
-0.174412697640937,1,1.94775390625,-0.825701989157038,1.18025243215097,-0.656970957913974,-0.256856213506765,0.858753271857152,-0.851917431009261
0.0911864585886942,1,1.94873046875,-1.04540090703407,1.03768603526967,-0.0743470602327948,-0.955616446439594,1.10124050780113,-0.268531984096002
0.768112230347533,1,1.94970703125,-1.09414333988114,0.631798687578626,0.538027603921062,-1.15570909561505,0.525449825169431,0.693411910937699
0.86615820223603,1,1.95068359375,-0.959422467465856,0.0884335136861685,0.884162420977734,-0.717615014790623,-0.36148888873443,0.965723861062149
-0.327919328515372,1,1.95166015625,-0.661868630146634,-0.425986834586981,0.790596624685831,0.0972242648340372,-0.800115867036203,0.205999685015233
-0.812714351249227,1,1.95263671875,-0.251558978679029,-0.755311585415029,0.286302499079154,0.791748558453636,-0.415114084857211,-0.83609666578258
0.574773382525288,1,1.95361328125,0.201030838309168,-0.801338781830254,-0.410071736276589,0.948185908095919,0.470168856722863,-1.10730841508861
0.635195746473517,1,1.95458984375,0.617786703625792,-0.553753580164718,-0.98980079856496,0.492431236452199,1.10432149676372,-0.360654766250616
0.847608698604915,1,1.95556640625,0.927105782591681,-0.0931836363037546,-1.19497132948453,-0.26007615587068,0.937193376100331,0.586524286697698
2.37428378510599,1,1.95654296875,1.07686099324537,0.433559364997187,-0.93621595112945,-0.806075204474977,0.0813879592786348,0.718947733172528
1.96884804591196,1,1.95751953125,1.04382099164798,0.858485319800131,-0.333437599845835,-0.77553956107636,-0.780252726649229,-0.102032003578538
0.460405174931885,1,1.95849609375,0.837811783079023,1.04392571129021,0.339101740280262,-0.167959966401498,-0.963875488119481,-0.99193765036963
-0.378753935689541,1,1.95947265625,0.499863409825867,0.924790669944385,0.77820359286761,0.646372013218711,-0.354448668501941,-0.979642107271606
-0.118267488555667,1,1.96044921875,0.0946802305863292,0.528668859765194,0.790286975992691,1.16094105450585,0.500398025417357,-0.0365347305777711
0.390402174421438,1,1.96142578125,-0.301193280416086,-0.0323756267105967,0.379690088042233,1.05439557076938,0.850886954244783,0.889986331522675
-0.270227828674573,1,1.96240234375,-0.613355675241134,-0.595809146347148,-0.253669560981964,0.394511023876843,0.374532141966198,0.874361089966305
0.422761574530862,1,1.96337890625,-0.783133935428975,-0.998054546770661,-0.806193283236456,-0.404888161111434,-0.552239110256582,-0.0127107449454943
1.58404198561781,1,1.96435546875,-0.778297000316186,-1.1242440023304,-1.00999785287006,-0.846669336064378,-1.16764351395253,-0.783243539785491
0.447800863202236,1,1.96533203125,-0.598946300937531,-0.94310523872274,-0.756017660883063,-0.66582109793562,-0.961030814420445,-0.580503754431187
0.057638351160346,1,1.96630859375,-0.277510442953893,-0.51632899097473,-0.144472608655719,0.00287670417195536,-0.0998488170100448,0.411856034100959
0.654581513913532,1,1.96728515625,0.127155215249922,0.0204392189232613,0.560408220838939,0.711469731971209,0.710112657511124,1.16158874190377
0.359598170330432,1,1.96826171875,0.540489872554598,0.499172020225612,1.05071353069221,0.984636646543534,0.814295173858265,0.877966780713097
-0.0157709790268903,1,1.96923828125,0.885817375789551,0.770894300948073,1.11519702310568,0.622986856038139,0.155562234824995,-0.152303010661058
0.237754990441255,1,1.97021484375,1.09833051192294,0.751263247591464,0.735453772582694,-0.168972684470567,-0.679865271419858,-0.867200417706084
1.8348847238428,1,1.97119140625,1.13692299796047,0.446368301213302,0.0939412357188835,-0.911591790810317,-0.955043804652996,-0.550183176328015
2.30460854884118,1,1.97216796875,0.99171438508675,-0.0491314638159185,-0.509810403645725,-1.15378059060007,-0.401221509203919,0.415246798924412
0.886109187932049,1,1.97314453125,0.685897141417409,-0.58096346635092,-0.796452820763858,-0.758696237312404,0.554919397999809,0.954799085540745
0.871098969253951,1,1.97412109375,0.271568804944992,-0.982444459836477,-0.634736185432754,0.010109024113412,1.14595979570697,0.443455534888444
0.401424344011526,1,1.97509765625,-0.179692883982215,-1.12550820890153,-0.101560915489166,0.656790802495329,0.90377047054199,-0.629423998190528
-1.18881704060592,1,1.97607421875,-0.589796919370405,-0.959966817664737,0.553309748226305,0.768698476172538,0.0495262125401651,-1.17352684090878
-0.871041020293006,1,1.97705078125,-0.888288263648665,-0.529008239730314,1.02172829277133,0.2787178249338,-0.692489906484953,-0.646988195514336
0.333194490769471,1,1.97802734375,-1.0251044082975,0.0438085918687052,1.07845020662229,-0.492267299031401,-0.701442720118464,0.373276272295411
3.94739372186309,1,1.97900390625,-0.979617892769343,0.592092977994486,0.684578860825445,-1.03977178110956,0.0206408863250127,0.803140411517976
0.378140210626082,1,1.97998046875,-0.764319643769633,0.957233446278021,0.00582696954141875,-0.997036579586851,0.85115946453572,0.197978281024582
-0.0770346424716318,1,1.98095703125,-0.422473734508842,1.03662499400006,-0.66277690375381,-0.369030914088369,1.06897554578932,-0.77798377194339
0.987310866597526,1,1.98193359375,-0.02017175721749,0.814785448555819,-1.03130818666601,0.469636217981981,0.459378690416785,-1.05587992442534
0.685601528840801,1,1.98291015625,0.365765384842654,0.367861050516744,-0.947014422672919,1.0116194124298,-0.504261163235792,-0.295240103488783
0.126819637633938,1,1.98388671875,0.661834466141346,-0.159849426509035,-0.463630144172074,0.938046371230875,-1.05425293817004,0.752383645287713
1.39050248670934,1,1.98486328125,0.811287176229923,-0.600174911541866,0.183753076554755,0.319946078780515,-0.768465588213921,1.03396048290139
1.26482448355873,1,1.98583984375,0.784510186319337,-0.812624398942879,0.686744596114237,-0.428064101381969,0.0788661114375951,0.304137878214179
0.168055797012388,1,1.98681640625,0.584457352092792,-0.727458175856057,0.805185249596762,-0.812341497568312,0.748760201844223,-0.619415663161308
0.0843531976768356,1,1.98779296875,0.246144335429048,-0.367116194872412,0.477383312871991,-0.574835693419441,0.657614795554208,-0.724149439723009
0.684918751702547,1,1.98876953125,-0.16970288872446,0.160545714390946,-0.15139095497709,0.142239377941604,-0.13309175040375,0.123948839081036
1.10388045116004,1,1.98974609375,-0.587689634408957,0.695147861109881,-0.795198390192051,0.886369521616491,-0.967316946695613,1.03684336606724
0.0265158536100357,1,1.99072265625,-0.931474135537385,1.07276021380893,-1.15818810264291,1.18218348919046,-1.14298020514982,1.04273166039747
-0.161975126586674,1,1.99169921875,-1.13767101941306,1.17599704797829,-1.06999854381874,0.833696097881032,-0.499604582638354,0.11408430317267
0.724057871449109,1,1.99267578125,-1.16740517007914,0.969928916949913,-0.563853707742214,0.0492526983069613,0.44658272480148,-0.801587708078965
-0.210102203394671,1,1.99365234375,-1.01341216105927,0.512839881951066,0.138380727875892,-0.69025295296102,0.933173010835588,-0.780898883369522
-0.292224016926143,1,1.99462890625,-0.701392112653635,-0.0614584357707061,0.727353613342478,-0.936162815591715,0.587617229871288,0.102564301856988
0.949892882939859,1,1.99560546875,-0.285369951910668,-0.584356150423484,0.947329683268107,-0.556173870828073,-0.263234951221723,0.860077318139585
0.757455063472782,1,1.99658203125,0.162093839854629,-0.903779172144103,0.712696512086781,0.182731980373376,-0.86893550311761,0.637451609444449
0.0144313689436285,1,1.99755859375,0.563060470398863,-0.930450460331689,0.146591986709828,0.785198413190718,-0.685687968432794,-0.37764828048455
-0.167863566921116,1,1.99853515625,0.848343458020153,-0.664951132310234,-0.476000612666621,0.84356290488496,0.166390634046681,-1.15041311700472
1.00624280313479,1,1.99951171875,0.970040895536286,-0.197319953799507,-0.854635013592826,0.298143321562819,1.00169992349514,-0.890038840281582
