variant	ea	oa	ld_score	weight_ld	z_A	n_A	z_B	n_B	z_C	n_C	z_D	n_D
rs1	A	C	4.36458333333333	3.18229166666667	0.880321117429045	10000	0.73894018169463	10000	1.3268874894862	10000	1.87003603803946	10000
rs2	A	C	7.72916666666667	4.86458333333333	0.0867741092954066	10000	-0.558701507915792	10000	-0.746944615879873	10000	0.812562823238411	10000
rs3	A	C	11.09375	6.546875	-0.579815611747515	10000	-1.54995595862797	10000	1.18969354367691	10000	-0.710911889095582	10000
rs4	A	C	14.4583333333333	8.22916666666667	-0.0459789573050806	10000	1.72940232320056	10000	0.429866252084527	10000	2.43141033012543	10000
rs5	A	C	17.8229166666667	9.91145833333333	-3.08914786678513	10000	-1.42119469369765	10000	-0.28957836952004	10000	-0.410301833544921	10000
rs6	A	C	1.98958333333333	1.99479166666667	-1.98040101467925	10000	1.67049852742435	10000	1.04380970564354	10000	-0.0939021187886249	10000
rs7	A	C	5.35416666666667	3.67708333333333	0.0418013895077022	10000	-1.6076296995435	10000	-2.24973300929028	10000	-0.593021607503853	10000
rs8	A	C	8.71875	5.359375	1.59254947304127	10000	-0.577210290107782	10000	-0.224490875737241	10000	-1.05815226242397	10000
rs9	A	C	12.0833333333333	7.04166666666667	-0.354186609830607	10000	0.183319607764941	10000	0.456364909149082	10000	2.06392595107163	10000
rs10	A	C	15.4479166666667	8.72395833333333	0.619647375242859	10000	-1.67405417205234	10000	-0.206150979143881	10000	0.982324351426621	10000
rs11	A	C	18.8125	10.40625	1.40438750445169	10000	2.64309979323456	10000	1.75297231684534	10000	0.952648006836555	10000
rs12	A	C	2.97916666666667	2.48958333333333	-0.0608368739091661	10000	-1.76562185248885	10000	0.554431765328357	10000	0.181952626007267	10000
rs13	A	C	6.34375	4.171875	3.03884214534785	10000	-0.206822643195957	10000	1.99331404250332	10000	0.964198447202334	10000
rs14	A	C	9.70833333333333	5.85416666666667	-0.465220587322813	10000	0.430554891617706	10000	0.976624050146116	10000	0.00812941529489147	10000
rs15	A	C	13.0729166666667	7.53645833333333	-2.26428949096782	10000	0.255451919693653	10000	-1.27820926703027	10000	-2.91111682780615	10000
rs16	A	C	16.4375	9.21875	0.0649679544908507	10000	-0.729805495987815	10000	1.5486624192816	10000	0.732094243939148	10000
rs17	A	C	19.8020833333333	10.9010416666667	2.13471854429677	10000	1.73728058599829	10000	-0.96467660644453	10000	-0.120078194584587	10000
rs18	A	C	3.96875	2.984375	2.60835621044286	10000	1.73931152073389	10000	0.122952576877058	10000	-0.0223230019108491	10000
rs19	A	C	7.33333333333333	4.66666666666667	-0.342320194531052	10000	-1.74054380330895	10000	-0.262491857185238	10000	0.23139986131533	10000
rs20	A	C	10.6979166666667	6.34895833333333	-1.8066476001224	10000	1.68674729462417	10000	1.0861886559729	10000	0.936782078726029	10000
rs21	A	C	14.0625	8.03125	0.35015577115416	10000	-1.28680429407653	10000	1.64870613278844	10000	-0.750858142960659	10000
rs22	A	C	17.4270833333333	9.71354166666667	1.18357557493542	10000	0.202692139155594	10000	2.63579256409586	10000	1.93138075027622	10000
rs23	A	C	1.59375	1.796875	2.12182495022624	10000	-2.17308833954931	10000	-0.599366017478229	10000	-0.927123583383494	10000
rs24	A	C	4.95833333333333	3.47916666666667	0.187264152441315	10000	0.403909268015267	10000	2.0433623682742	10000	-1.20273636155492	10000
rs25	A	C	8.32291666666667	5.16145833333333	-0.529763603941548	10000	-0.6424960362546	10000	-0.882739033533507	10000	-1.27348412821152	10000
rs26	A	C	11.6875	6.84375	-0.113954910679005	10000	-0.508213041122995	10000	0.0413649150198853	10000	-0.650151148969494	10000
rs27	A	C	15.0520833333333	8.52604166666667	-0.955908458723306	10000	0.559441568879982	10000	-1.11326537721918	10000	0.84162544384688	10000
rs28	A	C	18.4166666666667	10.2083333333333	1.71296255067948	10000	1.43411123704407	10000	0.991600679761648	10000	-1.34607109053867	10000
rs29	A	C	2.58333333333333	2.29166666666667	-0.226974278333944	10000	-0.60069779490428	10000	-0.249524442134261	10000	0.150675598960891	10000
rs30	A	C	5.94791666666667	3.97395833333333	-1.34056090727529	10000	0.684157929110361	10000	-0.749116730593779	10000	0.657614810361201	10000
rs31	A	C	9.3125	5.65625	-0.0351351788067026	10000	-0.651119469620391	10000	-0.193443695376879	10000	1.31171802563367	10000
rs32	A	C	12.6770833333333	7.33854166666667	-0.432303478524754	10000	2.45573787625131	10000	-1.93038066101804	10000	-0.843686121706241	10000
rs33	A	C	16.0416666666667	9.02083333333333	-3.25774586931291	10000	-3.33824305952066	10000	0.0505349864679709	10000	-0.555493625106011	10000
rs34	A	C	19.40625	10.703125	1.20680617859368	10000	-0.02627704243221	10000	-0.974584279752482	10000	1.348260612697	10000
rs35	A	C	3.57291666666667	2.78645833333333	-0.292748156115302	10000	0.49152819489249	10000	0.403444451108057	10000	-0.874529803599669	10000
rs36	A	C	6.9375	4.46875	2.33977401929384	10000	1.53286722128247	10000	0.924159405584878	10000	0.758332235937251	10000
rs37	A	C	10.3020833333333	6.15104166666667	0.886944938096968	10000	1.93078438691655	10000	-2.57540769476496	10000	0.894182779289289	10000
rs38	A	C	13.6666666666667	7.83333333333333	-0.976219469634409	10000	-1.31573307150277	10000	1.78311241747172	10000	1.06787770278453	10000
rs39	A	C	17.03125	9.515625	0.97858380972353	10000	-1.146181540914	10000	-0.404615447597332	10000	0.723846454455724	10000
rs40	A	C	1.19791666666667	1.59895833333333	-0.859168734832797	10000	0.743266650401895	10000	-1.94534676698546	10000	0.113556711980354	10000
rs41	A	C	4.5625	3.28125	0.630910907875482	10000	2.06767727585942	10000	-1.32349647332479	10000	0.103601748109965	10000
rs42	A	C	7.92708333333333	4.96354166666667	0.968967201491094	10000	1.35133147828289	10000	-1.11872776694676	10000	-1.12718792467249	10000
rs43	A	C	11.2916666666667	6.64583333333333	-1.46863675298999	10000	-0.695877225803396	10000	-0.173096499019399	10000	1.59199084216774	10000
rs44	A	C	14.65625	8.328125	-0.198743517494168	10000	0.827886285331549	10000	0.55065879983617	10000	1.43023814919588	10000
rs45	A	C	18.0208333333333	10.0104166666667	1.68439797179945	10000	1.40531814357871	10000	1.89382748517746	10000	-0.12577517517697	10000
rs46	A	C	2.1875	2.09375	1.39321975137106	10000	-1.3371174335668	10000	-0.399104950130093	10000	0.4690329005827	10000
rs47	A	C	5.55208333333333	3.77604166666667	-0.637855662180886	10000	0.627590452471496	10000	-0.308064353143025	10000	-1.02565054138664	10000
rs48	A	C	8.91666666666667	5.45833333333333	1.49431778289432	10000	2.88332819742359	10000	-0.108795577683468	10000	0.199654080622846	10000
rs49	A	C	12.28125	7.140625	-0.885548542881741	10000	-1.34419087997308	10000	-1.40365491691067	10000	-1.763853248608	10000
rs50	A	C	15.6458333333333	8.82291666666667	-1.08289584872924	10000	0.457995758685581	10000	0.426716736683193	10000	3.26458467038409	10000
rs51	A	C	19.0104166666667	10.5052083333333	-1.71883631427937	10000	0.87907152200254	10000	-0.0526296931839424	10000	-2.02682851230414	10000
rs52	A	C	3.17708333333333	2.58854166666667	0.795824212821432	10000	0.755418788909186	10000	0.217013138063888	10000	2.01944052385934	10000
rs53	A	C	6.54166666666667	4.27083333333333	0.452688987560285	10000	-1.15477674446917	10000	0.832452860472866	10000	-0.344389457206336	10000
rs54	A	C	9.90625	5.953125	1.74786258098713	10000	-1.09076317118214	10000	1.5115238193075	10000	4.23796553979872	10000
rs55	A	C	13.2708333333333	7.63541666666667	-1.02144343736205	10000	-0.620337297681218	10000	-0.756511068367201	10000	-2.86771262410894	10000
rs56	A	C	16.6354166666667	9.31770833333333	1.00105340633662	10000	1.34266501200473	10000	-0.730121810917263	10000	0.0513628091988621	10000
rs57	A	C	20	11	1.99894036583746	10000	0.696325847248563	10000	1.21055038759864	10000	1.92111370690581	10000
rs58	A	C	4.16666666666667	3.08333333333333	-1.51721055503438	10000	-0.326533673189752	10000	0.318256546283157	10000	1.08510160837297	10000
rs59	A	C	7.53125	4.765625	-0.404326172461801	10000	-1.46821251773925	10000	-0.521666797657135	10000	0.474651480526748	10000
rs60	A	C	10.8958333333333	6.44791666666667	0.328247876305965	10000	-1.36398804143863	10000	-2.2912914889438	10000	-0.0587799379865291	10000
rs61	A	C	14.2604166666667	8.13020833333333	-1.53205713702067	10000	-0.125297319108382	10000	-1.57550457799167	10000	-0.788719777596701	10000
rs62	A	C	17.625	9.8125	2.28318392291709	10000	-1.16759228525012	10000	-0.0307128192334246	10000	1.73943494003945	10000
rs63	A	C	1.79166666666667	1.89583333333333	2.7160011374308	10000	0.643689916519747	10000	-1.06855856095031	10000	0.263772984501188	10000
rs64	A	C	5.15625	3.578125	-0.406227456373474	10000	0.388152090984361	10000	-1.37052012653813	10000	0.0630119235152736	10000
rs65	A	C	8.52083333333333	5.26041666666667	1.99378321213077	10000	-1.31036005102936	10000	0.579642045870692	10000	1.47125186361976	10000
rs66	A	C	11.8854166666667	6.94270833333333	-0.043747770667743	10000	0.775060600990571	10000	0.0225346895740623	10000	-2.10760042141248	10000
rs67	A	C	15.25	8.625	-1.51398965081068	10000	0.201576179807058	10000	0.615911415622151	10000	0.17962583994523	10000
rs68	A	C	18.6145833333333	10.3072916666667	1.39915506734415	10000	-0.881406814267734	10000	-1.09100538687302	10000	-1.89096561502169	10000
rs69	A	C	2.78125	2.390625	1.44594566336452	10000	-0.783584879512331	10000	1.03477169047064	10000	0.485799079509618	10000
rs70	A	C	6.14583333333333	4.07291666666667	-0.907706025034045	10000	-0.342264961352414	10000	-0.103454258392121	10000	0.984557199263755	10000
rs71	A	C	9.51041666666667	5.75520833333333	-0.603028750353129	10000	-1.38309466833941	10000	0.921681245082324	10000	0.0612409482972946	10000
rs72	A	C	12.875	7.4375	0.37040564290991	10000	1.44758572717393	10000	0.415962335246361	10000	-0.961214288475017	10000
rs73	A	C	16.2395833333333	9.11979166666667	0.570313402633275	10000	0.557928501804549	10000	-1.44696620726446	10000	-0.520673899898354	10000
rs74	A	C	19.6041666666667	10.8020833333333	-0.0299458885154718	10000	1.6234015555395	10000	0.721633208871075	10000	2.21780292055027	10000
rs75	A	C	3.77083333333333	2.88541666666667	1.63000252106232	10000	1.86423901829154	10000	1.2567383943407	10000	1.47845966636584	10000
rs76	A	C	7.13541666666667	4.56770833333333	-0.611131641179866	10000	-1.5468527093723	10000	1.06761467951208	10000	-2.26639643425989	10000
rs77	A	C	10.5	6.25	-1.85253140974381	10000	-1.72924117042302	10000	-0.629352337221688	10000	-1.53957843598895	10000
rs78	A	C	13.8645833333333	7.93229166666667	-0.361912234467042	10000	0.721790775283107	10000	-0.887614265151394	10000	2.00711030631921	10000
rs79	A	C	17.2291666666667	9.61458333333333	-2.35451841653476	10000	-2.5275158702208	10000	0.332048400809893	10000	-1.49918737153203	10000
rs80	A	C	1.39583333333333	1.69791666666667	-0.613642167187398	10000	-0.744256389079796	10000	-0.88840196584382	10000	1.37827644309597	10000
rs81	A	C	4.76041666666667	3.38020833333333	0.385554854894859	10000	0.0609150781129962	10000	1.48619542951047	10000	1.3974619409262	10000
rs82	A	C	8.125	5.0625	-2.58880291338939	10000	-0.481467259345078	10000	0.506484034372086	10000	-0.315839503949869	10000
rs83	A	C	11.4895833333333	6.74479166666667	0.0190766954703734	10000	0.882921174075613	10000	-0.0283612644628965	10000	0.209788460275262	10000
rs84	A	C	14.8541666666667	8.42708333333333	-0.217549048753042	10000	-0.016020477567151	10000	-0.444601911053958	10000	0.0635572180002481	10000
rs85	A	C	18.21875	10.109375	-0.667324570591857	10000	0.547557814562962	10000	-2.10262166422913	10000	-1.50392328459468	10000
rs86	A	C	2.38541666666667	2.19270833333333	-0.497556467081136	10000	1.4363536533171	10000	1.20073535029005	10000	-0.247420595344752	10000
rs87	A	C	5.75	3.875	-0.741074948446105	10000	0.0976150617061022	10000	0.619782770779624	10000	1.71611234809515	10000
rs88	A	C	9.11458333333333	5.55729166666667	1.12312372861031	10000	2.03378838916858	10000	3.48734455342744	10000	1.72917163431143	10000
rs89	A	C	12.4791666666667	7.23958333333333	0.209576877979852	10000	-0.272690892607552	10000	0.0844546583643109	10000	0.762542764785797	10000
rs90	A	C	15.84375	8.921875	-0.833855786512688	10000	1.36413112964241	10000	-0.289082668093612	10000	0.562599065909375	10000
rs91	A	C	19.2083333333333	10.6041666666667	0.693761261574455	10000	0.679571502056582	10000	-1.11327837323955	10000	-2.14133384681129	10000
rs92	A	C	3.375	2.6875	-0.0716814482156303	10000	-1.25179269030054	10000	-0.667589236273741	10000	-1.87872225067943	10000
rs93	A	C	6.73958333333333	4.36979166666667	-0.0960056009409411	10000	0.946634489321538	10000	-0.618452493681852	10000	-1.35946309594073	10000
rs94	A	C	10.1041666666667	6.05208333333333	0.937896766267316	10000	1.43077692116111	10000	0.545523678359643	10000	1.24766707812787	10000
rs95	A	C	13.46875	7.734375	-1.07553977582881	10000	2.05295602027316	10000	0.460509744698428	10000	-0.693544826593568	10000
rs96	A	C	16.8333333333333	9.41666666666667	-0.936314492161913	10000	0.372494241361313	10000	0.227563076619689	10000	-1.66415409148922	10000
rs97	A	C	1	1.5	-1.20778626249209	10000	-0.317158953544142	10000	-2.39413361400602	10000	-2.85302683549521	10000
rs98	A	C	4.36458333333333	3.18229166666667	-0.455701398812	10000	0.884286022193733	10000	-0.656511573662037	10000	-1.33639403188936	10000
rs99	A	C	7.72916666666667	4.86458333333333	0.195203648598589	10000	2.68553173954882	10000	-1.95192517163873	10000	1.35310951276317	10000
rs100	A	C	11.09375	6.546875	-1.22750178830271	10000	-1.46134593333468	10000	-0.401410411100262	10000	-1.54423543119272	10000
rs101	A	C	14.4583333333333	8.22916666666667	-0.120076283768468	10000	-2.16230938967136	10000	-3.41190230258668	10000	-0.873761481431628	10000
rs102	A	C	17.8229166666667	9.91145833333333	1.28330225608626	10000	-1.0084364132079	10000	-1.10884458003751	10000	1.5035888878474	10000
rs103	A	C	1.98958333333333	1.99479166666667	0.051487967381213	10000	-0.657274972035382	10000	-0.763265143554483	10000	-0.174873828028327	10000
rs104	A	C	5.35416666666667	3.67708333333333	1.57775286294875	10000	-0.204315860659452	10000	0.142858635960035	10000	-0.403864935164544	10000
rs105	A	C	8.71875	5.359375	3.0723580673265	10000	2.17039749823849	10000	2.43761594431255	10000	2.58531447898465	10000
rs106	A	C	12.0833333333333	7.04166666666667	-0.207624056356918	10000	-0.482002294394577	10000	0.743624878961725	10000	1.0294794272611	10000
rs107	A	C	15.4479166666667	8.72395833333333	-1.24147969950816	10000	-0.37882895692986	10000	-0.448585928719119	10000	-0.376378208660108	10000
rs108	A	C	18.8125	10.40625	2.47492631774982	10000	1.49113915710018	10000	0.968683281842294	10000	1.41894692809686	10000
rs109	A	C	2.97916666666667	2.48958333333333	-1.38762928442746	10000	0.353557358265293	10000	-0.58566651196967	10000	-1.6309891510954	10000
rs110	A	C	6.34375	4.171875	-0.459322271459841	10000	-0.180784432678991	10000	-0.772316049175603	10000	-0.71819069400296	10000
rs111	A	C	9.70833333333333	5.85416666666667	-1.27762712835481	10000	-0.289945147010706	10000	2.71146290013362	10000	0.25347123782522	10000
rs112	A	C	13.0729166666667	7.53645833333333	0.358788954539403	10000	1.6036716167087	10000	0.128264536597327	10000	1.8049737632064	10000
rs113	A	C	16.4375	9.21875	1.93729623732444	10000	2.10952503651326	10000	0.403972603279232	10000	-0.0683160050754816	10000
rs114	A	C	19.8020833333333	10.9010416666667	2.04450900470314	10000	-2.98512208238307	10000	-2.26581549355839	10000	-1.06617064530573	10000
rs115	A	C	3.96875	2.984375	1.04376430928117	10000	-1.01489759670825	10000	0.0830928904865522	10000	1.66959508809835	10000
rs116	A	C	7.33333333333333	4.66666666666667	1.80393374862063	10000	1.21170926363145	10000	-0.20296722513315	10000	1.00106465089001	10000
rs117	A	C	10.6979166666667	6.34895833333333	-1.05844155145604	10000	-1.5263381726569	10000	-3.06586459474471	10000	2.60762412392312	10000
rs118	A	C	14.0625	8.03125	-0.131064395922121	10000	0.887864553868884	10000	-0.584853097620499	10000	0.534170198444707	10000
rs119	A	C	17.4270833333333	9.71354166666667	0.543108363224705	10000	2.47987315098531	10000	-0.80240633906227	10000	0.430962224815271	10000
rs120	A	C	1.59375	1.796875	0.753825105622987	10000	-0.386720872880738	10000	-0.650351501472546	10000	0.725172115547156	10000
rs121	A	C	4.95833333333333	3.47916666666667	-0.0659467570659469	10000	0.112464427269849	10000	-0.0347636401778228	10000	0.294208576344224	10000
rs122	A	C	8.32291666666667	5.16145833333333	0.795996609505832	10000	-0.163056567337116	10000	-0.355576319117841	10000	-0.504576403619738	10000
rs123	A	C	11.6875	6.84375	-0.880714583619002	10000	2.6207948883798	10000	2.5471186295134	10000	1.52319156250639	10000
rs124	A	C	15.0520833333333	8.52604166666667	1.77510316080896	10000	-0.711810501385969	10000	1.30609640336483	10000	0.165699610700839	10000
rs125	A	C	18.4166666666667	10.2083333333333	-0.160133998566939	10000	-2.40234733795486	10000	-0.451532841379383	10000	0.558533390070205	10000
rs126	A	C	2.58333333333333	2.29166666666667	-0.760636974478406	10000	1.16500442121352	10000	-0.451148452772247	10000	-1.27184968286193	10000
rs127	A	C	5.94791666666667	3.97395833333333	-0.198255782531893	10000	-0.23609555999685	10000	1.83670958377093	10000	0.604998598142878	10000
rs128	A	C	9.3125	5.65625	2.20720545082098	10000	1.30437798938232	10000	-0.197069312333527	10000	0.573765112969918	10000
rs129	A	C	12.6770833333333	7.33854166666667	-0.797989428337849	10000	-2.08650069985809	10000	-1.48195642605411	10000	-1.88351604061505	10000
rs130	A	C	16.0416666666667	9.02083333333333	0.197741048411538	10000	-1.45860272840862	10000	-0.803057881954449	10000	-1.62200689083018	10000
rs131	A	C	19.40625	10.703125	-0.0863778289562253	10000	-0.445764375767586	10000	1.0164653952682	10000	0.408639323681492	10000
rs132	A	C	3.57291666666667	2.78645833333333	0.0951264329202694	10000	-1.6237999503499	10000	0.0892602375747834	10000	1.85731571835453	10000
rs133	A	C	6.9375	4.46875	-0.588055888656388	10000	0.0691211226092222	10000	-1.22721696004393	10000	-1.63360806550899	10000
rs134	A	C	10.3020833333333	6.15104166666667	0.733418453838394	10000	1.34522322507053	10000	1.44547817452729	10000	-0.456042930446845	10000
rs135	A	C	13.6666666666667	7.83333333333333	-0.195368240601272	10000	1.94705060078547	10000	0.124366781914418	10000	0.86091737073236	10000
rs136	A	C	17.03125	9.515625	1.34766329350661	10000	0.19047330876037	10000	0.312080292881906	10000	0.17295000445704	10000
rs137	A	C	1.19791666666667	1.59895833333333	-0.601835656902662	10000	-0.957282149039239	10000	-0.793713219983562	10000	0.883697276694271	10000
rs138	A	C	4.5625	3.28125	-1.56876881274789	10000	0.221102859646238	10000	-0.0211028094063971	10000	1.58725239109734	10000
rs139	A	C	7.92708333333333	4.96354166666667	-1.75539811987465	10000	-1.14270763416263	10000	-1.1536998626102	10000	-0.388639030270439	10000
rs140	A	C	11.2916666666667	6.64583333333333	1.27400299942088	10000	0.367962528540717	10000	1.11197642420701	10000	-0.143023965811543	10000
rs141	A	C	14.65625	8.328125	0.731087627485075	10000	0.937292210228331	10000	-0.413738784756131	10000	-0.0512224988901308	10000
rs142	A	C	18.0208333333333	10.0104166666667	2.08912074536207	10000	1.23824758745291	10000	1.18424980629878	10000	4.38770455909362	10000
rs143	A	C	2.1875	2.09375	0.281607233149777	10000	0.247176252873369	10000	-0.528295413556891	10000	-1.09107953178718	10000
rs144	A	C	5.55208333333333	3.77604166666667	-0.480770904065235	10000	1.40902659626804	10000	1.09676040583887	10000	0.638973152825807	10000
rs145	A	C	8.91666666666667	5.45833333333333	-0.407809323887346	10000	0.712852585122444	10000	-0.562528694927457	10000	-1.58340703201739	10000
rs146	A	C	12.28125	7.140625	-0.640728692853681	10000	-0.208869066892232	10000	-0.975469811878046	10000	0.583676271223659	10000
rs147	A	C	15.6458333333333	8.82291666666667	0.794025429681419	10000	-0.244923127922298	10000	-1.78244953640917	10000	0.529009792769898	10000
rs148	A	C	19.0104166666667	10.5052083333333	0.954282473511322	10000	0.527454708003805	10000	3.33745733307144	10000	3.43519973659271	10000
rs149	A	C	3.17708333333333	2.58854166666667	-0.210769049149904	10000	-0.215361271343543	10000	0.279739086644256	10000	0.656437147482415	10000
rs150	A	C	6.54166666666667	4.27083333333333	0.254867593716599	10000	1.98633764215003	10000	0.477384515755592	10000	0.597725799612095	10000
rs151	A	C	9.90625	5.953125	0.75586711449683	10000	-0.0962773387268417	10000	0.763014611406671	10000	-0.374864787250966	10000
rs152	A	C	13.2708333333333	7.63541666666667	-1.25047087829546	10000	-1.3813228628272	10000	1.19627403077425	10000	-1.20006514651185	10000
rs153	A	C	16.6354166666667	9.31770833333333	1.61662266936718	10000	-0.216206602508953	10000	0.892846158979274	10000	-0.54633794373549	10000
rs154	A	C	20	11	-0.727049906954824	10000	-3.42326765984202	10000	-0.233511375873306	10000	-0.947430546134412	10000
rs155	A	C	4.16666666666667	3.08333333333333	-0.903111440468029	10000	-0.425651640061002	10000	0.817828977876696	10000	0.73028544137834	10000
rs156	A	C	7.53125	4.765625	0.733843614030094	10000	0.702114690752055	10000	1.23541400522754	10000	1.0343313641694	10000
rs157	A	C	10.8958333333333	6.44791666666667	-1.15606813893527	10000	-0.477015627596443	10000	-0.708979194011649	10000	0.32379126216402	10000
rs158	A	C	14.2604166666667	8.13020833333333	0.267948846880075	10000	1.82178725539637	10000	-1.53082631319972	10000	0.194431405543056	10000
rs159	A	C	17.625	9.8125	-0.163255487989355	10000	1.52206488584896	10000	0.22663075569144	10000	0.579083314701689	10000
rs160	A	C	1.79166666666667	1.89583333333333	0.526453875832627	10000	-0.151439014305946	10000	-0.308112256979833	10000	-0.970449239300394	10000
rs161	A	C	5.15625	3.578125	-0.517434717256929	10000	0.703150082659935	10000	-1.13537664090819	10000	-2.05632347162998	10000
rs162	A	C	8.52083333333333	5.26041666666667	-1.56529246858607	10000	-0.645893104272804	10000	-0.804293569056392	10000	-1.54373188326446	10000
rs163	A	C	11.8854166666667	6.94270833333333	1.53530441121982	10000	-1.44984510644925	10000	-0.129962201798302	10000	1.94807069600808	10000
rs164	A	C	15.25	8.625	-2.57403553239769	10000	-0.505641654336962	10000	-0.00217945894189575	10000	0.838716984499099	10000
rs165	A	C	18.6145833333333	10.3072916666667	2.25168081360748	10000	-0.434872102427502	10000	0.45092338065929	10000	1.46039557892745	10000
rs166	A	C	2.78125	2.390625	-0.522884068379297	10000	0.196481598077004	10000	0.0288218059230229	10000	-0.437668413687617	10000
rs167	A	C	6.14583333333333	4.07291666666667	0.660689824230442	10000	1.64241192147235	10000	1.36341711559907	10000	0.637456257398384	10000
rs168	A	C	9.51041666666667	5.75520833333333	0.576985859074868	10000	-0.578096407876722	10000	-0.662170052272847	10000	-0.0271144255401331	10000
rs169	A	C	12.875	7.4375	-1.35926627878209	10000	-0.144606027524968	10000	-1.64232236880476	10000	1.24291621178324	10000
rs170	A	C	16.2395833333333	9.11979166666667	-0.656141609900968	10000	0.0531086677989839	10000	0.93459658440806	10000	1.26758009153264	10000
rs171	A	C	19.6041666666667	10.8020833333333	3.18344898915379	10000	1.81461568472301	10000	3.06566287433132	10000	1.93111794648841	10000
rs172	A	C	3.77083333333333	2.88541666666667	0.385904830495286	10000	0.923534783489342	10000	-0.821477980900924	10000	-0.145416810120991	10000
rs173	A	C	7.13541666666667	4.56770833333333	-1.29397444666075	10000	-1.30812157147482	10000	0.516381504246339	10000	0.583998094381909	10000
rs174	A	C	10.5	6.25	-1.9518209175154	10000	-2.35733635792962	10000	-2.23554825874701	10000	-2.23574113720855	10000
rs175	A	C	13.8645833333333	7.93229166666667	-1.27840991512899	10000	0.991947227275599	10000	-1.88570548818047	10000	-2.6789272913864	10000
rs176	A	C	17.2291666666667	9.61458333333333	0.493090228105459	10000	2.65686659321176	10000	2.61206868094764	10000	-0.215193074060289	10000
rs177	A	C	1.39583333333333	1.69791666666667	-1.18121321003125	10000	1.74811636154508	10000	-1.38351290952017	10000	0.159707965769635	10000
rs178	A	C	4.76041666666667	3.38020833333333	-0.93300693895033	10000	-1.35890018051008	10000	-0.455842754103406	10000	-2.62661734769367	10000
rs179	A	C	8.125	5.0625	-0.471283934618673	10000	-2.18548797728962	10000	-0.430118158201	10000	-2.04437484402622	10000
rs180	A	C	11.4895833333333	6.74479166666667	0.804153763497273	10000	-0.348428497167569	10000	1.04008340539233	10000	0.0685233968190696	10000
rs181	A	C	14.8541666666667	8.42708333333333	-2.3516237740795	10000	-3.58943875558445	10000	-0.343044054863243	10000	-0.402430026093335	10000
rs182	A	C	18.21875	10.109375	-0.216644365564829	10000	-1.13580175117539	10000	-0.759332240701024	10000	-0.525513217059082	10000
rs183	A	C	2.38541666666667	2.19270833333333	0.149004734511605	10000	0.602842947405314	10000	-2.56149521008781	10000	-0.462985763550468	10000
rs184	A	C	5.75	3.875	-1.22273070123984	10000	0.000690091391649078	10000	1.23916469239429	10000	1.07542592769052	10000
rs185	A	C	9.11458333333333	5.55729166666667	1.32638477739769	10000	-0.638514874377879	10000	-1.53914516218259	10000	2.20990452905346	10000
rs186	A	C	12.4791666666667	7.23958333333333	1.28183153792415	10000	2.43150224624371	10000	0.0665513263872159	10000	0.0451166202880646	10000
rs187	A	C	15.84375	8.921875	-0.389291403562565	10000	-1.61382610591779	10000	-0.249117701426538	10000	-2.49500355514501	10000
rs188	A	C	19.2083333333333	10.6041666666667	1.48646279254944	10000	-0.238281000637045	10000	-1.41720139609661	10000	0.244577731311239	10000
rs189	A	C	3.375	2.6875	-0.801440338714905	10000	0.429281098253719	10000	-0.0992445995719888	10000	-0.473872224454319	10000
rs190	A	C	6.73958333333333	4.36979166666667	-1.31472094156998	10000	1.73112560858526	10000	1.57643919262146	10000	0.498839102654759	10000
rs191	A	C	10.1041666666667	6.05208333333333	0.0198389671379664	10000	0.126387921983122	10000	-0.628126707087061	10000	-0.00502280609647929	10000
rs192	A	C	13.46875	7.734375	0.523669607219686	10000	-0.365727178003983	10000	-2.14547659160527	10000	0.876112283402729	10000
rs193	A	C	16.8333333333333	9.41666666666667	3.04273095493033	10000	0.634278333531586	10000	0.605270552166289	10000	1.67917360203011	10000
rs194	A	C	1	1.5	1.08430448526871	10000	-1.14819995533485	10000	0.405977122530986	10000	0.312853733171363	10000
rs195	A	C	4.36458333333333	3.18229166666667	-0.764948807442462	10000	-0.233362707852912	10000	1.57588477502783	10000	0.435271634953594	10000
rs196	A	C	7.72916666666667	4.86458333333333	0.0827496396692139	10000	0.343256262829866	10000	0.553039229137649	10000	1.03220723682284	10000
rs197	A	C	11.09375	6.546875	1.0507860908254	10000	2.19740201323672	10000	0.67429285546384	10000	0.815400397418172	10000
rs198	A	C	14.4583333333333	8.22916666666667	1.31278227239095	10000	-0.359576680318895	10000	-0.291170631022228	10000	-1.50500957669099	10000
rs199	A	C	17.8229166666667	9.91145833333333	-0.902075977804913	10000	1.43740008103046	10000	1.60457657872184	10000	1.3578247793446	10000
rs200	A	C	1.98958333333333	1.99479166666667	2.19867597345285	10000	0.38537347866721	10000	-0.459960527706339	10000	0.242622101743252	10000
rs201	A	C	5.35416666666667	3.67708333333333	1.34400004341785	10000	0.149841293066824	10000	1.62672321268293	10000	0.526100941141814	10000
rs202	A	C	8.71875	5.359375	-0.636718060085505	10000	-1.13321886153232	10000	-1.34448967028851	10000	-0.539283517682344	10000
rs203	A	C	12.0833333333333	7.04166666666667	0.514981253893379	10000	0.0486486280876589	10000	1.11134008975901	10000	1.44124735524984	10000
rs204	A	C	15.4479166666667	8.72395833333333	-0.845121670920935	10000	-0.634573639584532	10000	0.0345889922156177	10000	0.49815929080961	10000
rs205	A	C	18.8125	10.40625	-0.745880190507811	10000	0.393538990893156	10000	-0.450699973707801	10000	2.10647549438775	10000
rs206	A	C	2.97916666666667	2.48958333333333	0.133069090478413	10000	2.09828239532872	10000	-1.00251591683584	10000	0.81666356300816	10000
rs207	A	C	6.34375	4.171875	1.8990443810319	10000	0.761607008927459	10000	1.59206413615293	10000	0.0018304267551329	10000
rs208	A	C	9.70833333333333	5.85416666666667	0.905694076603541	10000	0.100207835296099	10000	0.284036333988979	10000	0.822549310567867	10000
rs209	A	C	13.0729166666667	7.53645833333333	-1.19228473631373	10000	0.585366466495674	10000	0.270989964662201	10000	0.116179040741793	10000
rs210	A	C	16.4375	9.21875	-1.4516738835023	10000	-3.8828252608728	10000	-1.86327804989067	10000	-1.56917109298264	10000
rs211	A	C	19.8020833333333	10.9010416666667	-0.313399565977234	10000	-0.637566156975856	10000	0.42188992613686	10000	0.357332521008656	10000
rs212	A	C	3.96875	2.984375	-1.37832730353787	10000	-1.90900387138278	10000	-0.225779835474959	10000	-1.59697298105787	10000
rs213	A	C	7.33333333333333	4.66666666666667	-1.10609339193383	10000	-0.452637264153991	10000	-0.160638185421315	10000	-0.546614573676035	10000
rs214	A	C	10.6979166666667	6.34895833333333	0.449547806248121	10000	1.08741020239714	10000	3.26215061781048	10000	2.25278944581217	10000
rs215	A	C	14.0625	8.03125	1.904618125385	10000	-0.0711814815535288	10000	-0.876370636951975	10000	1.14521307120035	10000
rs216	A	C	17.4270833333333	9.71354166666667	0.333863819810073	10000	0.32401604032088	10000	-0.272806275103204	10000	-0.885862017521589	10000
rs217	A	C	1.59375	1.796875	0.334750353531628	10000	1.96729918203301	10000	-0.191992440975365	10000	0.180503062166566	10000
rs218	A	C	4.95833333333333	3.47916666666667	0.621967435920432	10000	0.521760292070108	10000	-0.988016584814351	10000	-0.93373138105403	10000
rs219	A	C	8.32291666666667	5.16145833333333	0.387386463381736	10000	2.21967373230499	10000	-0.491705502973312	10000	0.0218305271384868	10000
rs220	A	C	11.6875	6.84375	0.35724483046348	10000	-1.62559342557858	10000	0.886208985035099	10000	0.617765810312709	10000
rs221	A	C	15.0520833333333	8.52604166666667	1.07423735200752	10000	2.04737342560002	10000	0.786611119790265	10000	1.91212657272415	10000
rs222	A	C	18.4166666666667	10.2083333333333	-0.574494625392127	10000	1.74432853909886	10000	0.0452874288599321	10000	0.948699251723826	10000
rs223	A	C	2.58333333333333	2.29166666666667	-0.34241138220792	10000	0.371551414209024	10000	-1.40450083704896	10000	-0.388766840946944	10000
rs224	A	C	5.94791666666667	3.97395833333333	0.0870002707579924	10000	1.67661383848801	10000	1.12980498194066	10000	1.60642796682808	10000
rs225	A	C	9.3125	5.65625	0.620954938585692	10000	-2.31839649519705	10000	-1.44093031597236	10000	-0.00904935889061609	10000
rs226	A	C	12.6770833333333	7.33854166666667	1.48153450637344	10000	1.44920060329421	10000	1.37320924534526	10000	0.428029284927718	10000
rs227	A	C	16.0416666666667	9.02083333333333	-2.39615426412565	10000	-2.40905837504949	10000	-1.62740990027727	10000	-1.83411743637454	10000
rs228	A	C	19.40625	10.703125	-1.88783854974721	10000	-1.7723143674464	10000	-2.74133413359916	10000	0.962142923946257	10000
rs229	A	C	3.57291666666667	2.78645833333333	1.25625578243719	10000	0.381048281558449	10000	1.03307337813433	10000	2.16936069948693	10000
rs230	A	C	6.9375	4.46875	0.812561250805838	10000	-0.269111268244131	10000	-0.827177137835283	10000	0.0395096390920169	10000
rs231	A	C	10.3020833333333	6.15104166666667	1.11333847240963	10000	-1.92112810686572	10000	1.39373377896902	10000	1.29964476631797	10000
rs232	A	C	13.6666666666667	7.83333333333333	1.19761412986199	10000	0.497260840671113	10000	1.58751044214864	10000	1.09477957400687	10000
rs233	A	C	17.03125	9.515625	0.827499414505862	10000	2.73724862320913	10000	-1.82351371155909	10000	1.9561845584277	10000
rs234	A	C	1.19791666666667	1.59895833333333	-1.56732881526977	10000	-0.0779956142513545	10000	0.0529859398758454	10000	0.461778662309525	10000
rs235	A	C	4.5625	3.28125	0.677223054819782	10000	0.977599223696209	10000	0.853571367020915	10000	-1.28867332607565	10000
rs236	A	C	7.92708333333333	4.96354166666667	-0.158430647628912	10000	-0.738223835789194	10000	-0.320502999025395	10000	-0.0517848673386928	10000
rs237	A	C	11.2916666666667	6.64583333333333	-2.31949671473489	10000	-1.11188826483019	10000	-0.844607500946124	10000	-0.88660947379028	10000
rs238	A	C	14.65625	8.328125	0.289588168705959	10000	-0.754810144009061	10000	0.954623103684015	10000	-0.469485591092061	10000
rs239	A	C	18.0208333333333	10.0104166666667	-0.291384139717633	10000	-0.182089056915888	10000	0.00931138633108583	10000	-1.20721322150247	10000
rs240	A	C	2.1875	2.09375	0.741911907979019	10000	1.37060258537345	10000	0.586466690721388	10000	-0.623554175120834	10000
rs241	A	C	5.55208333333333	3.77604166666667	-0.422938107137076	10000	0.104566720417695	10000	2.27058653426358	10000	0.231341936452499	10000
rs242	A	C	8.91666666666667	5.45833333333333	-2.2605453749253	10000	-0.841895289057008	10000	-1.28208868380756	10000	-0.359670850485797	10000
rs243	A	C	12.28125	7.140625	0.922187374987524	10000	1.68140317026664	10000	1.68754616114648	10000	2.12439882645089	10000
rs244	A	C	15.6458333333333	8.82291666666667	-1.22726425749105	10000	-0.431779691479212	10000	-0.267347828552869	10000	0.153013494497519	10000
rs245	A	C	19.0104166666667	10.5052083333333	0.394455335628472	10000	-0.0887813783813028	10000	1.61228135037339	10000	1.55787796216942	10000
rs246	A	C	3.17708333333333	2.58854166666667	-0.0263751358984036	10000	0.205872202761136	10000	1.65932059206338	10000	-1.14958116968541	10000
rs247	A	C	6.54166666666667	4.27083333333333	-2.3693064270961	10000	-1.14343660045712	10000	-2.85426404258141	10000	-2.05421473883166	10000
rs248	A	C	9.90625	5.953125	-0.532729340236295	10000	0.419116162284858	10000	0.551846309851215	10000	-0.853560994220647	10000
rs249	A	C	13.2708333333333	7.63541666666667	1.03821780355092	10000	-0.613161903791127	10000	0.800240085338567	10000	0.733618328185118	10000
rs250	A	C	16.6354166666667	9.31770833333333	-0.244783487629321	10000	0.833934628745019	10000	0.970721803182109	10000	0.651835732207772	10000
rs251	A	C	20	11	-0.267990446119783	10000	-0.2501228825007	10000	-0.122858588554683	10000	-0.314868241454788	10000
rs252	A	C	4.16666666666667	3.08333333333333	1.44896044727912	10000	1.40724408042957	10000	0.560933255649031	10000	0.871329457542166	10000
rs253	A	C	7.53125	4.765625	-1.60193338934515	10000	1.38369846647738	10000	0.910463838356202	10000	-1.48760849276828	10000
rs254	A	C	10.8958333333333	6.44791666666667	-2.17974171076577	10000	0.519457888341736	10000	-0.0835350117721918	10000	2.1964584612233	10000
rs255	A	C	14.2604166666667	8.13020833333333	1.05567715839029	10000	1.5049679226163	10000	2.27537262585299	10000	0.579444300445785	10000
rs256	A	C	17.625	9.8125	-1.99907135241925	10000	-2.06995582451025	10000	-0.403974615932301	10000	-1.49194338878201	10000
rs257	A	C	1.79166666666667	1.89583333333333	0.519873994432592	10000	-1.49631207961554	10000	-0.819417885242542	10000	-0.897799575460806	10000
rs258	A	C	5.15625	3.578125	-0.022481767656961	10000	0.566428294206918	10000	-0.273564996134271	10000	-0.378900507730987	10000
rs259	A	C	8.52083333333333	5.26041666666667	0.617194381299694	10000	0.638099854809689	10000	-0.347988621503651	10000	-0.358637589938601	10000
rs260	A	C	11.8854166666667	6.94270833333333	-0.971697517161897	10000	-0.668156305717186	10000	0.37397704205813	10000	-0.0568019485903903	10000
rs261	A	C	15.25	8.625	-1.78984068635185	10000	0.335861268141347	10000	-0.559275381655517	10000	-1.35677690022703	10000
rs262	A	C	18.6145833333333	10.3072916666667	1.13307086160899	10000	0.799823870457514	10000	3.11796606075868	10000	4.60388936195869	10000
rs263	A	C	2.78125	2.390625	-0.144032272563207	10000	0.66664377132888	10000	-0.729360917276867	10000	0.843638614785628	10000
rs264	A	C	6.14583333333333	4.07291666666667	0.132215527881671	10000	-0.360352695627148	10000	-0.455477137516435	10000	-0.875404855102696	10000
rs265	A	C	9.51041666666667	5.75520833333333	0.229061896745211	10000	-0.968484292167671	10000	2.08511431750383	10000	0.913790870464822	10000
rs266	A	C	12.875	7.4375	-0.174645282610582	10000	0.0870980266449286	10000	1.02738899223842	10000	-2.38979072343202	10000
rs267	A	C	16.2395833333333	9.11979166666667	0.582312223399249	10000	0.629767665450112	10000	-0.0265852947517349	10000	-0.195949292991788	10000
rs268	A	C	19.6041666666667	10.8020833333333	0.731366477557413	10000	-3.40037019847775	10000	-3.88239527297709	10000	-2.47543099874005	10000
rs269	A	C	3.77083333333333	2.88541666666667	-0.685432662366404	10000	-1.69682778821177	10000	-0.719040026406085	10000	-0.6869135697438	10000
rs270	A	C	7.13541666666667	4.56770833333333	-0.71453751338195	10000	1.98000144062178	10000	1.42168226538314	10000	0.141917326568891	10000
rs271	A	C	10.5	6.25	0.346508559842751	10000	-0.908799982809679	10000	1.49393348170649	10000	0.73850113167059	10000
rs272	A	C	13.8645833333333	7.93229166666667	1.02695588556577	10000	1.53798505312436	10000	1.79701513588414	10000	0.943628775442465	10000
rs273	A	C	17.2291666666667	9.61458333333333	-0.380633901454678	10000	1.91931142134888	10000	-2.93578980150144	10000	-1.45171380986842	10000
rs274	A	C	1.39583333333333	1.69791666666667	-0.0255757159075297	10000	0.826523203134638	10000	0.415705219088354	10000	1.41125153644054	10000
rs275	A	C	4.76041666666667	3.38020833333333	1.37044508172105	10000	0.54682545131122	10000	-1.20528228054749	10000	-1.60337518477833	10000
rs276	A	C	8.125	5.0625	0.867396523152987	10000	0.589710960033019	10000	0.28517255407037	10000	-0.405885497608354	10000
rs277	A	C	11.4895833333333	6.74479166666667	-0.902263372479267	10000	-1.28447187930947	10000	-0.360104769091961	10000	-0.376596683623924	10000
rs278	A	C	14.8541666666667	8.42708333333333	-1.08245702180167	10000	-0.41742004921629	10000	2.0247859156884	10000	1.94643898150259	10000
rs279	A	C	18.21875	10.109375	-2.21188451370589	10000	1.98486773730779	10000	0.807140719386395	10000	0.969508677979221	10000
rs280	A	C	2.38541666666667	2.19270833333333	-1.80800990350529	10000	-1.70456899653323	10000	-0.485237955046683	10000	-2.91399373970134	10000
rs281	A	C	5.75	3.875	-0.929451153208043	10000	-0.864184284475609	10000	-0.0577017852646224	10000	-1.22074875551761	10000
rs282	A	C	9.11458333333333	5.55729166666667	0.419833002066788	10000	-1.11666704590178	10000	-0.382740961430951	10000	1.29940275474365	10000
rs283	A	C	12.4791666666667	7.23958333333333	-0.998856625878686	10000	1.51229012902846	10000	0.0874179007066208	10000	0.752879445977922	10000
rs284	A	C	15.84375	8.921875	0.0469719520136621	10000	-0.000401980096811354	10000	-0.244584974132831	10000	-1.21462902982226	10000
rs285	A	C	19.2083333333333	10.6041666666667	0.957717118219188	10000	-1.22405016859217	10000	-0.645281037307917	10000	-0.935547091708542	10000
rs286	A	C	3.375	2.6875	1.49841566340001	10000	0.59049469680754	10000	-1.89062202378089	10000	0.566703336827019	10000
rs287	A	C	6.73958333333333	4.36979166666667	0.616937537163555	10000	0.886111310636754	10000	0.162569575623192	10000	0.0676986813621414	10000
rs288	A	C	10.1041666666667	6.05208333333333	1.1678292036609	10000	0.759659032124283	10000	-1.07721497705073	10000	0.551113387577565	10000
rs289	A	C	13.46875	7.734375	-3.16513641948835	10000	-2.88173147932043	10000	-1.94666371400238	10000	-0.0609490586027504	10000
rs290	A	C	16.8333333333333	9.41666666666667	0.781477723660049	10000	-0.989062311254154	10000	-0.584697590843165	10000	0.874954270396516	10000
rs291	A	C	1	1.5	-0.117221503414118	10000	1.03683431779969	10000	-0.599262845019357	10000	-0.252428534004824	10000
rs292	A	C	4.36458333333333	3.18229166666667	0.23027692110622	10000	-0.427116275660055	10000	-0.389725466022166	10000	-0.144843583683305	10000
rs293	A	C	7.72916666666667	4.86458333333333	-1.00811179623294	10000	1.52989432087023	10000	0.731536281764751	10000	0.718333833668282	10000
rs294	A	C	11.09375	6.546875	-0.737102326397524	10000	0.108858490839365	10000	-1.57279149157437	10000	0.981910604770879	10000
rs295	A	C	14.4583333333333	8.22916666666667	0.610877433174833	10000	-0.535912754950951	10000	-1.6570622294653	10000	-0.62958355054712	10000
rs296	A	C	17.8229166666667	9.91145833333333	0.72157086418968	10000	2.42885510832429	10000	0.0659461952872402	10000	1.91913305534567	10000
rs297	A	C	1.98958333333333	1.99479166666667	-1.61163531783281	10000	3.23278182390746	10000	0.980956817024583	10000	-1.27095141249179	10000
rs298	A	C	5.35416666666667	3.67708333333333	0.362351823892804	10000	-2.41876372769564	10000	0.0256979462966311	10000	-1.3004139601513	10000
rs299	A	C	8.71875	5.359375	0.605980255474218	10000	-0.371528391662112	10000	0.666578822500187	10000	-0.211172723056882	10000
rs300	A	C	12.0833333333333	7.04166666666667	1.78082924991491	10000	1.26861941527615	10000	0.911708442567712	10000	2.62902748493537	10000
rs301	A	C	15.4479166666667	8.72395833333333	-1.11362047185854	10000	0.167629637296176	10000	0.912209930030655	10000	1.32538340927499	10000
rs302	A	C	18.8125	10.40625	-0.285717211970631	10000	-0.942778983099179	10000	-3.37529257890634	10000	0.196497765353256	10000
rs303	A	C	2.97916666666667	2.48958333333333	-1.0634241633779	10000	1.10466132404573	10000	-0.790740476070344	10000	1.63644151137824	10000
rs304	A	C	6.34375	4.171875	0.0720895370048717	10000	0.837461781637323	10000	0.643503376284629	10000	-1.11213502154016	10000
rs305	A	C	9.70833333333333	5.85416666666667	-1.13345734263249	10000	0.60459378137567	10000	-1.09850834966383	10000	-1.41965921305433	10000
rs306	A	C	13.0729166666667	7.53645833333333	0.0240144742049799	10000	0.562316687533389	10000	1.10085499116637	10000	2.11394599113396	10000
rs307	A	C	16.4375	9.21875	0.788616608122757	10000	-0.145064797165699	10000	-0.764445833270889	10000	0.113644895156891	10000
rs308	A	C	19.8020833333333	10.9010416666667	-0.893555084329463	10000	-1.6728640385009	10000	0.750093559533716	10000	-3.10873275966335	10000
rs309	A	C	3.96875	2.984375	-0.16077680958563	10000	0.582926382783961	10000	-0.916234880870607	10000	-0.715953992557012	10000
rs310	A	C	7.33333333333333	4.66666666666667	2.21910397722085	10000	-1.48988146996695	10000	-1.25813309992406	10000	-1.27711316029	10000
rs311	A	C	10.6979166666667	6.34895833333333	-2.4470083544155	10000	0.523253982952907	10000	1.64442771592534	10000	1.05073179648849	10000
rs312	A	C	14.0625	8.03125	-0.365263178392084	10000	1.22076760980495	10000	-2.14572887080101	10000	1.21983198776702	10000
rs313	A	C	17.4270833333333	9.71354166666667	0.526523491688006	10000	-0.995182699155189	10000	-0.424279047665334	10000	-4.18924923480424	10000
rs314	A	C	1.59375	1.796875	-0.53010011390716	10000	-0.475143530326388	10000	-1.59689879121716	10000	-0.782916651927561	10000
rs315	A	C	4.95833333333333	3.47916666666667	-0.0524982124370726	10000	-0.289375221474132	10000	-0.0243515550795728	10000	1.59192723326039	10000
rs316	A	C	8.32291666666667	5.16145833333333	0.797661022254823	10000	0.246374823415042	10000	0.483161317897574	10000	0.0910749165766674	10000
rs317	A	C	11.6875	6.84375	0.641693437868932	10000	0.974532114113423	10000	1.37902009857122	10000	0.447796728042311	10000
rs318	A	C	15.0520833333333	8.52604166666667	0.423154832749728	10000	1.79710596268758	10000	0.0804536944303874	10000	-2.19712790757129	10000
rs319	A	C	18.4166666666667	10.2083333333333	1.69156197581605	10000	0.148238320363275	10000	1.04724852958295	10000	-1.18142499418016	10000
rs320	A	C	2.58333333333333	2.29166666666667	1.51774821944981	10000	1.10571308781465	10000	-2.68604918703438	10000	-0.457038743038921	10000
rs321	A	C	5.94791666666667	3.97395833333333	0.363917655214826	10000	0.232618032629952	10000	-0.799540763710161	10000	0.56309070563667	10000
rs322	A	C	9.3125	5.65625	-0.740191342457591	10000	-1.97917392881845	10000	0.0743544998776042	10000	0.106324911932506	10000
rs323	A	C	12.6770833333333	7.33854166666667	1.27440664919313	10000	-1.21302517762794	10000	-2.42599452001871	10000	0.697678728792834	10000
rs324	A	C	16.0416666666667	9.02083333333333	-1.27241092033113	10000	0.946953462431267	10000	0.79025454671051	10000	-0.601699441834688	10000
rs325	A	C	19.40625	10.703125	1.34333873384122	10000	1.27195854830645	10000	-1.20946674811835	10000	0.476425905349676	10000
rs326	A	C	3.57291666666667	2.78645833333333	-1.28407043864749	10000	-1.76711586198032	10000	0.418930721245498	10000	-0.337836567717419	10000
rs327	A	C	6.9375	4.46875	1.44557524866157	10000	0.670588791218684	10000	-0.347261619156699	10000	0.906029329120071	10000
rs328	A	C	10.3020833333333	6.15104166666667	-1.02842255841553	10000	-1.70542245048198	10000	-0.13505371312769	10000	-0.66960292649463	10000
rs329	A	C	13.6666666666667	7.83333333333333	0.266564194240667	10000	1.78982859917231	10000	-1.08627555726152	10000	0.862174363233475	10000
rs330	A	C	17.03125	9.515625	-0.973884369591431	10000	0.747785496033692	10000	0.59945513516979	10000	-1.11928117368538	10000
rs331	A	C	1.19791666666667	1.59895833333333	1.76367789688173	10000	0.385024544564279	10000	0.387241666400816	10000	2.25980036500623	10000
rs332	A	C	4.5625	3.28125	0.0788405460332205	10000	-1.37933778962538	10000	0.0489176274875054	10000	0.17713664434358	10000
rs333	A	C	7.92708333333333	4.96354166666667	-0.0476374967749437	10000	-0.826432194789963	10000	-2.12655268159131	10000	-1.4180571595897	10000
rs334	A	C	11.2916666666667	6.64583333333333	-0.648263824971937	10000	0.114956401422726	10000	0.228001333220353	10000	-1.39355355992955	10000
rs335	A	C	14.65625	8.328125	1.06089396868997	10000	0.116445566645537	10000	1.02054892044339	10000	1.26090541536439	10000
rs336	A	C	18.0208333333333	10.0104166666667	-0.993461813623576	10000	-1.0035141196371	10000	-0.497900177270394	10000	-0.540253156753283	10000
rs337	A	C	2.1875	2.09375	-0.00477334200742218	10000	0.542950632509538	10000	1.84581113691448	10000	-0.985704877236075	10000
rs338	A	C	5.55208333333333	3.77604166666667	-0.0971124751241475	10000	-1.55370024709572	10000	-0.00183510863954534	10000	0.604378894905223	10000
rs339	A	C	8.91666666666667	5.45833333333333	0.158558674748832	10000	-0.151131018179401	10000	0.823961167651609	10000	-0.413822220835343	10000
rs340	A	C	12.28125	7.140625	0.168690638570163	10000	0.291589424778642	10000	-1.46046807625225	10000	0.146857073669173	10000
rs341	A	C	15.6458333333333	8.82291666666667	0.00179571236497093	10000	0.796748226320906	10000	2.40598451801753	10000	0.547358969460485	10000
rs342	A	C	19.0104166666667	10.5052083333333	-0.667558695664395	10000	-0.563904248280123	10000	-0.337028565354612	10000	-2.97060998079287	10000
rs343	A	C	3.17708333333333	2.58854166666667	1.60850336161718	10000	2.03475015214762	10000	-1.32169535433513	10000	0.698534596317797	10000
rs344	A	C	6.54166666666667	4.27083333333333	0.073859420146056	10000	0.160818193188579	10000	-0.605688851827918	10000	0.948750219928197	10000
rs345	A	C	9.90625	5.953125	-0.535158128490217	10000	1.60368347055349	10000	0.622659484864646	10000	1.42469786342487	10000
rs346	A	C	13.2708333333333	7.63541666666667	1.06568826487039	10000	1.45777912736201	10000	-1.57935218471141	10000	0.0269787734574532	10000
rs347	A	C	16.6354166666667	9.31770833333333	1.23996336043938	10000	1.21122288967702	10000	2.14442199179905	10000	3.07645325011908	10000
rs348	A	C	20	11	-1.18122789327201	10000	1.35951595970951	10000	2.68333671120195	10000	1.81291647020017	10000
rs349	A	C	4.16666666666667	3.08333333333333	-0.0934569539625048	10000	0.390624458785834	10000	0.501427437876228	10000	-1.90860420997044	10000
rs350	A	C	7.53125	4.765625	-3.29665512477912	10000	-0.828158653100561	10000	-0.355842765328039	10000	2.07122581900728	10000
rs351	A	C	10.8958333333333	6.44791666666667	0.395729020704923	10000	-1.72524693202549	10000	-0.782413689987534	10000	-0.727649658762663	10000
rs352	A	C	14.2604166666667	8.13020833333333	-0.176946348430621	10000	1.41048174166683	10000	-0.923047454172932	10000	-1.94034808666262	10000
rs353	A	C	17.625	9.8125	1.02819517042211	10000	1.13199242113195	10000	2.95923596174977	10000	1.4462757314519	10000
rs354	A	C	1.79166666666667	1.89583333333333	0.165894472251888	10000	0.515009161754546	10000	1.04247893583562	10000	0.44032634244125	10000
rs355	A	C	5.15625	3.578125	-0.931521667200114	10000	-1.41793324320939	10000	-0.193708751516186	10000	-1.183055466324	10000
rs356	A	C	8.52083333333333	5.26041666666667	-1.57123634569274	10000	0.271642906437532	10000	0.310967231813013	10000	1.20310519888608	10000
rs357	A	C	11.8854166666667	6.94270833333333	0.424977813556366	10000	1.11719945761151	10000	0.204500090832693	10000	-0.428695118655604	10000
rs358	A	C	15.25	8.625	0.515469646672742	10000	0.795029635300722	10000	-0.265599475948672	10000	4.14752814285506	10000
rs359	A	C	18.6145833333333	10.3072916666667	-0.206899403235082	10000	-0.179655384524215	10000	1.14402720792388	10000	1.52630726560182	10000
rs360	A	C	2.78125	2.390625	1.86786528603544	10000	0.636041039367887	10000	1.05866920559009	10000	-0.485955497862103	10000
rs361	A	C	6.14583333333333	4.07291666666667	-0.331562657494478	10000	2.56303749754602	10000	-0.212586338942244	10000	-1.0748617789347	10000
rs362	A	C	9.51041666666667	5.75520833333333	-1.74904287661132	10000	1.50132310631283	10000	-0.873267465993653	10000	0.190443742582986	10000
rs363	A	C	12.875	7.4375	1.34758842368056	10000	0.126094779556753	10000	2.14395928424213	10000	0.617011249424851	10000
rs364	A	C	16.2395833333333	9.11979166666667	-0.328139663398144	10000	0.105052641739496	10000	-1.84305375272585	10000	1.62975058231871	10000
rs365	A	C	19.6041666666667	10.8020833333333	0.326821949170633	10000	1.5748200631679	10000	-0.59596282979314	10000	3.56375043724208	10000
rs366	A	C	3.77083333333333	2.88541666666667	-0.134373708264598	10000	-0.836418448104438	10000	-0.0247346334830996	10000	-0.366281924147099	10000
rs367	A	C	7.13541666666667	4.56770833333333	0.88873160633297	10000	-0.469363215091648	10000	-0.2073314509794	10000	1.25593115793516	10000
rs368	A	C	10.5	6.25	-1.01101796205966	10000	0.14942964181027	10000	0.900182519481856	10000	1.5557765607393	10000
rs369	A	C	13.8645833333333	7.93229166666667	0.11327348637257	10000	-1.89174599072441	10000	-1.87068219527611	10000	-0.216411093940899	10000
rs370	A	C	17.2291666666667	9.61458333333333	3.4599948073373	10000	1.09697089987666	10000	1.4462840924429	10000	1.60443446906503	10000
rs371	A	C	1.39583333333333	1.69791666666667	-1.26818330780329	10000	1.14082714109471	10000	0.630648536180113	10000	-1.4544739585754	10000
rs372	A	C	4.76041666666667	3.38020833333333	-0.390552268765093	10000	-0.176571065953667	10000	0.418764293921324	10000	-0.0872409485813443	10000
rs373	A	C	8.125	5.0625	1.63151422743274	10000	-0.235664145436141	10000	-0.251421046289567	10000	2.11100609114417	10000
rs374	A	C	11.4895833333333	6.74479166666667	0.659689185633886	10000	-1.31093195326179	10000	0.33411537158182	10000	-1.74852085767998	10000
rs375	A	C	14.8541666666667	8.42708333333333	-1.39302553072909	10000	-2.1927528517308	10000	-3.28099635797487	10000	-3.08554447450267	10000
rs376	A	C	18.21875	10.109375	-0.429307913457092	10000	-3.29149151839974	10000	0.742357381979391	10000	-1.45233595633844	10000
rs377	A	C	2.38541666666667	2.19270833333333	-0.0228568126787381	10000	0.307657318224947	10000	-0.816492986928772	10000	-1.31194731477558	10000
rs378	A	C	5.75	3.875	0.62606131041701	10000	1.58799506517762	10000	0.522307662240385	10000	0.262456755775025	10000
rs379	A	C	9.11458333333333	5.55729166666667	-1.27962672308932	10000	-1.14552921020249	10000	0.336164020707995	10000	-0.122952310211594	10000
rs380	A	C	12.4791666666667	7.23958333333333	0.862445836003684	10000	1.52448865202235	10000	1.60631138851243	10000	0.633571290025848	10000
rs381	A	C	15.84375	8.921875	-0.703293260750513	10000	0.865946053416844	10000	-1.13264575615302	10000	0.0973149242032207	10000
rs382	A	C	19.2083333333333	10.6041666666667	0.886354354609323	10000	0.0033714412267522	10000	0.196097370333004	10000	0.261540520568608	10000
rs383	A	C	3.375	2.6875	0.321926593919288	10000	-1.23832249379515	10000	0.299920127172399	10000	-0.14992446857378	10000
rs384	A	C	6.73958333333333	4.36979166666667	-2.39415863780712	10000	-0.85482006566861	10000	-0.309694821573382	10000	0.806848133961135	10000
rs385	A	C	10.1041666666667	6.05208333333333	0.729168901557779	10000	1.81751177039069	10000	0.102133536455082	10000	0.193026331190696	10000
rs386	A	C	13.46875	7.734375	1.19851092038926	10000	-1.48032520500902	10000	-1.76733223169518	10000	-1.55293874119664	10000
rs387	A	C	16.8333333333333	9.41666666666667	-0.947011957119274	10000	0.0193248653003611	10000	-2.17764976859115	10000	0.349175792630637	10000
rs388	A	C	1	1.5	-0.116410487109835	10000	-1.11775615643039	10000	0.116441345591791	10000	-0.688374535167089	10000
rs389	A	C	4.36458333333333	3.18229166666667	0.714304467130539	10000	2.06935100142026	10000	0.532731538119145	10000	0.0505075120695778	10000
rs390	A	C	7.72916666666667	4.86458333333333	0.584231130160333	10000	-0.363545643346909	10000	-1.64864198989188	10000	-0.217711490959816	10000
rs391	A	C	11.09375	6.546875	0.541820160323265	10000	-0.622105167845425	10000	0.635397124109094	10000	1.2460349938328	10000
rs392	A	C	14.4583333333333	8.22916666666667	-1.81237570416008	10000	0.428203100387027	10000	-1.97029293393714	10000	-0.586855862850728	10000
rs393	A	C	17.8229166666667	9.91145833333333	0.0995664230906776	10000	0.397264483783849	10000	0.911623978104819	10000	-1.80146599473412	10000
rs394	A	C	1.98958333333333	1.99479166666667	-1.77719547614707	10000	-0.934961662825857	10000	-0.789591073384579	10000	-0.680238908833245	10000
rs395	A	C	5.35416666666667	3.67708333333333	1.48202392369107	10000	1.05693848895642	10000	0.00180211570951583	10000	1.56949480842244	10000
rs396	A	C	8.71875	5.359375	-0.576735910679527	10000	0.344574380661283	10000	-2.8433326700265	10000	-1.95925858616793	10000
rs397	A	C	12.0833333333333	7.04166666666667	1.82733236527071	10000	1.35346349839434	10000	-1.75111352249804	10000	0.25781709699804	10000
rs398	A	C	15.4479166666667	8.72395833333333	1.88652515599255	10000	0.0377303739251978	10000	-0.427996005618177	10000	1.50609513300733	10000
rs399	A	C	18.8125	10.40625	1.05035437213032	10000	1.58713299946828	10000	0.626348856506111	10000	0.35919137699108	10000
rs400	A	C	2.97916666666667	2.48958333333333	-0.0699734338849444	10000	1.28015532825249	10000	-0.268575549109527	10000	-0.47017576259114	10000
rs401	A	C	6.34375	4.171875	1.27893246059501	10000	2.13992644376055	10000	-0.484208905221295	10000	0.575822720589004	10000
rs402	A	C	9.70833333333333	5.85416666666667	0.276422226680366	10000	0.951922720005491	10000	1.76254621668957	10000	-0.272064807810414	10000
rs403	A	C	13.0729166666667	7.53645833333333	1.35280862839527	10000	0.872824483788873	10000	-0.389614533472548	10000	0.624287941701669	10000
rs404	A	C	16.4375	9.21875	0.287057550375688	10000	-1.13127823274971	10000	-0.0709789449808196	10000	-2.0288676437706	10000
rs405	A	C	19.8020833333333	10.9010416666667	2.1899915333524	10000	-1.05064575625549	10000	1.09244924915331	10000	0.850344112952693	10000
rs406	A	C	3.96875	2.984375	-1.90434687585775	10000	-1.92122978679465	10000	-1.56340278537641	10000	-1.07963911562569	10000
rs407	A	C	7.33333333333333	4.66666666666667	-0.211018612090498	10000	1.60424844813604	10000	0.951622159533457	10000	0.422660942221773	10000
rs408	A	C	10.6979166666667	6.34895833333333	0.741221045826253	10000	0.634982280659273	10000	0.031541632790858	10000	1.26482449906515	10000
rs409	A	C	14.0625	8.03125	-0.875551976998616	10000	2.47165615041074	10000	0.716890570867177	10000	1.79632302781657	10000
rs410	A	C	17.4270833333333	9.71354166666667	-0.066825789866325	10000	-0.937036668310373	10000	0.0441374993309499	10000	-2.68851916803588	10000
rs411	A	C	1.59375	1.796875	-0.0991979602993583	10000	-1.19630516875489	10000	0.109456533060231	10000	1.67093991152165	10000
rs412	A	C	4.95833333333333	3.47916666666667	0.267572830669288	10000	-0.0416998925637197	10000	-0.847809934829988	10000	-0.297260002810339	10000
rs413	A	C	8.32291666666667	5.16145833333333	0.256842816166262	10000	0.603304780849456	10000	-0.812027361585399	10000	0.611015906383882	10000
rs414	A	C	11.6875	6.84375	0.323077677262642	10000	-0.187183890006443	10000	-1.41884576573512	10000	-1.71648775331692	10000
rs415	A	C	15.0520833333333	8.52604166666667	-0.0596879265682143	10000	-3.23903185570865	10000	-1.21336896758171	10000	-2.693330834922	10000
rs416	A	C	18.4166666666667	10.2083333333333	0.184441661965335	10000	-2.01067799826154	10000	0.318057796400764	10000	1.31550044861511	10000
rs417	A	C	2.58333333333333	2.29166666666667	0.123319693498137	10000	1.14355738778219	10000	-0.0274575107913783	10000	-1.50632935032992	10000
rs418	A	C	5.94791666666667	3.97395833333333	-2.09611620166451	10000	0.2237413585884	10000	0.914719205896526	10000	1.07555233779319	10000
rs419	A	C	9.3125	5.65625	-1.52918154123788	10000	0.408416922647449	10000	-0.336915561089146	10000	-1.19353810966297	10000
rs420	A	C	12.6770833333333	7.33854166666667	0.53374029558974	10000	1.11347926959086	10000	0.56968709154298	10000	-0.53305959055664	10000
rs421	A	C	16.0416666666667	9.02083333333333	0.977503909466951	10000	1.71044041689368	10000	0.688279262343478	10000	0.311767474761842	10000
rs422	A	C	19.40625	10.703125	2.14674622240225	10000	0.626634556700875	10000	0.0846608137857621	10000	1.15607565669866	10000
rs423	A	C	3.57291666666667	2.78645833333333	-0.292256388184187	10000	0.0240171558979241	10000	-0.140831038252158	10000	-0.169302200078162	10000
rs424	A	C	6.9375	4.46875	-0.476228887460121	10000	1.5894369903039	10000	0.772605572465363	10000	-2.77254471292851	10000
rs425	A	C	10.3020833333333	6.15104166666667	1.01346418914311	10000	-0.00107842720357951	10000	1.91100862233506	10000	0.0280120078246554	10000
rs426	A	C	13.6666666666667	7.83333333333333	-0.748044425344058	10000	-1.1973316180086	10000	-1.33959164528088	10000	-1.888162738549	10000
rs427	A	C	17.03125	9.515625	0.711390140706254	10000	1.29491311541577	10000	0.454007131382773	10000	-0.129711113032909	10000
rs428	A	C	1.19791666666667	1.59895833333333	0.33674305126529	10000	2.05568561671738	10000	0.962073670581161	10000	-1.38237800789354	10000
rs429	A	C	4.5625	3.28125	1.61876834665424	10000	-0.685057489882789	10000	2.76523989922411	10000	-0.639213680137981	10000
rs430	A	C	7.92708333333333	4.96354166666667	-0.60721308673424	10000	-2.5847225309111	10000	0.371206574427774	10000	-1.06495685845354	10000
rs431	A	C	11.2916666666667	6.64583333333333	3.02371697007014	10000	-2.10638309330665	10000	-0.0351927390905374	10000	0.161230995393896	10000
rs432	A	C	14.65625	8.328125	-0.633083445369614	10000	0.394827678059108	10000	-0.574276793622468	10000	-0.0519321487327262	10000
rs433	A	C	18.0208333333333	10.0104166666667	0.923913686903226	10000	0.515335926039691	10000	1.053803767719	10000	-0.00123705951009812	10000
rs434	A	C	2.1875	2.09375	0.706885280210855	10000	-0.0512078721316563	10000	-1.12701494280173	10000	-0.235245288286335	10000
rs435	A	C	5.55208333333333	3.77604166666667	-0.5408274059922	10000	0.754833202541575	10000	-0.538871684671985	10000	-1.31730333608047	10000
rs436	A	C	8.91666666666667	5.45833333333333	2.15745748910472	10000	0.56965803858405	10000	0.661981694289323	10000	0.505903455827266	10000
rs437	A	C	12.28125	7.140625	-1.56682091248065	10000	-1.18152638283528	10000	1.00716820071491	10000	-1.62799362336364	10000
rs438	A	C	15.6458333333333	8.82291666666667	3.22533367990519	10000	1.85794361637746	10000	2.86619117545766	10000	2.9160848790861	10000
rs439	A	C	19.0104166666667	10.5052083333333	-0.203160093254239	10000	-2.78529304505905	10000	-1.47524885703891	10000	-2.22451522326366	10000
rs440	A	C	3.17708333333333	2.58854166666667	1.79574697199956	10000	2.06337271190299	10000	1.95388564584353	10000	0.477304552143169	10000
rs441	A	C	6.54166666666667	4.27083333333333	0.884470928367193	10000	0.0520830676031764	10000	-0.0416256950345834	10000	-0.0136116407079843	10000
rs442	A	C	9.90625	5.953125	-0.443868027359874	10000	2.25456847433687	10000	0.484278722723257	10000	1.31257629567958	10000
rs443	A	C	13.2708333333333	7.63541666666667	-2.55213395601128	10000	-1.36052683554337	10000	-0.105608418028628	10000	-2.99940227925462	10000
rs444	A	C	16.6354166666667	9.31770833333333	-1.85155966066249	10000	-1.5815507004236	10000	0.114504748572387	10000	-2.80904699726752	10000
rs445	A	C	20	11	-0.578884242567922	10000	0.510719938805768	10000	-0.561875680568688	10000	1.49923171891913	10000
rs446	A	C	4.16666666666667	3.08333333333333	0.488609074857669	10000	0.622629727157235	10000	-0.234003860787015	10000	0.313675323456704	10000
rs447	A	C	7.53125	4.765625	0.555499141864128	10000	1.50116709648235	10000	1.81929149976676	10000	2.56294784163229	10000
rs448	A	C	10.8958333333333	6.44791666666667	0.285354958190541	10000	-1.39037817792655	10000	-1.12907866956726	10000	-2.97679187882283	10000
rs449	A	C	14.2604166666667	8.13020833333333	-1.06457591086013	10000	0.035126275875597	10000	-2.40392617773662	10000	0.421855121482653	10000
rs450	A	C	17.625	9.8125	-1.03424645907437	10000	1.36541098291514	10000	1.15200119694097	10000	0.716262412042313	10000
rs451	A	C	1.79166666666667	1.89583333333333	-0.421058929140825	10000	-1.3139021330989	10000	0.213530862771701	10000	-0.307932097325289	10000
rs452	A	C	5.15625	3.578125	-1.15704208309986	10000	-1.07147839333505	10000	-0.198527896906685	10000	0.208425980974708	10000
rs453	A	C	8.52083333333333	5.26041666666667	1.02827792915988	10000	-1.24975693355894	10000	-2.07403449787775	10000	1.6904727787629	10000
rs454	A	C	11.8854166666667	6.94270833333333	0.903480653407757	10000	0.409118843769951	10000	1.13590823566946	10000	0.944074843026415	10000
rs455	A	C	15.25	8.625	1.15103086800952	10000	-2.00909895397271	10000	-1.3706508994763	10000	-0.196005994000538	10000
rs456	A	C	18.6145833333333	10.3072916666667	0.577437670938042	10000	1.5377777449142	10000	-0.176335984518946	10000	0.829558085309373	10000
rs457	A	C	2.78125	2.390625	0.753821606381004	10000	-0.0218149393899112	10000	0.931750078859797	10000	1.60091161023455	10000
rs458	A	C	6.14583333333333	4.07291666666667	-0.403877151943458	10000	1.06468650231942	10000	0.567759984472712	10000	-0.472290710485759	10000
rs459	A	C	9.51041666666667	5.75520833333333	-1.76328814984831	10000	-1.12320873428178	10000	-0.767739979878455	10000	-0.833449830770885	10000
rs460	A	C	12.875	7.4375	0.764853959279226	10000	0.953465969577402	10000	0.5043111709159	10000	-1.15634680769992	10000
rs461	A	C	16.2395833333333	9.11979166666667	0.196953812215047	10000	3.59013583679311	10000	2.00231950158911	10000	2.67764419421301	10000
rs462	A	C	19.6041666666667	10.8020833333333	1.39868174471401	10000	-0.614323291757843	10000	0.766469659746574	10000	0.45769453747573	10000
rs463	A	C	3.77083333333333	2.88541666666667	-0.119515404867896	10000	-0.804973876282472	10000	-1.12498130586994	10000	0.361823259639134	10000
rs464	A	C	7.13541666666667	4.56770833333333	1.04053702375222	10000	0.301719153731628	10000	-0.872386383666086	10000	-1.75543898609403	10000
rs465	A	C	10.5	6.25	-0.713824779049678	10000	-0.155352250120001	10000	0.997151322795064	10000	0.609422461378854	10000
rs466	A	C	13.8645833333333	7.93229166666667	-0.466923527739008	10000	-0.532026719310596	10000	-1.29813212820933	10000	0.181798339595677	10000
rs467	A	C	17.2291666666667	9.61458333333333	-1.08186866321223	10000	0.373065248109133	10000	1.03306606397305	10000	-0.342676730246913	10000
rs468	A	C	1.39583333333333	1.69791666666667	-0.715437735821328	10000	-1.32140916238785	10000	-0.335914470622027	10000	-1.094517225926	10000
rs469	A	C	4.76041666666667	3.38020833333333	0.248097415063668	10000	-0.86330249214718	10000	0.745695054573407	10000	-0.678423124046179	10000
rs470	A	C	8.125	5.0625	-0.298626469040605	10000	1.06079803160939	10000	-0.178587394600462	10000	0.831191917234789	10000
rs471	A	C	11.4895833333333	6.74479166666667	0.207455923516893	10000	-1.38199694527529	10000	-0.602502400812774	10000	0.995892955011394	10000
rs472	A	C	14.8541666666667	8.42708333333333	0.456002813142858	10000	1.04207425587259	10000	-1.55845245155177	10000	1.39437330704617	10000
rs473	A	C	18.21875	10.109375	1.51764410569545	10000	-0.00738899423738626	10000	-2.43727109469556	10000	-0.365429160666814	10000
rs474	A	C	2.38541666666667	2.19270833333333	0.4613763612105	10000	0.560040224199747	10000	0.903161577514922	10000	-0.273908752220505	10000
rs475	A	C	5.75	3.875	-0.117615665713143	10000	-0.0922418334623513	10000	-0.333097627981198	10000	-1.92951727829734	10000
rs476	A	C	9.11458333333333	5.55729166666667	1.1641904866966	10000	-2.21331267659183	10000	-0.0213626474227994	10000	1.24748247626489	10000
rs477	A	C	12.4791666666667	7.23958333333333	-0.500323943065361	10000	2.08663406377471	10000	0.137606498022975	10000	2.74720391036567	10000
rs478	A	C	15.84375	8.921875	-3.97276684529619	10000	0.30097168819003	10000	-1.24622884810937	10000	-1.33421127065351	10000
rs479	A	C	19.2083333333333	10.6041666666667	0.00279464009907318	10000	-0.0444272370097677	10000	0.238960348186038	10000	-0.712356733200912	10000
rs480	A	C	3.375	2.6875	1.35093907357649	10000	-1.01757781824783	10000	1.63513496399816	10000	-0.845460876191623	10000
rs481	A	C	6.73958333333333	4.36979166666667	0.544879085039132	10000	1.10889778604421	10000	0.297775003288887	10000	-0.323266773989737	10000
rs482	A	C	10.1041666666667	6.05208333333333	-1.08914714037386	10000	1.85713145130273	10000	1.64801611329614	10000	0.247145317117441	10000
rs483	A	C	13.46875	7.734375	-0.831354559286838	10000	-0.112029580778523	10000	-0.978306306112432	10000	-0.593081420512964	10000
rs484	A	C	16.8333333333333	9.41666666666667	0.402458523677808	10000	1.63188680085019	10000	-0.920040273189207	10000	-0.531843178603859	10000
rs485	A	C	1	1.5	1.97449725075259	10000	-0.2438689630379	10000	-1.90410290486787	10000	0.601872288732552	10000
rs486	A	C	4.36458333333333	3.18229166666667	0.85479962417145	10000	3.02826409729932	10000	-0.143144447607008	10000	1.56653346679744	10000
rs487	A	C	7.72916666666667	4.86458333333333	-0.273795295449454	10000	-0.51594048327997	10000	0.252623088150328	10000	-0.113005656406266	10000
rs488	A	C	11.09375	6.546875	-2.9649459323969	10000	-2.40281965106634	10000	-1.93693389203948	10000	-2.77074348957499	10000
rs489	A	C	14.4583333333333	8.22916666666667	-1.38487882142144	10000	-1.11757112049714	10000	-1.27216349599059	10000	1.03796236146533	10000
rs490	A	C	17.8229166666667	9.91145833333333	2.04038155641729	10000	0.0080937961658708	10000	3.08414994981245	10000	-0.407213691576586	10000
rs491	A	C	1.98958333333333	1.99479166666667	-1.47191000564341	10000	0.448650130028696	10000	-1.78618588239	10000	1.34328826843639	10000
rs492	A	C	5.35416666666667	3.67708333333333	0.808033711026936	10000	1.19085883242942	10000	0.607968493726017	10000	2.60184080248355	10000
rs493	A	C	8.71875	5.359375	0.675913445313169	10000	1.78825713582814	10000	0.0987757550439484	10000	0.962012857128774	10000
rs494	A	C	12.0833333333333	7.04166666666667	2.43377097763527	10000	0.313905173233905	10000	-0.00109134258221222	10000	4.58748084097376	10000
rs495	A	C	15.4479166666667	8.72395833333333	1.6889566616813	10000	-0.643644807466112	10000	-0.120282926303765	10000	1.02335903308954	10000
rs496	A	C	18.8125	10.40625	-0.440460836090403	10000	-1.44383247534792	10000	-1.57044931718273	10000	0.261607999810069	10000
rs497	A	C	2.97916666666667	2.48958333333333	0.14183041394387	10000	0.819248260643702	10000	-0.174918363371112	10000	-0.201121747979562	10000
rs498	A	C	6.34375	4.171875	0.255014557728283	10000	-0.347703483139749	10000	-1.1041382955296	10000	-1.37943170295655	10000
rs499	A	C	9.70833333333333	5.85416666666667	-0.780093869111892	10000	-0.249850125034994	10000	-1.13783389118751	10000	-1.35702810328899	10000
rs500	A	C	13.0729166666667	7.53645833333333	-1.06783798334013	10000	2.75823195074087	10000	1.84359524579187	10000	-0.923420119809323	10000
rs501	A	C	16.4375	9.21875	-0.364143045202621	10000	-1.62856700376312	10000	-1.19133111390989	10000	0.578299940285115	10000
rs502	A	C	19.8020833333333	10.9010416666667	0.380414723789609	10000	0.309335063413792	10000	-0.845139290965661	10000	-3.20472212600234	10000
rs503	A	C	3.96875	2.984375	0.409285241915897	10000	-0.140396151640539	10000	1.290829518541	10000	-0.865316445588299	10000
rs504	A	C	7.33333333333333	4.66666666666667	0.569659442799767	10000	-0.613865289361335	10000	-0.115393020147885	10000	-2.40577615663152	10000
rs505	A	C	10.6979166666667	6.34895833333333	-0.860873462567485	10000	0.764056531380132	10000	-2.68514837877091	10000	-1.9932816334681	10000
rs506	A	C	14.0625	8.03125	0.879258092097195	10000	-1.30793882952314	10000	-1.21151144213596	10000	-1.67219589040843	10000
rs507	A	C	17.4270833333333	9.71354166666667	-1.41735098249425	10000	0.0701098033192974	10000	-0.458296326406013	10000	2.72735324293266	10000
rs508	A	C	1.59375	1.796875	0.261555571372047	10000	0.151488981706927	10000	-2.34779654462234	10000	-0.0347422160504629	10000
rs509	A	C	4.95833333333333	3.47916666666667	0.0578104120700538	10000	-0.338211953351399	10000	-0.199553615239709	10000	-0.758631869361941	10000
rs510	A	C	8.32291666666667	5.16145833333333	-0.10846671308601	10000	0.4933875742916	10000	-0.865968468234932	10000	-2.025796295759	10000
rs511	A	C	11.6875	6.84375	-0.891854880054138	10000	0.329313397049459	10000	-0.872127000358003	10000	-0.427785062806607	10000
rs512	A	C	15.0520833333333	8.52604166666667	0.330592977822944	10000	-0.892184879217724	10000	0.912792550070666	10000	0.52869051817321	10000
rs513	A	C	18.4166666666667	10.2083333333333	-0.574232439123093	10000	-0.162410220233188	10000	1.77950015693731	10000	0.339964525826594	10000
rs514	A	C	2.58333333333333	2.29166666666667	1.18407251327647	10000	-1.01654025611744	10000	-0.988193868898324	10000	0.891231121552095	10000
rs515	A	C	5.94791666666667	3.97395833333333	-1.69661682192979	10000	1.173992511168	10000	0.379771071660019	10000	-0.0775956993909776	10000
rs516	A	C	9.3125	5.65625	-0.328294865930606	10000	-1.91658571384519	10000	-0.409918030073574	10000	-2.49114151590576	10000
rs517	A	C	12.6770833333333	7.33854166666667	-0.219318908354251	10000	-1.24928282728374	10000	-0.971172443965036	10000	-1.17847586374409	10000
rs518	A	C	16.0416666666667	9.02083333333333	0.82951219051213	10000	1.07217821456766	10000	-0.0890483404931279	10000	-1.08232304206348	10000
rs519	A	C	19.40625	10.703125	0.52927998311718	10000	-0.903485394366476	10000	-2.18211859133614	10000	-2.32494550355371	10000
rs520	A	C	3.57291666666667	2.78645833333333	-0.424622013864422	10000	-0.0522873443893606	10000	1.63846864999374	10000	-1.32872696784065	10000
rs521	A	C	6.9375	4.46875	-0.0297681948903801	10000	0.534583479883029	10000	-1.2587398300473	10000	0.753658075806399	10000
rs522	A	C	10.3020833333333	6.15104166666667	0.461439469533817	10000	1.04012023576096	10000	1.56813939901496	10000	0.974753494505198	10000
rs523	A	C	13.6666666666667	7.83333333333333	-0.577132121095721	10000	-0.127125942318043	10000	-0.842159221068924	10000	1.51544351150372	10000
rs524	A	C	17.03125	9.515625	1.44301089265066	10000	-2.59971730380811	10000	1.13644396469713	10000	-1.07247692878478	10000
rs525	A	C	1.19791666666667	1.59895833333333	0.221820072409135	10000	-1.21585083105112	10000	-0.527099022925112	10000	0.344838913694428	10000
rs526	A	C	4.5625	3.28125	1.08876905909034	10000	-1.39073711897987	10000	-1.25643183208401	10000	-0.980912975420047	10000
rs527	A	C	7.92708333333333	4.96354166666667	-0.0235230048344132	10000	0.335823085485992	10000	0.0352691259565944	10000	-0.975946098336817	10000
rs528	A	C	11.2916666666667	6.64583333333333	-1.9962348347721	10000	0.625421958682919	10000	-1.55190866016796	10000	0.505285187070426	10000
rs529	A	C	14.65625	8.328125	0.741150121713873	10000	-1.45875683788832	10000	-1.56465890429667	10000	-3.39497800947699	10000
rs530	A	C	18.0208333333333	10.0104166666667	-1.50531568911914	10000	-2.47511848302605	10000	-1.18897956042177	10000	-1.15300326533683	10000
rs531	A	C	2.1875	2.09375	0.696162759676035	10000	-0.342885656717965	10000	-0.233037259554302	10000	-0.0733130503681162	10000
rs532	A	C	5.55208333333333	3.77604166666667	0.500245320228775	10000	0.855690362967442	10000	-0.756339021783094	10000	-0.844085446061353	10000
rs533	A	C	8.91666666666667	5.45833333333333	-1.83713658178507	10000	-0.790644043525722	10000	-1.45673356015766	10000	-0.998510469003398	10000
rs534	A	C	12.28125	7.140625	0.828961507641237	10000	0.433682202434378	10000	-0.682352083193346	10000	1.12368659405285	10000
rs535	A	C	15.6458333333333	8.82291666666667	-0.347205294754325	10000	-1.29648952423403	10000	-1.18534214709963	10000	0.688181928667916	10000
rs536	A	C	19.0104166666667	10.5052083333333	-0.892343976538514	10000	0.364763239492322	10000	2.42335987098456	10000	0.27172715383977	10000
rs537	A	C	3.17708333333333	2.58854166666667	-1.15906146723207	10000	0.11678008150607	10000	0.678589486318293	10000	-0.70271476568492	10000
rs538	A	C	6.54166666666667	4.27083333333333	1.51747285277274	10000	2.88422082770686	10000	1.98243884410297	10000	0.77936653465292	10000
rs539	A	C	9.90625	5.953125	-0.000530357412605071	10000	2.07248698777965	10000	1.95592602896269	10000	-1.4636114452864	10000
rs540	A	C	13.2708333333333	7.63541666666667	-0.839957900383443	10000	0.0302126754097214	10000	0.465171667119099	10000	-0.394787600550983	10000
rs541	A	C	16.6354166666667	9.31770833333333	-1.9845898923994	10000	-4.63263010934237	10000	-2.93995177565144	10000	-2.05757534683002	10000
rs542	A	C	20	11	3.92830584627085	10000	1.81969960755654	10000	1.38054847462724	10000	0.867819677204526	10000
rs543	A	C	4.16666666666667	3.08333333333333	-1.34796195567231	10000	1.84842773597162	10000	1.40699073436989	10000	1.57178857705208	10000
rs544	A	C	7.53125	4.765625	1.77068408350559	10000	1.40765234551048	10000	1.90719757326055	10000	1.22965737287639	10000
rs545	A	C	10.8958333333333	6.44791666666667	0.622714342680529	10000	2.13522025298573	10000	-0.808798113971499	10000	-1.24847519073861	10000
rs546	A	C	14.2604166666667	8.13020833333333	-0.766642814971616	10000	0.129931864207279	10000	-0.577668156994783	10000	0.263479906565263	10000
rs547	A	C	17.625	9.8125	0.597680177070784	10000	-0.390289423475673	10000	0.0500398897278676	10000	-0.945441542750092	10000
rs548	A	C	1.79166666666667	1.89583333333333	-2.80746822304329	10000	0.0644135122602046	10000	-0.896996294761058	10000	1.90355894946404	10000
rs549	A	C	5.15625	3.578125	-1.88607444152964	10000	0.00448869030422061	10000	0.186625175584322	10000	-0.885737191050475	10000
rs550	A	C	8.52083333333333	5.26041666666667	-0.206635764024325	10000	-0.0548191436594497	10000	-0.285731736208726	10000	1.1741624476753	10000
rs551	A	C	11.8854166666667	6.94270833333333	-1.17504911685911	10000	-2.90315350299322	10000	-1.37589102346477	10000	-1.16256417089158	10000
rs552	A	C	15.25	8.625	1.393408191448	10000	-0.494859451380751	10000	-1.17216439668282	10000	0.748493483226697	10000
rs553	A	C	18.6145833333333	10.3072916666667	-0.747201842379991	10000	0.185182270197367	10000	-0.113888901831359	10000	0.592745517373874	10000
rs554	A	C	2.78125	2.390625	1.53993249944798	10000	1.00620396228381	10000	-1.46180637644563	10000	-0.602534254825482	10000
rs555	A	C	6.14583333333333	4.07291666666667	-0.690547058026602	10000	0.0904967338186023	10000	-0.132248826634201	10000	1.22587310148051	10000
rs556	A	C	9.51041666666667	5.75520833333333	0.0342236730009281	10000	0.285328223966442	10000	-1.45160630257712	10000	-1.41003470703545	10000
rs557	A	C	12.875	7.4375	-0.86975322690981	10000	-0.635143676421273	10000	-0.264570267733713	10000	-2.55859546817273	10000
rs558	A	C	16.2395833333333	9.11979166666667	0.214678121070875	10000	-1.90716908995755	10000	0.407319670226839	10000	0.16293523060612	10000
rs559	A	C	19.6041666666667	10.8020833333333	-2.85422973744641	10000	3.51001025709342	10000	-1.01664889208608	10000	1.44714931746563	10000
rs560	A	C	3.77083333333333	2.88541666666667	1.70793323595445	10000	0.483650028578489	10000	-0.524905887140286	10000	-0.00157547259300264	10000
rs561	A	C	7.13541666666667	4.56770833333333	-1.55741655106673	10000	-0.507321948233047	10000	0.173579834592519	10000	-1.70830192671237	10000
rs562	A	C	10.5	6.25	-0.834722237979005	10000	-3.25333842428773	10000	-1.60830213958553	10000	1.75118588825795	10000
rs563	A	C	13.8645833333333	7.93229166666667	0.900880589525213	10000	-0.461476792662456	10000	0.793430083244492	10000	0.778372603836818	10000
rs564	A	C	17.2291666666667	9.61458333333333	0.678222006848984	10000	2.65440505618762	10000	2.37798541572337	10000	0.653009534235418	10000
rs565	A	C	1.39583333333333	1.69791666666667	0.116239001250614	10000	-0.00712697235326994	10000	-0.367671407874805	10000	0.274621903536808	10000
rs566	A	C	4.76041666666667	3.38020833333333	-0.833879287401956	10000	1.39681878600749	10000	2.02513730485551	10000	1.85484229395134	10000
rs567	A	C	8.125	5.0625	1.55987034752417	10000	1.15435120032335	10000	-0.309100627589755	10000	1.37400850589236	10000
rs568	A	C	11.4895833333333	6.74479166666667	-0.0244798741735864	10000	-0.880190622510668	10000	0.530471937045336	10000	-0.44413439190846	10000
rs569	A	C	14.8541666666667	8.42708333333333	-0.395178020862991	10000	-0.623398842894162	10000	-1.09966211535748	10000	-0.651225287478536	10000
rs570	A	C	18.21875	10.109375	0.0802104303023544	10000	-0.236762994695385	10000	-0.720058903724294	10000	0.154190750608008	10000
rs571	A	C	2.38541666666667	2.19270833333333	0.645876748031538	10000	-1.37145236996294	10000	0.609977557792732	10000	-0.220410019375156	10000
rs572	A	C	5.75	3.875	-1.78054614150029	10000	-1.1621003168125	10000	0.0966652021445298	10000	-0.912302491963496	10000
rs573	A	C	9.11458333333333	5.55729166666667	1.89204584344856	10000	0.671668452424498	10000	-1.38390025385053	10000	0.657540517572192	10000
rs574	A	C	12.4791666666667	7.23958333333333	-2.14564159257508	10000	0.221454281255791	10000	-1.62303318864446	10000	-0.598159779223241	10000
rs575	A	C	15.84375	8.921875	1.4829911500824	10000	1.42282901469287	10000	1.76120635196385	10000	0.761286776816321	10000
rs576	A	C	19.2083333333333	10.6041666666667	-1.1187166188722	10000	0.76931132039571	10000	-4.29335348132539	10000	-3.33715489540164	10000
rs577	A	C	3.375	2.6875	1.07940756526624	10000	1.95748934060242	10000	-0.873175416468197	10000	-0.462498478094588	10000
rs578	A	C	6.73958333333333	4.36979166666667	-1.35142515328628	10000	0.331178402953638	10000	-1.07501923968411	10000	0.793140056185891	10000
rs579	A	C	10.1041666666667	6.05208333333333	-1.29724053667868	10000	-0.967784884558735	10000	-1.62422047430783	10000	-0.209231374389875	10000
rs580	A	C	13.46875	7.734375	-0.245336411625309	10000	0.0158353110130142	10000	-0.886673609320296	10000	-0.906430388813182	10000
rs581	A	C	16.8333333333333	9.41666666666667	0.384792165128946	10000	1.36213017066593	10000	1.77672139465708	10000	-1.29240448948741	10000
rs582	A	C	1	1.5	0.425728602221979	10000	-1.12285285261512	10000	0.673908760789073	10000	-0.474206107006607	10000
rs583	A	C	4.36458333333333	3.18229166666667	0.245932539964105	10000	-0.403292607726512	10000	-1.41178019542453	10000	0.359220046684434	10000
rs584	A	C	7.72916666666667	4.86458333333333	0.236791899765612	10000	1.81826749162234	10000	0.892301211483282	10000	1.40407539523	10000
rs585	A	C	11.09375	6.546875	-1.89515215898358	10000	-1.59748883969509	10000	1.44724502722466	10000	-0.175663607912981	10000
rs586	A	C	14.4583333333333	8.22916666666667	-0.203083686406505	10000	-1.2063688865573	10000	0.679847212145607	10000	0.167788512750619	10000
rs587	A	C	17.8229166666667	9.91145833333333	0.775060118734375	10000	-0.00882313739961202	10000	1.10700404205712	10000	-2.68637441186246	10000
rs588	A	C	1.98958333333333	1.99479166666667	-0.158829319127613	10000	0.171519988981718	10000	-0.302578661809605	10000	0.800193166224173	10000
rs589	A	C	5.35416666666667	3.67708333333333	0.0750148678922914	10000	-1.86385175833007	10000	0.613098536031556	10000	1.11420959221038	10000
rs590	A	C	8.71875	5.359375	0.69860441687919	10000	2.00044004959098	10000	0.284396879468574	10000	0.69841138077245	10000
rs591	A	C	12.0833333333333	7.04166666666667	-0.292408059487516	10000	-0.251071887486817	10000	-1.74202544943818	10000	0.157080796767304	10000
rs592	A	C	15.4479166666667	8.72395833333333	-0.0627312805008193	10000	-0.960265077436627	10000	0.370132431091192	10000	-0.827237185872918	10000
rs593	A	C	18.8125	10.40625	-2.74875500661561	10000	1.53988767723094	10000	-0.905542885343402	10000	-2.64980624330463	10000
rs594	A	C	2.97916666666667	2.48958333333333	0.314283691306152	10000	0.255089104623706	10000	0.0185272930677996	10000	-1.15908567454964	10000
rs595	A	C	6.34375	4.171875	-1.39141305460646	10000	-1.53844510850205	10000	-0.484552942391143	10000	0.710222689644353	10000
rs596	A	C	9.70833333333333	5.85416666666667	0.916036831743453	10000	2.45251586617327	10000	2.98577308218171	10000	1.70799633856635	10000
rs597	A	C	13.0729166666667	7.53645833333333	-0.896741882762799	10000	0.718317347096134	10000	-1.26157108417499	10000	1.68578008463158	10000
rs598	A	C	16.4375	9.21875	-0.425498077174698	10000	1.52268632725289	10000	2.70629739768205	10000	0.317952566976543	10000
rs599	A	C	19.8020833333333	10.9010416666667	0.987108323918509	10000	2.62872303771473	10000	-0.972742677658704	10000	2.20979166966758	10000
rs600	A	C	3.96875	2.984375	-1.90766122764254	10000	-1.92850725622747	10000	-0.955171957790201	10000	1.14665280098271	10000
rs601	A	C	7.33333333333333	4.66666666666667	-0.0215453676582494	10000	1.89835221401573	10000	0.965797382965567	10000	-0.0315693404825309	10000
rs602	A	C	10.6979166666667	6.34895833333333	-1.23586605514714	10000	-1.88352138074401	10000	0.75456177149266	10000	-1.56195286554927	10000
rs603	A	C	14.0625	8.03125	-1.14633809084253	10000	1.6238938127756	10000	0.621747858110364	10000	1.47240444313249	10000
rs604	A	C	17.4270833333333	9.71354166666667	0.0892338647658898	10000	3.07661110034958	10000	-0.226327277238811	10000	2.32929702851831	10000
rs605	A	C	1.59375	1.796875	0.759852890316629	10000	1.26508696767544	10000	-2.39867099410905	10000	0.561057480105774	10000
rs606	A	C	4.95833333333333	3.47916666666667	1.23902571268409	10000	1.88329214619965	10000	2.18412172004423	10000	-0.194610703131261	10000
rs607	A	C	8.32291666666667	5.16145833333333	0.34577989599146	10000	-1.653082009352	10000	2.22445978907175	10000	0.336575717947561	10000
rs608	A	C	11.6875	6.84375	-0.29758112895984	10000	1.15475088780958	10000	1.12840944814726	10000	0.488630720447588	10000
rs609	A	C	15.0520833333333	8.52604166666667	-0.458732252575167	10000	-1.77822519000133	10000	-2.41779990328376	10000	-0.774344577589994	10000
rs610	A	C	18.4166666666667	10.2083333333333	0.761970142941231	10000	1.0028923600964	10000	0.774549346933027	10000	2.20903940952726	10000
rs611	A	C	2.58333333333333	2.29166666666667	0.297805832920701	10000	-1.3702004327537	10000	0.824869535916045	10000	-0.748944296657164	10000
rs612	A	C	5.94791666666667	3.97395833333333	-2.31354338872758	10000	1.24153589006675	10000	0.187374766313547	10000	0.660111795170257	10000
rs613	A	C	9.3125	5.65625	-0.234205138820937	10000	0.638461901371931	10000	0.364642721641619	10000	1.33389819195547	10000
rs614	A	C	12.6770833333333	7.33854166666667	-1.54877011494905	10000	-1.74752648794269	10000	-0.681769351951519	10000	-1.08764118316557	10000
rs615	A	C	16.0416666666667	9.02083333333333	-0.992598005785412	10000	0.65008842585315	10000	-0.258553362601444	10000	-0.651857456700092	10000
rs616	A	C	19.40625	10.703125	0.169099173814269	10000	-1.06261332946001	10000	-1.19196097262119	10000	-1.59420442078402	10000
rs617	A	C	3.57291666666667	2.78645833333333	-1.33627366062367	10000	-0.980795337117564	10000	0.44119801472266	10000	-0.765011741301717	10000
rs618	A	C	6.9375	4.46875	-2.08906838410914	10000	-1.68735250801217	10000	0.506434464815106	10000	-4.33415742115123	10000
rs619	A	C	10.3020833333333	6.15104166666667	0.0695297426681754	10000	1.14667412597733	10000	0.556084155218955	10000	1.22325851877477	10000
rs620	A	C	13.6666666666667	7.83333333333333	1.58208854720724	10000	1.89114712697899	10000	1.42860779662031	10000	0.514661843046229	10000
rs621	A	C	17.03125	9.515625	-1.10052569365716	10000	-0.869272802867874	10000	-0.698062539497435	10000	-2.48864623679749	10000
rs622	A	C	1.19791666666667	1.59895833333333	0.863734933322761	10000	1.8678035897748	10000	0.303588501432509	10000	-0.0582494372658339	10000
rs623	A	C	4.5625	3.28125	2.23792611859955	10000	0.867172442095196	10000	0.265829509059286	10000	0.173682521216905	10000
rs624	A	C	7.92708333333333	4.96354166666667	-0.354341958387116	10000	-0.871729325887374	10000	0.226800971325103	10000	0.334847678632859	10000
rs625	A	C	11.2916666666667	6.64583333333333	1.07199683886391	10000	1.84552406554876	10000	1.45081688073855	10000	1.4203374261532	10000
rs626	A	C	14.65625	8.328125	-0.648944001639548	10000	-1.6529842090467	10000	0.128635300888579	10000	-1.57278029148571	10000
rs627	A	C	18.0208333333333	10.0104166666667	1.38774225973641	10000	-1.30682894436464	10000	-0.890846069414427	10000	0.38217405810219	10000
rs628	A	C	2.1875	2.09375	-0.217056269670578	10000	1.09172282197545	10000	0.465809266345424	10000	-0.0314542106033181	10000
rs629	A	C	5.55208333333333	3.77604166666667	-0.362784944349063	10000	1.2366334833629	10000	-1.295792084763	10000	0.94301301377136	10000
rs630	A	C	8.91666666666667	5.45833333333333	0.0421118396847142	10000	0.586771776654099	10000	2.60095662738172	10000	-0.188022907323109	10000
rs631	A	C	12.28125	7.140625	-0.915709140460701	10000	-0.449545952302844	10000	-0.236073744728281	10000	-1.35089308706883	10000
rs632	A	C	15.6458333333333	8.82291666666667	-0.203007284359183	10000	0.139073623948937	10000	0.801866846121219	10000	0.390361589943487	10000
rs633	A	C	19.0104166666667	10.5052083333333	-0.359047304517815	10000	-2.05716058563227	10000	-0.231804250596613	10000	1.63983388791225	10000
rs634	A	C	3.17708333333333	2.58854166666667	0.842685757377646	10000	0.428216969826647	10000	1.12873569009353	10000	-0.531896487994142	10000
rs635	A	C	6.54166666666667	4.27083333333333	1.71243794596775	10000	-0.019622094051978	10000	1.16069315636585	10000	1.08933917133981	10000
rs636	A	C	9.90625	5.953125	1.59187052707688	10000	0.732182687335696	10000	1.97853485637076	10000	-2.12426787894597	10000
rs637	A	C	13.2708333333333	7.63541666666667	1.3358210048114	10000	-1.91082138081639	10000	0.710968729671542	10000	-0.123674291308206	10000
rs638	A	C	16.6354166666667	9.31770833333333	0.662462402186448	10000	0.409846303683493	10000	-0.360305926384055	10000	-0.704220913390694	10000
rs639	A	C	20	11	-1.72761820042912	10000	0.63575241150317	10000	0.53515185003412	10000	-0.203397297097486	10000
rs640	A	C	4.16666666666667	3.08333333333333	0.0829913702243694	10000	1.00354107669985	10000	-1.43975922983323	10000	-1.00857186805943	10000
rs641	A	C	7.53125	4.765625	1.24937713955761	10000	-1.17704466421235	10000	-0.495651166021439	10000	1.0318375228997	10000
rs642	A	C	10.8958333333333	6.44791666666667	1.64012048665782	10000	-1.79089081033028	10000	0.588753192915285	10000	-1.86158789121958	10000
rs643	A	C	14.2604166666667	8.13020833333333	-0.0511638607714873	10000	0.126147448324635	10000	-0.0785204754860078	10000	-2.10083772992791	10000
rs644	A	C	17.625	9.8125	0.961459987287305	10000	1.13468634185213	10000	2.75920451684708	10000	-0.655238943305564	10000
rs645	A	C	1.79166666666667	1.89583333333333	-0.125341141994463	10000	0.274648628440885	10000	-1.3095366363714	10000	-1.6964951263283	10000
rs646	A	C	5.15625	3.578125	-0.422630496665014	10000	-1.72873923355382	10000	-2.31427345422742	10000	0.0149529435904363	10000
rs647	A	C	8.52083333333333	5.26041666666667	1.68517070008243	10000	-0.0310910478585041	10000	-2.15442164634501	10000	0.326914539769135	10000
rs648	A	C	11.8854166666667	6.94270833333333	-0.813897722852832	10000	-0.50992032572011	10000	0.373505932688273	10000	1.70995808782067	10000
rs649	A	C	15.25	8.625	-0.0344587154547318	10000	0.55258082601757	10000	1.94270659446385	10000	2.55201708230298	10000
rs650	A	C	18.6145833333333	10.3072916666667	-2.28696185471314	10000	-0.73263657925477	10000	-2.40704465074004	10000	-1.74097748040606	10000
rs651	A	C	2.78125	2.390625	-0.42876534235032	10000	0.274391342664545	10000	-1.38991966881066	10000	0.135283816132098	10000
rs652	A	C	6.14583333333333	4.07291666666667	-0.60464126045675	10000	0.295545106786563	10000	0.708404718109583	10000	-0.645040564574271	10000
rs653	A	C	9.51041666666667	5.75520833333333	1.25761370683006	10000	0.522022238962306	10000	0.256504861671324	10000	0.506614699429226	10000
rs654	A	C	12.875	7.4375	-0.551739582899541	10000	0.600879585191384	10000	-1.0144929694709	10000	-2.03869960180953	10000
rs655	A	C	16.2395833333333	9.11979166666667	3.48047202301833	10000	-0.225067121538635	10000	1.8760321048963	10000	1.0497579359129	10000
rs656	A	C	19.6041666666667	10.8020833333333	-1.99292026266255	10000	-0.21634330328187	10000	-1.93631163381583	10000	-0.162001276001686	10000
rs657	A	C	3.77083333333333	2.88541666666667	0.412478529962931	10000	0.951853368500045	10000	-0.724230497069876	10000	0.543943802457569	10000
rs658	A	C	7.13541666666667	4.56770833333333	1.05792605949981	10000	0.748597299082882	10000	-1.18358862789853	10000	-1.47340034736511	10000
rs659	A	C	10.5	6.25	1.67787352983496	10000	0.0751776876355786	10000	1.97726508394923	10000	-1.16745232730236	10000
rs660	A	C	13.8645833333333	7.93229166666667	0.134367009787358	10000	-1.45555126837532	10000	-2.64842053941225	10000	0.198749579669445	10000
rs661	A	C	17.2291666666667	9.61458333333333	-0.0910727787410638	10000	-2.25439704478504	10000	2.51825567533686	10000	-0.861945992469099	10000
rs662	A	C	1.39583333333333	1.69791666666667	-1.2565691386094	10000	-0.262500086216258	10000	-0.676644023974347	10000	0.889949125556545	10000
rs663	A	C	4.76041666666667	3.38020833333333	0.148021997597608	10000	-0.187271262647731	10000	0.824420119306576	10000	0.805499434651083	10000
rs664	A	C	8.125	5.0625	-1.141899180482	10000	0.436031152681017	10000	0.317116300338024	10000	-1.44249058349215	10000
rs665	A	C	11.4895833333333	6.74479166666667	-0.0437379214404206	10000	0.429163290815772	10000	0.0126431113956615	10000	-0.391919999208653	10000
rs666	A	C	14.8541666666667	8.42708333333333	1.39304363731369	10000	0.482764381601805	10000	0.86049530576523	10000	-0.136594399226037	10000
rs667	A	C	18.21875	10.109375	0.593113597340679	10000	1.69391183695904	10000	-1.98681964125527	10000	-0.423687140331054	10000
rs668	A	C	2.38541666666667	2.19270833333333	0.345316976839108	10000	0.138773231363701	10000	0.512280474890735	10000	0.170593604498718	10000
rs669	A	C	5.75	3.875	-0.875399954903845	10000	0.109021862988112	10000	-0.0848364949355268	10000	-0.614579044577761	10000
rs670	A	C	9.11458333333333	5.55729166666667	-2.06873520609911	10000	-0.422629530024406	10000	-0.543535551203485	10000	-0.547662572817766	10000
rs671	A	C	12.4791666666667	7.23958333333333	0.194437341967826	10000	0.112271180221646	10000	1.4433672322718	10000	1.00677940412455	10000
rs672	A	C	15.84375	8.921875	-0.655785077603004	10000	-0.453747381762216	10000	0.811039944300474	10000	2.52434491553296	10000
rs673	A	C	19.2083333333333	10.6041666666667	-0.396433958773404	10000	3.13388223477854	10000	2.29354071619968	10000	0.678911133027242	10000
rs674	A	C	3.375	2.6875	-0.42043693971965	10000	-0.284628503477209	10000	0.487466378939188	10000	2.14894519619611	10000
rs675	A	C	6.73958333333333	4.36979166666667	-1.71193778736211	10000	-1.5207367396087	10000	0.191487743298617	10000	-2.01203953661232	10000
rs676	A	C	10.1041666666667	6.05208333333333	0.131899469858518	10000	-1.03254530099345	10000	-0.352228129875427	10000	1.39737451442166	10000
rs677	A	C	13.46875	7.734375	-0.841449749561366	10000	-0.206126379617059	10000	-1.6979589716406	10000	-0.256323763644366	10000
rs678	A	C	16.8333333333333	9.41666666666667	-1.2918718580748	10000	0.473975385424537	10000	-0.483402482623554	10000	-2.11136886573475	10000
rs679	A	C	1	1.5	0.378279686246476	10000	0.625582585543832	10000	-0.457207147274948	10000	-2.47801950580027	10000
rs680	A	C	4.36458333333333	3.18229166666667	-0.840575507520899	10000	0.968871898092275	10000	-0.751938917221553	10000	-0.777851324456633	10000
rs681	A	C	7.72916666666667	4.86458333333333	0.736939755002063	10000	-0.00168939620178621	10000	0.0880407692013264	10000	0.660292974197189	10000
rs682	A	C	11.09375	6.546875	0.0960821083100692	10000	0.0293774135901578	10000	1.69566095661694	10000	0.105871736473842	10000
rs683	A	C	14.4583333333333	8.22916666666667	1.97412851383437	10000	1.15682652513181	10000	0.485719999731485	10000	0.187835796818312	10000
rs684	A	C	17.8229166666667	9.91145833333333	-0.599393103777274	10000	-0.159025124829876	10000	-1.48051945774515	10000	-2.38476574641777	10000
rs685	A	C	1.98958333333333	1.99479166666667	0.329540108941583	10000	1.60560520189808	10000	0.705883720840607	10000	1.01339298221827	10000
rs686	A	C	5.35416666666667	3.67708333333333	-0.0125433074510353	10000	-0.82044786438903	10000	1.06518157961433	10000	0.463298627551721	10000
rs687	A	C	8.71875	5.359375	1.83012117258572	10000	0.305028173944959	10000	-0.314663655701088	10000	2.23009234623025	10000
rs688	A	C	12.0833333333333	7.04166666666667	-0.823388401285166	10000	1.41725574946235	10000	0.281020344078242	10000	1.06186720164915	10000
rs689	A	C	15.4479166666667	8.72395833333333	-0.749487958426998	10000	-0.382984131384361	10000	3.26978852498829	10000	1.70599541542036	10000
rs690	A	C	18.8125	10.40625	-0.617423960624518	10000	0.810433306314625	10000	-0.143694003621917	10000	1.5381862346071	10000
rs691	A	C	2.97916666666667	2.48958333333333	0.0202576794328249	10000	-0.0575087226348986	10000	0.578900202087912	10000	-0.636209732557197	10000
rs692	A	C	6.34375	4.171875	-0.807333833404527	10000	0.407748673622302	10000	-0.205164833314535	10000	-0.397666926678823	10000
rs693	A	C	9.70833333333333	5.85416666666667	0.871354433053022	10000	0.506735872556538	10000	-0.585459397423849	10000	-1.40651638040742	10000
rs694	A	C	13.0729166666667	7.53645833333333	0.659010215148899	10000	-0.380583902507169	10000	-0.539356341388601	10000	-1.36916677070245	10000
rs695	A	C	16.4375	9.21875	0.740961810008997	10000	-0.0638704515572454	10000	1.7628829449521	10000	2.78248232396132	10000
rs696	A	C	19.8020833333333	10.9010416666667	1.09493316489643	10000	-0.88468003080391	10000	0.0548133852911642	10000	-2.34118883587197	10000
rs697	A	C	3.96875	2.984375	0.988200549030487	10000	-1.55040631490406	10000	0.785197794889376	10000	1.00599607605767	10000
rs698	A	C	7.33333333333333	4.66666666666667	-2.62353879941297	10000	-0.385901738411858	10000	-1.31717606809722	10000	-1.58839661273497	10000
rs699	A	C	10.6979166666667	6.34895833333333	-0.437104861440687	10000	-0.215466110978443	10000	-1.21475360782948	10000	0.159650616854141	10000
rs700	A	C	14.0625	8.03125	-0.704524615616719	10000	-0.27204163709896	10000	-0.580930131106462	10000	-3.67447473110553	10000
rs701	A	C	17.4270833333333	9.71354166666667	-0.468494989757175	10000	0.18791570003449	10000	0.665770349043501	10000	1.0972169300946	10000
rs702	A	C	1.59375	1.796875	-0.50397160404124	10000	-0.0568937702278925	10000	0.450688661774986	10000	2.21584656993471	10000
rs703	A	C	4.95833333333333	3.47916666666667	-2.26755656632419	10000	-2.06197865950731	10000	1.33510697511607	10000	-1.98765691206419	10000
rs704	A	C	8.32291666666667	5.16145833333333	0.782394144452555	10000	2.97532342488417	10000	0.147732365668623	10000	0.66051342874324	10000
rs705	A	C	11.6875	6.84375	-0.140479388683826	10000	0.931898345509954	10000	2.24583330139797	10000	0.663440288321455	10000
rs706	A	C	15.0520833333333	8.52604166666667	0.0125168715722795	10000	-1.34412054219153	10000	-0.377387519088116	10000	1.36614760944761	10000
rs707	A	C	18.4166666666667	10.2083333333333	1.69918558844612	10000	-2.22951329079415	10000	2.55707584298456	10000	0.782614871853994	10000
rs708	A	C	2.58333333333333	2.29166666666667	-0.156536486328965	10000	0.406359630743431	10000	-1.31932811317651	10000	0.845058943736491	10000
rs709	A	C	5.94791666666667	3.97395833333333	0.0880656182854935	10000	-0.0632713270992024	10000	1.44210940314314	10000	0.73653570416231	10000
rs710	A	C	9.3125	5.65625	-0.584285833889865	10000	-1.23133051555975	10000	0.417653220727937	10000	0.415180792099845	10000
rs711	A	C	12.6770833333333	7.33854166666667	-0.489556229922053	10000	0.576380103148898	10000	0.609094147813433	10000	-1.54622721572542	10000
rs712	A	C	16.0416666666667	9.02083333333333	-0.530271958676181	10000	-0.762538730991329	10000	-1.72893513342387	10000	-1.21083371328091	10000
rs713	A	C	19.40625	10.703125	-1.63172400923843	10000	1.82434325382188	10000	0.406152034746892	10000	-2.03616305668361	10000
rs714	A	C	3.57291666666667	2.78645833333333	-3.30733069653027	10000	-2.00315008935492	10000	-1.24633237230179	10000	-0.717634775670042	10000
rs715	A	C	6.9375	4.46875	0.403503218718611	10000	-1.34204343121845	10000	-0.599967655391219	10000	-0.452931403188527	10000
rs716	A	C	10.3020833333333	6.15104166666667	-1.98729193113477	10000	0.672418485821216	10000	-0.712780682483901	10000	-0.90815496891012	10000
rs717	A	C	13.6666666666667	7.83333333333333	-1.20710787502385	10000	-1.07844391557799	10000	-2.38520746492105	10000	-1.96795769808522	10000
rs718	A	C	17.03125	9.515625	-0.440800141885074	10000	-0.665522332893691	10000	-0.768270157012147	10000	-0.784581338413381	10000
rs719	A	C	1.19791666666667	1.59895833333333	-0.0015609876732453	10000	-0.397202276735721	10000	-0.0377865504062652	10000	-0.312698819176793	10000
rs720	A	C	4.5625	3.28125	-0.578963071790552	10000	-1.52280496777424	10000	0.161634785972922	10000	-0.681827514052215	10000
rs721	A	C	7.92708333333333	4.96354166666667	0.941666775347736	10000	-0.313582537214123	10000	-2.37367283594351	10000	0.468929442951282	10000
rs722	A	C	11.2916666666667	6.64583333333333	-0.0697328221492737	10000	-2.81748733799081	10000	-0.934656103343998	10000	-0.503647665145088	10000
rs723	A	C	14.65625	8.328125	1.79393563897856	10000	1.4078876199395	10000	2.67458727407492	10000	0.178800220257658	10000
rs724	A	C	18.0208333333333	10.0104166666667	2.76727448687593	10000	0.0955167186507249	10000	1.65518204560819	10000	1.19895741142106	10000
rs725	A	C	2.1875	2.09375	2.06634360123807	10000	-0.872939244056202	10000	0.0400199150814115	10000	-0.590003732390739	10000
rs726	A	C	5.55208333333333	3.77604166666667	-1.70017038070802	10000	-1.21222728308192	10000	1.07119266787502	10000	-0.570572692357324	10000
rs727	A	C	8.91666666666667	5.45833333333333	0.00647719922647153	10000	-0.831968566878592	10000	-2.4400534596283	10000	-2.27859972413745	10000
rs728	A	C	12.28125	7.140625	0.19286164882972	10000	-0.149973656515921	10000	2.04603160643364	10000	0.569133502255057	10000
rs729	A	C	15.6458333333333	8.82291666666667	1.5692784698798	10000	1.84584701698917	10000	1.54317075234423	10000	1.89599253577144	10000
rs730	A	C	19.0104166666667	10.5052083333333	0.352053323960619	10000	-0.60258589317074	10000	-3.34897123201053	10000	-2.0942237767424	10000
rs731	A	C	3.17708333333333	2.58854166666667	1.13082671634366	10000	-1.18544581279224	10000	0.628842367819171	10000	-0.718578303419687	10000
rs732	A	C	6.54166666666667	4.27083333333333	-0.681785775663992	10000	0.266636051879356	10000	0.239187577283153	10000	-0.57258215994029	10000
rs733	A	C	9.90625	5.953125	0.0494646421110839	10000	-1.75824215642882	10000	-0.31520471658529	10000	2.90561565800852	10000
rs734	A	C	13.2708333333333	7.63541666666667	1.5118866816007	10000	3.89760027189157	10000	1.1341039069326	10000	2.68436614032073	10000
rs735	A	C	16.6354166666667	9.31770833333333	-0.976999105157294	10000	0.427737400099986	10000	1.29118481063965	10000	-0.24510026907137	10000
rs736	A	C	20	11	-0.965012809723238	10000	1.01529407631478	10000	0.546797458419965	10000	-0.498412513304467	10000
rs737	A	C	4.16666666666667	3.08333333333333	0.411251646098749	10000	-1.61832068513356	10000	1.73478370205449	10000	-2.29915367736492	10000
rs738	A	C	7.53125	4.765625	0.829427022525857	10000	0.525909527292527	10000	0.55869704864527	10000	-0.17053242353329	10000
rs739	A	C	10.8958333333333	6.44791666666667	-0.228855500332615	10000	-1.55803388447597	10000	-1.0758932639469	10000	-0.0638765868883935	10000
rs740	A	C	14.2604166666667	8.13020833333333	1.38931042252389	10000	0.388164003384986	10000	0.944976574680713	10000	1.45291369431839	10000
rs741	A	C	17.625	9.8125	0.56127146851942	10000	0.585289723989895	10000	1.01126863423593	10000	2.51973647290057	10000
rs742	A	C	1.79166666666667	1.89583333333333	-1.81273548043825	10000	1.08345486277696	10000	-1.56271391918122	10000	-1.59734426373791	10000
rs743	A	C	5.15625	3.578125	0.600788415933979	10000	0.0380916767196066	10000	1.31925669118565	10000	-0.160291976821274	10000
rs744	A	C	8.52083333333333	5.26041666666667	-0.123197588884294	10000	-1.11705726044367	10000	0.376697391502183	10000	1.76309854171055	10000
rs745	A	C	11.8854166666667	6.94270833333333	0.180731365360138	10000	-0.980200639447288	10000	-0.934183352853644	10000	0.948975733486959	10000
rs746	A	C	15.25	8.625	-2.02911967605237	10000	0.515703579495847	10000	1.15199887804003	10000	-0.494443929122531	10000
rs747	A	C	18.6145833333333	10.3072916666667	-1.07938523361719	10000	-0.590646219053763	10000	-0.512238807585188	10000	1.16064438262802	10000
rs748	A	C	2.78125	2.390625	-1.56360278207994	10000	0.249653832467028	10000	0.163216986591584	10000	0.624195152825118	10000
rs749	A	C	6.14583333333333	4.07291666666667	-0.337149940267901	10000	-0.390316906705355	10000	0.586904149038802	10000	-1.40102870859969	10000
rs750	A	C	9.51041666666667	5.75520833333333	-1.0350812511682	10000	-1.1417660909725	10000	-0.393052280045554	10000	-1.96133478035038	10000
rs751	A	C	12.875	7.4375	-0.817143518200057	10000	-0.0253778268696458	10000	0.629280799948308	10000	-0.73498691690837	10000
rs752	A	C	16.2395833333333	9.11979166666667	-0.471489269814238	10000	-1.73009525109504	10000	-1.19003083055396	10000	-0.958338164317126	10000
rs753	A	C	19.6041666666667	10.8020833333333	0.0625729642867414	10000	3.80518472579553	10000	0.351704174628679	10000	1.12739394917184	10000
rs754	A	C	3.77083333333333	2.88541666666667	0.289510606585198	10000	1.04798110745132	10000	0.549151918211557	10000	2.13158931913113	10000
rs755	A	C	7.13541666666667	4.56770833333333	-1.03884852154245	10000	-0.332784738570988	10000	1.14407949052991	10000	-3.02609088290643	10000
rs756	A	C	10.5	6.25	0.762028875855674	10000	-2.29587804683705	10000	-1.59791046256685	10000	-0.158490732757625	10000
rs757	A	C	13.8645833333333	7.93229166666667	-0.0199916481996958	10000	0.407350234871688	10000	-0.921008392822695	10000	-1.59913270502838	10000
rs758	A	C	17.2291666666667	9.61458333333333	-2.11206437426629	10000	-1.63615489188217	10000	0.57668338031199	10000	0.168619088966285	10000
rs759	A	C	1.39583333333333	1.69791666666667	-0.811605570459655	10000	-1.34230386074303	10000	-1.1141465678109	10000	-0.968894925438441	10000
rs760	A	C	4.76041666666667	3.38020833333333	-1.00224691692249	10000	1.95948133835628	10000	-3.05372823397907	10000	0.807321204090287	10000
rs761	A	C	8.125	5.0625	0.399458531146856	10000	2.37066202501423	10000	-0.651698448510931	10000	-0.762670544473834	10000
rs762	A	C	11.4895833333333	6.74479166666667	1.34889855444937	10000	2.0416473208923	10000	1.83128824949508	10000	2.06239041787035	10000
rs763	A	C	14.8541666666667	8.42708333333333	-0.174625120682733	10000	-1.25361833640785	10000	0.971096661497306	10000	-1.80278866067004	10000
rs764	A	C	18.21875	10.109375	0.730623210639282	10000	-2.5956660481014	10000	1.58410682155291	10000	1.97098522563478	10000
rs765	A	C	2.38541666666667	2.19270833333333	-1.09912252461589	10000	0.32232057751173	10000	-0.0890719883170768	10000	-1.00371267272361	10000
rs766	A	C	5.75	3.875	1.20131731877707	10000	1.60071961439902	10000	-0.501442555421051	10000	-1.60298835662608	10000
rs767	A	C	9.11458333333333	5.55729166666667	0.15489724040954	10000	-0.466930751126057	10000	0.867809032294085	10000	0.621216308537657	10000
rs768	A	C	12.4791666666667	7.23958333333333	-1.96363659202567	10000	-0.397625531040603	10000	-2.15175250699989	10000	-1.1701849634405	10000
rs769	A	C	15.84375	8.921875	-0.427648652440769	10000	-1.1469042948356	10000	-0.432792736233505	10000	1.48229343256969	10000
rs770	A	C	19.2083333333333	10.6041666666667	-1.86048372554421	10000	-1.5993382288324	10000	0.205085572008077	10000	-0.763407113279379	10000
rs771	A	C	3.375	2.6875	-0.923713775937574	10000	-0.793022098010404	10000	0.528804939986654	10000	-0.570944536159787	10000
rs772	A	C	6.73958333333333	4.36979166666667	2.78913065821642	10000	0.198147115555411	10000	0.886019644379454	10000	0.766803029824254	10000
rs773	A	C	10.1041666666667	6.05208333333333	0.122764221073857	10000	1.23120054987603	10000	0.88357501239059	10000	-0.808290829878005	10000
rs774	A	C	13.46875	7.734375	0.357595815958652	10000	2.47148906644953	10000	0.25456809108677	10000	1.54964691254984	10000
rs775	A	C	16.8333333333333	9.41666666666667	1.59997633148511	10000	1.81171091177441	10000	1.88798090089083	10000	2.84052221259108	10000
rs776	A	C	1	1.5	-0.644561215752942	10000	0.652189779200657	10000	-0.581043435258699	10000	1.32464794171748	10000
rs777	A	C	4.36458333333333	3.18229166666667	0.0430584056704984	10000	1.98597422883733	10000	1.38824841956695	10000	0.847431896673719	10000
rs778	A	C	7.72916666666667	4.86458333333333	-0.827950042623919	10000	-0.450795750563259	10000	0.512488758772674	10000	0.816396376000516	10000
rs779	A	C	11.09375	6.546875	-1.34829980538891	10000	2.49498712338079	10000	1.19050902886427	10000	0.860495717793296	10000
rs780	A	C	14.4583333333333	8.22916666666667	-1.07261607368344	10000	0.08761052710781	10000	0.287132536338131	10000	2.55081336990751	10000
rs781	A	C	17.8229166666667	9.91145833333333	-1.22203437098533	10000	-1.00728073377651	10000	-2.47814802179628	10000	1.4225341088532	10000
rs782	A	C	1.98958333333333	1.99479166666667	-0.361288213830366	10000	0.685817189478244	10000	-0.809022613113621	10000	-1.93841652007267	10000
rs783	A	C	5.35416666666667	3.67708333333333	0.389484608289497	10000	0.719579029168749	10000	-0.86626276820905	10000	-0.351563286160425	10000
rs784	A	C	8.71875	5.359375	0.230762838614872	10000	-0.830808951602318	10000	2.23185418684019	10000	-0.487805723224152	10000
rs785	A	C	12.0833333333333	7.04166666666667	-1.87837773810317	10000	-0.957844602231584	10000	1.06460098645999	10000	1.13593635976599	10000
rs786	A	C	15.4479166666667	8.72395833333333	-2.11509078474387	10000	2.00518968293888	10000	-0.161435512932377	10000	-0.382151321351715	10000
rs787	A	C	18.8125	10.40625	-0.705714179243413	10000	-0.569003622661088	10000	0.32192567574702	10000	-0.855811610058653	10000
rs788	A	C	2.97916666666667	2.48958333333333	1.08373283316478	10000	1.41415107720964	10000	-0.0892500533275516	10000	0.24398081324968	10000
rs789	A	C	6.34375	4.171875	-2.901805685965	10000	-1.19195332284607	10000	-2.30648570320732	10000	-1.09760024734879	10000
rs790	A	C	9.70833333333333	5.85416666666667	0.893222810782774	10000	0.435435429305062	10000	0.687066039804848	10000	-0.539721915398946	10000
rs791	A	C	13.0729166666667	7.53645833333333	-1.36460640064623	10000	0.212079064781119	10000	-1.46703479498687	10000	0.0680686498195162	10000
rs792	A	C	16.4375	9.21875	0.082660228579934	10000	1.9386769499416	10000	-0.380530379984995	10000	0.531499209685428	10000
rs793	A	C	19.8020833333333	10.9010416666667	-3.50073398613923	10000	-0.746645049123372	10000	-2.23984313913366	10000	-1.88353615696868	10000
rs794	A	C	3.96875	2.984375	1.8721266311693	10000	1.53644301899436	10000	-0.123180583676991	10000	-1.18836195991967	10000
rs795	A	C	7.33333333333333	4.66666666666667	-0.14766630969716	10000	1.1017155871814	10000	0.152021118913066	10000	1.47780774555416	10000
rs796	A	C	10.6979166666667	6.34895833333333	0.433629348620461	10000	-0.823790625191786	10000	-3.00179997496783	10000	-1.49103333688514	10000
rs797	A	C	14.0625	8.03125	-1.34000293715604	10000	-0.525562835365547	10000	0.0270888574780309	10000	-0.380973618819004	10000
rs798	A	C	17.4270833333333	9.71354166666667	-0.844197185517856	10000	1.02737681526476	10000	-0.318663532251321	10000	-0.84394716720079	10000
rs799	A	C	1.59375	1.796875	-0.0657328888285815	10000	0.219499399714527	10000	0.0019300142026752	10000	-1.36315876616283	10000
rs800	A	C	4.95833333333333	3.47916666666667	1.04504909712667	10000	-1.36864645919435	10000	-0.381499839519662	10000	-0.70602984561202	10000
rs801	A	C	8.32291666666667	5.16145833333333	0.687062506023947	10000	1.38902593751722	10000	1.33589425011223	10000	0.506688652635955	10000
rs802	A	C	11.6875	6.84375	0.221925869721714	10000	-3.66086422173489	10000	-3.81920722192383	10000	-4.21959175700557	10000
rs803	A	C	15.0520833333333	8.52604166666667	0.420130938301418	10000	1.54047652713925	10000	-0.733171381086676	10000	1.25258529167139	10000
rs804	A	C	18.4166666666667	10.2083333333333	-1.02608237388308	10000	-1.37700333288529	10000	1.7550371375832	10000	-1.69508151239118	10000
rs805	A	C	2.58333333333333	2.29166666666667	-2.51055949782176	10000	1.44203695500977	10000	0.0180808138669059	10000	0.78898628734989	10000
rs806	A	C	5.94791666666667	3.97395833333333	0.0663347576629013	10000	-1.20974828074703	10000	-1.05625451299909	10000	-1.83195351063376	10000
rs807	A	C	9.3125	5.65625	-1.88735746550194	10000	-0.376438559509365	10000	-0.976658145910047	10000	0.337576753666225	10000
rs808	A	C	12.6770833333333	7.33854166666667	-1.28270447262378	10000	0.11622046173266	10000	-0.971606777666033	10000	1.10235438576704	10000
rs809	A	C	16.0416666666667	9.02083333333333	-0.453075132149026	10000	-0.652351856011827	10000	1.03537106058655	10000	-0.0958551538439432	10000
rs810	A	C	19.40625	10.703125	-1.0152876732259	10000	1.60603348614291	10000	0.673477391952127	10000	0.468709691104544	10000
rs811	A	C	3.57291666666667	2.78645833333333	1.60432412148128	10000	0.655843446910302	10000	0.691458745815282	10000	2.33153612952209	10000
rs812	A	C	6.9375	4.46875	-0.826580368703726	10000	-3.21047847267622	10000	-2.88956878744572	10000	-2.36428000456612	10000
rs813	A	C	10.3020833333333	6.15104166666667	1.13901223424177	10000	1.24384705616306	10000	2.13796189555335	10000	-0.0714970392177301	10000
rs814	A	C	13.6666666666667	7.83333333333333	-0.611437196606435	10000	0.793719527419385	10000	-0.21856752328995	10000	1.46570499733316	10000
rs815	A	C	17.03125	9.515625	-1.25740567196315	10000	0.14574432182722	10000	1.02823711868089	10000	0.109660660917313	10000
rs816	A	C	1.19791666666667	1.59895833333333	-0.114777721080771	10000	-0.699349953962103	10000	-0.608026470746356	10000	-1.74176263587884	10000
rs817	A	C	4.5625	3.28125	-0.174708999091257	10000	0.153576270029305	10000	2.66555215208708	10000	0.666065254168497	10000
rs818	A	C	7.92708333333333	4.96354166666667	1.12042611272074	10000	-1.71310388614958	10000	-0.273433124052659	10000	-0.478336856463588	10000
rs819	A	C	11.2916666666667	6.64583333333333	-0.313254686123833	10000	0.950681965219404	10000	1.49144464616268	10000	-0.393275746512711	10000
rs820	A	C	14.65625	8.328125	-0.632819853210236	10000	0.118253577085852	10000	1.1840901379901	10000	2.06239866747899	10000
rs821	A	C	18.0208333333333	10.0104166666667	0.171163968724295	10000	-2.47014546209558	10000	-1.31008782097356	10000	-0.267085180484811	10000
rs822	A	C	2.1875	2.09375	0.747046972267692	10000	0.910361809884244	10000	0.237851610706136	10000	1.91476712452452	10000
rs823	A	C	5.55208333333333	3.77604166666667	-0.914645203299819	10000	-0.0814616304843285	10000	-0.655212188043658	10000	-0.729933214819564	10000
rs824	A	C	8.91666666666667	5.45833333333333	-0.428793529386566	10000	-0.00226215784393964	10000	0.914003252341271	10000	-0.648052393321466	10000
rs825	A	C	12.28125	7.140625	-2.27499118657992	10000	-0.442129921245701	10000	-0.918646565407395	10000	-1.59597729313675	10000
rs826	A	C	15.6458333333333	8.82291666666667	0.421176590567509	10000	0.218930493295902	10000	2.5509030417787	10000	-0.38669220348443	10000
rs827	A	C	19.0104166666667	10.5052083333333	-0.693279794484959	10000	-0.937156961419139	10000	-1.26163514062386	10000	-1.76786695629056	10000
rs828	A	C	3.17708333333333	2.58854166666667	-0.70773370732799	10000	0.21310500994717	10000	1.31270784612291	10000	-0.301068537899321	10000
rs829	A	C	6.54166666666667	4.27083333333333	-0.869335504372581	10000	-0.164608105785448	10000	1.49822850754946	10000	-0.639050267098784	10000
rs830	A	C	9.90625	5.953125	-0.615195230925286	10000	0.0381850527735584	10000	-1.63225252272771	10000	-0.494573499882945	10000
rs831	A	C	13.2708333333333	7.63541666666667	0.642063232343085	10000	-2.18515637733852	10000	-0.0925880863479225	10000	-2.16696104130394	10000
rs832	A	C	16.6354166666667	9.31770833333333	0.00120421127111502	10000	1.71540811460967	10000	0.389573935707765	10000	0.692273108178308	10000
rs833	A	C	20	11	0.0462512041748467	10000	0.323442669168405	10000	2.04028192952515	10000	-2.01914767499495	10000
rs834	A	C	4.16666666666667	3.08333333333333	0.601541105380398	10000	1.24221227138009	10000	-0.000877254565422037	10000	0.102539639411098	10000
rs835	A	C	7.53125	4.765625	-1.31289811704012	10000	0.192021872941714	10000	0.182306254928495	10000	3.16037171083153	10000
rs836	A	C	10.8958333333333	6.44791666666667	-2.16943407722088	10000	-0.884085633547614	10000	-0.376857560355677	10000	-3.25235326909257	10000
rs837	A	C	14.2604166666667	8.13020833333333	-0.551991282949253	10000	-0.803638048338614	10000	0.23589773452907	10000	-1.69546480571506	10000
rs838	A	C	17.625	9.8125	-3.91775405318507	10000	-0.809609039516539	10000	-3.90852091132149	10000	-2.99845009535449	10000
rs839	A	C	1.79166666666667	1.89583333333333	-1.03347462656513	10000	0.865052890889324	10000	-0.548829070348997	10000	0.46624863752362	10000
rs840	A	C	5.15625	3.578125	-1.67423699820574	10000	-0.475725409038875	10000	-0.183125642029688	10000	-2.94125701853904	10000
rs841	A	C	8.52083333333333	5.26041666666667	-0.150340497261802	10000	0.829633501747181	10000	0.374227350007563	10000	2.23061671379516	10000
rs842	A	C	11.8854166666667	6.94270833333333	-1.8051698512482	10000	-0.441883762537514	10000	-1.70242958219509	10000	-2.55865579914827	10000
rs843	A	C	15.25	8.625	-0.806654852706913	10000	1.48634344505857	10000	3.28755828667061	10000	1.57415294751507	10000
rs844	A	C	18.6145833333333	10.3072916666667	-1.09374447702717	10000	-2.42706256811774	10000	-0.855533137692726	10000	-0.686927510887785	10000
rs845	A	C	2.78125	2.390625	0.197389553356452	10000	0.866203506895312	10000	0.490592372189876	10000	1.02584279263658	10000
rs846	A	C	6.14583333333333	4.07291666666667	-0.105098552004358	10000	-2.15531163168001	10000	-1.7879536511977	10000	-1.89759258137206	10000
rs847	A	C	9.51041666666667	5.75520833333333	0.71347312079874	10000	0.540887264381013	10000	0.111773626489183	10000	-0.255693098911598	10000
rs848	A	C	12.875	7.4375	-0.963490022860235	10000	-2.69031420204394	10000	1.44273678781379	10000	-0.628033454924211	10000
rs849	A	C	16.2395833333333	9.11979166666667	-0.312736443245253	10000	2.98616878861311	10000	1.55651426980212	10000	0.675688200719828	10000
rs850	A	C	19.6041666666667	10.8020833333333	-0.00266396737254123	10000	3.34436471017989	10000	3.04526133995811	10000	5.88095917197538	10000
rs851	A	C	3.77083333333333	2.88541666666667	-0.923221377934261	10000	2.2272091929046	10000	-0.49153093346473	10000	-0.110408132805941	10000
rs852	A	C	7.13541666666667	4.56770833333333	1.23880262574896	10000	1.46045404465501	10000	0.611831922819243	10000	0.134962041721817	10000
rs853	A	C	10.5	6.25	-0.793159830131261	10000	-0.418535128259443	10000	-0.519043498149327	10000	-1.35955101477329	10000
rs854	A	C	13.8645833333333	7.93229166666667	0.607095525673097	10000	-0.154111387830757	10000	-1.75184958661199	10000	-0.70197023672158	10000
rs855	A	C	17.2291666666667	9.61458333333333	-0.17569151520524	10000	2.48424965967924	10000	0.717113458021387	10000	0.918628917474293	10000
rs856	A	C	1.39583333333333	1.69791666666667	0.499490696664198	10000	-0.802979865086793	10000	-0.30944540815828	10000	1.43209996612037	10000
rs857	A	C	4.76041666666667	3.38020833333333	0.267821409153862	10000	-1.68867644603544	10000	-1.47011110446296	10000	0.0328785649167594	10000
rs858	A	C	8.125	5.0625	-1.00473158107706	10000	0.733662538599595	10000	-0.575504631175085	10000	1.40949351638515	10000
rs859	A	C	11.4895833333333	6.74479166666667	-0.270731038447649	10000	1.59262199273203	10000	0.986343508998443	10000	0.154503371759788	10000
rs860	A	C	14.8541666666667	8.42708333333333	1.42303841196379	10000	0.652434877071972	10000	2.01846531615184	10000	2.33789342795087	10000
rs861	A	C	18.21875	10.109375	2.71151565493441	10000	2.47817266237936	10000	2.71442756516449	10000	3.24856028551257	10000
rs862	A	C	2.38541666666667	2.19270833333333	-1.9561156964681	10000	1.2492496772743	10000	0.061070712465352	10000	0.840291441136088	10000
rs863	A	C	5.75	3.875	-0.588014225651629	10000	0.493004545042226	10000	0.0435562674785567	10000	-2.08308465039357	10000
rs864	A	C	9.11458333333333	5.55729166666667	1.01586600625743	10000	-0.492898492640409	10000	1.01769617524022	10000	-0.512234552729633	10000
rs865	A	C	12.4791666666667	7.23958333333333	0.939920325869607	10000	0.861514844249044	10000	0.564300862538517	10000	-0.550549274369581	10000
rs866	A	C	15.84375	8.921875	3.1992492173715	10000	0.283401468822896	10000	4.30578420977298	10000	2.72050641289901	10000
rs867	A	C	19.2083333333333	10.6041666666667	-0.377583422278103	10000	0.00294234926437223	10000	-0.308559827061952	10000	0.513622953970891	10000
rs868	A	C	3.375	2.6875	-0.264881366241412	10000	-0.0138420238749539	10000	1.58147960470623	10000	0.464915249323184	10000
rs869	A	C	6.73958333333333	4.36979166666667	-0.716949536664778	10000	1.04973533054854	10000	0.615088862404236	10000	0.897823967879867	10000
rs870	A	C	10.1041666666667	6.05208333333333	-1.41353671376312	10000	-0.538873330066628	10000	-1.96965979282672	10000	-2.86484337463962	10000
rs871	A	C	13.46875	7.734375	-0.408743903098954	10000	-2.06100373190979	10000	-1.37222491915788	10000	-1.38872952920485	10000
rs872	A	C	16.8333333333333	9.41666666666667	2.45867581834635	10000	2.03901733818063	10000	1.99268090326466	10000	1.20366000795567	10000
rs873	A	C	1	1.5	-1.47949865329289	10000	0.0259684710529297	10000	0.583233125358523	10000	0.320187028951893	10000
rs874	A	C	4.36458333333333	3.18229166666667	2.01506256765902	10000	-0.722563161461952	10000	0.830519414400597	10000	1.05892022277485	10000
rs875	A	C	7.72916666666667	4.86458333333333	0.193829197617692	10000	0.573588613806159	10000	-0.186407678471104	10000	-0.289095681964501	10000
rs876	A	C	11.09375	6.546875	0.606215309335855	10000	0.0592431919842371	10000	0.870027223674957	10000	-0.0381987222776223	10000
rs877	A	C	14.4583333333333	8.22916666666667	1.41495315483015	10000	2.70781715702038	10000	1.07675066656608	10000	0.055900494667311	10000
rs878	A	C	17.8229166666667	9.91145833333333	-1.06334496887404	10000	-0.236351021502337	10000	0.436743271753229	10000	0.320081777221897	10000
rs879	A	C	1.98958333333333	1.99479166666667	0.53718642064502	10000	0.3828895639214	10000	-1.01892793433885	10000	0.556076928524636	10000
rs880	A	C	5.35416666666667	3.67708333333333	0.177204625959175	10000	-0.409971445997114	10000	0.980085522297855	10000	1.51626438271632	10000
rs881	A	C	8.71875	5.359375	-0.87148173626092	10000	1.94202517599577	10000	1.80633002630261	10000	2.3444658002408	10000
rs882	A	C	12.0833333333333	7.04166666666667	0.488551986534177	10000	0.775638659357509	10000	-1.34946366479371	10000	0.290107866719394	10000
rs883	A	C	15.4479166666667	8.72395833333333	-2.13569947066355	10000	1.04697044426721	10000	-0.922101144570207	10000	-0.828439117336502	10000
rs884	A	C	18.8125	10.40625	1.00443220100074	10000	2.19449025898015	10000	1.7512568078187	10000	4.2224201527176	10000
rs885	A	C	2.97916666666667	2.48958333333333	1.05646189137804	10000	0.830018317953817	10000	0.0939064463260075	10000	-0.426996006253624	10000
rs886	A	C	6.34375	4.171875	0.362699317675254	10000	-1.5422280006954	10000	1.15031950623236	10000	-0.695418675551111	10000
rs887	A	C	9.70833333333333	5.85416666666667	0.220886861090414	10000	-0.675898359047729	10000	-0.836606479273904	10000	0.43293292564861	10000
rs888	A	C	13.0729166666667	7.53645833333333	0.395091925362395	10000	1.07816203354053	10000	-2.34898597957491	10000	2.12296244194724	10000
rs889	A	C	16.4375	9.21875	1.16649783812991	10000	-0.525576681163052	10000	1.6085654034044	10000	2.07813322943989	10000
rs890	A	C	19.8020833333333	10.9010416666667	-0.44726209866716	10000	0.0444605716557648	10000	-0.915472748402234	10000	-2.22991824394452	10000
rs891	A	C	3.96875	2.984375	-1.47768119253883	10000	-0.481817779595109	10000	0.132718325485065	10000	-0.74148920879061	10000
rs892	A	C	7.33333333333333	4.66666666666667	-0.823663198943252	10000	1.99992095168041	10000	1.73915853803176	10000	-0.604536338281038	10000
rs893	A	C	10.6979166666667	6.34895833333333	-2.55715002480893	10000	0.646346072565787	10000	0.095758129068355	10000	-0.221847062394353	10000
rs894	A	C	14.0625	8.03125	-1.39818768729733	10000	1.8483718700257	10000	-1.88023394121412	10000	0.893901620562284	10000
rs895	A	C	17.4270833333333	9.71354166666667	2.13622779517341	10000	0.501534231957023	10000	0.049360885512537	10000	-0.334870805705296	10000
rs896	A	C	1.59375	1.796875	-0.482104893195936	10000	-0.253329775513313	10000	-1.31074645769474	10000	-1.09443177385504	10000
rs897	A	C	4.95833333333333	3.47916666666667	1.10613162619336	10000	0.0895028817804836	10000	1.69720433313481	10000	0.338459295892482	10000
rs898	A	C	8.32291666666667	5.16145833333333	-0.130178195244082	10000	0.931775477821105	10000	-0.574099178716259	10000	-0.634134896147468	10000
rs899	A	C	11.6875	6.84375	0.76082018108959	10000	-1.70059951639568	10000	0.667784427368808	10000	-0.313677089014606	10000
rs900	A	C	15.0520833333333	8.52604166666667	2.07013154039266	10000	0.0106456670291494	10000	3.47345234570465	10000	2.0113736285324	10000
rs901	A	C	18.4166666666667	10.2083333333333	-1.68262476873191	10000	-1.5642271211624	10000	0.893583619297131	10000	0.0957040047102912	10000
rs902	A	C	2.58333333333333	2.29166666666667	-0.759708392177091	10000	0.32353863171807	10000	2.23454857600303	10000	1.10538767744448	10000
rs903	A	C	5.94791666666667	3.97395833333333	-0.320837607984012	10000	-0.32543355084003	10000	-1.06054388438478	10000	0.234983904458647	10000
rs904	A	C	9.3125	5.65625	-0.893739631653573	10000	0.371143848266404	10000	-0.850919447494861	10000	0.652018635846048	10000
rs905	A	C	12.6770833333333	7.33854166666667	-0.311099997470992	10000	-0.46335786898473	10000	0.469497861518318	10000	-2.14947593562676	10000
rs906	A	C	16.0416666666667	9.02083333333333	-1.16913673158409	10000	-1.30747000943936	10000	0.933373427762212	10000	-0.539647419500939	10000
rs907	A	C	19.40625	10.703125	1.59660623641127	10000	0.256375498238656	10000	2.57788911834257	10000	0.35470390016409	10000
rs908	A	C	3.57291666666667	2.78645833333333	-0.455462037709891	10000	0.577695623307883	10000	0.24941652343931	10000	-0.18053276370827	10000
rs909	A	C	6.9375	4.46875	1.2730168857845	10000	0.54230941817688	10000	0.691176598881057	10000	-1.44095555919273	10000
rs910	A	C	10.3020833333333	6.15104166666667	-0.337471252979	10000	-1.00288409885514	10000	0.538571601192304	10000	0.674538425082918	10000
rs911	A	C	13.6666666666667	7.83333333333333	0.950847511022416	10000	-0.0461044719203193	10000	0.389834474643518	10000	-0.522937038286009	10000
rs912	A	C	17.03125	9.515625	2.72629876563648	10000	3.2586284570828	10000	1.30325311371738	10000	-0.320482275201011	10000
rs913	A	C	1.19791666666667	1.59895833333333	0.258417643488541	10000	-0.609997247136818	10000	-1.51613532072038	10000	0.336769559305212	10000
rs914	A	C	4.5625	3.28125	0.999454135010301	10000	-2.13153136562408	10000	0.700570878276602	10000	1.66448457840452	10000
rs915	A	C	7.92708333333333	4.96354166666667	0.816373177404958	10000	0.979781470294603	10000	-0.834965683058784	10000	-1.22606799505633	10000
rs916	A	C	11.2916666666667	6.64583333333333	-1.26839075525093	10000	-1.70950571775632	10000	-0.43321540002344	10000	-1.403144594144	10000
rs917	A	C	14.65625	8.328125	-0.39629266554265	10000	0.167243280414242	10000	-0.0741135806208557	10000	-0.0246786739215111	10000
rs918	A	C	18.0208333333333	10.0104166666667	-1.07199909116967	10000	0.402911374594749	10000	0.399096374721273	10000	-0.510408803086468	10000
rs919	A	C	2.1875	2.09375	0.143357516822123	10000	-0.605473964535151	10000	-0.218503736250643	10000	0.0742821960486683	10000
rs920	A	C	5.55208333333333	3.77604166666667	-0.633918848377067	10000	1.42777061965127	10000	-1.61459085422683	10000	0.082008052158166	10000
rs921	A	C	8.91666666666667	5.45833333333333	1.64171104239926	10000	-0.169519690421162	10000	-0.659524802647551	10000	0.53293790650811	10000
rs922	A	C	12.28125	7.140625	-0.00262745406584874	10000	0.724918448384477	10000	2.6761744352802	10000	0.17777401835896	10000
rs923	A	C	15.6458333333333	8.82291666666667	0.938274475979902	10000	-2.7207213983196	10000	-0.485941431055348	10000	-0.357913576790665	10000
rs924	A	C	19.0104166666667	10.5052083333333	-0.816526438251175	10000	-1.04761089246592	10000	0.354966924953393	10000	0.593850049649018	10000
rs925	A	C	3.17708333333333	2.58854166666667	0.216892300731396	10000	-1.08341531976663	10000	-1.10395438137704	10000	-1.22382807185948	10000
rs926	A	C	6.54166666666667	4.27083333333333	-0.681073114356452	10000	0.860859496078546	10000	1.81558427538001	10000	0.431400298073811	10000
rs927	A	C	9.90625	5.953125	1.44707869624135	10000	1.37409495161038	10000	0.284395885219844	10000	1.28149390051561	10000
rs928	A	C	13.2708333333333	7.63541666666667	-0.510756709526761	10000	-0.299408138335715	10000	2.23466005868626	10000	-0.46331801207623	10000
rs929	A	C	16.6354166666667	9.31770833333333	1.0585161427857	10000	1.8003069015644	10000	1.40101761158381	10000	0.128450275351048	10000
rs930	A	C	20	11	-0.711974939270165	10000	-1.48140522886096	10000	0.273644675437891	10000	-0.120948809394783	10000
rs931	A	C	4.16666666666667	3.08333333333333	-0.551293877696716	10000	-0.633783857002117	10000	1.49638299458103	10000	-2.10960005726704	10000
rs932	A	C	7.53125	4.765625	-1.64266819045916	10000	2.29522817082182	10000	2.6800359930693	10000	2.31096755451248	10000
rs933	A	C	10.8958333333333	6.44791666666667	-0.638114481453234	10000	0.631292417538644	10000	-1.18778039778479	10000	0.564729988331723	10000
rs934	A	C	14.2604166666667	8.13020833333333	1.19961309110333	10000	-0.880443258985291	10000	0.742145309514763	10000	0.129017047473357	10000
rs935	A	C	17.625	9.8125	-1.85272729791726	10000	-1.7294778632675	10000	-1.40504581164034	10000	-0.435185384548937	10000
rs936	A	C	1.79166666666667	1.89583333333333	0.826222230057039	10000	1.58985073183872	10000	0.880911459975915	10000	-2.28727306916077	10000
rs937	A	C	5.15625	3.578125	-0.330425801611636	10000	1.03384522893885	10000	-0.635446694768505	10000	2.15531122185282	10000
rs938	A	C	8.52083333333333	5.26041666666667	0.255920480044322	10000	1.61867397093244	10000	1.42893161815201	10000	1.0654640832413	10000
rs939	A	C	11.8854166666667	6.94270833333333	-1.16843434089061	10000	-0.825314283330234	10000	1.09631835259882	10000	-1.49815661799821	10000
rs940	A	C	15.25	8.625	0.800271858476605	10000	-2.65000772599772	10000	0.742159895495659	10000	-0.959482864704624	10000
rs941	A	C	18.6145833333333	10.3072916666667	3.35475104099602	10000	2.06492971758055	10000	-0.259049118386808	10000	-0.225172851077547	10000
rs942	A	C	2.78125	2.390625	-0.950723683020257	10000	0.715982460562231	10000	0.740732860131892	10000	0.526434412439312	10000
rs943	A	C	6.14583333333333	4.07291666666667	0.342650502905505	10000	-1.38582244284498	10000	-1.14239989682047	10000	-0.478942016448201	10000
rs944	A	C	9.51041666666667	5.75520833333333	-1.21332719724186	10000	-0.0167049995687162	10000	0.410968001057618	10000	1.48604555234699	10000
rs945	A	C	12.875	7.4375	-0.451350785062656	10000	1.62873047114428	10000	1.61493032716972	10000	0.556308427889286	10000
rs946	A	C	16.2395833333333	9.11979166666667	-0.119126418458859	10000	-0.16915401168739	10000	1.6309838174201	10000	2.31389397757567	10000
rs947	A	C	19.6041666666667	10.8020833333333	0.719688345128083	10000	0.271856267062942	10000	-0.0438408245819057	10000	-0.832128785015957	10000
rs948	A	C	3.77083333333333	2.88541666666667	-0.285998311901244	10000	-0.828399020322439	10000	-0.716372064673244	10000	-1.15923440242227	10000
rs949	A	C	7.13541666666667	4.56770833333333	0.17756383504902	10000	0.865448520799854	10000	0.248735241656904	10000	-0.38967573462123	10000
rs950	A	C	10.5	6.25	-0.474111977746721	10000	0.40729392768177	10000	-0.0431764473288483	10000	-0.473243029417046	10000
rs951	A	C	13.8645833333333	7.93229166666667	-1.31842910225022	10000	0.14031905130235	10000	0.348401077144383	10000	-0.813953752545367	10000
rs952	A	C	17.2291666666667	9.61458333333333	0.258691664792288	10000	-1.00807435570839	10000	1.86089429959708	10000	0.0794104781901557	10000
rs953	A	C	1.39583333333333	1.69791666666667	-0.145540670684917	10000	1.04940757259415	10000	0.877688045391579	10000	0.783189912407467	10000
rs954	A	C	4.76041666666667	3.38020833333333	1.55446835599393	10000	2.16110124104268	10000	2.53138528608908	10000	0.831893274988014	10000
rs955	A	C	8.125	5.0625	1.71300204490706	10000	0.859881207063329	10000	-1.02890197850903	10000	-1.63485592690638	10000
rs956	A	C	11.4895833333333	6.74479166666667	1.30684797736268	10000	0.702544626872059	10000	-0.283386119487571	10000	0.214631885745137	10000
rs957	A	C	14.8541666666667	8.42708333333333	1.4271395554394	10000	-0.405937355844712	10000	-0.15426322037498	10000	-0.641955635646549	10000
rs958	A	C	18.21875	10.109375	-2.28255406972442	10000	-0.197220663000819	10000	0.966820102289808	10000	0.545227749832966	10000
rs959	A	C	2.38541666666667	2.19270833333333	2.09950062548694	10000	0.133040696330564	10000	-0.817549202124734	10000	0.691804276127757	10000
rs960	A	C	5.75	3.875	0.132652132623227	10000	-2.0646276556928	10000	-2.44327822935237	10000	-0.805404726033303	10000
rs961	A	C	9.11458333333333	5.55729166666667	-0.307685398272431	10000	2.51462528579579	10000	0.40094656108965	10000	2.87140898766167	10000
rs962	A	C	12.4791666666667	7.23958333333333	-1.27774819831493	10000	2.67780761068551	10000	1.09449481606795	10000	2.03731707215782	10000
rs963	A	C	15.84375	8.921875	0.774543433006428	10000	0.492319212096995	10000	-0.810630523429173	10000	-0.0110246717214458	10000
rs964	A	C	19.2083333333333	10.6041666666667	-0.8974140109082	10000	-3.1633661690816	10000	-1.76628337678157	10000	0.695417315826362	10000
rs965	A	C	3.375	2.6875	1.21204335735992	10000	0.963083161062191	10000	-1.20499203735493	10000	-0.155090286991384	10000
rs966	A	C	6.73958333333333	4.36979166666667	1.57934430635522	10000	1.60253920009876	10000	0.269394442257603	10000	0.100679069112177	10000
rs967	A	C	10.1041666666667	6.05208333333333	-0.418263601975096	10000	-1.96583811398808	10000	1.55957784792179	10000	-0.240373729934273	10000
rs968	A	C	13.46875	7.734375	-0.104772561257642	10000	1.47938463606553	10000	1.61212436484859	10000	-0.16652682419695	10000
rs969	A	C	16.8333333333333	9.41666666666667	-1.22585146266884	10000	0.0283811285975957	10000	0.803804963382468	10000	1.28779332895051	10000
rs970	A	C	1	1.5	0.660953254223696	10000	1.4883163813204	10000	1.54460514330364	10000	1.47682972384359	10000
rs971	A	C	4.36458333333333	3.18229166666667	-0.0986553910133446	10000	1.58669842887098	10000	1.68997084321864	10000	1.6346157196317	10000
rs972	A	C	7.72916666666667	4.86458333333333	-0.41550120111627	10000	-0.230110033860831	10000	-0.349894284147171	10000	-0.31037231550712	10000
rs973	A	C	11.09375	6.546875	1.81077577140625	10000	-0.338657820084219	10000	0.958947727381062	10000	-0.594916989738522	10000
rs974	A	C	14.4583333333333	8.22916666666667	-0.900887287569652	10000	-0.182089287133055	10000	2.45929693209213	10000	0.587919973525789	10000
rs975	A	C	17.8229166666667	9.91145833333333	3.39032333727197	10000	0.115612127373589	10000	1.07455995277621	10000	0.328749297867308	10000
rs976	A	C	1.98958333333333	1.99479166666667	0.287931162377353	10000	2.07722238872048	10000	2.11156790426148	10000	-0.211476004062002	10000
rs977	A	C	5.35416666666667	3.67708333333333	0.128206974678481	10000	-2.84944631072753	10000	-0.217220544144046	10000	-2.63904179023733	10000
rs978	A	C	8.71875	5.359375	0.616950460280992	10000	0.673285604897846	10000	-0.0158549105116909	10000	0.5395047757617	10000
rs979	A	C	12.0833333333333	7.04166666666667	-2.81758282967334	10000	-1.07743538837029	10000	-3.38130751379944	10000	-2.62512398483365	10000
rs980	A	C	15.4479166666667	8.72395833333333	-0.391738320002868	10000	-0.32000452256237	10000	0.372255462965201	10000	-0.749592640253328	10000
rs981	A	C	18.8125	10.40625	-0.154283595366542	10000	-1.27031693849286	10000	2.09152150957097	10000	-0.886907322603705	10000
rs982	A	C	2.97916666666667	2.48958333333333	-1.29616695181102	10000	-1.58752629493801	10000	-0.734271627057808	10000	-0.786904580928555	10000
rs983	A	C	6.34375	4.171875	0.700624440924823	10000	-0.101558426430947	10000	1.85013640015366	10000	0.898408875483746	10000
rs984	A	C	9.70833333333333	5.85416666666667	0.89801914889239	10000	-0.140098770040933	10000	3.02165766119818	10000	3.38722169216365	10000
rs985	A	C	13.0729166666667	7.53645833333333	0.618432709209105	10000	-0.915945625257092	10000	-0.149104701471377	10000	0.821180064284058	10000
rs986	A	C	16.4375	9.21875	1.69889963141589	10000	-0.169748183408728	10000	0.489332991772592	10000	2.09742864419464	10000
rs987	A	C	19.8020833333333	10.9010416666667	0.943669746027764	10000	2.382022868049	10000	2.71653331496873	10000	-0.395434216090299	10000
rs988	A	C	3.96875	2.984375	1.22176440812449	10000	-0.0559444312151763	10000	-0.748570229759705	10000	-0.353172844080845	10000
rs989	A	C	7.33333333333333	4.66666666666667	-1.55176988751191	10000	-0.00525324215510525	10000	-0.588121087747986	10000	-1.80076543468738	10000
rs990	A	C	10.6979166666667	6.34895833333333	-0.334554286940206	10000	2.2925315635309	10000	-0.877388989177351	10000	-1.33594929700579	10000
rs991	A	C	14.0625	8.03125	1.00485633959177	10000	-1.72394537771121	10000	-0.618867692157497	10000	1.34574939773159	10000
rs992	A	C	17.4270833333333	9.71354166666667	0.442134955390956	10000	-1.39907008960549	10000	-0.91770187281524	10000	0.708494301705521	10000
rs993	A	C	1.59375	1.796875	1.46472358014861	10000	0.0740637062187473	10000	0.029260210545822	10000	1.00233368409711	10000
rs994	A	C	4.95833333333333	3.47916666666667	-0.0877624645384306	10000	1.45438254581377	10000	0.0434727889792267	10000	1.46310093562105	10000
rs995	A	C	8.32291666666667	5.16145833333333	0.908731502648606	10000	1.53176660218573	10000	1.264252385874	10000	0.507797232078949	10000
rs996	A	C	11.6875	6.84375	0.396317619434739	10000	1.26524550562498	10000	1.81956088048873	10000	0.676824465361934	10000
rs997	A	C	15.0520833333333	8.52604166666667	0.745590931070316	10000	1.00861221896652	10000	-1.6104204682439	10000	-0.800312380919107	10000
rs998	A	C	18.4166666666667	10.2083333333333	0.441587326965598	10000	-1.79518403042254	10000	-1.72682249478768	10000	-1.48632802625706	10000
rs999	A	C	2.58333333333333	2.29166666666667	0.22098309086476	10000	-1.21980035706709	10000	-0.533301048987582	10000	-2.3638155809744	10000
rs1000	A	C	5.94791666666667	3.97395833333333	1.10635791859361	10000	1.65835015829306	10000	0.4250926033211	10000	2.18710182946299	10000
rs1001	A	C	9.3125	5.65625	-0.232516968903022	10000	-0.522288064833231	10000	0.161715704483805	10000	0.0969963558892603	10000
rs1002	A	C	12.6770833333333	7.33854166666667	-0.835058113306902	10000	-0.393433843315958	10000	-0.355017496548224	10000	-0.194315467256529	10000
rs1003	A	C	16.0416666666667	9.02083333333333	-1.47494191080225	10000	-1.6210360687954	10000	-0.958192189264836	10000	-1.87719036293555	10000
rs1004	A	C	19.40625	10.703125	-1.39788054554416	10000	1.54219306661387	10000	2.65153098252411	10000	0.121494770984459	10000
rs1005	A	C	3.57291666666667	2.78645833333333	-0.5904049447528	10000	1.30141875774351	10000	1.00704758344947	10000	-0.0690965301538116	10000
rs1006	A	C	6.9375	4.46875	-0.70084676309643	10000	-3.08574501036281	10000	-2.06252528425882	10000	-0.740142764928147	10000
rs1007	A	C	10.3020833333333	6.15104166666667	-0.306789077659466	10000	-0.52058397470354	10000	-0.444695698510456	10000	2.87929791431007	10000
rs1008	A	C	13.6666666666667	7.83333333333333	-2.40840548821913	10000	-0.316644499149735	10000	1.48708126771515	10000	-2.61095464306189	10000
rs1009	A	C	17.03125	9.515625	0.82429727883123	10000	0.0601924680900425	10000	-0.369201602401018	10000	-0.839440228507045	10000
rs1010	A	C	1.19791666666667	1.59895833333333	-0.803351385195025	10000	-0.11297957874093	10000	1.31593033347862	10000	1.23170601953688	10000
rs1011	A	C	4.5625	3.28125	-1.79803649680815	10000	-1.52894473149799	10000	-0.739056113220791	10000	0.0944636841737451	10000
rs1012	A	C	7.92708333333333	4.96354166666667	0.181542237352023	10000	1.2722480703417	10000	0.27575233917457	10000	0.580308309907166	10000
rs1013	A	C	11.2916666666667	6.64583333333333	1.39797851779617	10000	-0.80862991147246	10000	-1.6176160419215	10000	-1.65403230737214	10000
rs1014	A	C	14.65625	8.328125	1.54535562456564	10000	0.972233887341054	10000	0.412311405556219	10000	2.94050330769832	10000
rs1015	A	C	18.0208333333333	10.0104166666667	1.1039856868251	10000	-0.407856879442675	10000	-1.41256070502914	10000	0.161214073107295	10000
rs1016	A	C	2.1875	2.09375	0.103668790177644	10000	1.12384064951101	10000	-0.453983816756099	10000	0.208123931642261	10000
rs1017	A	C	5.55208333333333	3.77604166666667	-0.157396128344746	10000	1.18212811853225	10000	-0.798544428507863	10000	-2.31020991858854	10000
rs1018	A	C	8.91666666666667	5.45833333333333	-0.0175014725694199	10000	-0.395968453948634	10000	-0.538251991157186	10000	0.906439527029994	10000
rs1019	A	C	12.28125	7.140625	-0.361306748344409	10000	-3.83536771148247	10000	-1.28084431090348	10000	-2.76583976958304	10000
rs1020	A	C	15.6458333333333	8.82291666666667	0.549732075056992	10000	0.0945951873340443	10000	0.63439407879052	10000	-1.70051549482923	10000
rs1021	A	C	19.0104166666667	10.5052083333333	-0.530070039118004	10000	-1.7381647082609	10000	0.176009087714803	10000	0.0672027480895271	10000
rs1022	A	C	3.17708333333333	2.58854166666667	0.939915429972568	10000	-2.09369250599581	10000	-1.30157097863083	10000	-0.950461009534019	10000
rs1023	A	C	6.54166666666667	4.27083333333333	1.20914026109241	10000	-0.634173103418204	10000	-1.6202346949542	10000	-0.382529925166376	10000
rs1024	A	C	9.90625	5.953125	1.63398503375217	10000	2.65495471153411	10000	0.229724609109763	10000	1.09883066723507	10000
rs1025	A	C	13.2708333333333	7.63541666666667	-0.804132547186473	10000	0.57844429431296	10000	-0.0785585149800794	10000	-0.016637504216354	10000
rs1026	A	C	16.6354166666667	9.31770833333333	0.0704014024906718	10000	3.7207998801032	10000	1.88072948175357	10000	-1.15402754170147	10000
rs1027	A	C	20	11	-1.2280510194913	10000	-0.84119053789209	10000	-0.249287430197825	10000	1.57647128119094	10000
rs1028	A	C	4.16666666666667	3.08333333333333	1.5503092335696	10000	-0.0530065852322094	10000	0.465974017865031	10000	1.30302338088168	10000
rs1029	A	C	7.53125	4.765625	1.16023114305975	10000	0.604208264252192	10000	-0.442130145873775	10000	-0.57361585595376	10000
rs1030	A	C	10.8958333333333	6.44791666666667	1.55661807868131	10000	-0.494053016894597	10000	0.672321591681629	10000	-0.844047392561095	10000
rs1031	A	C	14.2604166666667	8.13020833333333	0.125600290256577	10000	0.495913006198531	10000	0.149765177780514	10000	0.95685373747737	10000
rs1032	A	C	17.625	9.8125	-2.19906432007774	10000	-0.335722876199683	10000	-2.95094002579046	10000	-1.15918989928968	10000
rs1033	A	C	1.79166666666667	1.89583333333333	-2.33782738926563	10000	-2.2914072881947	10000	0.148114826733986	10000	-1.35698945133612	10000
rs1034	A	C	5.15625	3.578125	2.63478948588635	10000	0.0074365938201616	10000	0.363310495446851	10000	1.00661142566193	10000
rs1035	A	C	8.52083333333333	5.26041666666667	-0.527825399266623	10000	0.160751215840836	10000	1.3429863345029	10000	2.1215003758987	10000
rs1036	A	C	11.8854166666667	6.94270833333333	-0.0969183142450425	10000	0.270107658474273	10000	-2.71476666322799	10000	0.458622273255404	10000
rs1037	A	C	15.25	8.625	0.668358784946636	10000	0.995392905554058	10000	0.778917747293975	10000	0.792950843658777	10000
rs1038	A	C	18.6145833333333	10.3072916666667	-2.7655455809214	10000	1.19801210260686	10000	0.934684090281793	10000	1.44475314001102	10000
rs1039	A	C	2.78125	2.390625	-0.489994128132774	10000	-0.333082949701657	10000	0.546343116964142	10000	0.377695307093088	10000
rs1040	A	C	6.14583333333333	4.07291666666667	0.750869132070952	10000	-2.57577080605817	10000	-1.09745032643442	10000	-1.03149995048836	10000
rs1041	A	C	9.51041666666667	5.75520833333333	-2.01364344372941	10000	-0.716208583880663	10000	-1.82684094168505	10000	-0.547420366794347	10000
rs1042	A	C	12.875	7.4375	-0.649699395625498	10000	-0.866522785864772	10000	-2.38199075707859	10000	-0.017426415762252	10000
rs1043	A	C	16.2395833333333	9.11979166666667	-1.37286826720896	10000	-2.02824290231635	10000	-2.60196255634602	10000	-1.63358464904173	10000
rs1044	A	C	19.6041666666667	10.8020833333333	1.49364964331327	10000	-0.00369600642368256	10000	3.08742380279586	10000	3.86608331031674	10000
rs1045	A	C	3.77083333333333	2.88541666666667	-1.52758931340772	10000	-2.893760177627	10000	0.586816004207167	10000	-1.17084551309979	10000
rs1046	A	C	7.13541666666667	4.56770833333333	1.34398266747349	10000	-0.774408365359478	10000	1.44853813621171	10000	1.45804690894965	10000
rs1047	A	C	10.5	6.25	2.65534023293234	10000	0.675674867403652	10000	2.40755801769442	10000	1.1371595223562	10000
rs1048	A	C	13.8645833333333	7.93229166666667	0.589138294690495	10000	0.474293472207953	10000	2.90360266488799	10000	2.00995882353852	10000
rs1049	A	C	17.2291666666667	9.61458333333333	-0.52588825936889	10000	2.20038056663237	10000	-0.0189115651336895	10000	0.272488257419584	10000
rs1050	A	C	1.39583333333333	1.69791666666667	-0.303242619272064	10000	0.420331821696246	10000	-1.12437736491832	10000	1.01120390045171	10000
rs1051	A	C	4.76041666666667	3.38020833333333	0.850867485234703	10000	0.53647950026039	10000	1.80247997271905	10000	0.592294896247296	10000
rs1052	A	C	8.125	5.0625	0.842913910141319	10000	0.0281579745723143	10000	0.266567619411144	10000	-1.01586972866683	10000
rs1053	A	C	11.4895833333333	6.74479166666667	-1.64797534483986	10000	-2.00353931515074	10000	-0.128585909542929	10000	-1.25305303199505	10000
rs1054	A	C	14.8541666666667	8.42708333333333	-1.29487660581627	10000	-0.221902383502436	10000	-1.04569373315715	10000	-0.512345391332825	10000
rs1055	A	C	18.21875	10.109375	0.417368382333831	10000	-1.08720883126088	10000	0.0244993827088145	10000	-1.9600125314282	10000
rs1056	A	C	2.38541666666667	2.19270833333333	0.467185214136612	10000	0.115054676994306	10000	2.49998297975857	10000	-0.585350615351023	10000
rs1057	A	C	5.75	3.875	-1.07881212184992	10000	0.298106879688425	10000	-0.934044161430306	10000	0.215450532988586	10000
rs1058	A	C	9.11458333333333	5.55729166666667	-0.141904346330289	10000	-0.235826982976959	10000	-0.864158476455895	10000	-0.00406473302871124	10000
rs1059	A	C	12.4791666666667	7.23958333333333	0.601234886425611	10000	0.102355611276886	10000	0.661917940414742	10000	-1.88297530900618	10000
rs1060	A	C	15.84375	8.921875	-1.75852853818127	10000	0.335543485473612	10000	-0.379496516445613	10000	0.227654108578595	10000
rs1061	A	C	19.2083333333333	10.6041666666667	1.38429959915488	10000	-0.537012585236813	10000	0.126048438091459	10000	2.76769813846254	10000
rs1062	A	C	3.375	2.6875	0.497511306760291	10000	-2.01390986995552	10000	-1.84464831869924	10000	-2.32047976318472	10000
rs1063	A	C	6.73958333333333	4.36979166666667	1.0073264034632	10000	0.255338863188593	10000	-0.175737014130899	10000	1.32745316202996	10000
rs1064	A	C	10.1041666666667	6.05208333333333	-1.52616924471613	10000	-1.66028875270815	10000	-2.61851607431337	10000	-1.52748834336627	10000
rs1065	A	C	13.46875	7.734375	1.21547278068029	10000	1.96043360749289	10000	-1.01415642907742	10000	1.29471205776299	10000
rs1066	A	C	16.8333333333333	9.41666666666667	-1.84838108726424	10000	-0.345023376712456	10000	-1.6096296315123	10000	-1.57194449910656	10000
rs1067	A	C	1	1.5	1.18423070100001	10000	-0.835868705738996	10000	0.31756068742736	10000	-0.885881947744806	10000
rs1068	A	C	4.36458333333333	3.18229166666667	-1.56916657840908	10000	-2.32930946064916	10000	-0.848254804278723	10000	-0.618129189484869	10000
rs1069	A	C	7.72916666666667	4.86458333333333	0.234375374728167	10000	1.16567902032168	10000	0.793506141823157	10000	-0.533163447589874	10000
rs1070	A	C	11.09375	6.546875	-1.11775981139942	10000	2.7292496966966	10000	-0.242992089540481	10000	1.71161615172888	10000
rs1071	A	C	14.4583333333333	8.22916666666667	-3.53097328719604	10000	0.653000025408263	10000	0.593563255825291	10000	-0.99557919829968	10000
rs1072	A	C	17.8229166666667	9.91145833333333	0.013743919556326	10000	2.81828512504816	10000	-0.848530963204689	10000	0.497993612692123	10000
rs1073	A	C	1.98958333333333	1.99479166666667	-0.430935263517467	10000	-0.753778148489503	10000	0.235315817122832	10000	1.95078594807847	10000
rs1074	A	C	5.35416666666667	3.67708333333333	-2.01831957330198	10000	-1.57863868152816	10000	-0.279849821996851	10000	-0.735850566122709	10000
rs1075	A	C	8.71875	5.359375	-0.27840556823722	10000	-2.24181905888486	10000	0.311296047089366	10000	-1.79556438011127	10000
rs1076	A	C	12.0833333333333	7.04166666666667	0.31986729070864	10000	1.29969448223471	10000	-1.07369554914516	10000	-0.780255533969131	10000
rs1077	A	C	15.4479166666667	8.72395833333333	-0.919868164714395	10000	-1.31339605077737	10000	-1.84812716347446	10000	-0.681269039212341	10000
rs1078	A	C	18.8125	10.40625	-1.9270552371414	10000	-0.225539447308913	10000	-1.02758038751789	10000	-2.23916434730394	10000
rs1079	A	C	2.97916666666667	2.48958333333333	1.00802769840217	10000	1.10317294183047	10000	0.721855219037142	10000	-1.03622425882327	10000
rs1080	A	C	6.34375	4.171875	-0.289948900754774	10000	-0.788730334324496	10000	0.82906787149438	10000	-0.0401325487308971	10000
rs1081	A	C	9.70833333333333	5.85416666666667	-1.97758779699704	10000	0.0285295993261789	10000	-1.05727641052265	10000	-0.903740235995362	10000
rs1082	A	C	13.0729166666667	7.53645833333333	1.2604496692271	10000	-0.0239140926586869	10000	-1.15245657486167	10000	-0.817633886623512	10000
rs1083	A	C	16.4375	9.21875	0.391246111521157	10000	1.79714952902423	10000	-0.712906717550154	10000	-1.10357220790991	10000
rs1084	A	C	19.8020833333333	10.9010416666667	-3.30339061651852	10000	-2.36323796028127	10000	-0.339952346372317	10000	-1.06922825253383	10000
rs1085	A	C	3.96875	2.984375	1.60679633694174	10000	-1.9196755245965	10000	0.419621617505028	10000	0.582990841569399	10000
rs1086	A	C	7.33333333333333	4.66666666666667	1.95941468943635	10000	-1.55802694378621	10000	-1.31405158632217	10000	-1.52617462496805	10000
rs1087	A	C	10.6979166666667	6.34895833333333	0.547938484176467	10000	0.982059341154931	10000	-0.130597485485338	10000	0.533424193882037	10000
rs1088	A	C	14.0625	8.03125	0.500394189146426	10000	1.41204989820261	10000	0.65393254099616	10000	-0.855176800584519	10000
rs1089	A	C	17.4270833333333	9.71354166666667	-0.220712473270675	10000	-0.305632779800632	10000	-0.407215237453078	10000	-2.39125928124835	10000
rs1090	A	C	1.59375	1.796875	0.469739562456926	10000	0.513156533095235	10000	-1.41517430180813	10000	0.133163512906636	10000
rs1091	A	C	4.95833333333333	3.47916666666667	0.877473190570961	10000	0.334646359049779	10000	-1.41451170599109	10000	-2.76542340463595	10000
rs1092	A	C	8.32291666666667	5.16145833333333	-0.353135559564294	10000	0.0898377286641021	10000	1.64098876886999	10000	0.935682497494125	10000
rs1093	A	C	11.6875	6.84375	-0.0373802565457971	10000	0.887862154672437	10000	-0.519327970983744	10000	1.71772202434309	10000
rs1094	A	C	15.0520833333333	8.52604166666667	-0.672429460121543	10000	-0.295407001456078	10000	0.461608641107934	10000	-1.47515103655299	10000
rs1095	A	C	18.4166666666667	10.2083333333333	0.982506011831199	10000	0.0980110984808167	10000	-1.89049390857946	10000	0.343488704635983	10000
rs1096	A	C	2.58333333333333	2.29166666666667	-1.4192683293029	10000	-1.70441148623236	10000	0.0090580270635936	10000	-1.01860027877387	10000
rs1097	A	C	5.94791666666667	3.97395833333333	1.01243241609118	10000	1.38455707501685	10000	-0.775268162232847	10000	-0.278823247884858	10000
rs1098	A	C	9.3125	5.65625	0.773751825001118	10000	1.00492253386902	10000	2.46223022590465	10000	1.53559401006668	10000
rs1099	A	C	12.6770833333333	7.33854166666667	-0.537266063560801	10000	-1.40387101001936	10000	-0.12758389813985	10000	-1.86973567906347	10000
rs1100	A	C	16.0416666666667	9.02083333333333	0.313735905984738	10000	0.627641135583281	10000	-0.490747936843317	10000	-0.32750358802702	10000
rs1101	A	C	19.40625	10.703125	0.00996085350942149	10000	1.37741778230264	10000	1.36061302906635	10000	-1.09750103215597	10000
rs1102	A	C	3.57291666666667	2.78645833333333	-1.83426547261538	10000	0.911148238576793	10000	-0.239605884377455	10000	0.529222347139812	10000
rs1103	A	C	6.9375	4.46875	0.80971327905438	10000	0.119358805424314	10000	-1.03454730999142	10000	0.130438925623973	10000
rs1104	A	C	10.3020833333333	6.15104166666667	1.22474612332348	10000	1.06617118096581	10000	2.10633785040193	10000	2.64207231497167	10000
rs1105	A	C	13.6666666666667	7.83333333333333	-0.179251867766677	10000	-1.26113509854326	10000	-0.0766840032039683	10000	3.27987220040015	10000
rs1106	A	C	17.03125	9.515625	-2.5415792938279	10000	-1.80871750374459	10000	1.90315895069099	10000	-2.81752578281519	10000
rs1107	A	C	1.19791666666667	1.59895833333333	-1.56374737556005	10000	-0.302419315736649	10000	-2.80134943914838	10000	-0.257731541672707	10000
rs1108	A	C	4.5625	3.28125	0.670565277980293	10000	-1.11509279691863	10000	-0.421074637015323	10000	-0.879273981064445	10000
rs1109	A	C	7.92708333333333	4.96354166666667	-0.378730928147819	10000	0.144363706738379	10000	0.433918394184591	10000	-1.22202908634282	10000
rs1110	A	C	11.2916666666667	6.64583333333333	2.39246165090665	10000	-0.941979018556614	10000	-1.12414493513831	10000	-1.59662353066951	10000
rs1111	A	C	14.65625	8.328125	-2.23384338145915	10000	-1.44048630405646	10000	-1.33655705336492	10000	-4.82469920733587	10000
rs1112	A	C	18.0208333333333	10.0104166666667	0.253694534227307	10000	-1.11712307209776	10000	0.199928444645271	10000	-0.652974698381864	10000
rs1113	A	C	2.1875	2.09375	-1.35861017615683	10000	0.337253259218845	10000	0.222808926397829	10000	2.89824833797521	10000
rs1114	A	C	5.55208333333333	3.77604166666667	0.839777224533901	10000	0.4199671019742	10000	-0.224536097933471	10000	1.23456284206153	10000
rs1115	A	C	8.91666666666667	5.45833333333333	0.0865312578266805	10000	-1.08579506814829	10000	-0.422105699402158	10000	-0.891981129858624	10000
rs1116	A	C	12.28125	7.140625	1.55809902345881	10000	0.379497206038784	10000	2.06731539672227	10000	2.07413958980943	10000
rs1117	A	C	15.6458333333333	8.82291666666667	-2.40895656840047	10000	-1.8360380399125	10000	-1.451723676206	10000	0.472779055983268	10000
rs1118	A	C	19.0104166666667	10.5052083333333	0.166345900497882	10000	0.0674933671766995	10000	-2.18867397902884	10000	-1.19701254120917	10000
rs1119	A	C	3.17708333333333	2.58854166666667	0.462178818182296	10000	0.127736430654476	10000	-0.271644045620198	10000	0.253765071767519	10000
rs1120	A	C	6.54166666666667	4.27083333333333	-0.772034122515149	10000	-2.20964729470971	10000	-1.69899817044302	10000	-0.067717166117777	10000
rs1121	A	C	9.90625	5.953125	-0.0257465906418081	10000	0.570154048517967	10000	0.159372788070258	10000	-0.8391419676603	10000
rs1122	A	C	13.2708333333333	7.63541666666667	1.73236790707547	10000	1.66613125095877	10000	1.86187174655671	10000	1.22927186417777	10000
rs1123	A	C	16.6354166666667	9.31770833333333	-1.56225322249591	10000	0.748349112405868	10000	0.94695508168885	10000	-0.214609174333402	10000
rs1124	A	C	20	11	0.219934578913039	10000	0.252493744101617	10000	1.21026008865205	10000	2.22506058122817	10000
rs1125	A	C	4.16666666666667	3.08333333333333	-0.050867532394739	10000	1.06420613737845	10000	1.85308419584905	10000	0.786757107115859	10000
rs1126	A	C	7.53125	4.765625	-0.771972257497595	10000	-2.21600934887923	10000	0.163536183262797	10000	-1.70007742813989	10000
rs1127	A	C	10.8958333333333	6.44791666666667	-1.17207117816331	10000	-0.422360535104853	10000	-1.7259885963382	10000	-0.00120082524751286	10000
rs1128	A	C	14.2604166666667	8.13020833333333	0.189589364021208	10000	1.85285978838152	10000	-2.61474754424801	10000	0.865420652455918	10000
rs1129	A	C	17.625	9.8125	0.995813009080662	10000	1.28149458060474	10000	1.28298191074192	10000	2.39664963768281	10000
rs1130	A	C	1.79166666666667	1.89583333333333	0.0795716886178092	10000	-1.7090834721652	10000	-1.06926143599786	10000	0.0206108004072545	10000
rs1131	A	C	5.15625	3.578125	-0.63116814874029	10000	0.0106802999687982	10000	0.192449778897033	10000	0.527531571768861	10000
rs1132	A	C	8.52083333333333	5.26041666666667	-0.396294423952487	10000	1.60316832164828	10000	0.792414802577471	10000	0.601045344053219	10000
rs1133	A	C	11.8854166666667	6.94270833333333	-0.529718880661499	10000	1.47263467346306	10000	-1.40624532367361	10000	-1.55293935278033	10000
rs1134	A	C	15.25	8.625	0.06306425559334	10000	-0.255345968991136	10000	0.119029911525297	10000	-1.59309474285279	10000
rs1135	A	C	18.6145833333333	10.3072916666667	2.06681976562743	10000	-0.280211964921614	10000	1.10876131271302	10000	-0.650217112753293	10000
rs1136	A	C	2.78125	2.390625	-0.82223950391786	10000	0.444500447821445	10000	-1.26072213542112	10000	-0.0465397409721762	10000
rs1137	A	C	6.14583333333333	4.07291666666667	1.71826654167808	10000	1.4652746449977	10000	0.453901762119009	10000	-1.64684286164479	10000
rs1138	A	C	9.51041666666667	5.75520833333333	1.4114491370546	10000	0.449691290503864	10000	1.93696212162741	10000	1.98328964791466	10000
rs1139	A	C	12.875	7.4375	-2.9000939076767	10000	-0.453185275130052	10000	-0.109294907851524	10000	-1.16214658338282	10000
rs1140	A	C	16.2395833333333	9.11979166666667	-1.25632968689062	10000	2.51025097856693	10000	-0.937148886525406	10000	0.137729725482823	10000
rs1141	A	C	19.6041666666667	10.8020833333333	0.0824729634190797	10000	-2.45252527644656	10000	-1.9878494561616	10000	-1.72149173393465	10000
rs1142	A	C	3.77083333333333	2.88541666666667	0.833952997445653	10000	-1.20323313216364	10000	-0.453854876355495	10000	-0.443985984511035	10000
rs1143	A	C	7.13541666666667	4.56770833333333	1.40358098287503	10000	-0.703613085290955	10000	-0.783411697554043	10000	-2.71338976113722	10000
rs1144	A	C	10.5	6.25	-0.150883192833504	10000	-0.0111453570044125	10000	0.610601756342245	10000	-0.620820550869972	10000
rs1145	A	C	13.8645833333333	7.93229166666667	-1.90559054995529	10000	-1.206366333709	10000	-1.07403994048203	10000	1.64710179984943	10000
rs1146	A	C	17.2291666666667	9.61458333333333	-1.61900139647878	10000	-0.0635027722725391	10000	-2.44194654331171	10000	-4.16404220114331	10000
rs1147	A	C	1.39583333333333	1.69791666666667	-0.840613179065301	10000	-0.719445969882103	10000	-0.961605815322623	10000	-0.443479775924961	10000
rs1148	A	C	4.76041666666667	3.38020833333333	1.63862567931753	10000	1.28927290974176	10000	1.18430747953317	10000	2.06194797769735	10000
rs1149	A	C	8.125	5.0625	0.155391960403276	10000	-0.294143320585135	10000	1.10399911506869	10000	-1.13339910410555	10000
rs1150	A	C	11.4895833333333	6.74479166666667	-1.99985551640486	10000	0.894180850193368	10000	-0.313537152369618	10000	-0.00770557194436083	10000
rs1151	A	C	14.8541666666667	8.42708333333333	-0.571673465505753	10000	-0.00232551441717269	10000	0.593222556511925	10000	-2.43013492108015	10000
rs1152	A	C	18.21875	10.109375	1.48061924237114	10000	2.75652445969929	10000	2.91935344809264	10000	-0.0553883492303477	10000
rs1153	A	C	2.38541666666667	2.19270833333333	-0.807700192300374	10000	0.57084080525386	10000	-1.41192360834815	10000	-1.14668193929971	10000
rs1154	A	C	5.75	3.875	0.254993164448623	10000	0.833263663844003	10000	0.113072000405418	10000	0.221021802746576	10000
rs1155	A	C	9.11458333333333	5.55729166666667	-0.141765283216951	10000	-1.20660250505069	10000	-0.488307461299779	10000	-2.41488992782218	10000
rs1156	A	C	12.4791666666667	7.23958333333333	-0.865719730899618	10000	-0.0465798218801852	10000	0.605724269060544	10000	-0.860903372603394	10000
rs1157	A	C	15.84375	8.921875	-1.38737182806536	10000	-2.54830012657114	10000	1.1687269866761	10000	0.0924504441667338	10000
rs1158	A	C	19.2083333333333	10.6041666666667	1.43822535711357	10000	0.85738784158265	10000	1.0535362274782	10000	0.447712067188273	10000
rs1159	A	C	3.375	2.6875	-0.187491797236929	10000	1.91757477989872	10000	0.119187056780382	10000	-0.955322524313203	10000
rs1160	A	C	6.73958333333333	4.36979166666667	-1.19373236162517	10000	0.635919643826329	10000	1.00977796621294	10000	-0.671792658698352	10000
rs1161	A	C	10.1041666666667	6.05208333333333	0.153330616882165	10000	1.05903242590053	10000	-1.04614788700214	10000	0.933799017325917	10000
rs1162	A	C	13.46875	7.734375	1.63232189253526	10000	1.60099384909294	10000	0.027724505384481	10000	0.970942337908983	10000
rs1163	A	C	16.8333333333333	9.41666666666667	0.995510806560422	10000	0.516989559635849	10000	0.0684225177227853	10000	0.431349422224846	10000
rs1164	A	C	1	1.5	0.411807113251262	10000	0.543543818320006	10000	0.209366966579893	10000	-0.155645316749348	10000
rs1165	A	C	4.36458333333333	3.18229166666667	-2.46981082312084	10000	0.416790991312287	10000	-0.464858339003403	10000	-1.77663529451058	10000
rs1166	A	C	7.72916666666667	4.86458333333333	-0.303224753332684	10000	1.10174380956687	10000	1.08403323180557	10000	1.2038721344024	10000
rs1167	A	C	11.09375	6.546875	-1.7865003994744	10000	0.124402958183724	10000	-0.130448236463826	10000	-1.81852990426852	10000
rs1168	A	C	14.4583333333333	8.22916666666667	1.94760313617728	10000	0.829312777726305	10000	1.92011072136838	10000	0.753809139468498	10000
rs1169	A	C	17.8229166666667	9.91145833333333	0.557045717693966	10000	1.06119065074413	10000	-1.22112406316728	10000	-0.859880025440175	10000
rs1170	A	C	1.98958333333333	1.99479166666667	-0.43818047901798	10000	0.499363766376491	10000	0.0983433198645606	10000	-0.770540384039903	10000
rs1171	A	C	5.35416666666667	3.67708333333333	0.196258814426832	10000	0.261659214769478	10000	-0.712969909791195	10000	-0.228888124783218	10000
rs1172	A	C	8.71875	5.359375	1.49010281481085	10000	-0.122099745843403	10000	0.806858939529443	10000	-0.351847301061334	10000
rs1173	A	C	12.0833333333333	7.04166666666667	0.661128104839652	10000	-1.30281172562959	10000	-1.75510813613873	10000	-0.32762553892252	10000
rs1174	A	C	15.4479166666667	8.72395833333333	-1.50412219387647	10000	-0.727720171052368	10000	-2.46822493371451	10000	-2.06306692505598	10000
rs1175	A	C	18.8125	10.40625	-2.52346691136894	10000	-1.09275672079438	10000	-0.735374097765858	10000	-0.156671013126324	10000
rs1176	A	C	2.97916666666667	2.48958333333333	0.440512651107844	10000	0.252510173078455	10000	-0.119703615200865	10000	-1.32900962612161	10000
rs1177	A	C	6.34375	4.171875	-0.370109730986884	10000	-0.149434445102988	10000	0.888376704830738	10000	-1.38316835180281	10000
rs1178	A	C	9.70833333333333	5.85416666666667	2.27642457283019	10000	1.43395675296082	10000	-1.10947334696674	10000	0.982924198282593	10000
rs1179	A	C	13.0729166666667	7.53645833333333	-0.326361259120511	10000	-0.329389778037289	10000	0.813212711587762	10000	-1.39213970318231	10000
rs1180	A	C	16.4375	9.21875	1.39704972310063	10000	0.36765591438228	10000	2.18097280872544	10000	0.237891787968434	10000
rs1181	A	C	19.8020833333333	10.9010416666667	-1.20959306380609	10000	2.20916360437738	10000	2.52332421124022	10000	1.09871791236709	10000
rs1182	A	C	3.96875	2.984375	0.47430079439371	10000	-1.36173228891866	10000	-0.0402459056706622	10000	0.110620359092179	10000
rs1183	A	C	7.33333333333333	4.66666666666667	1.86315596111359	10000	0.312493925318348	10000	1.7213795049721	10000	-0.360738590100382	10000
rs1184	A	C	10.6979166666667	6.34895833333333	-1.6717371964903	10000	0.783194079773343	10000	-0.79295247857486	10000	1.54466738080199	10000
rs1185	A	C	14.0625	8.03125	0.828235273292466	10000	0.0649211353431368	10000	-0.231642421012472	10000	-3.35758034706861	10000
rs1186	A	C	17.4270833333333	9.71354166666667	2.6447422917799	10000	1.80758312011861	10000	3.57104020759214	10000	3.17642426553842	10000
rs1187	A	C	1.59375	1.796875	0.424018066072796	10000	0.940298749482063	10000	-0.146144881746896	10000	-2.09138861774405	10000
rs1188	A	C	4.95833333333333	3.47916666666667	0.341512159071836	10000	1.03786106706821	10000	2.48346870756961	10000	0.777895127354929	10000
rs1189	A	C	8.32291666666667	5.16145833333333	-1.0044107504379	10000	0.0755370976576658	10000	0.346079246090404	10000	1.75605041692896	10000
rs1190	A	C	11.6875	6.84375	-0.492932683351896	10000	-0.286705308536536	10000	1.13018228403741	10000	0.621153877834648	10000
rs1191	A	C	15.0520833333333	8.52604166666667	0.991340503640195	10000	0.553927808224315	10000	-1.03303944718101	10000	1.15193652919582	10000
rs1192	A	C	18.4166666666667	10.2083333333333	-2.27549601659999	10000	-2.89195205245353	10000	-2.53251869673933	10000	-1.33256689383239	10000
rs1193	A	C	2.58333333333333	2.29166666666667	-0.767937522658403	10000	-1.14355588364962	10000	0.13845346181212	10000	-1.00660433387177	10000
rs1194	A	C	5.94791666666667	3.97395833333333	-0.573512729601287	10000	-0.057892957628802	10000	3.55046786997004	10000	0.9536552957525	10000
rs1195	A	C	9.3125	5.65625	0.653794228461525	10000	0.965577696549676	10000	1.39541673604045	10000	1.56736009315154	10000
rs1196	A	C	12.6770833333333	7.33854166666667	1.29993173091264	10000	0.621141674416552	10000	2.16697509238449	10000	2.17075416179411	10000
rs1197	A	C	16.0416666666667	9.02083333333333	1.05179376408242	10000	2.67824807551829	10000	0.192991614073467	10000	1.11217585716074	10000
rs1198	A	C	19.40625	10.703125	1.55269144439696	10000	3.18565932180546	10000	1.85406296843327	10000	0.871114166697074	10000
rs1199	A	C	3.57291666666667	2.78645833333333	-0.961172829249046	10000	1.36040079411155	10000	-0.318589048259946	10000	2.64044023652531	10000
rs1200	A	C	6.9375	4.46875	0.0472723752503713	10000	-1.33671737151331	10000	1.69623192092675	10000	0.208139721560829	10000
